context,fold,treatment,source_lines,effective_source_lines,candidate_risk_score,disagreement_risk_score,treatment_risk_risk_score,magnitude_risk_score,mean_mse,zero_mse,ridge_descriptive_mse
CVCL_0131,0,"[('4EGI-1', 0.05, 'uM')]",40,21.78950596913619,0.0005770268943331176,0.0007388607858606055,0.0007578059342160057,8.740858039260812e-05,0.0005056584986394282,0.0006626074428460253,0.0004321929245194481
CVCL_0131,0,"[('9-ING-41', 0.05, 'uM')]",40,21.78950596913619,0.000610087707894166,0.0010291597824828131,0.0010555484948541673,0.0001119507442466316,0.0004976922192945523,0.0006485851440413302,0.0004164077642358949
CVCL_0131,0,"[('APTO-253', 0.05, 'uM')]",40,21.78950596913619,0.00043667816308269635,0.0006139420835750434,0.0006296841882820956,0.00013372228843355226,0.00028176016007363614,0.0004501034486669894,0.0002398467162099742
CVCL_0131,0,"[('AT7519', 0.05, 'uM')]",40,21.78950596913619,0.000443823796053209,0.0005448186590802604,0.0005587883682874465,0.00010346661195036811,0.0003160865563717022,0.0004605683488862989,0.00026302547715029606
CVCL_0131,0,"[('AZD-7648', 0.05, 'uM')]",40,21.78950596913619,0.00045995534764524317,0.000727895800566569,0.0007465597954528912,0.00013342593330896272,0.00032460421325847055,0.00048069968887084287,0.00028009091757413856
CVCL_0131,0,"[('AZD-8055', 0.05, 'uM')]",40,21.78950596913619,0.0006196228739025752,0.0007541221426978874,0.0007734586078952693,0.00013894846013001356,0.0005131873216014762,0.000664872745183689,0.0004228306228846032
CVCL_0131,0,"[('AZD1390', 0.05, 'uM')]",40,21.78950596913619,0.00044560714419704465,0.000611004521289883,0.0006266713038870594,0.00010469018079329012,0.00039820064016172894,0.0005526811929117572,0.00036581080557593614
CVCL_0131,0,"[('AZD2858', 0.05, 'uM')]",40,21.78950596913619,0.0005675397299969158,0.0006321088707110693,0.0006483167904728916,0.0001104217352242047,0.0003830647041449931,0.000550283820091884,0.00032219843489104055
CVCL_0131,0,"[('Adagrasib', 0.05, 'uM')]",40,21.78950596913619,0.0004996145284798962,0.0005771121000121438,0.0005919098461663009,5.6654676021617134e-05,0.0001660717623575933,0.00019800720628842915,0.00015279699697637238
CVCL_0131,0,"[('Afatinib', 0.05, 'uM')]",40,21.78950596913619,0.0006612851021544585,0.0007887998169404113,0.000809025453272217,0.00010380008407866692,0.00056080767514501,0.0006909382111879469,0.00046596197963892904
CVCL_0131,0,"[('Alpelisib', 0.05, 'uM')]",40,21.78950596913619,0.000531725957772551,0.000745232211203761,0.000764340729439755,0.00011667239697718315,0.00049328685694406,0.0006581814534974555,0.0004073620151732054
CVCL_0131,0,"[('Anastrozole', 0.05, 'uM')]",40,21.78950596913619,0.0004337345038467752,0.0006523201305562693,0.0006690462877500197,0.00011496451736446393,0.0003069682497101387,0.00046118786315954433,0.0002620992950372356
CVCL_0131,0,"[('BAY1125976', 0.05, 'uM')]",40,21.78950596913619,0.0005468307137829019,0.00067470957243586,0.0006920098178829333,0.00010781052818019024,0.0005274885785766716,0.0006970600663589887,0.0004499313566847534
CVCL_0131,0,"[('BI-3406', 0.05, 'uM')]",40,21.78950596913619,0.0006219561171135029,0.0007811835038441691,0.0008012138500965835,0.00011648903355920095,0.0005406562050678625,0.0006719316238770208,0.00044930025367408686
CVCL_0131,0,"[('BI-78D3', 0.05, 'uM')]",40,21.78950596913619,0.0005672324850372164,0.0007219976104865885,0.0007405103697298342,0.00011093853934656382,0.0004148734530210687,0.0005934749136497996,0.00035575976911203153
CVCL_0131,0,"[('Belumosudil (mesylate)', 0.05, 'uM')]",40,21.78950596913619,0.0008081719444415099,0.0008210081104070088,0.0008420596004174443,0.00012360647338437774,0.0010737747383342418,0.0013422583561190848,0.0009263533199065982
CVCL_0131,0,"[('Belzutifan', 0.05, 'uM')]",38,20.65041155594128,0.003591649863144886,0.0037611477599046143,0.0038628004020641975,0.0001819597266408738,0.0024476739850517256,0.002487348055515591,0.0024747394095929066
CVCL_0131,0,"[('Bentamapimod', 0.05, 'uM')]",40,21.78950596913619,0.0006505966529374278,0.0008331990321455157,0.0008545631098928365,0.00014774276432447225,0.0006778951412883124,0.0008993651588291641,0.0005979104738151648
CVCL_0131,0,"[('Bimiralisib', 0.05, 'uM')]",40,21.78950596913619,0.000813684240100193,0.0008702735347491596,0.0008925882407683685,0.00018551151614127888,0.0006776499679423307,0.0008571702812965403,0.0005814781854496495
CVCL_0131,0,"[('Binimetinib', 0.05, 'uM')]",40,21.78950596913619,0.0012921981467417343,0.00128418348264177,0.0013171112642479685,0.0003341556974472362,0.0007654617441349398,0.0010435304691424794,0.0006310839107607155
CVCL_0131,0,"[('Bortezomib', 0.05, 'uM')]",40,21.78950596913619,0.003998533011373981,0.003829846277492991,0.003928047464095374,0.0019185777176907253,0.004369417486643916,0.007004008922096888,0.003884055110933609
CVCL_0131,0,"[('Brivudine', 0.05, 'uM')]",40,21.78950596913619,0.000538406232833472,0.0006971869385977038,0.0007150635267668755,0.00010025689410789517,0.000535713395826381,0.000716771594786282,0.0004747733031979951
CVCL_0131,0,"[('CP21R7', 0.05, 'uM')]",40,21.78950596913619,0.00047920205357654687,0.0006571438477860185,0.0006739936900369419,8.739340534077067e-05,0.0003075034997733971,0.0004120625540964435,0.00027629528505528284
CVCL_0131,0,"[('Capivasertib', 0.05, 'uM')]",40,21.78950596913619,0.0004756614766608756,0.0006380590656362215,0.0006544195544986884,9.698603106791527e-05,0.0004565683701038704,0.000593902172972725,0.0004141241560620701
CVCL_0131,0,"[('Capmatinib', 0.05, 'uM')]",40,21.78950596913619,0.000632168694884585,0.0008261651792788218,0.0008473489018244321,9.112261931676633e-05,0.0004761021932343005,0.0005776718483150034,0.00040764523391716444
CVCL_0131,0,"[('Celecoxib', 0.05, 'uM')]",40,21.78950596913619,0.0005195373726225638,0.0008238191536383252,0.0008449427216803331,0.00012357531853739777,0.0003894414596070881,0.0005339422240767817,0.00034221683748170123
CVCL_0131,0,"[('DT-061', 0.05, 'uM')]",40,21.78950596913619,0.0005558943810947102,0.0008664082487978874,0.0008886238449209098,0.00010328916990320361,0.00043388291618700074,0.0005967615322575777,0.00036172316047141414
CVCL_0131,0,"[('Dabrafenib', 0.05, 'uM')]",40,21.78950596913619,0.000599211857517273,0.0008363979238772279,0.0008578440244894645,0.00012226055128616286,0.00044144297673010473,0.0006115766921745683,0.0003927770655038271
CVCL_0131,0,"[('ERK5-IN-2', 0.05, 'uM')]",40,21.78950596913619,0.000542257280577597,0.0007156906538550634,0.0007340416962616032,0.0001372934785489105,0.0007266732865839975,0.0009446189859931848,0.0006608645996472843
CVCL_0131,0,"[('ETC-206', 0.05, 'uM')]",40,21.78950596913619,0.000398553285631256,0.0005114997332585796,0.0005246151110344406,8.438347537888577e-05,0.00030065180478418713,0.00042699644012325367,0.0002635016231968453
CVCL_0131,0,"[('EX229', 0.05, 'uM')]",40,21.78950596913619,0.0008923903951157086,0.0011968806502169831,0.001227569897658444,0.00020699653570243988,0.0009224428967803772,0.0012123072204766158,0.0007990435795238569
CVCL_0131,0,"[('Elimusertib hydrochloride', 0.05, 'uM')]",40,21.78950596913619,0.001508589732056839,0.0017240025352218806,0.0017682077284326973,0.00040393653359951026,0.0011217228330865842,0.0012997608340657178,0.0009773890170775988
CVCL_0131,0,"[('Encorafenib', 0.05, 'uM')]",40,21.78950596913619,0.0004981604242223738,0.0005951986323412642,0.0006104601357346297,0.00010695091107392255,0.0004720924946321404,0.000653613484347945,0.0004059166432688983
CVCL_0131,0,"[('Erdafitinib ', 0.05, 'uM')]",40,21.78950596913619,0.000507159705929574,0.0006312861826066775,0.0006474730078017204,0.00010056885492391598,0.0004239454488124981,0.0005994964725612953,0.00035246962425346603
CVCL_0131,0,"[('Everolimus', 0.05, 'uM')]",40,21.78950596913619,0.0005308642978084655,0.0006148716598814358,0.0006306375998783954,8.555540191604406e-05,0.000490193629846732,0.000642909871498447,0.0004180638307169719
CVCL_0131,0,"[('Futibatinib', 0.05, 'uM')]",40,21.78950596913619,0.0005283950988550496,0.000677911747110035,0.0006952940996000355,0.00016581829618709504,0.0004948997507630367,0.0007498487052055402,0.00044415807901206637
CVCL_0131,0,"[('GSK1059615', 0.05, 'uM')]",40,21.78950596913619,0.0006579284131760455,0.0007064932220470128,0.0007246084328687308,0.00013043739830738866,0.000567700715488394,0.0007575391010811299,0.0004870971357434208
CVCL_0131,0,"[('Gemcitabine', 0.05, 'uM')]",40,21.78950596913619,0.0005948798558631128,0.0006310574100026351,0.0006472383692334718,0.00012593130081900157,0.0005650215521555635,0.0007628523296412851,0.0005005869544953836
CVCL_0131,0,"[('HI-TOPK-032', 0.05, 'uM')]",40,21.78950596913619,0.0007213990617126006,0.0009730067025195668,0.0009979555923277602,0.00017011688465059393,0.0004502040812016554,0.0006564572137204567,0.0004059584563952614
CVCL_0131,0,"[('Hydroxyfasudil', 0.05, 'uM')]",37,21.133467409315198,0.004114501720852155,0.003122972901135944,0.0032097221483897197,0.00026713877612635995,0.001786743534898302,0.0020139700373057617,0.0017773669637773915
CVCL_0131,0,"[('IQ 1', 0.05, 'uM')]",40,21.78950596913619,0.0005227196908733479,0.0006159940210593405,0.0006317887395480413,0.00012524004937724552,0.0007042833919415182,0.0008973628368182255,0.0006534917285552897
CVCL_0131,0,"[('Infigratinib', 0.05, 'uM')]",40,21.78950596913619,0.000629482776992502,0.000658705410528832,0.0006755952928500839,0.00017774588150909075,0.0005015856363506036,0.0007851555206584311,0.0004280246492576446
CVCL_0131,0,"[('Ipatasertib', 0.05, 'uM')]",40,21.78950596913619,0.0006912018787377497,0.0008554291212761411,0.0008773632013088624,0.00014450431227886265,0.0006900706557061118,0.0009094815475128777,0.000602085479601973
CVCL_0131,0,"[('Irinotecan', 0.05, 'uM')]",40,21.78950596913619,0.0004962102462975124,0.0005880719422554889,0.0006031507100056295,0.00010012086684553144,0.0004156325219735813,0.0005648310237351861,0.0003534589725998426
CVCL_0131,0,"[('Ixazomib', 0.05, 'uM')]",40,21.78950596913619,0.0007599678684240669,0.0009662350201943842,0.0009910102771224455,0.00011885551103695654,0.0009140482643433947,0.0011136956047359098,0.0008282850628289489
CVCL_0131,0,"[('LB-100', 0.05, 'uM')]",40,21.78950596913619,0.00038946735039113186,0.0005138278262974011,0.000527002898766565,0.0001005678457088559,0.0002399285292833612,0.0003675814369298316,0.000203328728421155
CVCL_0131,0,"[('LJI308', 0.05, 'uM')]",40,21.78950596913619,0.0010285864893004569,0.0009738616308921793,0.0009988324419406961,0.00027573732221021117,0.0014048958957179284,0.0019331029390441997,0.0012022554603016372
CVCL_0131,0,"[('LY-2584702 (tosylate salt)', 0.05, 'uM')]",40,21.78950596913619,0.0004996842486592146,0.0007559159120947833,0.0007752983713792648,0.00011760321887630916,0.0004191965591271878,0.0005390896943962494,0.00039616921669852857
CVCL_0131,0,"[('LY2090314', 0.05, 'uM')]",40,21.78950596913619,0.00051427678017182,0.0007509248345779281,0.0007701793175158236,0.00010544546082662686,0.00034473365595326535,0.00047657174592546177,0.0003009986269909185
CVCL_0131,0,"[('Lapatinib ditosylate', 0.05, 'uM')]",40,21.78950596913619,0.0004549425448735574,0.0006011477137202553,0.0006165617576618004,8.129319797001042e-05,0.00032000245648519746,0.0003954063238824891,0.0002812011159340875
CVCL_0131,0,"[('Lonafarnib', 0.05, 'uM')]",40,21.78950596913619,0.0004903268577489887,0.0006572160822201744,0.0006740677766360761,0.00012394780361547043,0.0002713756590574503,0.00046129972208697607,0.0002242381056438062
CVCL_0131,0,"[('MK-3903', 0.05, 'uM')]",40,21.78950596913619,0.0006547244468322869,0.0007951051840540442,0.0008154924964656862,0.00014194163742786527,0.0008902829626887321,0.0011913142207851555,0.000771388260043538
CVCL_0131,0,"[('MK-8353', 0.05, 'uM')]",40,21.78950596913619,0.0004972718454513926,0.0006407639167615547,0.0006571937607810819,0.00010896979368467016,0.00042073077472732783,0.0005745050891884422,0.00036286396809096844
CVCL_0131,0,"[('ML264', 0.05, 'uM')]",40,21.78950596913619,0.0005106915891127575,0.0006553532299514216,0.0006721571589245353,0.00012701106749352808,0.00059490790284054,0.0007835438603250322,0.0005442032797558761
CVCL_0131,0,"[('Minodronic acid', 0.05, 'uM')]",40,21.78950596913619,0.0005697612469091352,0.0008515010615818321,0.0008733344221352119,0.0001444575862503424,0.0003510915670114833,0.0005230657360542437,0.00030007304274776777
CVCL_0131,0,"[('NG25', 0.05, 'uM')]",40,21.78950596913619,0.0006214705909835489,0.0007372582086812897,0.000756162265314143,0.00014168217794020794,0.0005278465750894845,0.000729019438995606,0.00045808508068740836
CVCL_0131,0,"[('NVP-BHG712', 0.05, 'uM')]",40,21.78950596913619,0.0005362160239631792,0.0007433172866585931,0.0007623767042652233,0.00012272452571382165,0.0004945966884682379,0.0006753596507396178,0.0004391776702927513
CVCL_0131,0,"[('OTS514', 0.05, 'uM')]",40,21.78950596913619,0.0006254276691489405,0.0007667970084956278,0.0007864584702519256,0.0002160148750626829,0.0005401721958983817,0.000816607846090692,0.0005035140958289735
CVCL_0131,0,"[('Oleic acid', 0.05, 'uM')]",40,21.78950596913619,0.0004840716022365236,0.0007682682601869674,0.0007879674463456074,0.00012782419925010374,0.00027610011273401097,0.00042467402568761284,0.0002326924992725511
CVCL_0131,0,"[('Oxaliplatin', 0.05, 'uM')]",40,21.78950596913619,0.0005885048154496627,0.0006905357748093606,0.0007082418203172927,0.0001518662285202292,0.0004921238430197842,0.0006741445256420677,0.00044412404425635596
CVCL_0131,0,"[('PH-797804', 0.05, 'uM')]",40,21.78950596913619,0.00048343373689683334,0.0007084172248229356,0.0007265817690491646,9.390990329344678e-05,0.00026567923856120866,0.00037231823897796395,0.00022715496399857048
CVCL_0131,0,"[('Paclitaxel', 0.05, 'uM')]",40,21.78950596913619,0.000491088543471749,0.000593292974432847,0.0006085056148029197,0.0001422488530665049,0.0004271192426633734,0.0006014386433225943,0.0003681159975890366
CVCL_0131,0,"[('Pemigatinib', 0.05, 'uM')]",40,21.78950596913619,0.0006000116437510548,0.0008057024429016118,0.0008263614798990884,0.00013922873930691322,0.0004389948931796233,0.0005969454286186078,0.0003776855143079394
CVCL_0131,0,"[('Pimitespib', 0.05, 'uM')]",40,21.78950596913619,0.0006467119724215995,0.0006806669769608299,0.0006981199763700819,0.00011077855318467052,0.0007191525485572085,0.000999533347761289,0.000590661368866295
CVCL_0131,0,"[('Pralsetinib', 0.05, 'uM')]",40,21.78950596913619,0.0006953145300362374,0.0007641524480773787,0.0007837461005921833,0.00010722868081982337,0.000492217908249689,0.000652016011399257,0.00042247013320754703
CVCL_0131,0,"[('RMC-6236', 0.05, 'uM')]",40,21.78950596913619,0.0006265950574223392,0.0008467118459498299,0.0008684224061023893,0.00016691473248867648,0.000517196091646561,0.000664161936244102,0.0004502132128198053
CVCL_0131,0,"[('Regorafenib', 0.05, 'uM')]",40,21.78950596913619,0.0004949464863749118,0.000674402751906412,0.0006916951301604222,0.000109370949361592,0.0004300763751246488,0.000610586986356111,0.0003961614103973132
CVCL_0131,0,"[('SBI-0640756', 0.05, 'uM')]",40,21.78950596913619,0.0005340027399210641,0.0006502417607171347,0.0006669146263765483,9.319396912140146e-05,0.0004400445558108147,0.0005553862616709251,0.00039440342562958614
CVCL_0131,0,"[('Sapanisertib', 0.05, 'uM')]",40,21.78950596913619,0.0007928243845465009,0.0008686019153417255,0.0008908737593248464,0.00020458244505756868,0.0007526218222125565,0.0010776695183419933,0.0006577570991786155
CVCL_0131,0,"[('Sonidegib', 0.05, 'uM')]",39,21.537535550102298,0.009133292362154146,0.008138649707980101,0.00835282470029537,0.0005654585859744081,0.00492232794772599,0.0055288133919430965,0.004845349231868071
CVCL_0131,0,"[('TAK-733', 0.05, 'uM')]",40,21.78950596913619,0.0005881459648983141,0.0007247583547322606,0.0007433419022894979,0.0001414244826547228,0.0006124225321114844,0.0008468961420404483,0.000541322499654346
CVCL_0131,0,"[('TAK-901', 0.05, 'uM')]",40,21.78950596913619,0.0010422294053096131,0.0013366862168018377,0.001370960222360859,0.00025652091894133713,0.002300869448319424,0.002930182465316002,0.00213386598943269
CVCL_0131,0,"[('Temuterkib', 0.05, 'uM')]",40,21.78950596913619,0.0005005861335842618,0.0006438693685990367,0.0006603788395887552,0.00013112652762233665,0.0004039843094629998,0.0005679535963901538,0.00034692188854141794
CVCL_0131,0,"[('Tomivosertib', 0.05, 'uM')]",40,21.78950596913619,0.0006335150667794534,0.0007043462917282618,0.0007224064530546272,0.00014100634530963174,0.0005982260538414166,0.0008404159200926293,0.0004960047735229231
CVCL_0131,0,"[('Torkinib', 0.05, 'uM')]",40,21.78950596913619,0.0005639870633115367,0.000704265648773496,0.0007223237423317906,0.00013301885101115965,0.0005842697778721803,0.0008074170758169172,0.0005073974038742248
CVCL_0131,0,"[('Trametinib', 0.05, 'uM')]",40,21.78950596913619,0.00068812256325914,0.0009006851864570384,0.0009237796784174754,0.0001941854740863913,0.0006223755906306968,0.0007950322834265765,0.0005381745117998807
CVCL_0131,0,"[('Tubulin inhibitor 6', 0.05, 'uM')]",40,21.78950596913619,0.000452740807053988,0.0006781232976343287,0.0006955110744967473,9.483553440785426e-05,0.00039321686580268426,0.0005236779590875984,0.00034881627696314816
CVCL_0131,0,"[('Tucatinib', 0.05, 'uM')]",40,21.78950596913619,0.0005317225844497204,0.0006587438474340147,0.0006756347153169382,0.0001091551895375355,0.0004743014888175076,0.0006338703410894293,0.00041973903237231536
CVCL_0131,0,"[('ULK-101', 0.05, 'uM')]",40,21.78950596913619,0.0008836052409224894,0.0008973528211151648,0.0009203618678104254,0.0001833097721446727,0.0008862767701029166,0.0012467393892675216,0.0007527446267003642
CVCL_0131,0,"[('Vemurafenib', 0.05, 'uM')]",40,21.78950596913619,0.00047741052554071717,0.0006220477220871789,0.0006379976636791577,0.0001029752036048056,0.00044200379912914047,0.0005629589173752283,0.0003729335608678714
CVCL_0131,0,"[('Volasertib', 0.05, 'uM')]",40,21.78950596913619,0.00045722716744802245,0.0006184366076093191,0.0006342939565223783,9.656886923677686e-05,0.0003500170510819307,0.0004605913399037925,0.0003099682500667561
CVCL_0131,0,"[('XRK3F2', 0.05, 'uM')]",40,21.78950596913619,0.0005228876312354373,0.0006387022244907174,0.0006550792046058639,0.00011122073149054771,0.0005103740384843016,0.0006552035267606943,0.00044049903075198783
CVCL_0131,0,"[('c-Kit-IN-1', 0.05, 'uM')]",17,10.715008160183297,0.012407943574212595,0.012618071011455106,0.013406700449671053,0.0011793264745031582,0.006035288154943478,0.006129440535012063,0.00623838988258374
CVCL_0131,0,"[('palbociclib', 0.05, 'uM')]",40,21.78950596913619,0.0006372854053732411,0.0008476996996902567,0.0008694355894259041,0.000148567535055647,0.0004291941258312142,0.000698847083439454,0.00033774134349980577
CVCL_0131,0,"[('venetoclax', 0.05, 'uM')]",40,21.78950596913619,0.0008842167223826186,0.000990737299667327,0.001016140820171617,0.0002684286652787493,0.0005870959043106128,0.000780422275755543,0.00047111551842031116
CVCL_0131,0,"[('vincristine', 0.05, 'uM')]",40,21.78950596913619,0.0006721922976962716,0.0010632808107959915,0.0010905444213292217,0.00014742677268435894,0.0007682048078648525,0.0009814751701434589,0.0007053728756287422
CVCL_0293,0,"[('4EGI-1', 0.05, 'uM')]",40,28.826256878693762,0.00048346594817090483,0.0007388607858606055,0.0007578059342160057,8.740858039260812e-05,0.00021055258717206317,0.0002044975731004699,0.0001834469767832449
CVCL_0293,0,"[('9-ING-41', 0.05, 'uM')]",40,28.826256878693762,0.0005583806686161416,0.0010291597824828131,0.0010555484948541673,0.0001119507442466316,0.0002608068484766837,0.0003072376814288191,0.00022842048785056446
CVCL_0293,0,"[('APTO-253', 0.05, 'uM')]",40,28.826256878693762,0.00039988561357173725,0.0006139420835750434,0.0006296841882820956,0.00013372228843355226,0.00019492689743361703,0.00020089431864089524,0.00017727401260442648
CVCL_0293,0,"[('AT7519', 0.05, 'uM')]",40,28.826256878693762,0.00039046806469062703,0.0005448186590802604,0.0005587883682874465,0.00010346661195036811,0.00016488041100060498,0.0001584124027000385,0.00014199304716681213
CVCL_0293,0,"[('AZD-7648', 0.05, 'uM')]",40,28.826256878693762,0.0004567215159646031,0.000727895800566569,0.0007465597954528912,0.00013342593330896272,0.00021864301806090176,0.00023274481744789047,0.00019517898231490832
CVCL_0293,0,"[('AZD-8055', 0.05, 'uM')]",40,28.826256878693762,0.0005702856520380346,0.0007541221426978874,0.0007734586078952693,0.00013894846013001356,0.0003462389780044899,0.0004040828505307945,0.00031315164454579186
CVCL_0293,0,"[('AZD1390', 0.05, 'uM')]",40,28.826256878693762,0.00040712343855142094,0.000611004521289883,0.0006266713038870594,0.00010469018079329012,0.00017300850571891102,0.00017844520290570358,0.0001480939844467492
CVCL_0293,0,"[('AZD2858', 0.05, 'uM')]",40,28.826256878693762,0.00045999295248865695,0.0006321088707110693,0.0006483167904728916,0.0001104217352242047,0.00018417368128959444,0.0001875742218535678,0.00015226409774876326
CVCL_0293,0,"[('Abemaciclib', 0.05, 'uM')]",19,14.606721594213335,0.02440633039151163,0.024005627781278776,0.025339273769127608,0.0014407135267045026,0.009023441465069027,0.006966731473717348,0.009348688790917848
CVCL_0293,0,"[('Adagrasib', 0.05, 'uM')]",40,28.826256878693762,0.00036307741998620755,0.0005771121000121438,0.0005919098461663009,5.6654676021617134e-05,8.852308849154991e-05,8.898165207836024e-05,7.391410082354637e-05
CVCL_0293,0,"[('Afatinib', 0.05, 'uM')]",40,28.826256878693762,0.0006129167990796048,0.0007887998169404113,0.000809025453272217,0.00010380008407866692,0.0003775570560875749,0.00039129999123101254,0.00033692373527907394
CVCL_0293,0,"[('Alpelisib', 0.05, 'uM')]",40,28.826256878693762,0.0004811347137711864,0.000745232211203761,0.000764340729439755,0.00011667239697718315,0.0002279488679142644,0.00026182835568678686,0.0001994460899493915
CVCL_0293,0,"[('Anastrozole', 0.05, 'uM')]",40,28.826256878693762,0.0004117364117947152,0.0006523201305562693,0.0006690462877500197,0.00011496451736446393,0.00018329529461088,0.0001989461102382584,0.00016258771638175183
CVCL_0293,0,"[('BAY1125976', 0.05, 'uM')]",40,28.826256878693762,0.0004987866754557182,0.00067470957243586,0.0006920098178829333,0.00010781052818019024,0.00023747606897309303,0.00025786449290106253,0.00021404183810845137
CVCL_0293,0,"[('BI-3406', 0.05, 'uM')]",40,28.826256878693762,0.0005452257872614887,0.0007811835038441691,0.0008012138500965835,0.00011648903355920095,0.00032509392269882055,0.000357528140906031,0.0002943954859531583
CVCL_0293,0,"[('BI-78D3', 0.05, 'uM')]",40,28.826256878693762,0.0004932288375741513,0.0007219976104865885,0.0007405103697298342,0.00011093853934656382,0.00023707147242018822,0.00023231848056929139,0.00020202727922299948
CVCL_0293,0,"[('Belumosudil (mesylate)', 0.05, 'uM')]",40,28.826256878693762,0.0006082816038521406,0.0008210081104070088,0.0008420596004174443,0.00012360647338437774,0.0002023063814566524,0.00020956152480727704,0.00015977045387981643
CVCL_0293,0,"[('Belzutifan', 0.05, 'uM')]",38,27.402189586864164,0.0020359789087589786,0.0037611477599046143,0.0038628004020641975,0.0001819597266408738,0.0010254716173455512,0.0009798864427002227,0.0009636550310239587
CVCL_0293,0,"[('Bentamapimod', 0.05, 'uM')]",40,28.826256878693762,0.0006203739103848378,0.0008331990321455157,0.0008545631098928365,0.00014774276432447225,0.00028630926871852914,0.0002900220843667043,0.00023997682648598225
CVCL_0293,0,"[('Bimiralisib', 0.05, 'uM')]",40,28.826256878693762,0.0007334457477862624,0.0008702735347491596,0.0008925882407683685,0.00018551151614127888,0.00048151274038789115,0.000593759018239143,0.00043327923118923254
CVCL_0293,0,"[('Binimetinib', 0.05, 'uM')]",40,28.826256878693762,0.0011305785899578416,0.00128418348264177,0.0013171112642479685,0.0003341556974472362,0.0008998547438069533,0.0010186102811349255,0.0008198671345780482
CVCL_0293,0,"[('Bortezomib', 0.05, 'uM')]",40,28.826256878693762,0.003434232545158044,0.003829846277492991,0.003928047464095374,0.0019185777176907253,0.001825855824530113,0.0024299187421780066,0.0016904824472375065
CVCL_0293,0,"[('Brivudine', 0.05, 'uM')]",40,28.826256878693762,0.0004913604113782472,0.0006971869385977038,0.0007150635267668755,0.00010025689410789517,0.0001768194314792926,0.00019156558606652125,0.00015167337989348566
CVCL_0293,0,"[('CP21R7', 0.05, 'uM')]",40,28.826256878693762,0.00042090018071703144,0.0006571438477860185,0.0006739936900369419,8.739340534077067e-05,0.00016521700679741083,0.00014945204528306764,0.00013818874925192808
CVCL_0293,0,"[('Capivasertib', 0.05, 'uM')]",40,28.826256878693762,0.00043404903379587164,0.0006380590656362215,0.0006544195544986884,9.698603106791527e-05,0.00023846148571821107,0.0002671909108684293,0.00021401971346566873
CVCL_0293,0,"[('Capmatinib', 0.05, 'uM')]",40,28.826256878693762,0.000584046754466126,0.0008261651792788218,0.0008473489018244321,9.112261931676633e-05,0.00029399327538153386,0.00030640050127413106,0.000257634814313656
CVCL_0293,0,"[('Celecoxib', 0.05, 'uM')]",40,28.826256878693762,0.0004877706335194165,0.0008238191536383252,0.0008449427216803331,0.00012357531853739777,0.0001751003782824016,0.00018763740911860338,0.00014295226614131573
CVCL_0293,0,"[('DT-061', 0.05, 'uM')]",40,28.826256878693762,0.0004977362378832783,0.0008664082487978874,0.0008886238449209098,0.00010328916990320361,0.00020157076400369306,0.00019347891983251074,0.00017294448863789823
CVCL_0293,0,"[('DTP3', 0.05, 'uM')]",24,19.03613626205033,0.017907687746648585,0.016909098877861167,0.017644277089942085,0.0007324028538345895,0.006731113122897231,0.006064823645689334,0.006839640503016842
CVCL_0293,0,"[('Dabrafenib', 0.05, 'uM')]",40,28.826256878693762,0.0005837568946105958,0.0008363979238772279,0.0008578440244894645,0.00012226055128616286,0.0001983532305201628,0.00021932005181439496,0.00017873410365071973
CVCL_0293,0,"[('ERK5-IN-2', 0.05, 'uM')]",40,28.826256878693762,0.0004900438275115907,0.0007156906538550634,0.0007340416962616032,0.0001372934785489105,0.0002316765103279785,0.0002669616215679269,0.00020639640494904212
CVCL_0293,0,"[('ETC-206', 0.05, 'uM')]",40,28.826256878693762,0.00035084865176257074,0.0005114997332585796,0.0005246151110344406,8.438347537888577e-05,0.0001383696625772435,0.00014707236146474655,0.0001241903082497945
CVCL_0293,0,"[('EX229', 0.05, 'uM')]",40,28.826256878693762,0.000863637825459388,0.0011968806502169831,0.001227569897658444,0.00020699653570243988,0.0002911725093695307,0.000317763896617163,0.0002505276741290263
CVCL_0293,0,"[('Elimusertib hydrochloride', 0.05, 'uM')]",40,28.826256878693762,0.0015190806061361958,0.0017240025352218806,0.0017682077284326973,0.00040393653359951026,0.0012164468087015469,0.0015485536567469008,0.0011431979803847797
CVCL_0293,0,"[('Encorafenib', 0.05, 'uM')]",40,28.826256878693762,0.00044305517483863026,0.0005951986323412642,0.0006104601357346297,0.00010695091107392255,0.0001746808231972589,0.0002002675786531906,0.00015248523598842019
CVCL_0293,0,"[('Erdafitinib ', 0.05, 'uM')]",40,28.826256878693762,0.00043310438155666996,0.0006312861826066775,0.0006474730078017204,0.00010056885492391598,0.0001605886741704908,0.00016723141557960046,0.00013443756596223213
CVCL_0293,0,"[('Everolimus', 0.05, 'uM')]",40,28.826256878693762,0.0004474117092049893,0.0006148716598814358,0.0006306375998783954,8.555540191604406e-05,0.0002165090137968684,0.00021328289597144777,0.00018581320715131637
CVCL_0293,0,"[('Futibatinib', 0.05, 'uM')]",40,28.826256878693762,0.000461418252037396,0.000677911747110035,0.0006952940996000355,0.00016581829618709504,0.00015164081239146533,0.0002080065797756154,0.00012462405363761217
CVCL_0293,0,"[('GSK1059615', 0.05, 'uM')]",40,28.826256878693762,0.000556488236012098,0.0007064932220470128,0.0007246084328687308,0.00013043739830738866,0.0003471427190610724,0.00036183565656516814,0.00030972467290038677
CVCL_0293,0,"[('Gemcitabine', 0.05, 'uM')]",40,28.826256878693762,0.0005180046735875272,0.0006310574100026351,0.0006472383692334718,0.00012593130081900157,0.00024504438712337587,0.00025409032381932926,0.0002146096068682371
CVCL_0293,0,"[('HI-TOPK-032', 0.05, 'uM')]",40,28.826256878693762,0.0006018127332779095,0.0009730067025195668,0.0009979555923277602,0.00017011688465059393,0.00032208202801779296,0.00031123116880961584,0.0002849610959187599
CVCL_0293,0,"[('Hydroxyfasudil', 0.05, 'uM')]",37,27.883500664277793,0.0028356665490850233,0.003122972901135944,0.0032097221483897197,0.00026713877612635995,0.0009464012304824356,0.0008275024998863867,0.000930372096935967
CVCL_0293,0,"[('IQ 1', 0.05, 'uM')]",40,28.826256878693762,0.0004508673285597896,0.0006159940210593405,0.0006317887395480413,0.00012524004937724552,0.0002100779998904554,0.00024320914144379427,0.00018603933890074732
CVCL_0293,0,"[('Infigratinib', 0.05, 'uM')]",40,28.826256878693762,0.0005166878961682913,0.000658705410528832,0.0006755952928500839,0.00017774588150909075,0.0002061138588926468,0.0002155817089932477,0.00019575323823163657
CVCL_0293,0,"[('Ipatasertib', 0.05, 'uM')]",40,28.826256878693762,0.0006074213222101024,0.0008554291212761411,0.0008773632013088624,0.00014450431227886265,0.00022676531239895542,0.00021512716534672935,0.00018952211720486272
CVCL_0293,0,"[('Irinotecan', 0.05, 'uM')]",40,28.826256878693762,0.00043103486908437256,0.0005880719422554889,0.0006031507100056295,0.00010012086684553144,0.0002398230488233205,0.00023473070725633566,0.00021352784005083963
CVCL_0293,0,"[('Ixazomib', 0.05, 'uM')]",40,28.826256878693762,0.000631659017592833,0.0009662350201943842,0.0009910102771224455,0.00011885551103695654,0.0002780781912325689,0.00027554432972727767,0.0002446818330134991
CVCL_0293,0,"[('LB-100', 0.05, 'uM')]",40,28.826256878693762,0.0003479313345878802,0.0005138278262974011,0.000527002898766565,0.0001005678457088559,0.0001415865137471385,0.0001284754055733106,0.0001314323575458252
CVCL_0293,0,"[('LJI308', 0.05, 'uM')]",40,28.826256878693762,0.000803047791764449,0.0009738616308921793,0.0009988324419406961,0.00027573732221021117,0.0002969700083510067,0.00036392181095972473,0.00025038134328959845
CVCL_0293,0,"[('LY-2584702 (tosylate salt)', 0.05, 'uM')]",40,28.826256878693762,0.00046067363180641837,0.0007559159120947833,0.0007752983713792648,0.00011760321887630916,0.0001634395287161197,0.00017811770521083565,0.00013857628195809086
CVCL_0293,0,"[('LY2090314', 0.05, 'uM')]",40,28.826256878693762,0.00047512330298313157,0.0007509248345779281,0.0007701793175158236,0.00010544546082662686,0.00021407449500260477,0.0002163296180490326,0.00019048644066936815
CVCL_0293,0,"[('Lapatinib ditosylate', 0.05, 'uM')]",40,28.826256878693762,0.0004206269405071716,0.0006011477137202553,0.0006165617576618004,8.129319797001042e-05,0.00019094226692693118,0.00017892802326568185,0.00016860352380477624
CVCL_0293,0,"[('Lonafarnib', 0.05, 'uM')]",40,28.826256878693762,0.0004555815537042009,0.0006572160822201744,0.0006740677766360761,0.00012394780361547043,0.00017312841298452924,0.00015224579075420692,0.000155958379890289
CVCL_0293,0,"[('MK-3903', 0.05, 'uM')]",40,28.826256878693762,0.0005743193752285185,0.0007951051840540442,0.0008154924964656862,0.00014194163742786527,0.0002620655716343832,0.00027807739323829094,0.00022103893078314685
CVCL_0293,0,"[('MK-8353', 0.05, 'uM')]",40,28.826256878693762,0.0004443435852346232,0.0006407639167615547,0.0006571937607810819,0.00010896979368467016,0.0002148082319300789,0.00022433325358365351,0.00018162081928799307
CVCL_0293,0,"[('ML264', 0.05, 'uM')]",40,28.826256878693762,0.0004708832315835534,0.0006553532299514216,0.0006721571589245353,0.00012701106749352808,0.0002618052609969161,0.0003105016497215144,0.00023163368331486034
CVCL_0293,0,"[('Minodronic acid', 0.05, 'uM')]",40,28.826256878693762,0.0005251661863107157,0.0008515010615818321,0.0008733344221352119,0.0001444575862503424,0.00019757343151462477,0.0002111901526310266,0.0001664311818308177
CVCL_0293,0,"[('NG25', 0.05, 'uM')]",40,28.826256878693762,0.0005258770808374672,0.0007372582086812897,0.000756162265314143,0.00014168217794020794,0.00022450569022011978,0.00024136151693620407,0.00019273350564727215
CVCL_0293,0,"[('NVP-BHG712', 0.05, 'uM')]",40,28.826256878693762,0.0004923078013823294,0.0007433172866585931,0.0007623767042652233,0.00012272452571382165,0.00021769558488362123,0.0002370803740227469,0.00019780592749689407
CVCL_0293,0,"[('OTS514', 0.05, 'uM')]",40,28.826256878693762,0.0005299812674704294,0.0007667970084956278,0.0007864584702519256,0.0002160148750626829,0.00020800814653834372,0.00025781127244889855,0.00017938233386977822
CVCL_0293,0,"[('Oleic acid', 0.05, 'uM')]",40,28.826256878693762,0.0004652088301709605,0.0007682682601869674,0.0007879674463456074,0.00012782419925010374,0.00015105087716773475,0.00016157941494515215,0.00012904221208292718
CVCL_0293,0,"[('Oxaliplatin', 0.05, 'uM')]",40,28.826256878693762,0.0005151217025794509,0.0006905357748093606,0.0007082418203172927,0.0001518662285202292,0.00027207091107093204,0.0002925316123895528,0.00024177229733780917
CVCL_0293,0,"[('PF-06260933', 0.05, 'uM')]",24,17.80947215535761,0.021504591285774068,0.02074465420267207,0.02164659568974477,0.001039290810725609,0.003948666898750943,0.003383749820385021,0.004021449614568562
CVCL_0293,0,"[('PH-797804', 0.05, 'uM')]",40,28.826256878693762,0.0004627230035356853,0.0007084172248229356,0.0007265817690491646,9.390990329344678e-05,0.00016982203689627152,0.00016552551776652334,0.00014371609853413195
CVCL_0293,0,"[('Paclitaxel', 0.05, 'uM')]",40,28.826256878693762,0.00045330969323957983,0.000593292974432847,0.0006085056148029197,0.0001422488530665049,0.0002641160988131397,0.0003186019908504532,0.00024160252944108957
CVCL_0293,0,"[('Pemigatinib', 0.05, 'uM')]",40,28.826256878693762,0.0005253106012008682,0.0008057024429016118,0.0008263614798990884,0.00013922873930691322,0.00019917244147028617,0.00020492192438495828,0.0001656855948895865
CVCL_0293,0,"[('Pimitespib', 0.05, 'uM')]",40,28.826256878693762,0.0004892057658610152,0.0006806669769608299,0.0006981199763700819,0.00011077855318467052,0.000180567101269533,0.00016893915545893178,0.0001529506048727604
CVCL_0293,0,"[('Pralsetinib', 0.05, 'uM')]",40,28.826256878693762,0.0005691183971717153,0.0007641524480773787,0.0007837461005921833,0.00010722868081982337,0.00027382939457918905,0.0002483945808306735,0.00023320662322396537
CVCL_0293,0,"[('RMC-6236', 0.05, 'uM')]",40,28.826256878693762,0.0006050207628548413,0.0008467118459498299,0.0008684224061023893,0.00016691473248867648,0.00032372378021274043,0.00040292993060227043,0.00029213372944559174
CVCL_0293,0,"[('Regorafenib', 0.05, 'uM')]",40,28.826256878693762,0.0004379302591248916,0.000674402751906412,0.0006916951301604222,0.000109370949361592,0.00018496368500539985,0.0001917509829271209,0.0001635169574188627
CVCL_0293,0,"[('SBI-0640756', 0.05, 'uM')]",40,28.826256878693762,0.00047467117542072555,0.0006502417607171347,0.0006669146263765483,9.319396912140146e-05,0.00024057932936201126,0.0002232000189547444,0.00020530180822696993
CVCL_0293,0,"[('Sapanisertib', 0.05, 'uM')]",40,28.826256878693762,0.0006696217722399039,0.0008686019153417255,0.0008908737593248464,0.00020458244505756868,0.0002837389827618843,0.0002951014710076736,0.00025097441486541535
CVCL_0293,0,"[('Sonidegib', 0.05, 'uM')]",39,28.492824674211768,0.005114452304224856,0.008138649707980101,0.00835282470029537,0.0005654585859744081,0.0011964128011273175,0.0010075305827908472,0.0010099332506143695
CVCL_0293,0,"[('TAK-733', 0.05, 'uM')]",40,28.826256878693762,0.0005468495500439474,0.0007247583547322606,0.0007433419022894979,0.0001414244826547228,0.000251729808422214,0.00027209827738957206,0.00022304350530592823
CVCL_0293,0,"[('TAK-901', 0.05, 'uM')]",40,28.826256878693762,0.0011322641199356582,0.0013366862168018377,0.001370960222360859,0.00025652091894133713,0.0012525562091637754,0.0013526403131623056,0.0011862261086047119
CVCL_0293,0,"[('Temuterkib', 0.05, 'uM')]",40,28.826256878693762,0.0004446982612963764,0.0006438693685990367,0.0006603788395887552,0.00013112652762233665,0.0002154297504784783,0.00024996307883465367,0.00018916850404295533
CVCL_0293,0,"[('Tomivosertib', 0.05, 'uM')]",40,28.826256878693762,0.0005220283765434589,0.0007043462917282618,0.0007224064530546272,0.00014100634530963174,0.00023519593849935261,0.00025801362638023584,0.0002021891423545618
CVCL_0293,0,"[('Torkinib', 0.05, 'uM')]",40,28.826256878693762,0.0004933896429294699,0.000704265648773496,0.0007223237423317906,0.00013301885101115965,0.00023205106557302085,0.00028109876657907135,0.00020671179003754807
CVCL_0293,0,"[('Trametinib', 0.05, 'uM')]",40,28.826256878693762,0.0006600758319042658,0.0009006851864570384,0.0009237796784174754,0.0001941854740863913,0.0004023540508157973,0.0005566872148566475,0.00037103562358810447
CVCL_0293,0,"[('Tubulin inhibitor 6', 0.05, 'uM')]",40,28.826256878693762,0.0004333984559826535,0.0006781232976343287,0.0006955110744967473,9.483553440785426e-05,0.00015662134373376906,0.0001589720113426559,0.00013345443321708238
CVCL_0293,0,"[('Tucatinib', 0.05, 'uM')]",40,28.826256878693762,0.00046969264549321445,0.0006587438474340147,0.0006756347153169382,0.0001091551895375355,0.00023524543512050804,0.00026253610085268694,0.00021693816421195162
CVCL_0293,0,"[('ULK-101', 0.05, 'uM')]",40,28.826256878693762,0.0006764963421717402,0.0008973528211151648,0.0009203618678104254,0.0001833097721446727,0.0003240283664204707,0.00034676501976853974,0.00027877815623375774
CVCL_0293,0,"[('Vemurafenib', 0.05, 'uM')]",40,28.826256878693762,0.000435352911372703,0.0006220477220871789,0.0006379976636791577,0.0001029752036048056,0.0002039184310460272,0.0002134665359430741,0.0001791894953347554
CVCL_0293,0,"[('Volasertib', 0.05, 'uM')]",40,28.826256878693762,0.0004129563262814357,0.0006184366076093191,0.0006342939565223783,9.656886923677686e-05,0.00019945890846959243,0.000189727191275383,0.00017384278438651658
CVCL_0293,0,"[('XRK3F2', 0.05, 'uM')]",40,28.826256878693762,0.00048663207051685643,0.0006387022244907174,0.0006550792046058639,0.00011122073149054771,0.0003096642204683403,0.0003758483419582131,0.0002809330597123603
CVCL_0293,0,"[('c-Kit-IN-1', 0.05, 'uM')]",17,13.628129106286956,0.013888356835476684,0.012618071011455106,0.013406700449671053,0.0011793264745031582,0.008506271509724779,0.007986421456474966,0.008813453564509442
CVCL_0293,0,"[('olaparib', 0.05, 'uM')]",32,24.631903592571184,0.022720075722707848,0.0249488948455848,0.025753697905119798,0.0008917493713550142,0.01069217251179895,0.009965045708446663,0.010862081432641996
CVCL_0293,0,"[('palbociclib', 0.05, 'uM')]",40,28.826256878693762,0.0005485340582860361,0.0008476996996902567,0.0008694355894259041,0.000148567535055647,0.0002875695707169566,0.0002445201781748961,0.0002589537361599863
CVCL_0293,0,"[('venetoclax', 0.05, 'uM')]",40,28.826256878693762,0.0008812317529726355,0.000990737299667327,0.001016140820171617,0.0002684286652787493,0.000443785163526586,0.0005166258985645171,0.00038957565592369304
CVCL_0293,0,"[('vincristine', 0.05, 'uM')]",40,28.826256878693762,0.0006724785713019317,0.0010632808107959915,0.0010905444213292217,0.00014742677268435894,0.00022562669376080346,0.0002041729523575191,0.0002013237657685244
CVCL_0320,0,"[('4EGI-1', 0.05, 'uM')]",40,22.331956759160715,0.0005262571377657968,0.0007388607858606055,0.0007578059342160057,8.740858039260812e-05,0.0003454291937028904,0.0003621127575337073,0.00028254860671292944
CVCL_0320,0,"[('9-ING-41', 0.05, 'uM')]",40,22.331956759160715,0.0006446450000157341,0.0010291597824828131,0.0010555484948541673,0.0001119507442466316,0.00042439725596779315,0.0004943450543831953,0.0003455098961753074
CVCL_0320,0,"[('APTO-253', 0.05, 'uM')]",40,22.331956759160715,0.0004449436238319512,0.0006139420835750434,0.0006296841882820956,0.00013372228843355226,0.00036140457434008917,0.0004770715551500944,0.0002935656507417926
CVCL_0320,0,"[('AT7519', 0.05, 'uM')]",40,22.331956759160715,0.0004204601308990362,0.0005448186590802604,0.0005587883682874465,0.00010346661195036811,0.0003526183343929771,0.0004032521937104542,0.00028343538111736994
CVCL_0320,0,"[('AZD-7648', 0.05, 'uM')]",40,22.331956759160715,0.000521163330643788,0.000727895800566569,0.0007465597954528912,0.00013342593330896272,0.0004274143348984889,0.0005821485685712271,0.00035234576457414754
CVCL_0320,0,"[('AZD-8055', 0.05, 'uM')]",40,22.331956759160715,0.0006208545839408036,0.0007541221426978874,0.0007734586078952693,0.00013894846013001356,0.0005034263423263965,0.0005873915797172811,0.0004243791328802199
CVCL_0320,0,"[('AZD1390', 0.05, 'uM')]",40,22.331956759160715,0.0004499535573422332,0.000611004521289883,0.0006266713038870594,0.00010469018079329012,0.00038485654106560155,0.00048514319801510074,0.00031257373514090655
CVCL_0320,0,"[('AZD2858', 0.05, 'uM')]",40,22.331956759160715,0.0004888501789130868,0.0006321088707110693,0.0006483167904728916,0.0001104217352242047,0.00041138444145176603,0.0004187962321998661,0.0003270948909832311
CVCL_0320,0,"[('Abemaciclib', 0.05, 'uM')]",19,11.233231201324324,0.024157029510268695,0.024005627781278776,0.025339273769127608,0.0014407135267045026,0.007257442699861682,0.006161642674818831,0.008479312036703763
CVCL_0320,0,"[('Adagrasib', 0.05, 'uM')]",40,22.331956759160715,0.00036983494831435725,0.0005771121000121438,0.0005919098461663009,5.6654676021617134e-05,0.00020322627074497953,0.00022384892719157147,0.00016034830066764645
CVCL_0320,0,"[('Afatinib', 0.05, 'uM')]",40,22.331956759160715,0.0006565822718664995,0.0007887998169404113,0.000809025453272217,0.00010380008407866692,0.0006961006605440837,0.0006980734225994838,0.0005619220171327467
CVCL_0320,0,"[('Alpelisib', 0.05, 'uM')]",40,22.331956759160715,0.0005303759881628169,0.000745232211203761,0.000764340729439755,0.00011667239697718315,0.0003971346252424441,0.00045206241580355265,0.0003370302569830697
CVCL_0320,0,"[('Anastrozole', 0.05, 'uM')]",40,22.331956759160715,0.00046569847790302386,0.0006523201305562693,0.0006690462877500197,0.00011496451736446393,0.0003596630859817139,0.0004717532525361861,0.0002923787920031544
CVCL_0320,0,"[('BAY1125976', 0.05, 'uM')]",40,22.331956759160715,0.0005496479149231271,0.00067470957243586,0.0006920098178829333,0.00010781052818019024,0.0004348883300988084,0.0004707174245552374,0.0003542022503615579
CVCL_0320,0,"[('BI-3406', 0.05, 'uM')]",40,22.331956759160715,0.0005904054877459794,0.0007811835038441691,0.0008012138500965835,0.00011648903355920095,0.0004727539289364397,0.0005445690436361999,0.00039024793066157795
CVCL_0320,0,"[('BI-78D3', 0.05, 'uM')]",40,22.331956759160715,0.0005418174508066725,0.0007219976104865885,0.0007405103697298342,0.00011093853934656382,0.00044216986551152537,0.0004627481395799827,0.0003532761630103156
CVCL_0320,0,"[('Belumosudil (mesylate)', 0.05, 'uM')]",40,22.331956759160715,0.0006833308440590938,0.0008210081104070088,0.0008420596004174443,0.00012360647338437774,0.00039638948065640625,0.0004238466499645036,0.00031005137017856786
CVCL_0320,0,"[('Belzutifan', 0.05, 'uM')]",38,21.080663403969854,0.0018914703953592119,0.0037611477599046143,0.0038628004020641975,0.0001819597266408738,0.0009745281050552106,0.001011693949675136,0.0008379310535550985
CVCL_0320,0,"[('Bentamapimod', 0.05, 'uM')]",40,22.331956759160715,0.0007029556284701557,0.0008331990321455157,0.0008545631098928365,0.00014774276432447225,0.0008215112744173351,0.0009274379946126543,0.0006529744088472797
CVCL_0320,0,"[('Bimiralisib', 0.05, 'uM')]",40,22.331956759160715,0.0007960692639213771,0.0008702735347491596,0.0008925882407683685,0.00018551151614127888,0.0009569832549822814,0.0011651708826503726,0.0007616915867371294
CVCL_0320,0,"[('Binimetinib', 0.05, 'uM')]",40,22.331956759160715,0.0011680899192958558,0.00128418348264177,0.0013171112642479685,0.0003341556974472362,0.0009085675565270356,0.0009213208661950642,0.0007529952249417919
CVCL_0320,0,"[('Bortezomib', 0.05, 'uM')]",40,22.331956759160715,0.003619288177110628,0.003829846277492991,0.003928047464095374,0.0019185777176907253,0.006311906155329591,0.009117668656752259,0.005219348158209424
CVCL_0320,0,"[('Brivudine', 0.05, 'uM')]",40,22.331956759160715,0.0005454312664929102,0.0006971869385977038,0.0007150635267668755,0.00010025689410789517,0.0005042289772286063,0.0005169574493238069,0.0004224432888538101
CVCL_0320,0,"[('CP21R7', 0.05, 'uM')]",40,22.331956759160715,0.0004664925932649261,0.0006571438477860185,0.0006739936900369419,8.739340534077067e-05,0.0004215080450040811,0.0004204961693158053,0.00034578739221629705
CVCL_0320,0,"[('Capivasertib', 0.05, 'uM')]",40,22.331956759160715,0.00047813491324370913,0.0006380590656362215,0.0006544195544986884,9.698603106791527e-05,0.00039038793991522737,0.0003996956470067447,0.00032108419436804056
CVCL_0320,0,"[('Capmatinib', 0.05, 'uM')]",40,22.331956759160715,0.0006371652533980173,0.0008261651792788218,0.0008473489018244321,9.112261931676633e-05,0.000567616942304886,0.0005909969034151354,0.0004717780461345906
CVCL_0320,0,"[('Celecoxib', 0.05, 'uM')]",40,22.331956759160715,0.0005544682596756788,0.0008238191536383252,0.0008449427216803331,0.00012357531853739777,0.00037315444925663764,0.00043103569273124706,0.00030014343374266283
CVCL_0320,0,"[('DT-061', 0.05, 'uM')]",40,22.331956759160715,0.0005630660780819826,0.0008664082487978874,0.0008886238449209098,0.00010328916990320361,0.0004058593057525771,0.0004375589430130897,0.0003290870973083704
CVCL_0320,0,"[('DTP3', 0.05, 'uM')]",24,14.909164713686236,0.016420509620283227,0.016909098877861167,0.017644277089942085,0.0007324028538345895,0.010264683779984966,0.00961687826772506,0.010727201229884274
CVCL_0320,0,"[('Dabrafenib', 0.05, 'uM')]",40,22.331956759160715,0.0006457048289900645,0.0008363979238772279,0.0008578440244894645,0.00012226055128616286,0.0005734120160970129,0.0005938441227901233,0.0005034180959370252
CVCL_0320,0,"[('ERK5-IN-2', 0.05, 'uM')]",40,22.331956759160715,0.0005440253637753682,0.0007156906538550634,0.0007340416962616032,0.0001372934785489105,0.00047364688519191145,0.0005757356111502052,0.0003823802470622837
CVCL_0320,0,"[('ETC-206', 0.05, 'uM')]",40,22.331956759160715,0.00037935628546636806,0.0005114997332585796,0.0005246151110344406,8.438347537888577e-05,0.0003207537122568398,0.0003676195414076454,0.0002656263662037971
CVCL_0320,0,"[('EX229', 0.05, 'uM')]",40,22.331956759160715,0.00097625323606885,0.0011968806502169831,0.001227569897658444,0.00020699653570243988,0.000593926913498212,0.0007421719429000188,0.00048520660511937287
CVCL_0320,0,"[('Elimusertib hydrochloride', 0.05, 'uM')]",40,22.331956759160715,0.0015991177097430115,0.0017240025352218806,0.0017682077284326973,0.00040393653359951026,0.001189432891725779,0.0013634879802433253,0.0009928268010946618
CVCL_0320,0,"[('Encorafenib', 0.05, 'uM')]",40,22.331956759160715,0.0004766199595436081,0.0005951986323412642,0.0006104601357346297,0.00010695091107392255,0.00042678202653415753,0.00045586885066694884,0.00035835244012546476
CVCL_0320,0,"[('Erdafitinib ', 0.05, 'uM')]",40,22.331956759160715,0.0004632438109200337,0.0006312861826066775,0.0006474730078017204,0.00010056885492391598,0.0004187755554903451,0.0004036460655873948,0.00034469866722345075
CVCL_0320,0,"[('Everolimus', 0.05, 'uM')]",40,22.331956759160715,0.0004769372322328029,0.0006148716598814358,0.0006306375998783954,8.555540191604406e-05,0.0004778953587886922,0.0004474734772924005,0.00037151555711246624
CVCL_0320,0,"[('Futibatinib', 0.05, 'uM')]",40,22.331956759160715,0.0005008273180452724,0.000677911747110035,0.0006952940996000355,0.00016581829618709504,0.00038200107919085204,0.00045516536007629484,0.00031768374608631136
CVCL_0320,0,"[('GSK1059615', 0.05, 'uM')]",40,22.331956759160715,0.000597185167986023,0.0007064932220470128,0.0007246084328687308,0.00013043739830738866,0.0006225323457379618,0.0006671843939237867,0.0004946294347407385
CVCL_0320,0,"[('Gemcitabine', 0.05, 'uM')]",40,22.331956759160715,0.0005513121684633646,0.0006310574100026351,0.0006472383692334718,0.00012593130081900157,0.0006010502078722304,0.0006610930738527475,0.0004982834789537902
CVCL_0320,0,"[('HI-TOPK-032', 0.05, 'uM')]",40,22.331956759160715,0.0006424293267034983,0.0009730067025195668,0.0009979555923277602,0.00017011688465059393,0.0007596310895504343,0.0007277368284735817,0.0006558550815979426
CVCL_0320,0,"[('Hydroxyfasudil', 0.05, 'uM')]",37,21.361650286028556,0.0026773432572854026,0.003122972901135944,0.0032097221483897197,0.00026713877612635995,0.0010906405090493952,0.0012850948252637535,0.0009762707286636061
CVCL_0320,0,"[('IQ 1', 0.05, 'uM')]",40,22.331956759160715,0.00048416961939379754,0.0006159940210593405,0.0006317887395480413,0.00012524004937724552,0.00044358951238383137,0.000515302509540849,0.00036624003261691925
CVCL_0320,0,"[('Infigratinib', 0.05, 'uM')]",40,22.331956759160715,0.0005388866594250353,0.000658705410528832,0.0006755952928500839,0.00017774588150909075,0.0005178265537094615,0.0005302841688995019,0.00043329356108938954
CVCL_0320,0,"[('Ipatasertib', 0.05, 'uM')]",40,22.331956759160715,0.0006689220482859263,0.0008554291212761411,0.0008773632013088624,0.00014450431227886265,0.0006294138683752229,0.0006676660665952079,0.0004991883333712535
CVCL_0320,0,"[('Irinotecan', 0.05, 'uM')]",40,22.331956759160715,0.0004698111068904777,0.0005880719422554889,0.0006031507100056295,0.00010012086684553144,0.0004462622211382449,0.000473243022024249,0.0003664188572052627
CVCL_0320,0,"[('Ixazomib', 0.05, 'uM')]",40,22.331956759160715,0.0006858100110263363,0.0009662350201943842,0.0009910102771224455,0.00011885551103695654,0.0006747422408842139,0.0006599173502227779,0.0005455402261687617
CVCL_0320,0,"[('LB-100', 0.05, 'uM')]",40,22.331956759160715,0.0003780592862731348,0.0005138278262974011,0.000527002898766565,0.0001005678457088559,0.00029492752120967845,0.00037621104601703794,0.00024778887038359656
CVCL_0320,0,"[('LJI308', 0.05, 'uM')]",40,22.331956759160715,0.0008605128707643535,0.0009738616308921793,0.0009988324419406961,0.00027573732221021117,0.0006363261793905399,0.0006850986285351974,0.000512552280630335
CVCL_0320,0,"[('LY-2584702 (tosylate salt)', 0.05, 'uM')]",40,22.331956759160715,0.000511607723501209,0.0007559159120947833,0.0007752983713792648,0.00011760321887630916,0.0004256525834699317,0.00048664806801866823,0.000348557390339154
CVCL_0320,0,"[('LY2090314', 0.05, 'uM')]",40,22.331956759160715,0.0005417906993223084,0.0007509248345779281,0.0007701793175158236,0.00010544546082662686,0.0004649186621033009,0.0005705065615140034,0.0003891293113210644
CVCL_0320,0,"[('Lapatinib ditosylate', 0.05, 'uM')]",40,22.331956759160715,0.00045894074879570824,0.0006011477137202553,0.0006165617576618004,8.129319797001042e-05,0.00039285733071357874,0.000409993542626548,0.0003311829539111139
CVCL_0320,0,"[('Lonafarnib', 0.05, 'uM')]",40,22.331956759160715,0.0004961551160254645,0.0006572160822201744,0.0006740677766360761,0.00012394780361547043,0.0003992672992254546,0.0004530748364397532,0.00033742538918740916
CVCL_0320,0,"[('MK-3903', 0.05, 'uM')]",40,22.331956759160715,0.0006316441936666286,0.0007951051840540442,0.0008154924964656862,0.00014194163742786527,0.0005413795064318242,0.0006216872431676965,0.0004289096511953666
CVCL_0320,0,"[('MK-8353', 0.05, 'uM')]",40,22.331956759160715,0.000488601412057931,0.0006407639167615547,0.0006571937607810819,0.00010896979368467016,0.0004340654653522785,0.0004788867404863489,0.0003471943083352628
CVCL_0320,0,"[('ML264', 0.05, 'uM')]",40,22.331956759160715,0.0005211930780389779,0.0006553532299514216,0.0006721571589245353,0.00012701106749352808,0.0005230604621282135,0.0005971291882453315,0.00042901274318021625
CVCL_0320,0,"[('Minodronic acid', 0.05, 'uM')]",40,22.331956759160715,0.0005933548836871434,0.0008515010615818321,0.0008733344221352119,0.0001444575862503424,0.00039845830238973703,0.0005485364441724377,0.0003152857459557111
CVCL_0320,0,"[('NG25', 0.05, 'uM')]",40,22.331956759160715,0.0005612654462269893,0.0007372582086812897,0.000756162265314143,0.00014168217794020794,0.00048696455693057685,0.000498686485294746,0.0003949164667169395
CVCL_0320,0,"[('NVP-BHG712', 0.05, 'uM')]",40,22.331956759160715,0.0005496425537560414,0.0007433172866585931,0.0007623767042652233,0.00012272452571382165,0.00045559537055961646,0.0005808636858542868,0.0003720749933738485
CVCL_0320,0,"[('OTS514', 0.05, 'uM')]",40,22.331956759160715,0.0005659216396989426,0.0007667970084956278,0.0007864584702519256,0.0002160148750626829,0.00041906429685903445,0.0004879556767791743,0.00033197171118448145
CVCL_0320,0,"[('Oleic acid', 0.05, 'uM')]",40,22.331956759160715,0.0005358305677267524,0.0007682682601869674,0.0007879674463456074,0.00012782419925010374,0.0004467367176078632,0.0006099796630796393,0.00035337791155608077
CVCL_0320,0,"[('Oxaliplatin', 0.05, 'uM')]",40,22.331956759160715,0.0005513886460996597,0.0006905357748093606,0.0007082418203172927,0.0001518662285202292,0.0005057248394627868,0.000613701305424701,0.00041985264396074727
CVCL_0320,0,"[('PF-06260933', 0.05, 'uM')]",24,13.425123124138755,0.020307950744401865,0.02074465420267207,0.02164659568974477,0.001039290810725609,0.01491302855244975,0.013978150298712612,0.015479133600183012
CVCL_0320,0,"[('PH-797804', 0.05, 'uM')]",40,22.331956759160715,0.0005238156210519181,0.0007084172248229356,0.0007265817690491646,9.390990329344678e-05,0.0004645080511915808,0.0005370249065568795,0.00038212528858377155
CVCL_0320,0,"[('Paclitaxel', 0.05, 'uM')]",40,22.331956759160715,0.0004981359158749271,0.000593292974432847,0.0006085056148029197,0.0001422488530665049,0.0005144650159038731,0.000657678432148671,0.00042350667808728986
CVCL_0320,0,"[('Pemigatinib', 0.05, 'uM')]",40,22.331956759160715,0.000570347307313425,0.0008057024429016118,0.0008263614798990884,0.00013922873930691322,0.0004996129766465956,0.0005315700834778549,0.000408151713778164
CVCL_0320,0,"[('Pimitespib', 0.05, 'uM')]",40,22.331956759160715,0.0005010231828368929,0.0006806669769608299,0.0006981199763700819,0.00011077855318467052,0.0005888348492986027,0.0005819394985974147,0.000502895865448586
CVCL_0320,0,"[('Pralsetinib', 0.05, 'uM')]",40,22.331956759160715,0.0006000099523766951,0.0007641524480773787,0.0007837461005921833,0.00010722868081982337,0.000597886792255458,0.0006022294370873543,0.0004880367139120127
CVCL_0320,0,"[('RMC-6236', 0.05, 'uM')]",40,22.331956759160715,0.0006770259611888073,0.0008467118459498299,0.0008684224061023893,0.00016691473248867648,0.0005253262162840346,0.000687877803609362,0.00042532131919270345
CVCL_0320,0,"[('Regorafenib', 0.05, 'uM')]",40,22.331956759160715,0.00047971069871089627,0.000674402751906412,0.0006916951301604222,0.000109370949361592,0.00042786321915030457,0.0004674426613981513,0.0003581765118148288
CVCL_0320,0,"[('SBI-0640756', 0.05, 'uM')]",40,22.331956759160715,0.0005132075363368714,0.0006502417607171347,0.0006669146263765483,9.319396912140146e-05,0.0004747349702732444,0.0004893429923392916,0.0003817405196866195
CVCL_0320,0,"[('Sapanisertib', 0.05, 'uM')]",40,22.331956759160715,0.0007148989765953844,0.0008686019153417255,0.0008908737593248464,0.00020458244505756868,0.0006100508888897805,0.0007567938712401017,0.0005022089063830538
CVCL_0320,0,"[('Sonidegib', 0.05, 'uM')]",39,21.977324207229337,0.004704875244985255,0.008138649707980101,0.00835282470029537,0.0005654585859744081,0.002198510389313734,0.002187161016733103,0.0019547027932337833
CVCL_0320,0,"[('TAK-733', 0.05, 'uM')]",40,22.331956759160715,0.000602446075805685,0.0007247583547322606,0.0007433419022894979,0.0001414244826547228,0.0004820974060131549,0.0005778545037199985,0.00040352698675803425
CVCL_0320,0,"[('TAK-901', 0.05, 'uM')]",40,22.331956759160715,0.0012262511697487943,0.0013366862168018377,0.001370960222360859,0.00025652091894133713,0.0007782115245484173,0.0009731717140370492,0.0007728336707573582
CVCL_0320,0,"[('Temuterkib', 0.05, 'uM')]",40,22.331956759160715,0.0004863154127715803,0.0006438693685990367,0.0006603788395887552,0.00013112652762233665,0.00043944162878665127,0.0005238087766324071,0.0003589093734259081
CVCL_0320,0,"[('Tomivosertib', 0.05, 'uM')]",40,22.331956759160715,0.0005561809083299275,0.0007043462917282618,0.0007224064530546272,0.00014100634530963174,0.0005599715324444624,0.0006069323400405227,0.00045550529250905505
CVCL_0320,0,"[('Torkinib', 0.05, 'uM')]",40,22.331956759160715,0.000544090853153659,0.000704265648773496,0.0007223237423317906,0.00013301885101115965,0.0004480612982493853,0.0005122384875144865,0.0003559813504691962
CVCL_0320,0,"[('Trametinib', 0.05, 'uM')]",40,22.331956759160715,0.000718395681999155,0.0009006851864570384,0.0009237796784174754,0.0001941854740863913,0.0005348187486953577,0.0006702478731520166,0.00043831767311217377
CVCL_0320,0,"[('Tubulin inhibitor 6', 0.05, 'uM')]",40,22.331956759160715,0.0004961395730941718,0.0006781232976343287,0.0006955110744967473,9.483553440785426e-05,0.00032169855037635054,0.00035443488331618483,0.0002588607732726892
CVCL_0320,0,"[('Tucatinib', 0.05, 'uM')]",40,22.331956759160715,0.0005129048009476935,0.0006587438474340147,0.0006756347153169382,0.0001091551895375355,0.0004389077315956758,0.000509752440008029,0.00037055477901098977
CVCL_0320,0,"[('ULK-101', 0.05, 'uM')]",40,22.331956759160715,0.0007036667124599306,0.0008973528211151648,0.0009203618678104254,0.0001833097721446727,0.000673424814321165,0.0007232957173268719,0.0005223220390980463
CVCL_0320,0,"[('Vemurafenib', 0.05, 'uM')]",40,22.331956759160715,0.0004804736884715442,0.0006220477220871789,0.0006379976636791577,0.0001029752036048056,0.00039676847302640595,0.00046424854045207833,0.0003263339895372485
CVCL_0320,0,"[('Volasertib', 0.05, 'uM')]",40,22.331956759160715,0.0004568474690481197,0.0006184366076093191,0.0006342939565223783,9.656886923677686e-05,0.0003661874607674452,0.00045901893474383935,0.00029701750025021257
CVCL_0320,0,"[('XRK3F2', 0.05, 'uM')]",40,22.331956759160715,0.0005287339561429357,0.0006387022244907174,0.0006550792046058639,0.00011122073149054771,0.00045942844715329606,0.0005328998795299946,0.0003856891271844306
CVCL_0320,0,"[('c-Kit-IN-1', 0.05, 'uM')]",17,9.856876533407588,0.013176821999320758,0.012618071011455106,0.013406700449671053,0.0011793264745031582,0.01736460016477654,0.016911334384895386,0.01775472053965589
CVCL_0320,0,"[('olaparib', 0.05, 'uM')]",32,19.197348962666364,0.020149039305543064,0.0249488948455848,0.025753697905119798,0.0008917493713550142,0.010576280829271976,0.00941771141255901,0.009768540823781993
CVCL_0320,0,"[('palbociclib', 0.05, 'uM')]",40,22.331956759160715,0.0005924515239651123,0.0008476996996902567,0.0008694355894259041,0.000148567535055647,0.0004698537891023028,0.0005120502520229289,0.0003701483513196475
CVCL_0320,0,"[('venetoclax', 0.05, 'uM')]",40,22.331956759160715,0.0009505278095188085,0.000990737299667327,0.001016140820171617,0.0002684286652787493,0.0008934416639448108,0.0009791965265692978,0.0007397771300339347
CVCL_0320,0,"[('vincristine', 0.05, 'uM')]",40,22.331956759160715,0.0007618368493243829,0.0010632808107959915,0.0010905444213292217,0.00014742677268435894,0.0010003524895281202,0.0012087196474957621,0.0008723485612253705
CVCL_0428,0,"[('4EGI-1', 0.05, 'uM')]",40,31.283819812384113,0.0005622332168237924,0.0007388607858606055,0.0007578059342160057,8.740858039260812e-05,0.00043428224638608355,0.00042766654935452074,0.0004125893808634059
CVCL_0428,0,"[('9-ING-41', 0.05, 'uM')]",40,31.283819812384113,0.0007116059632735584,0.0010291597824828131,0.0010555484948541673,0.0001119507442466316,0.0003339696565718623,0.00032065259903443,0.00030549671233566646
CVCL_0428,0,"[('APTO-253', 0.05, 'uM')]",40,31.283819812384113,0.0004759032531224709,0.0006139420835750434,0.0006296841882820956,0.00013372228843355226,0.0003070445364207977,0.0003120295159254737,0.00028768922071816753
CVCL_0428,0,"[('AT7519', 0.05, 'uM')]",40,31.283819812384113,0.00045611997000405934,0.0005448186590802604,0.0005587883682874465,0.00010346661195036811,0.00042623924929546266,0.00047155014336588264,0.0004073434088750547
CVCL_0428,0,"[('AZD-7648', 0.05, 'uM')]",40,31.283819812384113,0.0005482793657200311,0.000727895800566569,0.0007465597954528912,0.00013342593330896272,0.0003384829362039478,0.0003844071366718698,0.0003187945899603656
CVCL_0428,0,"[('AZD-8055', 0.05, 'uM')]",40,31.283819812384113,0.0006376140771896106,0.0007541221426978874,0.0007734586078952693,0.00013894846013001356,0.0003636331564685595,0.0003941860516386708,0.00033970590047378727
CVCL_0428,0,"[('AZD1390', 0.05, 'uM')]",40,31.283819812384113,0.00047838572350757054,0.000611004521289883,0.0006266713038870594,0.00010469018079329012,0.0004260565922549932,0.0004802136454104647,0.00040718372571392513
CVCL_0428,0,"[('AZD2858', 0.05, 'uM')]",40,31.283819812384113,0.0005288717999425908,0.0006321088707110693,0.0006483167904728916,0.0001104217352242047,0.0004891181413985313,0.0005178760789518398,0.0004568161271513214
CVCL_0428,0,"[('Adagrasib', 0.05, 'uM')]",40,31.283819812384113,0.0004823272166986776,0.0005771121000121438,0.0005919098461663009,5.6654676021617134e-05,0.0011626486994433163,0.001156746624607719,0.0011438081579098944
CVCL_0428,0,"[('Afatinib', 0.05, 'uM')]",40,31.283819812384113,0.000671814952773308,0.0007887998169404113,0.000809025453272217,0.00010380008407866692,0.00042064570813871415,0.00042553476805657633,0.00038928892691166174
CVCL_0428,0,"[('Alpelisib', 0.05, 'uM')]",40,31.283819812384113,0.000578250484185369,0.000745232211203761,0.000764340729439755,0.00011667239697718315,0.0003644313177074839,0.00037909177016705184,0.0003412420895045008
CVCL_0428,0,"[('Anastrozole', 0.05, 'uM')]",40,31.283819812384113,0.000493138544422077,0.0006523201305562693,0.0006690462877500197,0.00011496451736446393,0.0003798403041421884,0.0004155141291137991,0.0003555329440063023
CVCL_0428,0,"[('BAY1125976', 0.05, 'uM')]",40,31.283819812384113,0.0005572157972690521,0.00067470957243586,0.0006920098178829333,0.00010781052818019024,0.0005104776998554863,0.0005211616386325159,0.00048165825008354343
CVCL_0428,0,"[('BI-3406', 0.05, 'uM')]",40,31.283819812384113,0.0006284243664755375,0.0007811835038441691,0.0008012138500965835,0.00011648903355920095,0.00041179744084629457,0.0004176996567718688,0.0003812927085775861
CVCL_0428,0,"[('BI-78D3', 0.05, 'uM')]",40,31.283819812384113,0.0005582904413797008,0.0007219976104865885,0.0007405103697298342,0.00011093853934656382,0.0004756875826649043,0.00046865935594590455,0.0004478760228734057
CVCL_0428,0,"[('Belumosudil (mesylate)', 0.05, 'uM')]",40,31.283819812384113,0.0006660743320640764,0.0008210081104070088,0.0008420596004174443,0.00012360647338437774,0.0004683834101047817,0.0004655842014020372,0.00043949300470120416
CVCL_0428,0,"[('Belzutifan', 0.05, 'uM')]",38,29.494674688855298,0.002531129755248452,0.0037611477599046143,0.0038628004020641975,0.0001819597266408738,0.006142760611678925,0.005901090489410906,0.006095279430968597
CVCL_0428,0,"[('Bentamapimod', 0.05, 'uM')]",40,31.283819812384113,0.0006726430491179469,0.0008331990321455157,0.0008545631098928365,0.00014774276432447225,0.0005337569062199669,0.0005179283995148177,0.0004955523923745621
CVCL_0428,0,"[('Bimiralisib', 0.05, 'uM')]",40,31.283819812384113,0.0007848287796911833,0.0008702735347491596,0.0008925882407683685,0.00018551151614127888,0.00048048539916106646,0.0005365687562564508,0.0004417906789296551
CVCL_0428,0,"[('Binimetinib', 0.05, 'uM')]",40,31.283819812384113,0.0012322799043182904,0.00128418348264177,0.0013171112642479685,0.0003341556974472362,0.0011381746010239052,0.001284847926168335,0.0010999925159845482
CVCL_0428,0,"[('Bortezomib', 0.05, 'uM')]",40,31.283819812384113,0.003573629440264319,0.003829846277492991,0.003928047464095374,0.0019185777176907253,0.0027388317764583795,0.004041922560484497,0.0026511739762722403
CVCL_0428,0,"[('Brivudine', 0.05, 'uM')]",40,31.283819812384113,0.0005619780462157802,0.0006971869385977038,0.0007150635267668755,0.00010025689410789517,0.0005487793768845444,0.0005906996561282722,0.0005297024039858181
CVCL_0428,0,"[('CP21R7', 0.05, 'uM')]",40,31.283819812384113,0.0004986359124268576,0.0006571438477860185,0.0006739936900369419,8.739340534077067e-05,0.0004178447570054945,0.0004167295523038881,0.00040095188074921166
CVCL_0428,0,"[('Capivasertib', 0.05, 'uM')]",40,31.283819812384113,0.0005037325684540367,0.0006380590656362215,0.0006544195544986884,9.698603106791527e-05,0.0004523488903734254,0.0004735260048858804,0.00043091113377750526
CVCL_0428,0,"[('Capmatinib', 0.05, 'uM')]",40,31.283819812384113,0.0006684088398212041,0.0008261651792788218,0.0008473489018244321,9.112261931676633e-05,0.000636819245753099,0.0006606080135556079,0.00062136948845085
CVCL_0428,0,"[('Celecoxib', 0.05, 'uM')]",40,31.283819812384113,0.0006067701517897297,0.0008238191536383252,0.0008449427216803331,0.00012357531853739777,0.000425742476521028,0.00041689734815008206,0.00040343023910311847
CVCL_0428,0,"[('DT-061', 0.05, 'uM')]",40,31.283819812384113,0.0006260757943816866,0.0008664082487978874,0.0008886238449209098,0.00010328916990320361,0.0003962007457335933,0.00036548153687046103,0.00037054395562703733
CVCL_0428,0,"[('DTP3', 0.05, 'uM')]",24,19.493833766697414,0.018363922462054712,0.016909098877861167,0.017644277089942085,0.0007324028538345895,0.013331966911615908,0.01253042377266336,0.013960234583080672
CVCL_0428,0,"[('Dabrafenib', 0.05, 'uM')]",40,31.283819812384113,0.0006720888513391664,0.0008363979238772279,0.0008578440244894645,0.00012226055128616286,0.0006096099571735488,0.0006230699415979816,0.0005754407759067211
CVCL_0428,0,"[('ERK5-IN-2', 0.05, 'uM')]",40,31.283819812384113,0.0005462956172840578,0.0007156906538550634,0.0007340416962616032,0.0001372934785489105,0.0005231264267565976,0.0005661150431280144,0.0005044546537627473
CVCL_0428,0,"[('ETC-206', 0.05, 'uM')]",40,31.283819812384113,0.0004099958381001327,0.0005114997332585796,0.0005246151110344406,8.438347537888577e-05,0.0003262580538894727,0.00031934627142580287,0.00031036739650880103
CVCL_0428,0,"[('EX229', 0.05, 'uM')]",40,31.283819812384113,0.0009653828541878023,0.0011968806502169831,0.001227569897658444,0.00020699653570243988,0.0009845805680954514,0.0011062818304120826,0.0009416657506213856
CVCL_0428,0,"[('Elimusertib hydrochloride', 0.05, 'uM')]",40,31.283819812384113,0.0016249822407282007,0.0017240025352218806,0.0017682077284326973,0.00040393653359951026,0.0018637272556867972,0.00209176189354028,0.0018301134412567913
CVCL_0428,0,"[('Encorafenib', 0.05, 'uM')]",40,31.283819812384113,0.0005032236869516072,0.0005951986323412642,0.0006104601357346297,0.00010695091107392255,0.0004729605101140011,0.0004940861713642177,0.00045165085789867376
CVCL_0428,0,"[('Erdafitinib ', 0.05, 'uM')]",40,31.283819812384113,0.0005036829374164733,0.0006312861826066775,0.0006474730078017204,0.00010056885492391598,0.0006162116081114724,0.0006563033331156352,0.0005921565302548163
CVCL_0428,0,"[('Everolimus', 0.05, 'uM')]",40,31.283819812384113,0.0005085536832881693,0.0006148716598814358,0.0006306375998783954,8.555540191604406e-05,0.0004975952666346255,0.0004993340450653685,0.00047331862718358786
CVCL_0428,0,"[('Futibatinib', 0.05, 'uM')]",40,31.283819812384113,0.0005424380025972098,0.000677911747110035,0.0006952940996000355,0.00016581829618709504,0.0006562054836505679,0.0008559699958409138,0.0006449403204163268
CVCL_0428,0,"[('GSK1059615', 0.05, 'uM')]",40,31.283819812384113,0.0006157456265489367,0.0007064932220470128,0.0007246084328687308,0.00013043739830738866,0.0005457892140707519,0.0005784944316430594,0.0005132763947363237
CVCL_0428,0,"[('Gemcitabine', 0.05, 'uM')]",40,31.283819812384113,0.0005708074344150077,0.0006310574100026351,0.0006472383692334718,0.00012593130081900157,0.0005288317669876341,0.0005263439808790851,0.0005006911204581283
CVCL_0428,0,"[('HI-TOPK-032', 0.05, 'uM')]",40,31.283819812384113,0.0007203437091591502,0.0009730067025195668,0.0009979555923277602,0.00017011688465059393,0.0005024218800443518,0.0005029106537266607,0.0004813928035762746
CVCL_0428,0,"[('Hydroxyfasudil', 0.05, 'uM')]",37,29.822971111485653,0.003259450572935915,0.003122972901135944,0.0032097221483897197,0.00026713877612635995,0.004808839119901779,0.0048279258393199315,0.00475640856614134
CVCL_0428,0,"[('IQ 1', 0.05, 'uM')]",40,31.283819812384113,0.0005097397574621795,0.0006159940210593405,0.0006317887395480413,0.00012524004937724552,0.0005802299247719403,0.0006322353434474609,0.0005611277894560186
CVCL_0428,0,"[('Infigratinib', 0.05, 'uM')]",40,31.283819812384113,0.0005778798890938918,0.000658705410528832,0.0006755952928500839,0.00017774588150909075,0.0006009998301767398,0.0007898937858896898,0.0005734462797596769
CVCL_0428,0,"[('Ipatasertib', 0.05, 'uM')]",40,31.283819812384113,0.0006905198470330263,0.0008554291212761411,0.0008773632013088624,0.00014450431227886265,0.0006862143113346662,0.0007182667282473498,0.0006554156855711428
CVCL_0428,0,"[('Irinotecan', 0.05, 'uM')]",40,31.283819812384113,0.0004832410982698808,0.0005880719422554889,0.0006031507100056295,0.00010012086684553144,0.0004254926439631886,0.0004354611166936352,0.0003999273273529702
CVCL_0428,0,"[('Ixazomib', 0.05, 'uM')]",40,31.283819812384113,0.0007446939996735388,0.0009662350201943842,0.0009910102771224455,0.00011885551103695654,0.0007713199985623025,0.0008391606034132353,0.0007409606238306324
CVCL_0428,0,"[('LB-100', 0.05, 'uM')]",40,31.283819812384113,0.000412438019245092,0.0005138278262974011,0.000527002898766565,0.0001005678457088559,0.0002911477960993698,0.00030042124880570655,0.00027732707826568377
CVCL_0428,0,"[('LJI308', 0.05, 'uM')]",40,31.283819812384113,0.000864692522775258,0.0009738616308921793,0.0009988324419406961,0.00027573732221021117,0.0009395254173675317,0.0011680160078944661,0.0009073411309226722
CVCL_0428,0,"[('LY-2584702 (tosylate salt)', 0.05, 'uM')]",40,31.283819812384113,0.0005430155210192127,0.0007559159120947833,0.0007752983713792648,0.00011760321887630916,0.0005540952865287494,0.000622828479964815,0.0005380255556313283
CVCL_0428,0,"[('LY2090314', 0.05, 'uM')]",40,31.283819812384113,0.0005764485559594274,0.0007509248345779281,0.0007701793175158236,0.00010544546082662686,0.00032872791461638416,0.0003248989404959922,0.0003032246487703375
CVCL_0428,0,"[('Lapatinib ditosylate', 0.05, 'uM')]",40,31.283819812384113,0.000491575418062726,0.0006011477137202553,0.0006165617576618004,8.129319797001042e-05,0.0003315269556415882,0.00031898205655747923,0.0003123116659782103
CVCL_0428,0,"[('Lonafarnib', 0.05, 'uM')]",40,31.283819812384113,0.0005351081813334916,0.0006572160822201744,0.0006740677766360761,0.00012394780361547043,0.00039041630238192276,0.00044389980911887643,0.0003762349399517552
CVCL_0428,0,"[('MK-3903', 0.05, 'uM')]",40,31.283819812384113,0.0006382712339861536,0.0007951051840540442,0.0008154924964656862,0.00014194163742786527,0.000533182432589349,0.0005353084945805167,0.0004937257297389299
CVCL_0428,0,"[('MK-8353', 0.05, 'uM')]",40,31.283819812384113,0.0005164798829726325,0.0006407639167615547,0.0006571937607810819,0.00010896979368467016,0.00044139318967342236,0.0004822612819834971,0.00041929960451723617
CVCL_0428,0,"[('ML264', 0.05, 'uM')]",40,31.283819812384113,0.0005329870983035905,0.0006553532299514216,0.0006721571589245353,0.00012701106749352808,0.0006299508352822162,0.0006848159625143288,0.0006063219007566605
CVCL_0428,0,"[('Methylprednisolone succinate', 0.05, 'uM')]",24,19.451085095163798,0.023625826523449377,0.02176976723276528,0.022716278851581163,0.0011636367477959105,0.021731499987420917,0.02134834705132817,0.02195082221526152
CVCL_0428,0,"[('Minodronic acid', 0.05, 'uM')]",40,31.283819812384113,0.0006497125108771666,0.0008515010615818321,0.0008733344221352119,0.0001444575862503424,0.0003490824064939994,0.0003780327647192248,0.00032164413462458595
CVCL_0428,0,"[('NG25', 0.05, 'uM')]",40,31.283819812384113,0.0006138129750096195,0.0007372582086812897,0.000756162265314143,0.00014168217794020794,0.0007508826945341566,0.0008151020688781954,0.0007230069619099426
CVCL_0428,0,"[('NVP-BHG712', 0.05, 'uM')]",40,31.283819812384113,0.0005765133036845948,0.0007433172866585931,0.0007623767042652233,0.00012272452571382165,0.0004591539946907519,0.0004991351713583133,0.0004306767800356583
CVCL_0428,0,"[('OTS514', 0.05, 'uM')]",40,31.283819812384113,0.0006242027532901073,0.0007667970084956278,0.0007864584702519256,0.0002160148750626829,0.0006452910094115282,0.0008395059926974979,0.000622605507265615
CVCL_0428,0,"[('Oleic acid', 0.05, 'uM')]",40,31.283819812384113,0.0005775732070438277,0.0007682682601869674,0.0007879674463456074,0.00012782419925010374,0.00034583716044417443,0.00039228238628724073,0.0003242225153028644
CVCL_0428,0,"[('Oxaliplatin', 0.05, 'uM')]",40,31.283819812384113,0.0005889529299962743,0.0006905357748093606,0.0007082418203172927,0.0001518662285202292,0.0005000303604395457,0.0005532789112204631,0.0004703470105157301
CVCL_0428,0,"[('PH-797804', 0.05, 'uM')]",40,31.283819812384113,0.0005536593824609134,0.0007084172248229356,0.0007265817690491646,9.390990329344678e-05,0.0003176701740134164,0.0003051327655680525,0.00030039143740825545
CVCL_0428,0,"[('Paclitaxel', 0.05, 'uM')]",40,31.283819812384113,0.0005013459039628638,0.000593292974432847,0.0006085056148029197,0.0001422488530665049,0.0003644499671282425,0.00039975216467028464,0.0003343882048426846
CVCL_0428,0,"[('Pemigatinib', 0.05, 'uM')]",40,31.283819812384113,0.0006328832649697707,0.0008057024429016118,0.0008263614798990884,0.00013922873930691322,0.0007046848986079793,0.0008470994937377594,0.0006888034926628919
CVCL_0428,0,"[('Pimitespib', 0.05, 'uM')]",40,31.283819812384113,0.0005696431290551842,0.0006806669769608299,0.0006981199763700819,0.00011077855318467052,0.0005633331572782405,0.0005891975287979766,0.0005520191501305769
CVCL_0428,0,"[('Pralsetinib', 0.05, 'uM')]",40,31.283819812384113,0.0006695391900101612,0.0007641524480773787,0.0007837461005921833,0.00010722868081982337,0.0004997648075622039,0.0005257973858400779,0.00046687876210588686
CVCL_0428,0,"[('RMC-6236', 0.05, 'uM')]",40,31.283819812384113,0.0006887493459287514,0.0008467118459498299,0.0008684224061023893,0.00016691473248867648,0.0003715654589158275,0.00037291032706949156,0.00034139579110100635
CVCL_0428,0,"[('Regorafenib', 0.05, 'uM')]",40,31.283819812384113,0.000519341450240887,0.000674402751906412,0.0006916951301604222,0.000109370949361592,0.00048625930612867835,0.0005155335342281743,0.00045977948600308614
CVCL_0428,0,"[('SBI-0640756', 0.05, 'uM')]",40,31.283819812384113,0.0005295813207290105,0.0006502417607171347,0.0006669146263765483,9.319396912140146e-05,0.000487871347811071,0.0005107310474181197,0.00046228547152408193
CVCL_0428,0,"[('Sapanisertib', 0.05, 'uM')]",40,31.283819812384113,0.000727585023341091,0.0008686019153417255,0.0008908737593248464,0.00020458244505756868,0.0007549252541678772,0.0007728105634713751,0.0006979557306938593
CVCL_0428,0,"[('Sonidegib', 0.05, 'uM')]",39,30.67124546118306,0.006361951798312006,0.008138649707980101,0.00835282470029537,0.0005654585859744081,0.005625052753832018,0.005992430613133377,0.005556929100296182
CVCL_0428,0,"[('TAK-733', 0.05, 'uM')]",40,31.283819812384113,0.000605475615403179,0.0007247583547322606,0.0007433419022894979,0.0001414244826547228,0.0005013398865138112,0.0005667607097382958,0.0004662576832115847
CVCL_0428,0,"[('TAK-901', 0.05, 'uM')]",40,31.283819812384113,0.0011401191152946432,0.0013366862168018377,0.001370960222360859,0.00025652091894133713,0.0006012144851633542,0.0006723491613566176,0.0005477261484407665
CVCL_0428,0,"[('Temuterkib', 0.05, 'uM')]",40,31.283819812384113,0.0005108096399230405,0.0006438693685990367,0.0006603788395887552,0.00013112652762233665,0.0003868114942019235,0.000395709516597146,0.00036342410286408704
CVCL_0428,0,"[('Tomivosertib', 0.05, 'uM')]",40,31.283819812384113,0.0005913709522366954,0.0007043462917282618,0.0007224064530546272,0.00014100634530963174,0.0006606624669581711,0.0007147269196626854,0.0006357756414702815
CVCL_0428,0,"[('Torkinib', 0.05, 'uM')]",40,31.283819812384113,0.0005566787259025813,0.000704265648773496,0.0007223237423317906,0.00013301885101115965,0.0005122357179120138,0.0005148467945737241,0.0004829381159698157
CVCL_0428,0,"[('Trametinib', 0.05, 'uM')]",40,31.283819812384113,0.0007428597835464233,0.0009006851864570384,0.0009237796784174754,0.0001941854740863913,0.0004181166034538856,0.00046018876237571436,0.00039283798349788024
CVCL_0428,0,"[('Tubulin inhibitor 6', 0.05, 'uM')]",40,31.283819812384113,0.0005262367036608763,0.0006781232976343287,0.0006955110744967473,9.483553440785426e-05,0.0004315293253339086,0.0004198541122473212,0.0004088799363341601
CVCL_0428,0,"[('Tucatinib', 0.05, 'uM')]",40,31.283819812384113,0.0005380068922820174,0.0006587438474340147,0.0006756347153169382,0.0001091551895375355,0.000513656677772387,0.0005333315676807406,0.00048745947359085494
CVCL_0428,0,"[('ULK-101', 0.05, 'uM')]",40,31.283819812384113,0.0007669931196469193,0.0008973528211151648,0.0009203618678104254,0.0001833097721446727,0.0006686064516532499,0.0006741124556479445,0.000616791374468045
CVCL_0428,0,"[('Vemurafenib', 0.05, 'uM')]",40,31.283819812384113,0.0004991102060842712,0.0006220477220871789,0.0006379976636791577,0.0001029752036048056,0.00035777572947003034,0.0003554126489297574,0.00033502985455113464
CVCL_0428,0,"[('Volasertib', 0.05, 'uM')]",40,31.283819812384113,0.0004808233682349274,0.0006184366076093191,0.0006342939565223783,9.656886923677686e-05,0.00032650499588741667,0.00035719915191518957,0.0003103857172579214
CVCL_0428,0,"[('XRK3F2', 0.05, 'uM')]",40,31.283819812384113,0.0005426594477755724,0.0006387022244907174,0.0006550792046058639,0.00011122073149054771,0.00030300418957269326,0.00028364704066027966,0.0002848359796270391
CVCL_0428,0,"[('palbociclib', 0.05, 'uM')]",40,31.283819812384113,0.0006382771890723265,0.0008476996996902567,0.0008694355894259041,0.000148567535055647,0.0005026437238263063,0.0006579599549340023,0.00048424174628387617
CVCL_0428,0,"[('venetoclax', 0.05, 'uM')]",40,31.283819812384113,0.0009290877180255327,0.000990737299667327,0.001016140820171617,0.0002684286652787493,0.0007312150220412561,0.0008777389890551528,0.0007118570652314615
CVCL_0428,0,"[('vincristine', 0.05, 'uM')]",40,31.283819812384113,0.000810614173394665,0.0010632808107959915,0.0010905444213292217,0.00014742677268435894,0.0016218956206545357,0.0017684308205196534,0.0015812869450144932
CVCL_1055,0,"[('4EGI-1', 0.05, 'uM')]",40,17.473369230798784,0.0003830374145028297,0.0007388607858606055,0.0007578059342160057,8.740858039260812e-05,0.0002395265002369689,0.00019220168890552458,0.00022786214380191805
CVCL_1055,0,"[('9-ING-41', 0.05, 'uM')]",40,17.473369230798784,0.00039047804995886494,0.0010291597824828131,0.0010555484948541673,0.0001119507442466316,0.00022664250957028673,0.00019114652721515573,0.00019486016283836875
CVCL_1055,0,"[('APTO-253', 0.05, 'uM')]",40,17.473369230798784,0.00031047716093539015,0.0006139420835750434,0.0006296841882820956,0.00013372228843355226,0.0002033459335601621,0.00021780972929109305,0.0001787945706367688
CVCL_1055,0,"[('AT7519', 0.05, 'uM')]",40,17.473369230798784,0.0003123859121057467,0.0005448186590802604,0.0005587883682874465,0.00010346661195036811,0.0002086591811783638,0.00020915064041301942,0.00019657474010139418
CVCL_1055,0,"[('AZD-7648', 0.05, 'uM')]",40,17.473369230798784,0.00035084370850809067,0.000727895800566569,0.0007465597954528912,0.00013342593330896272,0.00019150662693049488,0.00020914557159864967,0.00017688666518670884
CVCL_1055,0,"[('AZD-8055', 0.05, 'uM')]",40,17.473369230798784,0.0004512235074470684,0.0007541221426978874,0.0007734586078952693,0.00013894846013001356,0.0003328855088437552,0.0003003565623405916,0.0002983478197199253
CVCL_1055,0,"[('AZD1390', 0.05, 'uM')]",40,17.473369230798784,0.0003166559333458227,0.000611004521289883,0.0006266713038870594,0.00010469018079329012,0.0001769134704500043,0.00016834276390184622,0.00016728510722248863
CVCL_1055,0,"[('AZD2858', 0.05, 'uM')]",40,17.473369230798784,0.0003756859045340839,0.0006321088707110693,0.0006483167904728916,0.0001104217352242047,0.000222959013257881,0.00018906180759746817,0.00018286107755394526
CVCL_1055,0,"[('Adagrasib', 0.05, 'uM')]",40,17.473369230798784,0.00033220168687643286,0.0005771121000121438,0.0005919098461663009,5.6654676021617134e-05,0.0001033550483684363,8.817362973685919e-05,0.00010437899185392672
CVCL_1055,0,"[('Afatinib', 0.05, 'uM')]",40,17.473369230798784,0.0005044768709377166,0.0007887998169404113,0.000809025453272217,0.00010380008407866692,0.0002661172324775849,0.0002331539092967985,0.00024569804357715423
CVCL_1055,0,"[('Alpelisib', 0.05, 'uM')]",40,17.473369230798784,0.0003754543790090026,0.000745232211203761,0.000764340729439755,0.00011667239697718315,0.00022700663346055926,0.00019901533281387358,0.0002220566868520395
CVCL_1055,0,"[('Anastrozole', 0.05, 'uM')]",40,17.473369230798784,0.0003125746530416061,0.0006523201305562693,0.0006690462877500197,0.00011496451736446393,0.00015983600793198098,0.00017106956917293842,0.00013850692818021188
CVCL_1055,0,"[('BAY1125976', 0.05, 'uM')]",40,17.473369230798784,0.0003902854966194721,0.00067470957243586,0.0006920098178829333,0.00010781052818019024,0.00018730104788776316,0.00015202237898205996,0.00014666377532016858
CVCL_1055,0,"[('BI-3406', 0.05, 'uM')]",40,17.473369230798784,0.0004511143762660974,0.0007811835038441691,0.0008012138500965835,0.00011648903355920095,0.00021682210335831293,0.00018898739247042936,0.00020923904282516448
CVCL_1055,0,"[('BI-78D3', 0.05, 'uM')]",40,17.473369230798784,0.0004151155184622058,0.0007219976104865885,0.0007405103697298342,0.00011093853934656382,0.00022679186917901772,0.00018818442462435202,0.00021062968912939989
CVCL_1055,0,"[('Belumosudil (mesylate)', 0.05, 'uM')]",40,17.473369230798784,0.000475302112530099,0.0008210081104070088,0.0008420596004174443,0.00012360647338437774,0.0005154574918123452,0.00046930636802194946,0.0005104441950448711
CVCL_1055,0,"[('Belzutifan', 0.05, 'uM')]",38,16.956135323255495,0.0022740324268234,0.0037611477599046143,0.0038628004020641975,0.0001819597266408738,0.003225929623271018,0.0032928256696299857,0.003654378395831235
CVCL_1055,0,"[('Bentamapimod', 0.05, 'uM')]",40,17.473369230798784,0.000486324856661735,0.0008331990321455157,0.0008545631098928365,0.00014774276432447225,0.00029786716227016096,0.00021789405145086372,0.00025106117237590263
CVCL_1055,0,"[('Bimiralisib', 0.05, 'uM')]",40,17.473369230798784,0.0005843607812535889,0.0008702735347491596,0.0008925882407683685,0.00018551151614127888,0.00041249090050490535,0.00035845303500548186,0.00033175527709118966
CVCL_1055,0,"[('Binimetinib', 0.05, 'uM')]",40,17.473369230798784,0.0009308802466474522,0.00128418348264177,0.0013171112642479685,0.0003341556974472362,0.000643783600421737,0.0005825579115527799,0.0005327910292505393
CVCL_1055,0,"[('Bortezomib', 0.05, 'uM')]",40,17.473369230798784,0.0031646143671084344,0.003829846277492991,0.003928047464095374,0.0019185777176907253,0.0024401088235160083,0.0036512942921047868,0.0020479584056141364
CVCL_1055,0,"[('Brivudine', 0.05, 'uM')]",40,17.473369230798784,0.00038468750833953153,0.0006971869385977038,0.0007150635267668755,0.00010025689410789517,0.00026289668769964976,0.00024148868075991837,0.00024538587806917004
CVCL_1055,0,"[('CP21R7', 0.05, 'uM')]",40,17.473369230798784,0.0003367220557048051,0.0006571438477860185,0.0006739936900369419,8.739340534077067e-05,0.00020428416497748463,0.00019880011743092068,0.0001986123976321645
CVCL_1055,0,"[('Capivasertib', 0.05, 'uM')]",40,17.473369230798784,0.00033920312618622434,0.0006380590656362215,0.0006544195544986884,9.698603106791527e-05,0.0002097746630509496,0.00019637058869141397,0.00019140446175594484
CVCL_1055,0,"[('Capmatinib', 0.05, 'uM')]",40,17.473369230798784,0.0004767895672327648,0.0008261651792788218,0.0008473489018244321,9.112261931676633e-05,0.00044150895453259735,0.0004265588969907663,0.0004364146849222097
CVCL_1055,0,"[('Celecoxib', 0.05, 'uM')]",40,17.473369230798784,0.0003596135416399919,0.0008238191536383252,0.0008449427216803331,0.00012357531853739777,0.00022430565921696343,0.00023334762356721215,0.0001963968515376268
CVCL_1055,0,"[('DT-061', 0.05, 'uM')]",40,17.473369230798784,0.00036983481576016806,0.0008664082487978874,0.0008886238449209098,0.00010328916990320361,0.0002493395507281359,0.00021980460010011566,0.00022901615671958047
CVCL_1055,0,"[('Dabrafenib', 0.05, 'uM')]",40,17.473369230798784,0.0004350921864714913,0.0008363979238772279,0.0008578440244894645,0.00012226055128616286,0.00025756887891760705,0.00026106413899146177,0.00023382667999612033
CVCL_1055,0,"[('ERK5-IN-2', 0.05, 'uM')]",40,17.473369230798784,0.00040638059637954993,0.0007156906538550634,0.0007340416962616032,0.0001372934785489105,0.00023903912818041103,0.00022215252638510872,0.00022956079114389567
CVCL_1055,0,"[('ETC-206', 0.05, 'uM')]",40,17.473369230798784,0.00028242280321986486,0.0005114997332585796,0.0005246151110344406,8.438347537888577e-05,0.0001584869933627603,0.00015328058894901125,0.00014372500555347002
CVCL_1055,0,"[('EX229', 0.05, 'uM')]",40,17.473369230798784,0.0006805299911789654,0.0011968806502169831,0.001227569897658444,0.00020699653570243988,0.000438207786739414,0.00045057710955732325,0.00041055223104242674
CVCL_1055,0,"[('Elimusertib hydrochloride', 0.05, 'uM')]",40,17.473369230798784,0.001280809945467632,0.0017240025352218806,0.0017682077284326973,0.00040393653359951026,0.0011361548667824487,0.001188368252809978,0.0011018392257163912
CVCL_1055,0,"[('Encorafenib', 0.05, 'uM')]",40,17.473369230798784,0.0003596301003652448,0.0005951986323412642,0.0006104601357346297,0.00010695091107392255,0.00019575533618546658,0.00017772379614299907,0.00017351527981271104
CVCL_1055,0,"[('Erdafitinib ', 0.05, 'uM')]",40,17.473369230798784,0.000373216634299098,0.0006312861826066775,0.0006474730078017204,0.00010056885492391598,0.00022536044415382233,0.00021314421571076326,0.0002151660161908383
CVCL_1055,0,"[('Everolimus', 0.05, 'uM')]",40,17.473369230798784,0.0003787155528883221,0.0006148716598814358,0.0006306375998783954,8.555540191604406e-05,0.00022033416468834923,0.00019392051400880634,0.00020118625781217445
CVCL_1055,0,"[('Futibatinib', 0.05, 'uM')]",40,17.473369230798784,0.0003665329844527019,0.000677911747110035,0.0006952940996000355,0.00016581829618709504,0.00023995539032711316,0.00029722972556709505,0.0002226277110218514
CVCL_1055,0,"[('GSK1059615', 0.05, 'uM')]",40,17.473369230798784,0.0004392148807896503,0.0007064932220470128,0.0007246084328687308,0.00013043739830738866,0.00023977465444632306,0.00016092941835284586,0.00017876836954341214
CVCL_1055,0,"[('Gemcitabine', 0.05, 'uM')]",40,17.473369230798784,0.0004310490486859913,0.0006310574100026351,0.0006472383692334718,0.00012593130081900157,0.00029490408054541275,0.00025939000198480975,0.0002553367883716039
CVCL_1055,0,"[('HI-TOPK-032', 0.05, 'uM')]",40,17.473369230798784,0.0005326946936807794,0.0009730067025195668,0.0009979555923277602,0.00017011688465059393,0.0003518046905526938,0.0003778076621374775,0.00033863752598596944
CVCL_1055,0,"[('Hydroxyfasudil', 0.05, 'uM')]",37,16.801402776165155,0.002578162378334326,0.003122972901135944,0.0032097221483897197,0.00026713877612635995,0.0032224871384300097,0.003312350760639208,0.003119268566703358
CVCL_1055,0,"[('IQ 1', 0.05, 'uM')]",40,17.473369230798784,0.00035899523659441,0.0006159940210593405,0.0006317887395480413,0.00012524004937724552,0.0002000423984374311,0.0001975293184561869,0.00017954761629796392
CVCL_1055,0,"[('Infigratinib', 0.05, 'uM')]",40,17.473369230798784,0.00042686473763306216,0.000658705410528832,0.0006755952928500839,0.00017774588150909075,0.0003153537090018692,0.0002810388885110581,0.00027512639571439744
CVCL_1055,0,"[('Ipatasertib', 0.05, 'uM')]",40,17.473369230798784,0.0004996267323089509,0.0008554291212761411,0.0008773632013088624,0.00014450431227886265,0.00027897095675215886,0.0002531757389457797,0.00024153054014669118
CVCL_1055,0,"[('Irinotecan', 0.05, 'uM')]",40,17.473369230798784,0.0003524034735421058,0.0005880719422554889,0.0006031507100056295,0.00010012086684553144,0.00017896214498273677,0.0001540802895483724,0.00015066705829973779
CVCL_1055,0,"[('Ixazomib', 0.05, 'uM')]",40,17.473369230798784,0.0005325466990704493,0.0009662350201943842,0.0009910102771224455,0.00011885551103695654,0.0002765872531423934,0.0002685123047083435,0.000286590813916898
CVCL_1055,0,"[('LB-100', 0.05, 'uM')]",40,17.473369230798784,0.0002727519160389996,0.0005138278262974011,0.000527002898766565,0.0001005678457088559,0.00016327074332930281,0.00015886236833229529,0.00015035127323212894
CVCL_1055,0,"[('LJI308', 0.05, 'uM')]",40,17.473369230798784,0.0006940016458968061,0.0009738616308921793,0.0009988324419406961,0.00027573732221021117,0.0005655540855964336,0.0005996902097372732,0.0005130505270487086
CVCL_1055,0,"[('LY-2584702 (tosylate salt)', 0.05, 'uM')]",40,17.473369230798784,0.00039572485496500203,0.0007559159120947833,0.0007752983713792648,0.00011760321887630916,0.00025865963512558586,0.00025743387038682544,0.00026413212212864144
CVCL_1055,0,"[('LY2090314', 0.05, 'uM')]",40,17.473369230798784,0.00034770216799805934,0.0007509248345779281,0.0007701793175158236,0.00010544546082662686,0.0001726413196780514,0.00016013632746440402,0.00015292048848664585
CVCL_1055,0,"[('Lapatinib ditosylate', 0.05, 'uM')]",40,17.473369230798784,0.00033657627224935874,0.0006011477137202553,0.0006165617576618004,8.129319797001042e-05,0.00019995176361409684,0.00017426981162077626,0.000184275379595572
CVCL_1055,0,"[('Lonafarnib', 0.05, 'uM')]",40,17.473369230798784,0.00035489261412571143,0.0006572160822201744,0.0006740677766360761,0.00012394780361547043,0.0002078045239172518,0.0001902939063073061,0.00017709979271374616
CVCL_1055,0,"[('MK-3903', 0.05, 'uM')]",40,17.473369230798784,0.00046525978398033436,0.0007951051840540442,0.0008154924964656862,0.00014194163742786527,0.00022078055348325013,0.00018726764279564242,0.00017973332343738105
CVCL_1055,0,"[('MK-8353', 0.05, 'uM')]",40,17.473369230798784,0.0003474094004443645,0.0006407639167615547,0.0006571937607810819,0.00010896979368467016,0.00019421641602064747,0.00014945659735406214,0.00017044782011052157
CVCL_1055,0,"[('ML264', 0.05, 'uM')]",40,17.473369230798784,0.0003717725920403711,0.0006553532299514216,0.0006721571589245353,0.00012701106749352808,0.00020456868625312664,0.00019969909280901914,0.00017995855022235357
CVCL_1055,0,"[('Minodronic acid', 0.05, 'uM')]",40,17.473369230798784,0.0003844204605382435,0.0008515010615818321,0.0008733344221352119,0.0001444575862503424,0.00022201828783335062,0.00022410591115416467,0.000185033684358479
CVCL_1055,0,"[('NG25', 0.05, 'uM')]",40,17.473369230798784,0.00043224328086386533,0.0007372582086812897,0.000756162265314143,0.00014168217794020794,0.0003406407708721658,0.0003570955750853532,0.00030439535692734554
CVCL_1055,0,"[('NVP-BHG712', 0.05, 'uM')]",40,17.473369230798784,0.0003762252594394053,0.0007433172866585931,0.0007623767042652233,0.00012272452571382165,0.00019993798951306631,0.00018888175753188594,0.000175004235260328
CVCL_1055,0,"[('OTS514', 0.05, 'uM')]",40,17.473369230798784,0.00042825369270319637,0.0007667970084956278,0.0007864584702519256,0.0002160148750626829,0.0002955318165981057,0.00033552165530317525,0.00024219035757883979
CVCL_1055,0,"[('Oleic acid', 0.05, 'uM')]",40,17.473369230798784,0.0003276959896483751,0.0007682682601869674,0.0007879674463456074,0.00012782419925010374,0.00017472160258430762,0.0001536241978646985,0.00015129174112289814
CVCL_1055,0,"[('Oxaliplatin', 0.05, 'uM')]",40,17.473369230798784,0.00041281154517969947,0.0006905357748093606,0.0007082418203172927,0.0001518662285202292,0.00031787879790387243,0.00033939168872017554,0.0002850636551211783
CVCL_1055,0,"[('PF-06260933', 0.05, 'uM')]",24,10.123350470106633,0.020501924580118895,0.02074465420267207,0.02164659568974477,0.001039290810725609,0.019185197292101115,0.01806793698320052,0.019902939025451254
CVCL_1055,0,"[('PH-797804', 0.05, 'uM')]",40,17.473369230798784,0.0003488498354972419,0.0007084172248229356,0.0007265817690491646,9.390990329344678e-05,0.00017646951484172772,0.00015024600099917924,0.00015288850984294673
CVCL_1055,0,"[('Paclitaxel', 0.05, 'uM')]",40,17.473369230798784,0.00036477909220169026,0.000593292974432847,0.0006085056148029197,0.0001422488530665049,0.00021369771053716407,0.0002469156159882244,0.0001739765679279917
CVCL_1055,0,"[('Pemigatinib', 0.05, 'uM')]",40,17.473369230798784,0.0004148312941567968,0.0008057024429016118,0.0008263614798990884,0.00013922873930691322,0.00033117924450496827,0.00034105866157477195,0.0002953832045711853
CVCL_1055,0,"[('Pimitespib', 0.05, 'uM')]",40,17.473369230798784,0.00044403832652109007,0.0006806669769608299,0.0006981199763700819,0.00011077855318467052,0.00021072769912656484,0.00016571158502724835,0.00019116551812537496
CVCL_1055,0,"[('Pralsetinib', 0.05, 'uM')]",40,17.473369230798784,0.00046077345533754316,0.0007641524480773787,0.0007837461005921833,0.00010722868081982337,0.00034214571967850025,0.0003304100121166831,0.0002890873282472851
CVCL_1055,0,"[('RMC-6236', 0.05, 'uM')]",40,17.473369230798784,0.00045713397064110615,0.0008467118459498299,0.0008684224061023893,0.00016691473248867648,0.0003877001840823246,0.00041152285436063795,0.0003668639161285957
CVCL_1055,0,"[('Regorafenib', 0.05, 'uM')]",40,17.473369230798784,0.0003516481379795794,0.000674402751906412,0.0006916951301604222,0.000109370949361592,0.00015992423419796076,0.0001384453380388622,0.00015272645760313185
CVCL_1055,0,"[('SBI-0640756', 0.05, 'uM')]",40,17.473369230798784,0.00040624894728469584,0.0006502417607171347,0.0006669146263765483,9.319396912140146e-05,0.00019896313325248527,0.0002062879448830791,0.0001846013636835148
CVCL_1055,0,"[('Sapanisertib', 0.05, 'uM')]",40,17.473369230798784,0.0005454033177486301,0.0008686019153417255,0.0008908737593248464,0.00020458244505756868,0.000701472002986729,0.0007583268258139455,0.0006128838863413133
CVCL_1055,0,"[('Sonidegib', 0.05, 'uM')]",39,17.408968696955398,0.005110914063110907,0.008138649707980101,0.00835282470029537,0.0005654585859744081,0.011057126483715863,0.01124689482932185,0.011918150293390037
CVCL_1055,0,"[('TAK-733', 0.05, 'uM')]",40,17.473369230798784,0.00044703228976435567,0.0007247583547322606,0.0007433419022894979,0.0001414244826547228,0.00025208958025729826,0.0002359170730969697,0.00022923398002696542
CVCL_1055,0,"[('TAK-901', 0.05, 'uM')]",40,17.473369230798784,0.0009789160904148623,0.0013366862168018377,0.001370960222360859,0.00025652091894133713,0.000512131960895394,0.00047479852184517007,0.0004834233289092386
CVCL_1055,0,"[('Temuterkib', 0.05, 'uM')]",40,17.473369230798784,0.00036116419077977867,0.0006438693685990367,0.0006603788395887552,0.00013112652762233665,0.00019649058198219053,0.00021218034862371788,0.00018452917220727495
CVCL_1055,0,"[('Tomivosertib', 0.05, 'uM')]",40,17.473369230798784,0.0004322392526440925,0.0007043462917282618,0.0007224064530546272,0.00014100634530963174,0.00025251454257710907,0.00021546687928222577,0.00020795083526141877
CVCL_1055,0,"[('Torkinib', 0.05, 'uM')]",40,17.473369230798784,0.00038802970255532546,0.000704265648773496,0.0007223237423317906,0.00013301885101115965,0.00021256495650706598,0.00018252665126888745,0.0001814124833216937
CVCL_1055,0,"[('Trametinib', 0.05, 'uM')]",40,17.473369230798784,0.000536312541772473,0.0009006851864570384,0.0009237796784174754,0.0001941854740863913,0.00041299237515416765,0.0003862121998095337,0.0003800609116051026
CVCL_1055,0,"[('Tubulin inhibitor 6', 0.05, 'uM')]",40,17.473369230798784,0.00031207160068932643,0.0006781232976343287,0.0006955110744967473,9.483553440785426e-05,0.00017509396238628094,0.00014734686851838264,0.00014380060145733963
CVCL_1055,0,"[('Tucatinib', 0.05, 'uM')]",40,17.473369230798784,0.000363638960279666,0.0006587438474340147,0.0006756347153169382,0.0001091551895375355,0.00019144827906984543,0.00017749589882883027,0.00016638563746143657
CVCL_1055,0,"[('ULK-101', 0.05, 'uM')]",40,17.473369230798784,0.0005616096058433603,0.0008973528211151648,0.0009203618678104254,0.0001833097721446727,0.00033945881845523864,0.0002621015626086359,0.0002616240691697478
CVCL_1055,0,"[('Vemurafenib', 0.05, 'uM')]",40,17.473369230798784,0.0003520686600401285,0.0006220477220871789,0.0006379976636791577,0.0001029752036048056,0.00015998045499589564,0.000161219478038079,0.00014601179583947384
CVCL_1055,0,"[('Volasertib', 0.05, 'uM')]",40,17.473369230798784,0.0003337508438723703,0.0006184366076093191,0.0006342939565223783,9.656886923677686e-05,0.00014344530970312756,0.00013135623927660372,0.00014266837654185044
CVCL_1055,0,"[('XRK3F2', 0.05, 'uM')]",40,17.473369230798784,0.00038921699042872017,0.0006387022244907174,0.0006550792046058639,0.00011122073149054771,0.0003034652216496219,0.0002574212973063523,0.0002732741944909335
CVCL_1055,0,"[('c-Kit-IN-1', 0.05, 'uM')]",17,8.286641650692644,0.015367459884948365,0.012618071011455106,0.013406700449671053,0.0011793264745031582,0.026800867595520778,0.025942137945441986,0.028400124142912483
CVCL_1055,0,"[('olaparib', 0.05, 'uM')]",32,14.816815136306035,0.026167369159084033,0.0249488948455848,0.025753697905119798,0.0008917493713550142,0.04005985909900423,0.03866740841560924,0.04121265651477326
CVCL_1055,0,"[('palbociclib', 0.05, 'uM')]",40,17.473369230798784,0.00047831647712594694,0.0008476996996902567,0.0008694355894259041,0.000148567535055647,0.000276890596312038,0.00027009270961749203,0.0002873664902422799
CVCL_1055,0,"[('venetoclax', 0.05, 'uM')]",40,17.473369230798784,0.000733309360020296,0.000990737299667327,0.001016140820171617,0.0002684286652787493,0.0006473926889650897,0.0006085942682478898,0.0005733437833627579
CVCL_1055,0,"[('vincristine', 0.05, 'uM')]",40,17.473369230798784,0.0005339734040207603,0.0010632808107959915,0.0010905444213292217,0.00014742677268435894,0.0008512120643698324,0.000813541595309817,0.0007794727420181351
CVCL_1098,0,"[('4EGI-1', 0.05, 'uM')]",40,31.563667392023348,0.0007439395042798182,0.0007388607858606055,0.0007578059342160057,8.740858039260812e-05,0.0004966484986134949,0.0005091047022406836,0.0004933948472054115
CVCL_1098,0,"[('9-ING-41', 0.05, 'uM')]",40,31.563667392023348,0.0010649596029823462,0.0010291597824828131,0.0010555484948541673,0.0001119507442466316,0.0004636848588426619,0.0004979855722102691,0.0004626020559611349
CVCL_1098,0,"[('APTO-253', 0.05, 'uM')]",40,31.563667392023348,0.0006496996457493079,0.0006139420835750434,0.0006296841882820956,0.00013372228843355226,0.000517844077824529,0.0005740862782640026,0.0005220036088350437
CVCL_1098,0,"[('AT7519', 0.05, 'uM')]",40,31.563667392023348,0.0005858978583617508,0.0005448186590802604,0.0005587883682874465,0.00010346661195036811,0.00044412099325979185,0.0005205258451700743,0.000442800431437473
CVCL_1098,0,"[('AZD-7648', 0.05, 'uM')]",40,31.563667392023348,0.000771956419420053,0.000727895800566569,0.0007465597954528912,0.00013342593330896272,0.0005158559743508809,0.0005977985992349624,0.000518411879990199
CVCL_1098,0,"[('AZD-8055', 0.05, 'uM')]",40,31.563667392023348,0.000801138418827916,0.0007541221426978874,0.0007734586078952693,0.00013894846013001356,0.0006913073608061141,0.0007196505494315823,0.0006870652417033451
CVCL_1098,0,"[('AZD1390', 0.05, 'uM')]",40,31.563667392023348,0.0006418839266579107,0.000611004521289883,0.0006266713038870594,0.00010469018079329012,0.0005170898758981621,0.0006044815900248796,0.0005207751371420331
CVCL_1098,0,"[('AZD2858', 0.05, 'uM')]",40,31.563667392023348,0.0006608656997489135,0.0006321088707110693,0.0006483167904728916,0.0001104217352242047,0.0007772765526360364,0.0008806379985736392,0.0007735728024892143
CVCL_1098,0,"[('Adagrasib', 0.05, 'uM')]",40,31.563667392023348,0.0006194282434262674,0.0005771121000121438,0.0005919098461663009,5.6654676021617134e-05,0.0003211411991683061,0.00034118871206970087,0.0003243100230402232
CVCL_1098,0,"[('Afatinib', 0.05, 'uM')]",40,31.563667392023348,0.0008176116120829373,0.0007887998169404113,0.000809025453272217,0.00010380008407866692,0.0006946087091051418,0.0006800046469676119,0.0006844342855647071
CVCL_1098,0,"[('Alpelisib', 0.05, 'uM')]",40,31.563667392023348,0.0007863832417411499,0.000745232211203761,0.000764340729439755,0.00011667239697718315,0.0006648185746308138,0.0007569496815782662,0.0006646738474584847
CVCL_1098,0,"[('Anastrozole', 0.05, 'uM')]",40,31.563667392023348,0.0006887964321365519,0.0006523201305562693,0.0006690462877500197,0.00011496451736446393,0.0005111199873344728,0.0006065237408133087,0.0005137857924744886
CVCL_1098,0,"[('BAY1125976', 0.05, 'uM')]",40,31.563667392023348,0.0007070649310494867,0.00067470957243586,0.0006920098178829333,0.00010781052818019024,0.0006391830679035694,0.000678754337270098,0.0006359332666869271
CVCL_1098,0,"[('BI-3406', 0.05, 'uM')]",40,31.563667392023348,0.0007981433910177355,0.0007811835038441691,0.0008012138500965835,0.00011648903355920095,0.0006571902506379138,0.000705619407147725,0.000652447232295676
CVCL_1098,0,"[('BI-78D3', 0.05, 'uM')]",40,31.563667392023348,0.0007181037055696591,0.0007219976104865885,0.0007405103697298342,0.00011093853934656382,0.0005688376400901916,0.0006014465442615393,0.0005660583225797263
CVCL_1098,0,"[('Belumosudil (mesylate)', 0.05, 'uM')]",40,31.563667392023348,0.0008410250619610281,0.0008210081104070088,0.0008420596004174443,0.00012360647338437774,0.0006029410655784578,0.0005759191246298825,0.0005961959071865113
CVCL_1098,0,"[('Belzutifan', 0.05, 'uM')]",38,29.76632992406732,0.003059771714289437,0.0037611477599046143,0.0038628004020641975,0.0001819597266408738,0.0034555505706284754,0.003451386216947117,0.00344798934537632
CVCL_1098,0,"[('Bentamapimod', 0.05, 'uM')]",40,31.563667392023348,0.000862348479655751,0.0008331990321455157,0.0008545631098928365,0.00014774276432447225,0.000560584452183236,0.0005911685411093626,0.0005569657756198915
CVCL_1098,0,"[('Bimiralisib', 0.05, 'uM')]",40,31.563667392023348,0.0009326002390334981,0.0008702735347491596,0.0008925882407683685,0.00018551151614127888,0.0009653589955463633,0.001101820724144596,0.000954342960145745
CVCL_1098,0,"[('Binimetinib', 0.05, 'uM')]",40,31.563667392023348,0.0013980827724634824,0.00128418348264177,0.0013171112642479685,0.0003341556974472362,0.0018883569386065316,0.002241541193235333,0.0018729688171224077
CVCL_1098,0,"[('Bortezomib', 0.05, 'uM')]",40,31.563667392023348,0.0038390020716759623,0.003829846277492991,0.003928047464095374,0.0019185777176907253,0.00601108498537754,0.00785554807346316,0.0059208900509674115
CVCL_1098,0,"[('Brivudine', 0.05, 'uM')]",40,31.563667392023348,0.0007365238135951541,0.0006971869385977038,0.0007150635267668755,0.00010025689410789517,0.0006029317554207869,0.0006510984587738446,0.0006006088524038341
CVCL_1098,0,"[('CP21R7', 0.05, 'uM')]",40,31.563667392023348,0.0006720818789350214,0.0006571438477860185,0.0006739936900369419,8.739340534077067e-05,0.0005333210129832293,0.0005667130317043445,0.0005336859398660076
CVCL_1098,0,"[('Capivasertib', 0.05, 'uM')]",40,31.563667392023348,0.0006661929743676904,0.0006380590656362215,0.0006544195544986884,9.698603106791527e-05,0.0006250633029303394,0.0006691648689779793,0.0006245871194807917
CVCL_1098,0,"[('Capmatinib', 0.05, 'uM')]",40,31.563667392023348,0.0008552192353476207,0.0008261651792788218,0.0008473489018244321,9.112261931676633e-05,0.0006082971257863378,0.0006331345716985669,0.0006003736078780957
CVCL_1098,0,"[('Celecoxib', 0.05, 'uM')]",40,31.563667392023348,0.0008768650666394984,0.0008238191536383252,0.0008449427216803331,0.00012357531853739777,0.0004719480393688965,0.0005203310228680114,0.00047501820050418694
CVCL_1098,0,"[('DT-061', 0.05, 'uM')]",40,31.563667392023348,0.0009020650189807402,0.0008664082487978874,0.0008886238449209098,0.00010328916990320361,0.0005575514675020539,0.0005775651760593565,0.0005590369798893013
CVCL_1098,0,"[('DTP3', 0.05, 'uM')]",24,20.681076685234334,0.017443685566928248,0.016909098877861167,0.017644277089942085,0.0007324028538345895,0.02881854054780456,0.028135483380290753,0.028757272870102164
CVCL_1098,0,"[('Dabrafenib', 0.05, 'uM')]",40,31.563667392023348,0.0008870712686984191,0.0008363979238772279,0.0008578440244894645,0.00012226055128616286,0.0008091859773856845,0.0009408922210621356,0.0008184387266031106
CVCL_1098,0,"[('ERK5-IN-2', 0.05, 'uM')]",40,31.563667392023348,0.0007078263856902543,0.0007156906538550634,0.0007340416962616032,0.0001372934785489105,0.0006448689162859603,0.0007210293338495991,0.0006405826225547508
CVCL_1098,0,"[('ETC-206', 0.05, 'uM')]",40,31.563667392023348,0.000535600005182239,0.0005114997332585796,0.0005246151110344406,8.438347537888577e-05,0.0005698601545505543,0.0006199801735030649,0.0005702325109951772
CVCL_1098,0,"[('EX229', 0.05, 'uM')]",40,31.563667392023348,0.0012370602225113758,0.0011968806502169831,0.001227569897658444,0.00020699653570243988,0.0008196961862119316,0.0008481182750117527,0.0008153446618684533
CVCL_1098,0,"[('Elimusertib hydrochloride', 0.05, 'uM')]",40,31.563667392023348,0.0018336179761983388,0.0017240025352218806,0.0017682077284326973,0.00040393653359951026,0.003332340302578519,0.003969342065440817,0.00332895059628655
CVCL_1098,0,"[('Encorafenib', 0.05, 'uM')]",40,31.563667392023348,0.0006275560238499973,0.0005951986323412642,0.0006104601357346297,0.00010695091107392255,0.0006384972828029913,0.0007112769842879798,0.0006382475126013827
CVCL_1098,0,"[('Erdafitinib ', 0.05, 'uM')]",40,31.563667392023348,0.0006367857878875398,0.0006312861826066775,0.0006474730078017204,0.00010056885492391598,0.0005114754410404074,0.0005559436025129245,0.0005072880042989422
CVCL_1098,0,"[('Everolimus', 0.05, 'uM')]",40,31.563667392023348,0.0006271773097392253,0.0006148716598814358,0.0006306375998783954,8.555540191604406e-05,0.000543148522580304,0.0005410032954425079,0.0005361311603420361
CVCL_1098,0,"[('Futibatinib', 0.05, 'uM')]",40,31.563667392023348,0.0007157628870208285,0.000677911747110035,0.0006952940996000355,0.00016581829618709504,0.0007325368718146791,0.000817494129539268,0.0007326057285730721
CVCL_1098,0,"[('GSK1059615', 0.05, 'uM')]",40,31.563667392023348,0.0007468770177661746,0.0007064932220470128,0.0007246084328687308,0.00013043739830738866,0.0007920503118135195,0.0008354079581915112,0.0007853256037686028
CVCL_1098,0,"[('Gemcitabine', 0.05, 'uM')]",40,31.563667392023348,0.0006708172413879898,0.0006310574100026351,0.0006472383692334718,0.00012593130081900157,0.0006579608232147589,0.000700605596811116,0.0006513117958846872
CVCL_1098,0,"[('HI-TOPK-032', 0.05, 'uM')]",40,31.563667392023348,0.0009564913679489155,0.0009730067025195668,0.0009979555923277602,0.00017011688465059393,0.000809713534070561,0.000890491788094746,0.0008131999458141927
CVCL_1098,0,"[('Hydroxyfasudil', 0.05, 'uM')]",37,29.615218195606655,0.00344350147742336,0.003122972901135944,0.0032097221483897197,0.00026713877612635995,0.002568733747670967,0.002868197812052681,0.002548847388040196
CVCL_1098,0,"[('IQ 1', 0.05, 'uM')]",40,31.563667392023348,0.0006377222584684265,0.0006159940210593405,0.0006317887395480413,0.00012524004937724552,0.0005729124155256763,0.0006508072948744373,0.0005722599489567288
CVCL_1098,0,"[('Infigratinib', 0.05, 'uM')]",40,31.563667392023348,0.0006948881721044872,0.000658705410528832,0.0006755952928500839,0.00017774588150909075,0.0010844190694498605,0.0012488427512647453,0.0010839869869242774
CVCL_1098,0,"[('Ipatasertib', 0.05, 'uM')]",40,31.563667392023348,0.0008838684822791558,0.0008554291212761411,0.0008773632013088624,0.00014450431227886265,0.0007461933145723273,0.000867988720307753,0.000739612309047643
CVCL_1098,0,"[('Irinotecan', 0.05, 'uM')]",40,31.563667392023348,0.0006038757456473132,0.0005880719422554889,0.0006031507100056295,0.00010012086684553144,0.0005136746896888019,0.0005346580101306295,0.0005097363918921483
CVCL_1098,0,"[('Ixazomib', 0.05, 'uM')]",40,31.563667392023348,0.000968535602759819,0.0009662350201943842,0.0009910102771224455,0.00011885551103695654,0.0006656798137837475,0.0006864836542968025,0.0006584640290718904
CVCL_1098,0,"[('LB-100', 0.05, 'uM')]",40,31.563667392023348,0.0005463900877987813,0.0005138278262974011,0.000527002898766565,0.0001005678457088559,0.0005191557365367954,0.0005742069794205425,0.0005213595871977858
CVCL_1098,0,"[('LJI308', 0.05, 'uM')]",40,31.563667392023348,0.0009891161020802372,0.0009738616308921793,0.0009988324419406961,0.00027573732221021117,0.001015811868425987,0.0011081670072628023,0.0009935346876688298
CVCL_1098,0,"[('LY-2584702 (tosylate salt)', 0.05, 'uM')]",40,31.563667392023348,0.000731258846951175,0.0007559159120947833,0.0007752983713792648,0.00011760321887630916,0.00045767114063134965,0.0004918044943567489,0.00045963283808945804
CVCL_1098,0,"[('LY2090314', 0.05, 'uM')]",40,31.563667392023348,0.0008115216842079818,0.0007509248345779281,0.0007701793175158236,0.00010544546082662686,0.00045135672389731273,0.00048642870212940476,0.00045134231310003735
CVCL_1098,0,"[('Lapatinib ditosylate', 0.05, 'uM')]",40,31.563667392023348,0.0006408631462801918,0.0006011477137202553,0.0006165617576618004,8.129319797001042e-05,0.0005890245364317138,0.0006346867691898028,0.0005853812180941797
CVCL_1098,0,"[('Lonafarnib', 0.05, 'uM')]",40,31.563667392023348,0.0007053643628237914,0.0006572160822201744,0.0006740677766360761,0.00012394780361547043,0.000546695573348306,0.0006261283055666142,0.0005503021991376255
CVCL_1098,0,"[('MK-3903', 0.05, 'uM')]",40,31.563667392023348,0.0008082486503555376,0.0007951051840540442,0.0008154924964656862,0.00014194163742786527,0.0006541583481632352,0.0007394966360008169,0.0006505648602818308
CVCL_1098,0,"[('MK-8353', 0.05, 'uM')]",40,31.563667392023348,0.0006771525393906458,0.0006407639167615547,0.0006571937607810819,0.00010896979368467016,0.0005595499715037464,0.0006078599732776161,0.0005604220136007132
CVCL_1098,0,"[('ML264', 0.05, 'uM')]",40,31.563667392023348,0.0006908380666120495,0.0006553532299514216,0.0006721571589245353,0.00012701106749352808,0.0006114735243044174,0.0006622629423767311,0.0006086783650803245
CVCL_1098,0,"[('Minodronic acid', 0.05, 'uM')]",40,31.563667392023348,0.0009274039675398036,0.0008515010615818321,0.0008733344221352119,0.0001444575862503424,0.0005788030117813017,0.00069519869022611,0.0005833915097245988
CVCL_1098,0,"[('NG25', 0.05, 'uM')]",40,31.563667392023348,0.000769909561537101,0.0007372582086812897,0.000756162265314143,0.00014168217794020794,0.0007781707256632635,0.0008864207616165199,0.000777058594899605
CVCL_1098,0,"[('NVP-BHG712', 0.05, 'uM')]",40,31.563667392023348,0.0007836642210033134,0.0007433172866585931,0.0007623767042652233,0.00012272452571382165,0.0005486650166403373,0.0006149650474222665,0.0005489006710598799
CVCL_1098,0,"[('OTS514', 0.05, 'uM')]",40,31.563667392023348,0.0008086277730681281,0.0007667970084956278,0.0007864584702519256,0.0002160148750626829,0.000805644648306233,0.001054200785665682,0.0008053463869763753
CVCL_1098,0,"[('Oleic acid', 0.05, 'uM')]",40,31.563667392023348,0.0008390760363332129,0.0007682682601869674,0.0007879674463456074,0.00012782419925010374,0.0005593009067429817,0.0006572651001859109,0.0005635800553623323
CVCL_1098,0,"[('Oxaliplatin', 0.05, 'uM')]",40,31.563667392023348,0.0007380664034795928,0.0006905357748093606,0.0007082418203172927,0.0001518662285202292,0.0005517983393755219,0.0006457996301100228,0.000549031255708868
CVCL_1098,0,"[('PF-06260933', 0.05, 'uM')]",24,19.45406660281657,0.02146380794098797,0.02074465420267207,0.02164659568974477,0.001039290810725609,0.033406401760826064,0.03200488111030788,0.03362744484807271
CVCL_1098,0,"[('PH-797804', 0.05, 'uM')]",40,31.563667392023348,0.0007670835852647986,0.0007084172248229356,0.0007265817690491646,9.390990329344678e-05,0.0006557632969341074,0.0007247169968743268,0.0006595253300216304
CVCL_1098,0,"[('Paclitaxel', 0.05, 'uM')]",40,31.563667392023348,0.0006278011712947259,0.000593292974432847,0.0006085056148029197,0.0001422488530665049,0.000592168013659235,0.0006866912348968428,0.0005889073686487795
CVCL_1098,0,"[('Pemigatinib', 0.05, 'uM')]",40,31.563667392023348,0.000842612125370747,0.0008057024429016118,0.0008263614798990884,0.00013922873930691322,0.0005704411241170495,0.000646215474228857,0.0005692554682594571
CVCL_1098,0,"[('Pimitespib', 0.05, 'uM')]",40,31.563667392023348,0.0006974163244854817,0.0006806669769608299,0.0006981199763700819,0.00011077855318467052,0.0009925375416941981,0.00109277633175462,0.0009929446217246196
CVCL_1098,0,"[('Pralsetinib', 0.05, 'uM')]",40,31.563667392023348,0.0008227615521195665,0.0007641524480773787,0.0007837461005921833,0.00010722868081982337,0.0007179892937638215,0.0007623977462520181,0.0007107780455471171
CVCL_1098,0,"[('RMC-6236', 0.05, 'uM')]",40,31.563667392023348,0.0009126729734894876,0.0008467118459498299,0.0008684224061023893,0.00016691473248867648,0.0006848426106394391,0.0007765640450867171,0.0006867087855404046
CVCL_1098,0,"[('Ralimetinib dimesylate', 0.05, 'uM')]",18,15.003962923550949,0.020460576062421635,0.01993914522014245,0.021112036115444946,0.0014067940728110728,0.04131469943403448,0.04055797184575063,0.0411602373982715
CVCL_1098,0,"[('Regorafenib', 0.05, 'uM')]",40,31.563667392023348,0.0006922037433437005,0.000674402751906412,0.0006916951301604222,0.000109370949361592,0.0005530379601900565,0.0005853726337008443,0.0005526053977472256
CVCL_1098,0,"[('SBI-0640756', 0.05, 'uM')]",40,31.563667392023348,0.0006526801847501847,0.0006502417607171347,0.0006669146263765483,9.319396912140146e-05,0.0005367904780644899,0.000533768819018833,0.0005305898565804935
CVCL_1098,0,"[('Sapanisertib', 0.05, 'uM')]",40,31.563667392023348,0.0008810022143443176,0.0008686019153417255,0.0008908737593248464,0.00020458244505756868,0.0009158644599633589,0.0010463119276830457,0.0009138392832887292
CVCL_1098,0,"[('Sonidegib', 0.05, 'uM')]",39,30.61298656789187,0.007291518888146383,0.008138649707980101,0.00835282470029537,0.0005654585859744081,0.005934102752202385,0.005921073687386162,0.005877676332518892
CVCL_1098,0,"[('TAK-733', 0.05, 'uM')]",40,31.563667392023348,0.0007562918676800665,0.0007247583547322606,0.0007433419022894979,0.0001414244826547228,0.0005624449461443691,0.000646208651764151,0.0005624040377738049
CVCL_1098,0,"[('TAK-901', 0.05, 'uM')]",40,31.563667392023348,0.0013330027925838887,0.0013366862168018377,0.001370960222360859,0.00025652091894133713,0.0008539594247801841,0.0009573606500200806,0.0008624864997335046
CVCL_1098,0,"[('Temuterkib', 0.05, 'uM')]",40,31.563667392023348,0.0006628538098523857,0.0006438693685990367,0.0006603788395887552,0.00013112652762233665,0.0008187612320210664,0.0009311366029664219,0.0008183592642381354
CVCL_1098,0,"[('Tomivosertib', 0.05, 'uM')]",40,31.563667392023348,0.0007309180869496466,0.0007043462917282618,0.0007224064530546272,0.00014100634530963174,0.0005976451662491507,0.0006390918597315318,0.0005919817283047459
CVCL_1098,0,"[('Torkinib', 0.05, 'uM')]",40,31.563667392023348,0.0007223770170685514,0.000704265648773496,0.0007223237423317906,0.00013301885101115965,0.000538428648447041,0.0006022987496189302,0.000539539948952141
CVCL_1098,0,"[('Trametinib', 0.05, 'uM')]",40,31.563667392023348,0.0009468911002299657,0.0009006851864570384,0.0009237796784174754,0.0001941854740863913,0.0010606055139687645,0.0012739598286945224,0.0010614862924996154
CVCL_1098,0,"[('Tubulin inhibitor 6', 0.05, 'uM')]",40,31.563667392023348,0.0007465090137378954,0.0006781232976343287,0.0006955110744967473,9.483553440785426e-05,0.0004904667450480593,0.0005637756633042597,0.0004943857865648453
CVCL_1098,0,"[('Tucatinib', 0.05, 'uM')]",40,31.563667392023348,0.0006924087922739762,0.0006587438474340147,0.0006756347153169382,0.0001091551895375355,0.000688112046313805,0.000765939735220573,0.0006865555923013452
CVCL_1098,0,"[('ULK-101', 0.05, 'uM')]",40,31.563667392023348,0.0009192205744233419,0.0008973528211151648,0.0009203618678104254,0.0001833097721446727,0.0009259473100917456,0.001074754023389073,0.0009193835577561443
CVCL_1098,0,"[('Vemurafenib', 0.05, 'uM')]",40,31.563667392023348,0.0006456401224601763,0.0006220477220871789,0.0006379976636791577,0.0001029752036048056,0.0004641536692258404,0.0004797026978986427,0.00046114508525450505
CVCL_1098,0,"[('Volasertib', 0.05, 'uM')]",40,31.563667392023348,0.0006364866219727171,0.0006184366076093191,0.0006342939565223783,9.656886923677686e-05,0.00047451186464970464,0.0004974360553536073,0.0004738300637898379
CVCL_1098,0,"[('XRK3F2', 0.05, 'uM')]",40,31.563667392023348,0.0006787487966190948,0.0006387022244907174,0.0006550792046058639,0.00011122073149054771,0.0006662078834011127,0.0007368106071929011,0.0006626824338988919
CVCL_1098,0,"[('c-Kit-IN-1', 0.05, 'uM')]",17,12.897335183783486,0.012480465056277387,0.012618071011455106,0.013406700449671053,0.0011793264745031582,0.03885026624287439,0.03786617401259188,0.0388906792449432
CVCL_1098,0,"[('olaparib', 0.05, 'uM')]",32,26.592494889512633,0.021519413947082688,0.0249488948455848,0.025753697905119798,0.0008917493713550142,0.01910449538496521,0.01862730388713328,0.019015936730745354
CVCL_1098,0,"[('palbociclib', 0.05, 'uM')]",40,31.563667392023348,0.0008218127253628792,0.0008476996996902567,0.0008694355894259041,0.000148567535055647,0.0008434680818740876,0.001030055417758591,0.0008431503442990454
CVCL_1098,0,"[('venetoclax', 0.05, 'uM')]",40,31.563667392023348,0.0010623386522048016,0.000990737299667327,0.001016140820171617,0.0002684286652787493,0.0010750045554719248,0.0011767445760553618,0.0010634189420885374
CVCL_1098,0,"[('vincristine', 0.05, 'uM')]",40,31.563667392023348,0.0011141408561866212,0.0010632808107959915,0.0010905444213292217,0.00014742677268435894,0.0006652607442408518,0.0007291858761439096,0.0006767183594769553
CVCL_1125,0,"[('4EGI-1', 0.05, 'uM')]",40,22.831991341155973,0.0011185560790983133,0.0007388607858606055,0.0007578059342160057,8.740858039260812e-05,0.0005652300952277101,0.0005814736991329005,0.0005781212942358163
CVCL_1125,0,"[('9-ING-41', 0.05, 'uM')]",40,22.831991341155973,0.0020070998279115987,0.0010291597824828131,0.0010555484948541673,0.0001119507442466316,0.00046332705665359645,0.00047243203168859365,0.0004983006087952728
CVCL_1125,0,"[('APTO-253', 0.05, 'uM')]",40,22.831991341155973,0.001036392376699542,0.0006139420835750434,0.0006296841882820956,0.00013372228843355226,0.0004783459067042821,0.000544745915393325,0.0004929421576093079
CVCL_1125,0,"[('AT7519', 0.05, 'uM')]",40,22.831991341155973,0.0008739203704172527,0.0005448186590802604,0.0005587883682874465,0.00010346661195036811,0.0005543606169445398,0.000635266045754647,0.0005650209298625957
CVCL_1125,0,"[('AZD-7648', 0.05, 'uM')]",40,22.831991341155973,0.0012923579515964772,0.000727895800566569,0.0007465597954528912,0.00013342593330896272,0.0005376791328589219,0.0005969706233871428,0.0005668930089311619
CVCL_1125,0,"[('AZD-8055', 0.05, 'uM')]",40,22.831991341155973,0.001126699464183182,0.0007541221426978874,0.0007734586078952693,0.00013894846013001356,0.0005965019804131151,0.0006553205270951922,0.0006014524197201661
CVCL_1125,0,"[('AZD1390', 0.05, 'uM')]",40,22.831991341155973,0.0010022746563085369,0.000611004521289883,0.0006266713038870594,0.00010469018079329012,0.000553708807167146,0.0005738005245116855,0.0005689435347270937
CVCL_1125,0,"[('AZD2858', 0.05, 'uM')]",40,22.831991341155973,0.0009248539427071079,0.0006321088707110693,0.0006483167904728916,0.0001104217352242047,0.0008034970629550082,0.0008825293130986942,0.0008116624370068964
CVCL_1125,0,"[('Adagrasib', 0.05, 'uM')]",40,22.831991341155973,0.000978678245993548,0.0005771121000121438,0.0005919098461663009,5.6654676021617134e-05,0.00041713208123672385,0.0004367031599265868,0.00044452222676562883
CVCL_1125,0,"[('Afatinib', 0.05, 'uM')]",40,22.831991341155973,0.0011244568884678835,0.0007887998169404113,0.000809025453272217,0.00010380008407866692,0.0010091515876371729,0.0010164911420262187,0.0010114694808539865
CVCL_1125,0,"[('Alpelisib', 0.05, 'uM')]",40,22.831991341155973,0.0012744870622459193,0.000745232211203761,0.000764340729439755,0.00011667239697718315,0.0010043282354536723,0.0011178377091829764,0.0010370855065490701
CVCL_1125,0,"[('Anastrozole', 0.05, 'uM')]",40,22.831991341155973,0.0011666737211049666,0.0006523201305562693,0.0006690462877500197,0.00011496451736446393,0.0005214913765823794,0.0005820801459719568,0.0005371524641237284
CVCL_1125,0,"[('BAY1125976', 0.05, 'uM')]",40,22.831991341155973,0.0010351686048968847,0.00067470957243586,0.0006920098178829333,0.00010781052818019024,0.0006425849719403397,0.0007198733770235658,0.0006517336506419068
CVCL_1125,0,"[('BI-3406', 0.05, 'uM')]",40,22.831991341155973,0.0011802403421932724,0.0007811835038441691,0.0008012138500965835,0.00011648903355920095,0.0008756865456154577,0.0009178836896767386,0.0008608751047030029
CVCL_1125,0,"[('BI-78D3', 0.05, 'uM')]",40,22.831991341155973,0.0010458743204547916,0.0007219976104865885,0.0007405103697298342,0.00011093853934656382,0.000793357371323842,0.0008448095117481719,0.0008121960018249117
CVCL_1125,0,"[('Belumosudil (mesylate)', 0.05, 'uM')]",40,22.831991341155973,0.0011742134249315358,0.0008210081104070088,0.0008420596004174443,0.00012360647338437774,0.0005959869839969663,0.0006586280929098068,0.000619386901812649
CVCL_1125,0,"[('Belzutifan', 0.05, 'uM')]",38,21.16839271009403,0.004352228142533819,0.0037611477599046143,0.0038628004020641975,0.0001819597266408738,0.0046703852151080884,0.004502892631871726,0.004726503933177602
CVCL_1125,0,"[('Bentamapimod', 0.05, 'uM')]",40,22.831991341155973,0.0012454712929571867,0.0008331990321455157,0.0008545631098928365,0.00014774276432447225,0.000755095010793788,0.0008087558992011261,0.0007703169021088695
CVCL_1125,0,"[('Bimiralisib', 0.05, 'uM')]",40,22.831991341155973,0.0011758805612918093,0.0008702735347491596,0.0008925882407683685,0.00018551151614127888,0.0009589691028991503,0.0010074696939585519,0.0009565823255248933
CVCL_1125,0,"[('Binimetinib', 0.05, 'uM')]",40,22.831991341155973,0.0016386117793326582,0.00128418348264177,0.0013171112642479685,0.0003341556974472362,0.0027922561962700964,0.00288712197580549,0.0027880255101820728
CVCL_1125,0,"[('Bortezomib', 0.05, 'uM')]",40,22.831991341155973,0.004065964188697246,0.003829846277492991,0.003928047464095374,0.0019185777176907253,0.00480699673621087,0.006049444615773732,0.004654325979387162
CVCL_1125,0,"[('Brivudine', 0.05, 'uM')]",40,22.831991341155973,0.001088446906247524,0.0006971869385977038,0.0007150635267668755,0.00010025689410789517,0.0005218383938698487,0.0005447936468372753,0.0005335277292507106
CVCL_1125,0,"[('CP21R7', 0.05, 'uM')]",40,22.831991341155973,0.0010543554552428838,0.0006571438477860185,0.0006739936900369419,8.739340534077067e-05,0.0005034971253078151,0.0005571339954618957,0.0005234966531183414
CVCL_1125,0,"[('Capivasertib', 0.05, 'uM')]",40,22.831991341155973,0.0010355608094527802,0.0006380590656362215,0.0006544195544986884,9.698603106791527e-05,0.0005866327406037908,0.0006478318798407557,0.0005987419118736742
CVCL_1125,0,"[('Capmatinib', 0.05, 'uM')]",40,22.831991341155973,0.0012819405039845267,0.0008261651792788218,0.0008473489018244321,9.112261931676633e-05,0.0006785276292658604,0.0007430400247583749,0.0006970510954261698
CVCL_1125,0,"[('Celecoxib', 0.05, 'uM')]",40,22.831991341155973,0.0015341279942413385,0.0008238191536383252,0.0008449427216803331,0.00012357531853739777,0.0006557527763636006,0.0006925879453320408,0.0006863754803142857
CVCL_1125,0,"[('DT-061', 0.05, 'uM')]",40,22.831991341155973,0.0015832774093375121,0.0008664082487978874,0.0008886238449209098,0.00010328916990320361,0.0006196474483975765,0.0006606562029049855,0.000649136672379576
CVCL_1125,0,"[('Dabrafenib', 0.05, 'uM')]",40,22.831991341155973,0.001344629812940024,0.0008363979238772279,0.0008578440244894645,0.00012226055128616286,0.0007664088777261056,0.0008500881939963965,0.0007845963490530053
CVCL_1125,0,"[('ERK5-IN-2', 0.05, 'uM')]",40,22.831991341155973,0.001058168832955464,0.0007156906538550634,0.0007340416962616032,0.0001372934785489105,0.0005374055513294615,0.000581451303105196,0.0005484137602307653
CVCL_1125,0,"[('ETC-206', 0.05, 'uM')]",40,22.831991341155973,0.0008175686902890724,0.0005114997332585796,0.0005246151110344406,8.438347537888577e-05,0.000556009161615893,0.0005918905198966461,0.0005721234336603405
CVCL_1125,0,"[('EX229', 0.05, 'uM')]",40,22.831991341155973,0.0018455444309895732,0.0011968806502169831,0.001227569897658444,0.00020699653570243988,0.0008670176194012267,0.0008968587242769857,0.0008972633464047334
CVCL_1125,0,"[('Elimusertib hydrochloride', 0.05, 'uM')]",40,22.831991341155973,0.002156614513981124,0.0017240025352218806,0.0017682077284326973,0.00040393653359951026,0.0018538081414768857,0.002040515999846394,0.0018729294825652874
CVCL_1125,0,"[('Encorafenib', 0.05, 'uM')]",40,22.831991341155973,0.0008851755816256829,0.0005951986323412642,0.0006104601357346297,0.00010695091107392255,0.0009245589675389514,0.0009756674452871758,0.0009422263837917362
CVCL_1125,0,"[('Erdafitinib ', 0.05, 'uM')]",40,22.831991341155973,0.0009106489677025886,0.0006312861826066775,0.0006474730078017204,0.00010056885492391598,0.000538536716797324,0.0005719899940711598,0.0005575283214836061
CVCL_1125,0,"[('Everolimus', 0.05, 'uM')]",40,22.831991341155973,0.0008680016816171487,0.0006148716598814358,0.0006306375998783954,8.555540191604406e-05,0.0005567531695848115,0.0005987195726531934,0.0005626602628958088
CVCL_1125,0,"[('Futibatinib', 0.05, 'uM')]",40,22.831991341155973,0.0011000066845536756,0.000677911747110035,0.0006952940996000355,0.00016581829618709504,0.0005547399173000555,0.0006664192754996885,0.000569859647910903
CVCL_1125,0,"[('GSK1059615', 0.05, 'uM')]",40,22.831991341155973,0.0010027477330833308,0.0007064932220470128,0.0007246084328687308,0.00013043739830738866,0.0008005903951227691,0.0008704056807983989,0.0008084581938384433
CVCL_1125,0,"[('Gemcitabine', 0.05, 'uM')]",40,22.831991341155973,0.0008593925165497522,0.0006310574100026351,0.0006472383692334718,0.00012593130081900157,0.0008924383075169665,0.0009800572369126099,0.0008891664238143839
CVCL_1125,0,"[('HI-TOPK-032', 0.05, 'uM')]",40,22.831991341155973,0.00152867457838122,0.0009730067025195668,0.0009979555923277602,0.00017011688465059393,0.0006532339138145833,0.0007438917749548097,0.0006866238061805071
CVCL_1125,0,"[('Hydroxyfasudil', 0.05, 'uM')]",37,21.17535357408336,0.0036591767576656655,0.003122972901135944,0.0032097221483897197,0.00026713877612635995,0.007327660701735331,0.007313125185130932,0.007389188064846584
CVCL_1125,0,"[('IQ 1', 0.05, 'uM')]",40,22.831991341155973,0.0009166119109165106,0.0006159940210593405,0.0006317887395480413,0.00012524004937724552,0.0006366866128026439,0.0007418077948401971,0.0006445361168504806
CVCL_1125,0,"[('Infigratinib', 0.05, 'uM')]",40,22.831991341155973,0.0009178074317840252,0.000658705410528832,0.0006755952928500839,0.00017774588150909075,0.0007409507285321538,0.0008472166681397026,0.000749121160053279
CVCL_1125,0,"[('Ipatasertib', 0.05, 'uM')]",40,22.831991341155973,0.0013166045234867048,0.0008554291212761411,0.0008773632013088624,0.00014450431227886265,0.0006704987766524859,0.000758300674627924,0.0006791538741516022
CVCL_1125,0,"[('Irinotecan', 0.05, 'uM')]",40,22.831991341155973,0.0008415409182577647,0.0005880719422554889,0.0006031507100056295,0.00010012086684553144,0.0006808722098374588,0.000763922406803667,0.0006952900964668189
CVCL_1125,0,"[('Ixazomib', 0.05, 'uM')]",40,22.831991341155973,0.0014722488895427008,0.0009662350201943842,0.0009910102771224455,0.00011885551103695654,0.0006790930999744961,0.0007343418565612701,0.0007033154036364393
CVCL_1125,0,"[('LB-100', 0.05, 'uM')]",40,22.831991341155973,0.0008596754562888511,0.0005138278262974011,0.000527002898766565,0.0001005678457088559,0.00045957019941430643,0.0005098017182715151,0.00047757041315165587
CVCL_1125,0,"[('LJI308', 0.05, 'uM')]",40,22.831991341155973,0.0011870083384682248,0.0009738616308921793,0.0009988324419406961,0.00027573732221021117,0.0009467803283972662,0.001106387482543014,0.000946876339962591
CVCL_1125,0,"[('LY-2584702 (tosylate salt)', 0.05, 'uM')]",40,22.831991341155973,0.0011776158132169967,0.0007559159120947833,0.0007752983713792648,0.00011760321887630916,0.0006260185571941583,0.000652312541304814,0.000644683139058655
CVCL_1125,0,"[('LY2090314', 0.05, 'uM')]",40,22.831991341155973,0.0013303871366739596,0.0007509248345779281,0.0007701793175158236,0.00010544546082662686,0.00066811790241307,0.0006859864916604553,0.0006907251885079784
CVCL_1125,0,"[('Lapatinib ditosylate', 0.05, 'uM')]",40,22.831991341155973,0.000973016202623272,0.0006011477137202553,0.0006165617576618004,8.129319797001042e-05,0.0005695008525763656,0.0006251609471941609,0.0005871927435736822
CVCL_1125,0,"[('Lonafarnib', 0.05, 'uM')]",40,22.831991341155973,0.0010885852804223219,0.0006572160822201744,0.0006740677766360761,0.00012394780361547043,0.0006577324893630161,0.0006710710694552935,0.0006673354305230961
CVCL_1125,0,"[('MK-3903', 0.05, 'uM')]",40,22.831991341155973,0.0011528860339439788,0.0007951051840540442,0.0008154924964656862,0.00014194163742786527,0.0006072524290143258,0.0006466838274905281,0.0006231680910904107
CVCL_1125,0,"[('MK-8353', 0.05, 'uM')]",40,22.831991341155973,0.001018252293614441,0.0006407639167615547,0.0006571937607810819,0.00010896979368467016,0.0006040585148832321,0.0006356469918677082,0.0006247619776932025
CVCL_1125,0,"[('ML264', 0.05, 'uM')]",40,22.831991341155973,0.001023533460118423,0.0006553532299514216,0.0006721571589245353,0.00012701106749352808,0.0005025610154972769,0.000532681092782854,0.0005134881346204827
CVCL_1125,0,"[('Methylprednisolone succinate', 0.05, 'uM')]",24,12.93637618810883,0.020268048966700074,0.02176976723276528,0.022716278851581163,0.0011636367477959105,0.058303762326757054,0.05717363068819553,0.0586567310093937
CVCL_1125,0,"[('Minodronic acid', 0.05, 'uM')]",40,22.831991341155973,0.0015494572670610867,0.0008515010615818321,0.0008733344221352119,0.0001444575862503424,0.0006754367072594527,0.0007302844372026858,0.0007008104566628968
CVCL_1125,0,"[('NG25', 0.05, 'uM')]",40,22.831991341155973,0.001111905638081614,0.0007372582086812897,0.000756162265314143,0.00014168217794020794,0.0008130661992572303,0.0009262966102169267,0.0008211087473158752
CVCL_1125,0,"[('NVP-BHG712', 0.05, 'uM')]",40,22.831991341155973,0.0012606371693095748,0.0007433172866585931,0.0007623767042652233,0.00012272452571382165,0.0005750313885301495,0.0006355412523099402,0.0005840758580585186
CVCL_1125,0,"[('OTS514', 0.05, 'uM')]",40,22.831991341155973,0.0012235153126071469,0.0007667970084956278,0.0007864584702519256,0.0002160148750626829,0.0006518565554512423,0.0008016540886012872,0.000651051554737257
CVCL_1125,0,"[('Oleic acid', 0.05, 'uM')]",40,22.831991341155973,0.0014351677088791964,0.0007682682601869674,0.0007879674463456074,0.00012782419925010374,0.0005554606289362563,0.0006306563265042251,0.0005810585233960388
CVCL_1125,0,"[('Oxaliplatin', 0.05, 'uM')]",40,22.831991341155973,0.0010592323167820127,0.0006905357748093606,0.0007082418203172927,0.0001518662285202292,0.0007252191360646201,0.0008180273823151267,0.0007196770685991351
CVCL_1125,0,"[('PH-797804', 0.05, 'uM')]",40,22.831991341155973,0.0012476100841616984,0.0007084172248229356,0.0007265817690491646,9.390990329344678e-05,0.0007433904121278758,0.000779115479237811,0.0007622328739644312
CVCL_1125,0,"[('Paclitaxel', 0.05, 'uM')]",40,22.831991341155973,0.000881279552810295,0.000593292974432847,0.0006085056148029197,0.0001422488530665049,0.0005772776622599158,0.0006573035846848636,0.000589688439729185
CVCL_1125,0,"[('Pemigatinib', 0.05, 'uM')]",40,22.831991341155973,0.001356835952835725,0.0008057024429016118,0.0008263614798990884,0.00013922873930691322,0.0006737267863120154,0.0007187387258870311,0.0007091512334849275
CVCL_1125,0,"[('Pimitespib', 0.05, 'uM')]",40,22.831991341155973,0.0009697766816130947,0.0006806669769608299,0.0006981199763700819,0.00011077855318467052,0.0007616809573950062,0.0008321161037544261,0.0007748593924827336
CVCL_1125,0,"[('Pralsetinib', 0.05, 'uM')]",40,22.831991341155973,0.0011381507489289114,0.0007641524480773787,0.0007837461005921833,0.00010722868081982337,0.001009332840000895,0.0010731976548292849,0.0010241044599025458
CVCL_1125,0,"[('RMC-6236', 0.05, 'uM')]",40,22.831991341155973,0.0013949991879343882,0.0008467118459498299,0.0008684224061023893,0.00016691473248867648,0.0006521887679226739,0.0006344969354615137,0.0006856973132546285
CVCL_1125,0,"[('Ralimetinib dimesylate', 0.05, 'uM')]",18,12.08278012886517,0.020068018662569492,0.01993914522014245,0.021112036115444946,0.0014067940728110728,0.04996356236679345,0.04759421644398067,0.05022280269760319
CVCL_1125,0,"[('Regorafenib', 0.05, 'uM')]",40,22.831991341155973,0.001109959028549678,0.000674402751906412,0.0006916951301604222,0.000109370949361592,0.0005649770838040225,0.0005976926950408582,0.0005893622373428544
CVCL_1125,0,"[('SBI-0640756', 0.05, 'uM')]",40,22.831991341155973,0.0008975331123210358,0.0006502417607171347,0.0006669146263765483,9.319396912140146e-05,0.0005170185370547833,0.0005766492467838253,0.0005296543318320821
CVCL_1125,0,"[('Sapanisertib', 0.05, 'uM')]",40,22.831991341155973,0.0011768083527193647,0.0008686019153417255,0.0008908737593248464,0.00020458244505756868,0.0006533095979242205,0.0007065358857832769,0.0006661422187716475
CVCL_1125,0,"[('Sonidegib', 0.05, 'uM')]",39,22.047470279361498,0.00842705252104625,0.008138649707980101,0.00835282470029537,0.0005654585859744081,0.011569833415247689,0.011543584622686877,0.011773321089996945
CVCL_1125,0,"[('TAK-733', 0.05, 'uM')]",40,22.831991341155973,0.0010828249081002127,0.0007247583547322606,0.0007433419022894979,0.0001414244826547228,0.0007237470448165019,0.0007537218172459021,0.0007388603202287883
CVCL_1125,0,"[('TAK-901', 0.05, 'uM')]",40,22.831991341155973,0.001735443025808069,0.0013366862168018377,0.001370960222360859,0.00025652091894133713,0.0008448047612962977,0.0009069265199744119,0.000848406285940533
CVCL_1125,0,"[('Temuterkib', 0.05, 'uM')]",40,22.831991341155973,0.001006345328600485,0.0006438693685990367,0.0006603788395887552,0.00013112652762233665,0.0006091088602257535,0.000687509291434386,0.0006165453184462693
CVCL_1125,0,"[('Tomivosertib', 0.05, 'uM')]",40,22.831991341155973,0.001008159788013229,0.0007043462917282618,0.0007224064530546272,0.00014100634530963174,0.0007394054004141002,0.0008242691037379026,0.0007485099243730176
CVCL_1125,0,"[('Torkinib', 0.05, 'uM')]",40,22.831991341155973,0.0010680206925460765,0.000704265648773496,0.0007223237423317906,0.00013301885101115965,0.0005696417429295443,0.000604180512862011,0.0005900920080114796
CVCL_1125,0,"[('Trametinib', 0.05, 'uM')]",40,22.831991341155973,0.0014168426302992331,0.0009006851864570384,0.0009237796784174754,0.0001941854740863913,0.0006485062310066654,0.0006608711607953599,0.0006825515384459262
CVCL_1125,0,"[('Tubulin inhibitor 6', 0.05, 'uM')]",40,22.831991341155973,0.0012235072572840098,0.0006781232976343287,0.0006955110744967473,9.483553440785426e-05,0.000570560497502306,0.0006007550715827846,0.0006002150470489229
CVCL_1125,0,"[('Tucatinib', 0.05, 'uM')]",40,22.831991341155973,0.0010287804667331278,0.0006587438474340147,0.0006756347153169382,0.0001091551895375355,0.000855068963519429,0.0009198801322302052,0.0008555453144121718
CVCL_1125,0,"[('ULK-101', 0.05, 'uM')]",40,22.831991341155973,0.0011892420516235157,0.0008973528211151648,0.0009203618678104254,0.0001833097721446727,0.0009903989443583493,0.0010214922706955466,0.0009825144424509091
CVCL_1125,0,"[('Vemurafenib', 0.05, 'uM')]",40,22.831991341155973,0.0009562739597487763,0.0006220477220871789,0.0006379976636791577,0.0001029752036048056,0.0005747447660934945,0.0006149957055924732,0.000599336160419355
CVCL_1125,0,"[('Volasertib', 0.05, 'uM')]",40,22.831991341155973,0.0009462492547006252,0.0006184366076093191,0.0006342939565223783,9.656886923677686e-05,0.00046283477588094035,0.0005081928695914657,0.0004770489985787303
CVCL_1125,0,"[('XRK3F2', 0.05, 'uM')]",40,22.831991341155973,0.0009506058575168709,0.0006387022244907174,0.0006550792046058639,0.00011122073149054771,0.0005369739964275286,0.0005640946743062183,0.0005536320791161213
CVCL_1125,0,"[('olaparib', 0.05, 'uM')]",32,18.99242047148888,0.01968036122970263,0.0249488948455848,0.025753697905119798,0.0008917493713550142,0.039383666992002145,0.039880564481959604,0.03950195469895768
CVCL_1125,0,"[('palbociclib', 0.05, 'uM')]",40,22.831991341155973,0.0012235441470935192,0.0008476996996902567,0.0008694355894259041,0.000148567535055647,0.0007756207468760948,0.00083694564831258,0.0007849142195274295
CVCL_1125,0,"[('venetoclax', 0.05, 'uM')]",40,22.831991341155973,0.0012673255233037466,0.000990737299667327,0.001016140820171617,0.0002684286652787493,0.0012864768778043177,0.0013833693065351466,0.0013029510794555002
CVCL_1125,0,"[('vincristine', 0.05, 'uM')]",40,22.831991341155973,0.001854474264388716,0.0010632808107959915,0.0010905444213292217,0.00014742677268435894,0.0006445570052089246,0.000662613905734071,0.0006896077716494353
CVCL_1381,0,"[('4EGI-1', 0.05, 'uM')]",40,30.53224026375338,0.0006051904554569714,0.0007388607858606055,0.0007578059342160057,8.740858039260812e-05,0.0005426294702278828,0.0006040079483200094,0.0005144168734978375
CVCL_1381,0,"[('9-ING-41', 0.05, 'uM')]",40,30.53224026375338,0.000768041234096729,0.0010291597824828131,0.0010555484948541673,0.0001119507442466316,0.00046533681745200995,0.0005492136194826981,0.00042679334638155887
CVCL_1381,0,"[('APTO-253', 0.05, 'uM')]",40,30.53224026375338,0.0005034529445015515,0.0006139420835750434,0.0006296841882820956,0.00013372228843355226,0.0004465338273581873,0.0005061280343535548,0.0004207845483765023
CVCL_1381,0,"[('AT7519', 0.05, 'uM')]",40,30.53224026375338,0.00048481840138947025,0.0005448186590802604,0.0005587883682874465,0.00010346661195036811,0.0006178336438066338,0.0007568433297455496,0.0005882902445600016
CVCL_1381,0,"[('AZD-7648', 0.05, 'uM')]",40,30.53224026375338,0.0005736271962318168,0.000727895800566569,0.0007465597954528912,0.00013342593330896272,0.0004718481662713386,0.0005693997794136255,0.00043956736036335344
CVCL_1381,0,"[('AZD-8055', 0.05, 'uM')]",40,30.53224026375338,0.0006706231851348398,0.0007541221426978874,0.0007734586078952693,0.00013894846013001356,0.0006531792322088519,0.0007368250092512432,0.0006202066907923872
CVCL_1381,0,"[('AZD1390', 0.05, 'uM')]",40,30.53224026375338,0.000505664203729606,0.000611004521289883,0.0006266713038870594,0.00010469018079329012,0.0004180548595571876,0.0004707034714549286,0.00039833689011550187
CVCL_1381,0,"[('AZD2858', 0.05, 'uM')]",40,30.53224026375338,0.0005710124723478146,0.0006321088707110693,0.0006483167904728916,0.0001104217352242047,0.000640237383352924,0.0007241090357351654,0.0006131845139961233
CVCL_1381,0,"[('Adagrasib', 0.05, 'uM')]",40,30.53224026375338,0.0005310206271811293,0.0005771121000121438,0.0005919098461663009,5.6654676021617134e-05,0.00023990500986089585,0.0002630617602270911,0.00023148279887326957
CVCL_1381,0,"[('Afatinib', 0.05, 'uM')]",40,30.53224026375338,0.0007045846473373553,0.0007887998169404113,0.000809025453272217,0.00010380008407866692,0.0008941356652114669,0.0009409425213670854,0.0008513217019956661
CVCL_1381,0,"[('Alpelisib', 0.05, 'uM')]",40,30.53224026375338,0.0006152852188816627,0.000745232211203761,0.000764340729439755,0.00011667239697718315,0.0006244819177655778,0.0007481657685773348,0.0005960345342531126
CVCL_1381,0,"[('Anastrozole', 0.05, 'uM')]",40,30.53224026375338,0.0005208511806480595,0.0006523201305562693,0.0006690462877500197,0.00011496451736446393,0.00043155362687649244,0.0004921364381832164,0.00040351295612543314
CVCL_1381,0,"[('BAY1125976', 0.05, 'uM')]",40,30.53224026375338,0.0005885793500331287,0.00067470957243586,0.0006920098178829333,0.00010781052818019024,0.0007107648531952011,0.0007867084502484274,0.0006806052462579152
CVCL_1381,0,"[('BI-3406', 0.05, 'uM')]",40,30.53224026375338,0.0006693293330059031,0.0007811835038441691,0.0008012138500965835,0.00011648903355920095,0.0006862179758367209,0.0007428331184971166,0.0006477283172547731
CVCL_1381,0,"[('BI-78D3', 0.05, 'uM')]",40,30.53224026375338,0.0005972940974845523,0.0007219976104865885,0.0007405103697298342,0.00011093853934656382,0.0006711357443147608,0.0007370735891026676,0.0006362331177190414
CVCL_1381,0,"[('Belumosudil (mesylate)', 0.05, 'uM')]",40,30.53224026375338,0.0007425462554105163,0.0008210081104070088,0.0008420596004174443,0.00012360647338437774,0.0007440458814709124,0.0008520547847211113,0.0007233685045987645
CVCL_1381,0,"[('Belzutifan', 0.05, 'uM')]",38,28.771539491379833,0.0029622761024552862,0.0037611477599046143,0.0038628004020641975,0.0001819597266408738,0.0033681694202679527,0.003393404490128385,0.0034294543931710757
CVCL_1381,0,"[('Bentamapimod', 0.05, 'uM')]",40,30.53224026375338,0.0007043434695333889,0.0008331990321455157,0.0008545631098928365,0.00014774276432447225,0.0007640075738384607,0.000841614551155289,0.0007113089819083409
CVCL_1381,0,"[('Bimiralisib', 0.05, 'uM')]",40,30.53224026375338,0.0008256019621115229,0.0008702735347491596,0.0008925882407683685,0.00018551151614127888,0.0005558866463590076,0.0005884413124812948,0.0005119770209102804
CVCL_1381,0,"[('Binimetinib', 0.05, 'uM')]",40,30.53224026375338,0.0012944090993296012,0.00128418348264177,0.0013171112642479685,0.0003341556974472362,0.0010876590101814797,0.0012146988200168395,0.001037015510160627
CVCL_1381,0,"[('Bortezomib', 0.05, 'uM')]",40,30.53224026375338,0.003759858518764021,0.003829846277492991,0.003928047464095374,0.0019185777176907253,0.0045654477296161716,0.007578065835645914,0.0042718929554547555
CVCL_1381,0,"[('Brivudine', 0.05, 'uM')]",40,30.53224026375338,0.0005936868513631775,0.0006971869385977038,0.0007150635267668755,0.00010025689410789517,0.0005497479944597136,0.0006244883439513072,0.0005192821492735863
CVCL_1381,0,"[('CP21R7', 0.05, 'uM')]",40,30.53224026375338,0.0005336508905044942,0.0006571438477860185,0.0006739936900369419,8.739340534077067e-05,0.0006506622999990222,0.0007223368285497098,0.000630608761427774
CVCL_1381,0,"[('Capivasertib', 0.05, 'uM')]",40,30.53224026375338,0.0005341297922100812,0.0006380590656362215,0.0006544195544986884,9.698603106791527e-05,0.0006956506337312784,0.0008203152820246746,0.0006630953346172483
CVCL_1381,0,"[('Capmatinib', 0.05, 'uM')]",40,30.53224026375338,0.0007036201635503196,0.0008261651792788218,0.0008473489018244321,9.112261931676633e-05,0.000840005027258926,0.0009353336468599921,0.0007901792074153713
CVCL_1381,0,"[('Celecoxib', 0.05, 'uM')]",40,30.53224026375338,0.0006456242580100132,0.0008238191536383252,0.0008449427216803331,0.00012357531853739777,0.0004082037640963761,0.00047661075852886166,0.0003866541632220163
CVCL_1381,0,"[('DT-061', 0.05, 'uM')]",40,30.53224026375338,0.000673949780599453,0.0008664082487978874,0.0008886238449209098,0.00010328916990320361,0.0005985359374244395,0.0006198976942200643,0.0005676460081899566
CVCL_1381,0,"[('DTP3', 0.05, 'uM')]",24,19.25778353836764,0.01836556459044988,0.016909098877861167,0.017644277089942085,0.0007324028538345895,0.026682316265638845,0.026047661007558835,0.026901047937645913
CVCL_1381,0,"[('Dabrafenib', 0.05, 'uM')]",40,30.53224026375338,0.0007021486352067705,0.0008363979238772279,0.0008578440244894645,0.00012226055128616286,0.0007616410884220665,0.0007972307535150977,0.0007354225682614038
CVCL_1381,0,"[('ERK5-IN-2', 0.05, 'uM')]",40,30.53224026375338,0.0005787238367739222,0.0007156906538550634,0.0007340416962616032,0.0001372934785489105,0.0005067636786928166,0.0005869512606650984,0.00047684582209500773
CVCL_1381,0,"[('ETC-206', 0.05, 'uM')]",40,30.53224026375338,0.00043571080058467425,0.0005114997332585796,0.0005246151110344406,8.438347537888577e-05,0.0005564541244124137,0.0006203660252977552,0.0005357207673804848
CVCL_1381,0,"[('EX229', 0.05, 'uM')]",40,30.53224026375338,0.0010077125613193124,0.0011968806502169831,0.001227569897658444,0.00020699653570243988,0.0008707526288412086,0.0010103124171857505,0.0008180494134557678
CVCL_1381,0,"[('Elimusertib hydrochloride', 0.05, 'uM')]",40,30.53224026375338,0.0016483042292768548,0.0017240025352218806,0.0017682077284326973,0.00040393653359951026,0.001018907095953099,0.001059251695125595,0.0009716429753009224
CVCL_1381,0,"[('Encorafenib', 0.05, 'uM')]",40,30.53224026375338,0.0005325012174013342,0.0005951986323412642,0.0006104601357346297,0.00010695091107392255,0.0005832821591697367,0.0006916054366632629,0.0005525125693011561
CVCL_1381,0,"[('Erdafitinib ', 0.05, 'uM')]",40,30.53224026375338,0.0005379219413068576,0.0006312861826066775,0.0006474730078017204,0.00010056885492391598,0.0008256490254647677,0.0009426364375194247,0.0007911221345545048
CVCL_1381,0,"[('Everolimus', 0.05, 'uM')]",40,30.53224026375338,0.0005447315190560675,0.0006148716598814358,0.0006306375998783954,8.555540191604406e-05,0.000847870027854207,0.0009126909400150316,0.0008115283748004844
CVCL_1381,0,"[('Futibatinib', 0.05, 'uM')]",40,30.53224026375338,0.000578401928048136,0.000677911747110035,0.0006952940996000355,0.00016581829618709504,0.0006627051639011555,0.0009302089956644717,0.0006331484013026512
CVCL_1381,0,"[('GSK1059615', 0.05, 'uM')]",40,30.53224026375338,0.0006588663492887715,0.0007064932220470128,0.0007246084328687308,0.00013043739830738866,0.00086487212008655,0.0009856373988325782,0.000825251670907187
CVCL_1381,0,"[('Gemcitabine', 0.05, 'uM')]",40,30.53224026375338,0.0006050776579474137,0.0006310574100026351,0.0006472383692334718,0.00012593130081900157,0.0006865678155604372,0.0008015277658381823,0.0006486707324601837
CVCL_1381,0,"[('HI-TOPK-032', 0.05, 'uM')]",40,30.53224026375338,0.0007733780684947146,0.0009730067025195668,0.0009979555923277602,0.00017011688465059393,0.0006593422326950778,0.000733404999225149,0.0006281822535888768
CVCL_1381,0,"[('Hydroxyfasudil', 0.05, 'uM')]",37,29.028654161649875,0.0036360075004506645,0.003122972901135944,0.0032097221483897197,0.00026713877612635995,0.002985761621012787,0.0030567673213459864,0.002933485418616482
CVCL_1381,0,"[('IQ 1', 0.05, 'uM')]",40,30.53224026375338,0.000543864851701159,0.0006159940210593405,0.0006317887395480413,0.00012524004937724552,0.0006827216631060402,0.0008474975020904611,0.000651367819661064
CVCL_1381,0,"[('Infigratinib', 0.05, 'uM')]",40,30.53224026375338,0.0006204213093452999,0.000658705410528832,0.0006755952928500839,0.00017774588150909075,0.0011228385638130214,0.0012466723029725334,0.0010842405419267127
CVCL_1381,0,"[('Ipatasertib', 0.05, 'uM')]",40,30.53224026375338,0.0007352382304014712,0.0008554291212761411,0.0008773632013088624,0.00014450431227886265,0.0007239896821835122,0.0008663490586143535,0.0006825829457074344
CVCL_1381,0,"[('Irinotecan', 0.05, 'uM')]",40,30.53224026375338,0.000515030368345196,0.0005880719422554889,0.0006031507100056295,0.00010012086684553144,0.0006766076365254267,0.0007454177299329859,0.0006451066320323715
CVCL_1381,0,"[('Ixazomib', 0.05, 'uM')]",40,30.53224026375338,0.0008048358535739886,0.0009662350201943842,0.0009910102771224455,0.00011885551103695654,0.0011800914369746343,0.0013276057439215703,0.0011314366846239122
CVCL_1381,0,"[('LB-100', 0.05, 'uM')]",40,30.53224026375338,0.00043788277350420476,0.0005138278262974011,0.000527002898766565,0.0001005678457088559,0.00043175634454251034,0.000491685364327386,0.0004126824232780304
CVCL_1381,0,"[('LJI308', 0.05, 'uM')]",40,30.53224026375338,0.0009426244970390062,0.0009738616308921793,0.0009988324419406961,0.00027573732221021117,0.00161698187235164,0.002027173327135435,0.0015664791301343332
CVCL_1381,0,"[('LY-2584702 (tosylate salt)', 0.05, 'uM')]",40,30.53224026375338,0.000576488510458329,0.0007559159120947833,0.0007752983713792648,0.00011760321887630916,0.0006535387512860808,0.0007931418612445631,0.000630445877719095
CVCL_1381,0,"[('LY2090314', 0.05, 'uM')]",40,30.53224026375338,0.0006132024780388995,0.0007509248345779281,0.0007701793175158236,0.00010544546082662686,0.00047276338037434895,0.0005439580613225474,0.0004451587098533715
CVCL_1381,0,"[('Lapatinib ditosylate', 0.05, 'uM')]",40,30.53224026375338,0.0005175015066049229,0.0006011477137202553,0.0006165617576618004,8.129319797001042e-05,0.0006379290235600275,0.0007294540246393586,0.0006080784518743912
CVCL_1381,0,"[('Lonafarnib', 0.05, 'uM')]",40,30.53224026375338,0.0005631195880727415,0.0006572160822201744,0.0006740677766360761,0.00012394780361547043,0.0005877795460658703,0.000699483230115844,0.0005579350230085723
CVCL_1381,0,"[('MK-3903', 0.05, 'uM')]",40,30.53224026375338,0.0006791828653985908,0.0007951051840540442,0.0008154924964656862,0.00014194163742786527,0.0007553411928667251,0.0008250054640939096,0.0007126450920032768
CVCL_1381,0,"[('MK-8353', 0.05, 'uM')]",40,30.53224026375338,0.0005486540560762855,0.0006407639167615547,0.0006571937607810819,0.00010896979368467016,0.0005463541711516872,0.0006225803209301286,0.0005200578483039696
CVCL_1381,0,"[('ML264', 0.05, 'uM')]",40,30.53224026375338,0.0005621023096469381,0.0006553532299514216,0.0006721571589245353,0.00012701106749352808,0.00042715182278633664,0.0005280242691449362,0.0004057316062434972
CVCL_1381,0,"[('Methylprednisolone succinate', 0.05, 'uM')]",24,17.81957804412842,0.024584353903636648,0.02176976723276528,0.022716278851581163,0.0011636367477959105,0.012810704197019933,0.01236804460867607,0.013543325926154691
CVCL_1381,0,"[('Minodronic acid', 0.05, 'uM')]",40,30.53224026375338,0.0006886991484017032,0.0008515010615818321,0.0008733344221352119,0.0001444575862503424,0.0004428233974254261,0.0005106585565119075,0.00041475087746711516
CVCL_1381,0,"[('NG25', 0.05, 'uM')]",40,30.53224026375338,0.0006577408906089005,0.0007372582086812897,0.000756162265314143,0.00014168217794020794,0.0010135502792934432,0.0011774467849422227,0.0009822013720728966
CVCL_1381,0,"[('NVP-BHG712', 0.05, 'uM')]",40,30.53224026375338,0.0006110841610639032,0.0007433172866585931,0.0007623767042652233,0.00012272452571382165,0.0005147677645682797,0.0005707820915732518,0.00047974920838711693
CVCL_1381,0,"[('OTS514', 0.05, 'uM')]",40,30.53224026375338,0.0006694091874903634,0.0007667970084956278,0.0007864584702519256,0.0002160148750626829,0.0007952326304734056,0.0011138352691014131,0.0007697566856826857
CVCL_1381,0,"[('Oleic acid', 0.05, 'uM')]",40,30.53224026375338,0.0006119988623939132,0.0007682682601869674,0.0007879674463456074,0.00012782419925010374,0.00048031360294830907,0.0005447285392829839,0.000458760972464455
CVCL_1381,0,"[('Oxaliplatin', 0.05, 'uM')]",40,30.53224026375338,0.0006247985376012623,0.0006905357748093606,0.0007082418203172927,0.0001518662285202292,0.0006623723192464609,0.0008208247234664332,0.0006275264995205781
CVCL_1381,0,"[('PF-06260933', 0.05, 'uM')]",24,19.37752179203709,0.02231830667355384,0.02074465420267207,0.02164659568974477,0.001039290810725609,0.016227786630225758,0.015444854478414299,0.016206437132601188
CVCL_1381,0,"[('PH-797804', 0.05, 'uM')]",40,30.53224026375338,0.00058196731924262,0.0007084172248229356,0.0007265817690491646,9.390990329344678e-05,0.00045731841382404324,0.0005206576144047535,0.0004294047138665612
CVCL_1381,0,"[('Paclitaxel', 0.05, 'uM')]",40,30.53224026375338,0.0005256860757319057,0.000593292974432847,0.0006085056148029197,0.0001422488530665049,0.0004581793185678108,0.0005134304536455461,0.00042563670314957433
CVCL_1381,0,"[('Pemigatinib', 0.05, 'uM')]",40,30.53224026375338,0.0006785026862913193,0.0008057024429016118,0.0008263614798990884,0.00013922873930691322,0.0008622770881781673,0.0010129341511016157,0.0008228448893342592
CVCL_1381,0,"[('Pimitespib', 0.05, 'uM')]",40,30.53224026375338,0.0006211705725439055,0.0006806669769608299,0.0006981199763700819,0.00011077855318467052,0.0009029114435207397,0.0010354705611227354,0.000861531422258137
CVCL_1381,0,"[('Pralsetinib', 0.05, 'uM')]",40,30.53224026375338,0.0007224006239653891,0.0007641524480773787,0.0007837461005921833,0.00010722868081982337,0.0009064003725535674,0.0009798211792279837,0.0008643690175099028
CVCL_1381,0,"[('RMC-6236', 0.05, 'uM')]",40,30.53224026375338,0.0007194150845034093,0.0008467118459498299,0.0008684224061023893,0.00016691473248867648,0.00047294993926540885,0.000544194136219807,0.0004380811660966455
CVCL_1381,0,"[('Regorafenib', 0.05, 'uM')]",40,30.53224026375338,0.0005536107576904567,0.000674402751906412,0.0006916951301604222,0.000109370949361592,0.0005314006513876711,0.0005932043127895204,0.0005065287073091238
CVCL_1381,0,"[('SBI-0640756', 0.05, 'uM')]",40,30.53224026375338,0.0005597860455589919,0.0006502417607171347,0.0006669146263765483,9.319396912140146e-05,0.0006925807266691115,0.0007437964628506404,0.0006604837917915301
CVCL_1381,0,"[('Sapanisertib', 0.05, 'uM')]",40,30.53224026375338,0.0007726923860142367,0.0008686019153417255,0.0008908737593248464,0.00020458244505756868,0.0006234617899389048,0.0007369339263043034,0.0005906677919715486
CVCL_1381,0,"[('Sonidegib', 0.05, 'uM')]",39,29.87549469056494,0.00749585878251139,0.008138649707980101,0.00835282470029537,0.0005654585859744081,0.002845694836228211,0.003258855197239531,0.0029089306606615035
CVCL_1381,0,"[('TAK-733', 0.05, 'uM')]",40,30.53224026375338,0.0006330863390905201,0.0007247583547322606,0.0007433419022894979,0.0001414244826547228,0.0006980127322241983,0.0008414329020947535,0.0006653610475972569
CVCL_1381,0,"[('TAK-901', 0.05, 'uM')]",40,30.53224026375338,0.001146263876313166,0.0013366862168018377,0.001370960222360859,0.00025652091894133713,0.0031628433811013634,0.0033332242321741823,0.0031989201615223754
CVCL_1381,0,"[('Temuterkib', 0.05, 'uM')]",40,30.53224026375338,0.0005423763250226503,0.0006438693685990367,0.0006603788395887552,0.00013112652762233665,0.0006682802227249595,0.0007232227667502904,0.0006412037507482384
CVCL_1381,0,"[('Tomivosertib', 0.05, 'uM')]",40,30.53224026375338,0.0006365071585391109,0.0007043462917282618,0.0007224064530546272,0.00014100634530963174,0.0007651471001108146,0.0008775509463361416,0.0007282314817439013
CVCL_1381,0,"[('Torkinib', 0.05, 'uM')]",40,30.53224026375338,0.0005937712044732734,0.000704265648773496,0.0007223237423317906,0.00013301885101115965,0.0004856048085834215,0.0005640951655661075,0.0004545815008054624
CVCL_1381,0,"[('Trametinib', 0.05, 'uM')]",40,30.53224026375338,0.0007739283312448418,0.0009006851864570384,0.0009237796784174754,0.0001941854740863913,0.000609983349455104,0.0006980847296721675,0.0005745082004242803
CVCL_1381,0,"[('Tubulin inhibitor 6', 0.05, 'uM')]",40,30.53224026375338,0.0005555700128380227,0.0006781232976343287,0.0006955110744967473,9.483553440785426e-05,0.0004848864290585692,0.0005672125760034343,0.00046099963398157977
CVCL_1381,0,"[('Tucatinib', 0.05, 'uM')]",40,30.53224026375338,0.0005728013817928404,0.0006587438474340147,0.0006756347153169382,0.0001091551895375355,0.0006412672109209093,0.0007423877888546076,0.0006136484232599309
CVCL_1381,0,"[('ULK-101', 0.05, 'uM')]",40,30.53224026375338,0.000836496705918984,0.0008973528211151648,0.0009203618678104254,0.0001833097721446727,0.0007698954382532262,0.0009411573263936092,0.0007298602670855868
CVCL_1381,0,"[('Vemurafenib', 0.05, 'uM')]",40,30.53224026375338,0.0005273074503073701,0.0006220477220871789,0.0006379976636791577,0.0001029752036048056,0.00064636347049656,0.0006960267700399743,0.0006096919220032613
CVCL_1381,0,"[('Volasertib', 0.05, 'uM')]",40,30.53224026375338,0.0005092065933503079,0.0006184366076093191,0.0006342939565223783,9.656886923677686e-05,0.0004789855648761637,0.0005246225165450459,0.00045601398515782285
CVCL_1381,0,"[('XRK3F2', 0.05, 'uM')]",40,30.53224026375338,0.0005679974832757745,0.0006387022244907174,0.0006550792046058639,0.00011122073149054771,0.00048769686328672344,0.000586031097598255,0.0004585508794941535
CVCL_1381,0,"[('c-Kit-IN-1', 0.05, 'uM')]",17,13.601686467360617,0.012715059501259113,0.012618071011455106,0.013406700449671053,0.0011793264745031582,0.030380650596166594,0.030097910240773487,0.030693164998578194
CVCL_1381,0,"[('olaparib', 0.05, 'uM')]",32,25.493046540267418,0.02481141447637403,0.0249488948455848,0.025753697905119798,0.0008917493713550142,0.05869360471344688,0.05834225162844948,0.058962917108362406
CVCL_1381,0,"[('palbociclib', 0.05, 'uM')]",40,30.53224026375338,0.0006825196078149709,0.0008476996996902567,0.0008694355894259041,0.000148567535055647,0.0009041679065970089,0.0010875678552890755,0.0008643521079020715
CVCL_1381,0,"[('venetoclax', 0.05, 'uM')]",40,30.53224026375338,0.0009472738661563229,0.000990737299667327,0.001016140820171617,0.0002684286652787493,0.0011697137639993503,0.001297272808181698,0.0011129057570288539
CVCL_1381,0,"[('vincristine', 0.05, 'uM')]",40,30.53224026375338,0.0008459108844506933,0.0010632808107959915,0.0010905444213292217,0.00014742677268435894,0.0008672332896200592,0.0010258699293249386,0.0008206169789198802
CVCL_1517,0,"[('4EGI-1', 0.05, 'uM')]",40,17.546291513508432,0.0003822232082789709,0.0007388607858606055,0.0007578059342160057,8.740858039260812e-05,0.00030231914949240967,0.0003552269530853275,0.0002924287239101658
CVCL_1517,0,"[('9-ING-41', 0.05, 'uM')]",40,17.546291513508432,0.00039138867689781026,0.0010291597824828131,0.0010555484948541673,0.0001119507442466316,0.00026558471496557836,0.000312526792341149,0.00023912576268390022
CVCL_1517,0,"[('APTO-253', 0.05, 'uM')]",40,17.546291513508432,0.0003163255201447544,0.0006139420835750434,0.0006296841882820956,0.00013372228843355226,0.00021244534777151982,0.00029875327385848235,0.00019531005275055013
CVCL_1517,0,"[('AT7519', 0.05, 'uM')]",40,17.546291513508432,0.0003153436063346548,0.0005448186590802604,0.0005587883682874465,0.00010346661195036811,0.0002598909942169731,0.0003445036893611149,0.00025520391349964546
CVCL_1517,0,"[('AZD-7648', 0.05, 'uM')]",40,17.546291513508432,0.0003433004022472853,0.000727895800566569,0.0007465597954528912,0.00013342593330896272,0.00023338946955708727,0.00031997650633237173,0.00021806906580407098
CVCL_1517,0,"[('AZD-8055', 0.05, 'uM')]",40,17.546291513508432,0.00047139399280318544,0.0007541221426978874,0.0007734586078952693,0.00013894846013001356,0.0004115397395426101,0.0004925027883907408,0.00038104331787966814
CVCL_1517,0,"[('AZD1390', 0.05, 'uM')]",40,17.546291513508432,0.0003265988112497064,0.000611004521289883,0.0006266713038870594,0.00010469018079329012,0.00020908828966729182,0.00026956578608990957,0.00019810545333672934
CVCL_1517,0,"[('AZD2858', 0.05, 'uM')]",40,17.546291513508432,0.00038030386092896356,0.0006321088707110693,0.0006483167904728916,0.0001104217352242047,0.00029494022219280115,0.00037817126583623053,0.00027293828545648416
CVCL_1517,0,"[('Abemaciclib', 0.05, 'uM')]",19,10.466225969644427,0.025838398150833997,0.024005627781278776,0.025339273769127608,0.0014407135267045026,0.01345771662156045,0.011931068163728088,0.016768074290142876
CVCL_1517,0,"[('Adagrasib', 0.05, 'uM')]",40,17.546291513508432,0.00034829758629965847,0.0005771121000121438,0.0005919098461663009,5.6654676021617134e-05,0.0009818382764138268,0.0010419382076888568,0.0009249700364519624
CVCL_1517,0,"[('Afatinib', 0.05, 'uM')]",40,17.546291513508432,0.0005049997520898408,0.0007887998169404113,0.000809025453272217,0.00010380008407866692,0.00040661188265877926,0.0004343538304878715,0.0003769909315053389
CVCL_1517,0,"[('Alpelisib', 0.05, 'uM')]",40,17.546291513508432,0.0003772352188727157,0.000745232211203761,0.000764340729439755,0.00011667239697718315,0.00030193282516441004,0.0004084686347211691,0.0002761581724054116
CVCL_1517,0,"[('Anastrozole', 0.05, 'uM')]",40,17.546291513508432,0.0003144168375147032,0.0006523201305562693,0.0006690462877500197,0.00011496451736446393,0.0001925195331260277,0.000261026455696643,0.00018510301911168787
CVCL_1517,0,"[('BAY1125976', 0.05, 'uM')]",40,17.546291513508432,0.00039889194075388176,0.00067470957243586,0.0006920098178829333,0.00010781052818019024,0.00033156737274577083,0.00039793301849167586,0.0003008905715805722
CVCL_1517,0,"[('BI-3406', 0.05, 'uM')]",40,17.546291513508432,0.00044886877074913764,0.0007811835038441691,0.0008012138500965835,0.00011648903355920095,0.00035999838966261824,0.00043688651523779746,0.0003385897494786
CVCL_1517,0,"[('BI-78D3', 0.05, 'uM')]",40,17.546291513508432,0.0003958716404250543,0.0007219976104865885,0.0007405103697298342,0.00011093853934656382,0.0003811518978416204,0.00044716303999970097,0.00035589979504175527
CVCL_1517,0,"[('Belumosudil (mesylate)', 0.05, 'uM')]",40,17.546291513508432,0.000492402619637928,0.0008210081104070088,0.0008420596004174443,0.00012360647338437774,0.0003180447447343148,0.0003620129606253103,0.00030520030839845135
CVCL_1517,0,"[('Belzutifan', 0.05, 'uM')]",38,17.078658579652934,0.002164790518536904,0.0037611477599046143,0.0038628004020641975,0.0001819597266408738,0.002930850277761433,0.0027990364286780683,0.0031647188370323
CVCL_1517,0,"[('Bentamapimod', 0.05, 'uM')]",40,17.546291513508432,0.0004929234488032659,0.0008331990321455157,0.0008545631098928365,0.00014774276432447225,0.00024934718661593584,0.000292621234724087,0.00023006143480929053
CVCL_1517,0,"[('Bimiralisib', 0.05, 'uM')]",40,17.546291513508432,0.000605317349202817,0.0008702735347491596,0.0008925882407683685,0.00018551151614127888,0.00047428188455750267,0.000615695064494102,0.0004140922198329136
CVCL_1517,0,"[('Binimetinib', 0.05, 'uM')]",40,17.546291513508432,0.0009959987684902112,0.00128418348264177,0.0013171112642479685,0.0003341556974472362,0.0009434946428093119,0.001207131566034895,0.0008932397811272256
CVCL_1517,0,"[('Bortezomib', 0.05, 'uM')]",40,17.546291513508432,0.003320929300624723,0.003829846277492991,0.003928047464095374,0.0019185777176907253,0.0030079260520299213,0.004664490499066337,0.002482575978673141
CVCL_1517,0,"[('Brivudine', 0.05, 'uM')]",40,17.546291513508432,0.0003881963694385377,0.0006971869385977038,0.0007150635267668755,0.00010025689410789517,0.0003411969302932953,0.00043693350987280535,0.00031771596671181936
CVCL_1517,0,"[('CP21R7', 0.05, 'uM')]",40,17.546291513508432,0.0003195311087193412,0.0006571438477860185,0.0006739936900369419,8.739340534077067e-05,0.0002125731810536064,0.00024069304662501444,0.00018823773450447317
CVCL_1517,0,"[('Capivasertib', 0.05, 'uM')]",40,17.546291513508432,0.0003397435383890133,0.0006380590656362215,0.0006544195544986884,9.698603106791527e-05,0.0003011019947842953,0.0004081743877333167,0.00029037169011946574
CVCL_1517,0,"[('Capmatinib', 0.05, 'uM')]",40,17.546291513508432,0.0004612741823194142,0.0008261651792788218,0.0008473489018244321,9.112261931676633e-05,0.00034389533747227884,0.0003776087481482184,0.0003070724030679849
CVCL_1517,0,"[('Celecoxib', 0.05, 'uM')]",40,17.546291513508432,0.00034713966443927,0.0008238191536383252,0.0008449427216803331,0.00012357531853739777,0.00022912097962888572,0.0002582612149212162,0.0002149705191587888
CVCL_1517,0,"[('DT-061', 0.05, 'uM')]",40,17.546291513508432,0.0003548329805520946,0.0008664082487978874,0.0008886238449209098,0.00010328916990320361,0.00024340306234438343,0.0002300712950088833,0.00022031088637910175
CVCL_1517,0,"[('DTP3', 0.05, 'uM')]",24,12.818960607118294,0.018430486130262415,0.016909098877861167,0.017644277089942085,0.0007324028538345895,0.008249164157568021,0.0077031105120734696,0.009052087614180287
CVCL_1517,0,"[('Dabrafenib', 0.05, 'uM')]",40,17.546291513508432,0.0004298061126680296,0.0008363979238772279,0.0008578440244894645,0.00012226055128616286,0.00028942920158566175,0.00034510812575229465,0.0002864028730963915
CVCL_1517,0,"[('ERK5-IN-2', 0.05, 'uM')]",40,17.546291513508432,0.0004045801831670132,0.0007156906538550634,0.0007340416962616032,0.0001372934785489105,0.0005412333283274862,0.0005915194691124783,0.0005299626933262351
CVCL_1517,0,"[('ETC-206', 0.05, 'uM')]",40,17.546291513508432,0.00028630386334157023,0.0005114997332585796,0.0005246151110344406,8.438347537888577e-05,0.00018777883428428065,0.000226624478704585,0.0001749538219857813
CVCL_1517,0,"[('EX229', 0.05, 'uM')]",40,17.546291513508432,0.0006699225830584757,0.0011968806502169831,0.001227569897658444,0.00020699653570243988,0.0006539631342256049,0.0008847020654241798,0.0005440981794024486
CVCL_1517,0,"[('Elimusertib hydrochloride', 0.05, 'uM')]",40,17.546291513508432,0.0013350362695886046,0.0017240025352218806,0.0017682077284326973,0.00040393653359951026,0.0013695930513009207,0.0018281561888197281,0.0013046539996426632
CVCL_1517,0,"[('Encorafenib', 0.05, 'uM')]",40,17.546291513508432,0.000362419597477018,0.0005951986323412642,0.0006104601357346297,0.00010695091107392255,0.00033954795320877075,0.0004401310093694296,0.0003223660412208501
CVCL_1517,0,"[('Erdafitinib ', 0.05, 'uM')]",40,17.546291513508432,0.0003515242459282278,0.0006312861826066775,0.0006474730078017204,0.00010056885492391598,0.00024174970261584675,0.000306085426821507,0.00022544318769005428
CVCL_1517,0,"[('Everolimus', 0.05, 'uM')]",40,17.546291513508432,0.0003671547074838453,0.0006148716598814358,0.0006306375998783954,8.555540191604406e-05,0.00024986336512894375,0.0002628563343560233,0.00021958378641328207
CVCL_1517,0,"[('Futibatinib', 0.05, 'uM')]",40,17.546291513508432,0.0003762139783773114,0.000677911747110035,0.0006952940996000355,0.00016581829618709504,0.0002790856897081941,0.0004714425343788871,0.00026072270577810346
CVCL_1517,0,"[('GSK1059615', 0.05, 'uM')]",40,17.546291513508432,0.0004553049485834681,0.0007064932220470128,0.0007246084328687308,0.00013043739830738866,0.0004411541548169933,0.0005561141249740059,0.00039129408918940796
CVCL_1517,0,"[('Gemcitabine', 0.05, 'uM')]",40,17.546291513508432,0.0004594525831841274,0.0006310574100026351,0.0006472383692334718,0.00012593130081900157,0.0005242662198652212,0.000642170627583951,0.00045368853753608574
CVCL_1517,0,"[('HI-TOPK-032', 0.05, 'uM')]",40,17.546291513508432,0.0005238017763578302,0.0009730067025195668,0.0009979555923277602,0.00017011688465059393,0.0003511930858552805,0.00041074500897440456,0.0003510234188676987
CVCL_1517,0,"[('Hydroxyfasudil', 0.05, 'uM')]",37,17.32581194697269,0.0028436890276118225,0.003122972901135944,0.0032097221483897197,0.00026713877612635995,0.002213652839253915,0.0025388334936015692,0.0022029055149457707
CVCL_1517,0,"[('IQ 1', 0.05, 'uM')]",40,17.546291513508432,0.00037149679421182133,0.0006159940210593405,0.0006317887395480413,0.00012524004937724552,0.0004893050928055125,0.0006719407476132175,0.00045370188600202173
CVCL_1517,0,"[('Infigratinib', 0.05, 'uM')]",40,17.546291513508432,0.00045600696765642483,0.000658705410528832,0.0006755952928500839,0.00017774588150909075,0.0004682090183423423,0.0006326989992356895,0.00043080276053916375
CVCL_1517,0,"[('Ipatasertib', 0.05, 'uM')]",40,17.546291513508432,0.0005160773454376106,0.0008554291212761411,0.0008773632013088624,0.00014450431227886265,0.00038930738867793123,0.0004781011996444221,0.00033437281270034934
CVCL_1517,0,"[('Irinotecan', 0.05, 'uM')]",40,17.546291513508432,0.00034494758504432073,0.0005880719422554889,0.0006031507100056295,0.00010012086684553144,0.00025317560324245134,0.0002756076024564608,0.0002364391750746155
CVCL_1517,0,"[('Ixazomib', 0.05, 'uM')]",40,17.546291513508432,0.0005071403598461988,0.0009662350201943842,0.0009910102771224455,0.00011885551103695654,0.0004816626978376548,0.0005734050354435227,0.000437115652587424
CVCL_1517,0,"[('LB-100', 0.05, 'uM')]",40,17.546291513508432,0.00028242088243232943,0.0005138278262974011,0.000527002898766565,0.0001005678457088559,0.00025033783991381656,0.00031233812318441867,0.0002207339594000604
CVCL_1517,0,"[('LJI308', 0.05, 'uM')]",40,17.546291513508432,0.0007030993383754742,0.0009738616308921793,0.0009988324419406961,0.00027573732221021117,0.0006054666991518725,0.0009504256008972634,0.0005449704756634188
CVCL_1517,0,"[('LY-2584702 (tosylate salt)', 0.05, 'uM')]",40,17.546291513508432,0.00035867856879713675,0.0007559159120947833,0.0007752983713792648,0.00011760321887630916,0.0003057746619895183,0.0004350149013435658,0.0002934950228265436
CVCL_1517,0,"[('LY2090314', 0.05, 'uM')]",40,17.546291513508432,0.0003498879669175074,0.0007509248345779281,0.0007701793175158236,0.00010544546082662686,0.00030944850272499925,0.0003384458576249847,0.00029545556029228335
CVCL_1517,0,"[('Lapatinib ditosylate', 0.05, 'uM')]",40,17.546291513508432,0.0003393839947552625,0.0006011477137202553,0.0006165617576618004,8.129319797001042e-05,0.0002079864822456801,0.00021420981281123573,0.00020411627042241754
CVCL_1517,0,"[('Lonafarnib', 0.05, 'uM')]",40,17.546291513508432,0.00037053078309525275,0.0006572160822201744,0.0006740677766360761,0.00012394780361547043,0.00036956118588434803,0.00044147970040201795,0.0003249198714899414
CVCL_1517,0,"[('MK-3903', 0.05, 'uM')]",40,17.546291513508432,0.00046542179699078726,0.0007951051840540442,0.0008154924964656862,0.00014194163742786527,0.0003696669542914708,0.0004189588921185702,0.00033191419131740505
CVCL_1517,0,"[('MK-8353', 0.05, 'uM')]",40,17.546291513508432,0.0003428187565248251,0.0006407639167615547,0.0006571937607810819,0.00010896979368467016,0.0002383298351408264,0.0002899524902865406,0.00022311284961509489
CVCL_1517,0,"[('ML264', 0.05, 'uM')]",40,17.546291513508432,0.00038171252494514164,0.0006553532299514216,0.0006721571589245353,0.00012701106749352808,0.00041825014681804855,0.0005258782746381367,0.0003933931282373521
CVCL_1517,0,"[('Methylprednisolone succinate', 0.05, 'uM')]",24,15.612705458612272,0.02421871386322911,0.02176976723276528,0.022716278851581163,0.0011636367477959105,0.005746477504360435,0.005007894313294742,0.007565322535129489
CVCL_1517,0,"[('Minodronic acid', 0.05, 'uM')]",40,17.546291513508432,0.00039398732489579873,0.0008515010615818321,0.0008733344221352119,0.0001444575862503424,0.00027911800212068613,0.000371326655926696,0.00023728235292108844
CVCL_1517,0,"[('NG25', 0.05, 'uM')]",40,17.546291513508432,0.0004253314631005736,0.0007372582086812897,0.000756162265314143,0.00014168217794020794,0.0004146790572396267,0.00054836162464793,0.0003833544654468517
CVCL_1517,0,"[('NVP-BHG712', 0.05, 'uM')]",40,17.546291513508432,0.0003950720374024408,0.0007433172866585931,0.0007623767042652233,0.00012272452571382165,0.0003428625973720557,0.00038556671921134586,0.0003313985601744406
CVCL_1517,0,"[('OTS514', 0.05, 'uM')]",40,17.546291513508432,0.0004416320866855783,0.0007667970084956278,0.0007864584702519256,0.0002160148750626829,0.0003180153627071738,0.0005202731302015229,0.0002960856365126926
CVCL_1517,0,"[('Oleic acid', 0.05, 'uM')]",40,17.546291513508432,0.0003293120984892359,0.0007682682601869674,0.0007879674463456074,0.00012782419925010374,0.00020100754355434447,0.00027259255451613906,0.0001838149215839778
CVCL_1517,0,"[('Oxaliplatin', 0.05, 'uM')]",40,17.546291513508432,0.00042787201055036704,0.0006905357748093606,0.0007082418203172927,0.0001518662285202292,0.0003292119459498033,0.0004918334952030768,0.0003085858782061641
CVCL_1517,0,"[('PF-06260933', 0.05, 'uM')]",24,11.386132026012255,0.023445499092219067,0.02074465420267207,0.02164659568974477,0.001039290810725609,0.006915847010371888,0.00609539129035449,0.008228599797921846
CVCL_1517,0,"[('PH-797804', 0.05, 'uM')]",40,17.546291513508432,0.00035933853332109996,0.0007084172248229356,0.0007265817690491646,9.390990329344678e-05,0.0002980747293776663,0.0003592107052835494,0.0002470763678762396
CVCL_1517,0,"[('Paclitaxel', 0.05, 'uM')]",40,17.546291513508432,0.00037916251083192336,0.000593292974432847,0.0006085056148029197,0.0001422488530665049,0.00030609405876112555,0.0003939180082638033,0.0002897352292039773
CVCL_1517,0,"[('Pemigatinib', 0.05, 'uM')]",40,17.546291513508432,0.0004030790635747507,0.0008057024429016118,0.0008263614798990884,0.00013922873930691322,0.0003327245169285813,0.0005073685584283311,0.00029351041472542395
CVCL_1517,0,"[('Pimitespib', 0.05, 'uM')]",40,17.546291513508432,0.0004922808934173629,0.0006806669769608299,0.0006981199763700819,0.00011077855318467052,0.0004124939484174539,0.0005196837241203504,0.00036885323583423657
CVCL_1517,0,"[('Pralsetinib', 0.05, 'uM')]",40,17.546291513508432,0.0004587982157337226,0.0007641524480773787,0.0007837461005921833,0.00010722868081982337,0.00032052293257382107,0.00036142116740806236,0.00028904580992938775
CVCL_1517,0,"[('RMC-6236', 0.05, 'uM')]",40,17.546291513508432,0.0004788606469448913,0.0008467118459498299,0.0008684224061023893,0.00016691473248867648,0.0004305128374882875,0.0005702903032017734,0.000381420383611581
CVCL_1517,0,"[('Ralimetinib dimesylate', 0.05, 'uM')]",18,9.250307414207972,0.018886024967135408,0.01993914522014245,0.021112036115444946,0.0014067940728110728,0.0035086626458698663,0.002440792290005043,0.004882789756091467
CVCL_1517,0,"[('Regorafenib', 0.05, 'uM')]",40,17.546291513508432,0.0003496928950887017,0.000674402751906412,0.0006916951301604222,0.000109370949361592,0.000173046723651846,0.0001869103146934884,0.00017410754684827438
CVCL_1517,0,"[('SBI-0640756', 0.05, 'uM')]",40,17.546291513508432,0.00039998511282577986,0.0006502417607171347,0.0006669146263765483,9.319396912140146e-05,0.0002101397747809911,0.0002227476238420003,0.00020690571526425233
CVCL_1517,0,"[('Sapanisertib', 0.05, 'uM')]",40,17.546291513508432,0.0005929973555393287,0.0008686019153417255,0.0008908737593248464,0.00020458244505756868,0.0003880892430503045,0.0005108553426209701,0.0003614822854141628
CVCL_1517,0,"[('Sonidegib', 0.05, 'uM')]",39,17.50213375154286,0.004500356920728984,0.008138649707980101,0.00835282470029537,0.0005654585859744081,0.001573356896580312,0.001641573561302806,0.0017246381493902937
CVCL_1517,0,"[('TAK-733', 0.05, 'uM')]",40,17.546291513508432,0.00046347689154121584,0.0007247583547322606,0.0007433419022894979,0.0001414244826547228,0.0002940258656359397,0.0003636596814813452,0.0002798609315974542
CVCL_1517,0,"[('TAK-901', 0.05, 'uM')]",40,17.546291513508432,0.0009156171830019898,0.0013366862168018377,0.001370960222360859,0.00025652091894133713,0.0007738528878063484,0.0010090125195394482,0.0006888052162539442
CVCL_1517,0,"[('Temuterkib', 0.05, 'uM')]",40,17.546291513508432,0.0003608069779202083,0.0006438693685990367,0.0006603788395887552,0.00013112652762233665,0.0002467213234864167,0.0003178809519067575,0.0002350285135416205
CVCL_1517,0,"[('Tomivosertib', 0.05, 'uM')]",40,17.546291513508432,0.0004418362887667568,0.0007043462917282618,0.0007224064530546272,0.00014100634530963174,0.000445504149417602,0.0005806234764343135,0.0003947216545784477
CVCL_1517,0,"[('Torkinib', 0.05, 'uM')]",40,17.546291513508432,0.00039478448139984584,0.000704265648773496,0.0007223237423317906,0.00013301885101115965,0.0003195140153125812,0.00038049978072590137,0.00029454412792878214
CVCL_1517,0,"[('Trametinib', 0.05, 'uM')]",40,17.546291513508432,0.0005592397436855657,0.0009006851864570384,0.0009237796784174754,0.0001941854740863913,0.0004684834527928235,0.000644664669551258,0.00045892059001862107
CVCL_1517,0,"[('Tubulin inhibitor 6', 0.05, 'uM')]",40,17.546291513508432,0.0003058765040689028,0.0006781232976343287,0.0006955110744967473,9.483553440785426e-05,0.00023816373825304282,0.0002918457364351751,0.00022742300662485242
CVCL_1517,0,"[('Tucatinib', 0.05, 'uM')]",40,17.546291513508432,0.00037648467251896533,0.0006587438474340147,0.0006756347153169382,0.0001091551895375355,0.00039367867952184613,0.000516184244623956,0.00036453905990386826
CVCL_1517,0,"[('ULK-101', 0.05, 'uM')]",40,17.546291513508432,0.0005815672716397238,0.0008973528211151648,0.0009203618678104254,0.0001833097721446727,0.00038290971927123926,0.000473510080540632,0.0003315394734279682
CVCL_1517,0,"[('Vemurafenib', 0.05, 'uM')]",40,17.546291513508432,0.00034329887881651237,0.0006220477220871789,0.0006379976636791577,0.0001029752036048056,0.0002567268253682879,0.0002694181736577491,0.0002524846304980184
CVCL_1517,0,"[('Volasertib', 0.05, 'uM')]",40,17.546291513508432,0.0003192814130816631,0.0006184366076093191,0.0006342939565223783,9.656886923677686e-05,0.0001696547751238196,0.00018405554745875812,0.00016402185085408424
CVCL_1517,0,"[('XRK3F2', 0.05, 'uM')]",40,17.546291513508432,0.0004044789540209846,0.0006387022244907174,0.0006550792046058639,0.00011122073149054771,0.0002884617576045228,0.0003738368024679831,0.000265950111597253
CVCL_1517,0,"[('c-Kit-IN-1', 0.05, 'uM')]",17,8.899328442448617,0.015621080453197865,0.012618071011455106,0.013406700449671053,0.0011793264745031582,0.006914933189955999,0.00769941598691752,0.007512762433341771
CVCL_1517,0,"[('olaparib', 0.05, 'uM')]",32,14.843295107485757,0.029046572386924895,0.0249488948455848,0.025753697905119798,0.0008917493713550142,0.0063966328646484555,0.005467798416760867,0.008877947188738751
CVCL_1517,0,"[('palbociclib', 0.05, 'uM')]",40,17.546291513508432,0.00044029824696044964,0.0008476996996902567,0.0008694355894259041,0.000148567535055647,0.0003812581210346394,0.0004814110712094534,0.00037273375132857356
CVCL_1517,0,"[('venetoclax', 0.05, 'uM')]",40,17.546291513508432,0.0007177147909419452,0.000990737299667327,0.001016140820171617,0.0002684286652787493,0.0006270229541779393,0.0007788112860445066,0.0005804060923714929
CVCL_1517,0,"[('vincristine', 0.05, 'uM')]",40,17.546291513508432,0.0004811352279628342,0.0010632808107959915,0.0010905444213292217,0.00014742677268435894,0.000558419643987726,0.0006743557302155252,0.0005053225664669099
CVCL_1731,0,"[('4EGI-1', 0.05, 'uM')]",40,30.82296942693886,0.0007389733259575162,0.0007388607858606055,0.0007578059342160057,8.740858039260812e-05,0.00032321524990399785,0.0004029410489321311,0.00032198418975763987
CVCL_1731,0,"[('9-ING-41', 0.05, 'uM')]",40,30.82296942693886,0.0009959984148456206,0.0010291597824828131,0.0010555484948541673,0.0001119507442466316,0.0003183153424081148,0.0004329791398347717,0.0003138832507527204
CVCL_1731,0,"[('APTO-253', 0.05, 'uM')]",40,30.82296942693886,0.0006273316142060327,0.0006139420835750434,0.0006296841882820956,0.00013372228843355226,0.00023170739351029496,0.0003895209661768126,0.00022847646558515815
CVCL_1731,0,"[('AT7519', 0.05, 'uM')]",40,30.82296942693886,0.0005757999598034665,0.0005448186590802604,0.0005587883682874465,0.00010346661195036811,0.00030121541621678827,0.0004294705984790217,0.00029346470393375846
CVCL_1731,0,"[('AZD-7648', 0.05, 'uM')]",40,30.82296942693886,0.000729493334023055,0.000727895800566569,0.0007465597954528912,0.00013342593330896272,0.0002437652947057031,0.0004026062766861047,0.00024127970800596444
CVCL_1731,0,"[('AZD-8055', 0.05, 'uM')]",40,30.82296942693886,0.0007963859684726618,0.0007541221426978874,0.0007734586078952693,0.00013894846013001356,0.0004575199856550227,0.0006324535575105088,0.0004412051105432906
CVCL_1731,0,"[('AZD1390', 0.05, 'uM')]",40,30.82296942693886,0.0006222096794442099,0.000611004521289883,0.0006266713038870594,0.00010469018079329012,0.0002670235040582057,0.00040939230939147204,0.0002666143907235212
CVCL_1731,0,"[('AZD2858', 0.05, 'uM')]",40,30.82296942693886,0.0006675304233083182,0.0006321088707110693,0.0006483167904728916,0.0001104217352242047,0.00030320737516555265,0.0004294757803979374,0.0002960012732536851
CVCL_1731,0,"[('Abemaciclib', 0.05, 'uM')]",19,15.882827845655779,0.026084689243694722,0.024005627781278776,0.025339273769127608,0.0014407135267045026,0.00945817707507899,0.009074175077770147,0.00961175707913291
CVCL_1731,0,"[('Adagrasib', 0.05, 'uM')]",40,30.82296942693886,0.0006328920854096302,0.0005771121000121438,0.0005919098461663009,5.6654676021617134e-05,0.00016332559883603238,0.00021793799393813736,0.00016622525467889675
CVCL_1731,0,"[('Afatinib', 0.05, 'uM')]",40,30.82296942693886,0.0008091963782626255,0.0007887998169404113,0.000809025453272217,0.00010380008407866692,0.0005011313572918732,0.0006239092665429278,0.0004849406010910127
CVCL_1731,0,"[('Alpelisib', 0.05, 'uM')]",40,30.82296942693886,0.0007602877625414189,0.000745232211203761,0.000764340729439755,0.00011667239697718315,0.00030685670668717914,0.00045693218048526156,0.00030155929763277776
CVCL_1731,0,"[('Anastrozole', 0.05, 'uM')]",40,30.82296942693886,0.0006529825932151839,0.0006523201305562693,0.0006690462877500197,0.00011496451736446393,0.0002358003848607977,0.00035905930924719253,0.0002353686248506653
CVCL_1731,0,"[('BAY1125976', 0.05, 'uM')]",40,30.82296942693886,0.000693163475711122,0.00067470957243586,0.0006920098178829333,0.00010781052818019024,0.0003626365928349624,0.0005214947423452092,0.0003501525487787333
CVCL_1731,0,"[('BI-3406', 0.05, 'uM')]",40,30.82296942693886,0.0007895413234833235,0.0007811835038441691,0.0008012138500965835,0.00011648903355920095,0.0004471779420388781,0.0006143298694066798,0.0004284516176456487
CVCL_1731,0,"[('BI-78D3', 0.05, 'uM')]",40,30.82296942693886,0.0007119814669115652,0.0007219976104865885,0.0007405103697298342,0.00011093853934656382,0.0003349223532488001,0.0004863305930392002,0.0003255557286138012
CVCL_1731,0,"[('Belumosudil (mesylate)', 0.05, 'uM')]",40,30.82296942693886,0.0008620222770663485,0.0008210081104070088,0.0008420596004174443,0.00012360647338437774,0.00028567546995721495,0.0003605954169629467,0.0002890561019909709
CVCL_1731,0,"[('Belzutifan', 0.05, 'uM')]",38,28.986844501466788,0.003354308086510205,0.0037611477599046143,0.0038628004020641975,0.0001819597266408738,0.0017269752643237282,0.0017828164810476247,0.001744920699820899
CVCL_1731,0,"[('Bentamapimod', 0.05, 'uM')]",40,30.82296942693886,0.0008449865789123001,0.0008331990321455157,0.0008545631098928365,0.00014774276432447225,0.0005565962947440173,0.0007610010040092057,0.0005362831289501512
CVCL_1731,0,"[('Bimiralisib', 0.05, 'uM')]",40,30.82296942693886,0.000941573857380322,0.0008702735347491596,0.0008925882407683685,0.00018551151614127888,0.0006803070591648307,0.0009169521664486883,0.0006522053959450535
CVCL_1731,0,"[('Binimetinib', 0.05, 'uM')]",40,30.82296942693886,0.0014433893342521357,0.00128418348264177,0.0013171112642479685,0.0003341556974472362,0.0009726211333275733,0.0014543049591949702,0.0009372567352166738
CVCL_1731,0,"[('Bortezomib', 0.05, 'uM')]",40,30.82296942693886,0.003929645204954269,0.003829846277492991,0.003928047464095374,0.0019185777176907253,0.003603901413100507,0.005614495920789533,0.0034754274591767887
CVCL_1731,0,"[('Brivudine', 0.05, 'uM')]",40,30.82296942693886,0.0007240799542083957,0.0006971869385977038,0.0007150635267668755,0.00010025689410789517,0.00039481026582827237,0.0005378005512247009,0.0003869683510755608
CVCL_1731,0,"[('CP21R7', 0.05, 'uM')]",40,30.82296942693886,0.0006554136455612352,0.0006571438477860185,0.0006739936900369419,8.739340534077067e-05,0.0002254498549678956,0.00030360401197699385,0.00022661459492717584
CVCL_1731,0,"[('Capivasertib', 0.05, 'uM')]",40,30.82296942693886,0.0006483533162636542,0.0006380590656362215,0.0006544195544986884,9.698603106791527e-05,0.00029237267196774886,0.0004207229319850561,0.0002858963219869125
CVCL_1731,0,"[('Capmatinib', 0.05, 'uM')]",40,30.82296942693886,0.00083375432499556,0.0008261651792788218,0.0008473489018244321,9.112261931676633e-05,0.00045084808837947746,0.0005946722242130958,0.0004348533292435629
CVCL_1731,0,"[('Celecoxib', 0.05, 'uM')]",40,30.82296942693886,0.0008298515609060675,0.0008238191536383252,0.0008449427216803331,0.00012357531853739777,0.0002860754441763848,0.00045281118886273097,0.0002824813928587812
CVCL_1731,0,"[('DT-061', 0.05, 'uM')]",40,30.82296942693886,0.0008585427800431069,0.0008664082487978874,0.0008886238449209098,0.00010328916990320361,0.00028026626438341034,0.00039139480168052544,0.0002763424625368585
CVCL_1731,0,"[('DTP3', 0.05, 'uM')]",24,20.323136834017426,0.017697863113209422,0.016909098877861167,0.017644277089942085,0.0007324028538345895,0.035991722508269125,0.03549909529347188,0.03602642139194937
CVCL_1731,0,"[('Dabrafenib', 0.05, 'uM')]",40,30.82296942693886,0.0008487133292570493,0.0008363979238772279,0.0008578440244894645,0.00012226055128616286,0.00037391135981270415,0.0005544174118537024,0.0003716116538558893
CVCL_1731,0,"[('ERK5-IN-2', 0.05, 'uM')]",40,30.82296942693886,0.0006942642229963521,0.0007156906538550634,0.0007340416962616032,0.0001372934785489105,0.0003558177879618335,0.0005570281418576219,0.0003496650729891907
CVCL_1731,0,"[('ETC-206', 0.05, 'uM')]",40,30.82296942693886,0.0005237978090032687,0.0005114997332585796,0.0005246151110344406,8.438347537888577e-05,0.00019914299075594893,0.00029016978101955166,0.0001992827270480849
CVCL_1731,0,"[('EX229', 0.05, 'uM')]",40,30.82296942693886,0.0011980428305494895,0.0011968806502169831,0.001227569897658444,0.00020699653570243988,0.0008602086491966801,0.001183882451896666,0.0008336010569613388
CVCL_1731,0,"[('Elimusertib hydrochloride', 0.05, 'uM')]",40,30.82296942693886,0.0018335498939113695,0.0017240025352218806,0.0017682077284326973,0.00040393653359951026,0.0015465258582965558,0.002251130833120114,0.0014906325023701717
CVCL_1731,0,"[('Encorafenib', 0.05, 'uM')]",40,30.82296942693886,0.0006187855446392344,0.0005951986323412642,0.0006104601357346297,0.00010695091107392255,0.00034679146399071824,0.0004925639152036375,0.00033517232884071335
CVCL_1731,0,"[('Erdafitinib ', 0.05, 'uM')]",40,30.82296942693886,0.0006336360816400097,0.0006312861826066775,0.0006474730078017204,0.00010056885492391598,0.00026875626724887986,0.00037203159339273316,0.0002678472286209447
CVCL_1731,0,"[('Everolimus', 0.05, 'uM')]",40,30.82296942693886,0.0006288032207109075,0.0006148716598814358,0.0006306375998783954,8.555540191604406e-05,0.00034056919432751213,0.00042496248892437915,0.0003336509954276792
CVCL_1731,0,"[('Futibatinib', 0.05, 'uM')]",40,30.82296942693886,0.0007013928064563387,0.000677911747110035,0.0006952940996000355,0.00016581829618709504,0.0003070970586610501,0.0004986614586971626,0.0003057835205249516
CVCL_1731,0,"[('GSK1059615', 0.05, 'uM')]",40,30.82296942693886,0.0007531375844357044,0.0007064932220470128,0.0007246084328687308,0.00013043739830738866,0.0003381886505419277,0.0004888794980191585,0.00032732480068616406
CVCL_1731,0,"[('Gemcitabine', 0.05, 'uM')]",40,30.82296942693886,0.0006795066941301111,0.0006310574100026351,0.0006472383692334718,0.00012593130081900157,0.0005449864589478601,0.0008170923977235966,0.0005114837424605599
CVCL_1731,0,"[('HI-TOPK-032', 0.05, 'uM')]",40,30.82296942693886,0.0009364234407750097,0.0009730067025195668,0.0009979555923277602,0.00017011688465059393,0.0003457296687876473,0.0005085077356171961,0.00034030587549119105
CVCL_1731,0,"[('Hydroxyfasudil', 0.05, 'uM')]",37,28.940961852196878,0.003808920359761398,0.003122972901135944,0.0032097221483897197,0.00026713877612635995,0.001727626384388595,0.0020599040856658438,0.0017091187235521894
CVCL_1731,0,"[('IQ 1', 0.05, 'uM')]",40,30.82296942693886,0.0006343662279648215,0.0006159940210593405,0.0006317887395480413,0.00012524004937724552,0.00035880853651479175,0.000529616379377239,0.00035376055729840935
CVCL_1731,0,"[('Infigratinib', 0.05, 'uM')]",40,30.82296942693886,0.0007092876375762193,0.000658705410528832,0.0006755952928500839,0.00017774588150909075,0.0003125740114871873,0.0005047020950007981,0.00030597639199871567
CVCL_1731,0,"[('Ipatasertib', 0.05, 'uM')]",40,30.82296942693886,0.0008715684912879129,0.0008554291212761411,0.0008773632013088624,0.00014450431227886265,0.0005811903992588759,0.0007969676424586333,0.0005574222325955511
CVCL_1731,0,"[('Irinotecan', 0.05, 'uM')]",40,30.82296942693886,0.000602779230980306,0.0005880719422554889,0.0006031507100056295,0.00010012086684553144,0.00031305463472703965,0.00043242753050995377,0.00030362553243218815
CVCL_1731,0,"[('Ixazomib', 0.05, 'uM')]",40,30.82296942693886,0.0009593095023164831,0.0009662350201943842,0.0009910102771224455,0.00011885551103695654,0.0004377177819824339,0.0005621661202955475,0.00042960342704287835
CVCL_1731,0,"[('LB-100', 0.05, 'uM')]",40,30.82296942693886,0.0005309970666889741,0.0005138278262974011,0.000527002898766565,0.0001005678457088559,0.00019679105386136533,0.00030614104301576354,0.00019725316023998856
CVCL_1731,0,"[('LJI308', 0.05, 'uM')]",40,30.82296942693886,0.0010238563819952482,0.0009738616308921793,0.0009988324419406961,0.00027573732221021117,0.00047737451702425536,0.0007397100080305612,0.00047355728396681056
CVCL_1731,0,"[('LY-2584702 (tosylate salt)', 0.05, 'uM')]",40,30.82296942693886,0.0007044053961372852,0.0007559159120947833,0.0007752983713792648,0.00011760321887630916,0.00032567342488414865,0.0004871929752888239,0.0003212173564055043
CVCL_1731,0,"[('LY2090314', 0.05, 'uM')]",40,30.82296942693886,0.0007816897381557642,0.0007509248345779281,0.0007701793175158236,0.00010544546082662686,0.0004113360809871558,0.000563580848197672,0.000402986589416191
CVCL_1731,0,"[('Lapatinib ditosylate', 0.05, 'uM')]",40,30.82296942693886,0.0006234356695526484,0.0006011477137202553,0.0006165617576618004,8.129319797001042e-05,0.00030084271276286653,0.00038411749741209096,0.0002998496746376559
CVCL_1731,0,"[('Lonafarnib', 0.05, 'uM')]",40,30.82296942693886,0.0006850732730168499,0.0006572160822201744,0.0006740677766360761,0.00012394780361547043,0.00025700635202382946,0.0003955697002020043,0.00025697007969126116
CVCL_1731,0,"[('MK-3903', 0.05, 'uM')]",40,30.82296942693886,0.0008029254560219121,0.0007951051840540442,0.0008154924964656862,0.00014194163742786527,0.0003527050396453262,0.0005449686863466838,0.0003407044589174385
CVCL_1731,0,"[('MK-8353', 0.05, 'uM')]",40,30.82296942693886,0.0006642243656524659,0.0006407639167615547,0.0006571937607810819,0.00010896979368467016,0.000321117762858411,0.0004795612414420738,0.00031042004344235627
CVCL_1731,0,"[('ML264', 0.05, 'uM')]",40,30.82296942693886,0.0006764119239378843,0.0006553532299514216,0.0006721571589245353,0.00012701106749352808,0.0003510482416840727,0.000544697538408164,0.0003416920495136461
CVCL_1731,0,"[('Minodronic acid', 0.05, 'uM')]",40,30.82296942693886,0.0008885366119387354,0.0008515010615818321,0.0008733344221352119,0.0001444575862503424,0.0002558502692845516,0.0004208971284886527,0.00025574631449758374
CVCL_1731,0,"[('NG25', 0.05, 'uM')]",40,30.82296942693886,0.0007635135990099634,0.0007372582086812897,0.000756162265314143,0.00014168217794020794,0.000513425081611111,0.000681164826545211,0.0005008785709835243
CVCL_1731,0,"[('NVP-BHG712', 0.05, 'uM')]",40,30.82296942693886,0.0007565054758030315,0.0007433172866585931,0.0007623767042652233,0.00012272452571382165,0.0003687261822998538,0.0005275658528459945,0.00036355445261239926
CVCL_1731,0,"[('OTS514', 0.05, 'uM')]",40,30.82296942693886,0.0007994618128185119,0.0007667970084956278,0.0007864584702519256,0.0002160148750626829,0.00024847265620775053,0.0004895804470671787,0.0002491967840235698
CVCL_1731,0,"[('Oleic acid', 0.05, 'uM')]",40,30.82296942693886,0.0007971945617731096,0.0007682682601869674,0.0007879674463456074,0.00012782419925010374,0.00030331673027595265,0.0004443191426188895,0.00030142998240244236
CVCL_1731,0,"[('Oxaliplatin', 0.05, 'uM')]",40,30.82296942693886,0.0007310568121163328,0.0006905357748093606,0.0007082418203172927,0.0001518662285202292,0.00045823021450735124,0.000705677278114484,0.00043522038531953767
CVCL_1731,0,"[('PF-06260933', 0.05, 'uM')]",24,19.11730252878926,0.02238396750048989,0.02074465420267207,0.02164659568974477,0.001039290810725609,0.008625413434377671,0.008203314927048415,0.008758251495218663
CVCL_1731,0,"[('PH-797804', 0.05, 'uM')]",40,30.82296942693886,0.0007315971168995323,0.0007084172248229356,0.0007265817690491646,9.390990329344678e-05,0.00044999183964676646,0.0005750956639147924,0.00044594798705300436
CVCL_1731,0,"[('Paclitaxel', 0.05, 'uM')]",40,30.82296942693886,0.0006193153151862509,0.000593292974432847,0.0006085056148029197,0.0001422488530665049,0.00031744964151430796,0.0004944708675120223,0.0003103089341356476
CVCL_1731,0,"[('Pemigatinib', 0.05, 'uM')]",40,30.82296942693886,0.0008170072761857566,0.0008057024429016118,0.0008263614798990884,0.00013922873930691322,0.0004131257148051243,0.0005864739459304535,0.0004041919718492637
CVCL_1731,0,"[('Pimitespib', 0.05, 'uM')]",40,30.82296942693886,0.0007155878687744219,0.0006806669769608299,0.0006981199763700819,0.00011077855318467052,0.0003321320958731999,0.0004833339065186103,0.0003273035341044005
CVCL_1731,0,"[('Pralsetinib', 0.05, 'uM')]",40,30.82296942693886,0.0008281738719695326,0.0007641524480773787,0.0007837461005921833,0.00010722868081982337,0.0003857033915796463,0.00051830152072342,0.0003657376963499093
CVCL_1731,0,"[('RMC-6236', 0.05, 'uM')]",40,30.82296942693886,0.0008844177755173559,0.0008467118459498299,0.0008684224061023893,0.00016691473248867648,0.00045703441395320807,0.0006671269670297926,0.0004440601578846321
CVCL_1731,0,"[('Ralimetinib dimesylate', 0.05, 'uM')]",18,15.093978650456473,0.020573473585938435,0.01993914522014245,0.021112036115444946,0.0014067940728110728,0.007341329072077093,0.007065510160913355,0.007564209734343802
CVCL_1731,0,"[('Regorafenib', 0.05, 'uM')]",40,30.82296942693886,0.0006705325478379489,0.000674402751906412,0.0006916951301604222,0.000109370949361592,0.0003155911231237931,0.0004557427482024138,0.0003101005033895914
CVCL_1731,0,"[('SBI-0640756', 0.05, 'uM')]",40,30.82296942693886,0.0006481558961743084,0.0006502417607171347,0.0006669146263765483,9.319396912140146e-05,0.0003203169819888726,0.00041467218152264434,0.0003102880373959312
CVCL_1731,0,"[('Sapanisertib', 0.05, 'uM')]",40,30.82296942693886,0.0008866043683099414,0.0008686019153417255,0.0008908737593248464,0.00020458244505756868,0.000440680688113799,0.0007340401271376986,0.00043828386088592405
CVCL_1731,0,"[('Sonidegib', 0.05, 'uM')]",39,29.94654849823174,0.008282991308672787,0.008138649707980101,0.00835282470029537,0.0005654585859744081,0.0022933500164871176,0.002458737409453346,0.0023517669075366373
CVCL_1731,0,"[('TAK-733', 0.05, 'uM')]",40,30.82296942693886,0.0007393630459902691,0.0007247583547322606,0.0007433419022894979,0.0001414244826547228,0.0004822350561874855,0.0006713896600381482,0.0004767849371282156
CVCL_1731,0,"[('TAK-901', 0.05, 'uM')]",40,30.82296942693886,0.0012728004221163262,0.0013366862168018377,0.001370960222360859,0.00025652091894133713,0.0006747366951048732,0.0009959303155287367,0.0006474731843931811
CVCL_1731,0,"[('Temuterkib', 0.05, 'uM')]",40,30.82296942693886,0.0006481730941383993,0.0006438693685990367,0.0006603788395887552,0.00013112652762233665,0.00027797204371860006,0.00042074538483189924,0.00027640088531972616
CVCL_1731,0,"[('Tomivosertib', 0.05, 'uM')]",40,30.82296942693886,0.0007398309426700318,0.0007043462917282618,0.0007224064530546272,0.00014100634530963174,0.0004250054714343725,0.0006483528454383125,0.0004052896739034287
CVCL_1731,0,"[('Torkinib', 0.05, 'uM')]",40,30.82296942693886,0.0007151632261758358,0.000704265648773496,0.0007223237423317906,0.00013301885101115965,0.00042936862820615296,0.000618825471773325,0.00041545303584451874
CVCL_1731,0,"[('Trametinib', 0.05, 'uM')]",40,30.82296942693886,0.0009220256423174521,0.0009006851864570384,0.0009237796784174754,0.0001941854740863913,0.0005278272941489034,0.0008060031716929499,0.0005118163322943658
CVCL_1731,0,"[('Tubulin inhibitor 6', 0.05, 'uM')]",40,30.82296942693886,0.0007156040529797364,0.0006781232976343287,0.0006955110744967473,9.483553440785426e-05,0.0002601824149241417,0.0003549284232450015,0.0002595249679287649
CVCL_1731,0,"[('Tucatinib', 0.05, 'uM')]",40,30.82296942693886,0.0006818173550974446,0.0006587438474340147,0.0006756347153169382,0.0001091551895375355,0.0003586231605454495,0.00047818506571144936,0.00035269629122574285
CVCL_1731,0,"[('ULK-101', 0.05, 'uM')]",40,30.82296942693886,0.0009494202527357107,0.0008973528211151648,0.0009203618678104254,0.0001833097721446727,0.00043114134385203675,0.0006513037689409722,0.0004140971997904945
CVCL_1731,0,"[('Vemurafenib', 0.05, 'uM')]",40,30.82296942693886,0.0006312163811722778,0.0006220477220871789,0.0006379976636791577,0.0001029752036048056,0.00032071547579115724,0.0004400457000619909,0.0003115275054790755
CVCL_1731,0,"[('Volasertib', 0.05, 'uM')]",40,30.82296942693886,0.0006252759825135285,0.0006184366076093191,0.0006342939565223783,9.656886923677686e-05,0.00022387951779275978,0.0003176652172941593,0.0002216364961511196
CVCL_1731,0,"[('XRK3F2', 0.05, 'uM')]",40,30.82296942693886,0.0006700964163185697,0.0006387022244907174,0.0006550792046058639,0.00011122073149054771,0.0004083833309175818,0.000577376389061669,0.00039909336929312326
CVCL_1731,0,"[('olaparib', 0.05, 'uM')]",32,25.68676764858264,0.023585338190511278,0.0249488948455848,0.025753697905119798,0.0008917493713550142,0.021567442985425414,0.020612001631056663,0.022243768655244186
CVCL_1731,0,"[('palbociclib', 0.05, 'uM')]",40,30.82296942693886,0.0008129655445435747,0.0008476996996902567,0.0008694355894259041,0.000148567535055647,0.000297261923547958,0.00044120283108510175,0.00029106228495081015
CVCL_1731,0,"[('venetoclax', 0.05, 'uM')]",40,30.82296942693886,0.0010564183941610726,0.000990737299667327,0.001016140820171617,0.0002684286652787493,0.0007864718534168849,0.0011353461007545093,0.0007573722771036808
CVCL_1731,0,"[('vincristine', 0.05, 'uM')]",40,30.82296942693886,0.0010333360188085725,0.0010632808107959915,0.0010905444213292217,0.00014742677268435894,0.0004499951431456299,0.0006419371154261295,0.0004394233625801494
CVCL_0023,1,"[('4EGI-1', 0.05, 'uM')]",40,30.588419647804756,0.0006944461437747355,0.000747838021406336,0.0007670133552885496,8.65371090285493e-05,0.00029532662359327104,0.00038579391634741575,0.00028694188567068634
CVCL_0023,1,"[('9-ING-41', 0.05, 'uM')]",40,30.588419647804756,0.000913559637589205,0.0010410389801110466,0.001067732287293381,0.00011188387056608172,0.00022453069165022718,0.0003343069877607561,0.00021998221858752614
CVCL_0023,1,"[('APTO-253', 0.05, 'uM')]",40,30.588419647804756,0.0005951595777530967,0.0006281435974437623,0.0006442498435320638,0.00013259830960952893,0.0002895195145031776,0.0004694502359772015,0.00027376614377308073
CVCL_0023,1,"[('AT7519', 0.05, 'uM')]",40,30.588419647804756,0.0005603857764073193,0.000565739735685095,0.0005802458827539435,0.00010696356361904744,0.00023938182607634618,0.0003472344087758889,0.00023777698877865624
CVCL_0023,1,"[('AZD-7648', 0.05, 'uM')]",40,30.588419647804756,0.0006916761015673424,0.0007451992313195434,0.00076430690391748,0.00013525157199398906,0.00029326512610895907,0.00045907642747322115,0.0002936485248731153
CVCL_0023,1,"[('AZD-8055', 0.05, 'uM')]",40,30.588419647804756,0.0007564291542545383,0.00076430365562356,0.0007839011852549333,0.00013673310609712376,0.0002962416737959357,0.0004754632939759264,0.00027944235385212645
CVCL_0023,1,"[('AZD1390', 0.05, 'uM')]",40,30.588419647804756,0.0005965831818738868,0.000628105364255392,0.0006442106300055298,0.0001057809823656371,0.00031831519117819643,0.00045868728102221835,0.00031293084450969275
CVCL_0023,1,"[('AZD2858', 0.05, 'uM')]",40,30.588419647804756,0.000649394372422696,0.0006579510763626308,0.0006748216167821854,0.00011451066990091259,0.0002809881526587535,0.00036049339521887356,0.00027629461068359696
CVCL_0023,1,"[('Abemaciclib', 0.05, 'uM')]",17,12.9191659541282,0.022925521201841593,0.021826939996498883,0.023191123746280063,0.0014887351325239707,0.03157875471263378,0.03018831839822032,0.032316939866212605
CVCL_0023,1,"[('Adagrasib', 0.05, 'uM')]",40,30.588419647804756,0.0006007591444931676,0.0006128541326652038,0.0006285683411950806,5.8317265281895224e-05,0.00021221070551509478,0.00022753641278451726,0.00024167611580676042
CVCL_0023,1,"[('Afatinib', 0.05, 'uM')]",40,30.588419647804756,0.0007955508464062163,0.0008058273267464159,0.0008264895658937598,0.00010294252887372315,0.00027898308487195984,0.00035179821415466764,0.00026845085849656116
CVCL_0023,1,"[('Alpelisib', 0.05, 'uM')]",40,30.588419647804756,0.0007328684362502305,0.0007771654035415719,0.0007970927215810991,0.0001221532945118225,0.00021941405447944472,0.0003342428714663828,0.00021452705713390007
CVCL_0023,1,"[('Anastrozole', 0.05, 'uM')]",40,30.588419647804756,0.0006188475460080281,0.0006659697270054703,0.0006830458738517642,0.00011711996998155181,0.00028101512483969177,0.0004381321409443679,0.0002721376943444668
CVCL_0023,1,"[('BAY1125976', 0.05, 'uM')]",40,30.588419647804756,0.0006739698731320557,0.0006948272160120153,0.0007126432984738617,0.00011156175739031232,0.0003292761267761258,0.00043242182870164935,0.0003186243718932859
CVCL_0023,1,"[('BI-3406', 0.05, 'uM')]",40,30.588419647804756,0.0007640898197963968,0.0008073883587550731,0.0008280906243641771,0.00011733811508760032,0.00030124083915483257,0.0004244487792738172,0.00028893086424336797
CVCL_0023,1,"[('BI-78D3', 0.05, 'uM')]",40,30.588419647804756,0.0006908180981457116,0.0007482407039437035,0.0007674263630191827,0.0001114502773730682,0.00026387413630402524,0.0003603080903599736,0.0002591411605685043
CVCL_0023,1,"[('Belumosudil (mesylate)', 0.05, 'uM')]",40,30.588419647804756,0.000785661737061302,0.0008401601012875629,0.0008617026679872441,0.00012851343375267638,0.000293710246650351,0.00036698178670595873,0.0002843303648380543
CVCL_0023,1,"[('Belzutifan', 0.05, 'uM')]",38,28.723129517820652,0.0034235289406421548,0.004134058779850453,0.004245790098224789,0.00019063333724127319,0.0021617903966408523,0.0022490989460374386,0.002189063131712876
CVCL_0023,1,"[('Bentamapimod', 0.05, 'uM')]",40,30.588419647804756,0.000841462951979446,0.0008740576533529423,0.0008964693880542998,0.00014678942923006954,0.0003652765829317696,0.0005079642190292119,0.0003522831120457181
CVCL_0023,1,"[('Bimiralisib', 0.05, 'uM')]",40,30.588419647804756,0.0009246576259451759,0.0008998436789362223,0.0009229165937807406,0.000185139078981502,0.0004020105615516732,0.0005913152545811369,0.00038103226969439275
CVCL_0023,1,"[('Binimetinib', 0.05, 'uM')]",40,30.588419647804756,0.001461303550453742,0.0013527328250105505,0.001387418282062102,0.00031796876909396767,0.0006036032461291095,0.0010108925884665314,0.0005598744198107216
CVCL_0023,1,"[('Bortezomib', 0.05, 'uM')]",40,30.588419647804756,0.003948992420804586,0.00399721604630342,0.004099708765439405,0.0019201322603045465,0.003591646787050452,0.006430411932381455,0.0032657172768953695
CVCL_0023,1,"[('Brivudine', 0.05, 'uM')]",40,30.588419647804756,0.0007038362218960393,0.0007262819866636402,0.0007449046017062973,0.00010347622067134509,0.0002567870260977632,0.00035131090743277006,0.00025138346705017473
CVCL_0023,1,"[('CP21R7', 0.05, 'uM')]",40,30.588419647804756,0.0006312090268518528,0.0006792706089099422,0.000696687804010197,9.074545713063997e-05,0.00023239564571703262,0.0002843147200915759,0.00022848319099989963
CVCL_0023,1,"[('Capivasertib', 0.05, 'uM')]",40,30.588419647804756,0.0006330764525315112,0.0006646009537278576,0.0006816420038234435,0.00010165254349015912,0.00026050263110923764,0.000352999692812791,0.00025678537174616596
CVCL_0023,1,"[('Capmatinib', 0.05, 'uM')]",40,30.588419647804756,0.0008118424741391524,0.0008544266723303335,0.0008763350485439315,9.390373413887312e-05,0.0002726801947544342,0.00033332212641237757,0.0002627824718856239
CVCL_0023,1,"[('Celecoxib', 0.05, 'uM')]",40,30.588419647804756,0.0007776660515758711,0.0008420806270696548,0.0008636724380201586,0.00012195152547766344,0.00028445221060665053,0.00040592275058553683,0.000283206541960088
CVCL_0023,1,"[('DT-061', 0.05, 'uM')]",40,30.588419647804756,0.0008041294427927073,0.000887491990259445,0.0009102481951378921,0.00010186479543942896,0.0002550672227601435,0.00034871988813196206,0.00025075735006728435
CVCL_0023,1,"[('DTP3', 0.05, 'uM')]",24,19.689899043404345,0.018718745214998337,0.01632029278808258,0.01702987073539052,0.0007755479859082395,0.02051368751869784,0.019697240712822174,0.020742380331269978
CVCL_0023,1,"[('Dabrafenib', 0.05, 'uM')]",40,30.588419647804756,0.0008512647074708202,0.0008667488650099381,0.0008889731948819874,0.00012051106761780774,0.0003302947118510185,0.0004611121783905836,0.0003227363779599774
CVCL_0023,1,"[('ERK5-IN-2', 0.05, 'uM')]",40,30.588419647804756,0.0006799397025435073,0.0007459302448140947,0.0007650566613477893,0.00014143852291585848,0.0003067557464797984,0.0004277671842854542,0.00029973101065948964
CVCL_0023,1,"[('ETC-206', 0.05, 'uM')]",40,30.588419647804756,0.0005076625801325246,0.0005307540997549387,0.0005443631792358346,8.51572370189399e-05,0.00027004821907107834,0.00036379171737576066,0.00025926033944393697
CVCL_0023,1,"[('EX229', 0.05, 'uM')]",40,30.588419647804756,0.0011453818345170332,0.0012123626742670144,0.001243448896684117,0.0002058196962354828,0.0006872043563409675,0.0009650635708520379,0.0006511282097291535
CVCL_0023,1,"[('Elimusertib hydrochloride', 0.05, 'uM')]",40,30.588419647804756,0.001903012000688798,0.001797658215460428,0.0018437520158568494,0.00040206506122167054,0.0010045540327857023,0.001650803265015709,0.0009170298838245755
CVCL_0023,1,"[('Encorafenib', 0.05, 'uM')]",40,30.588419647804756,0.0006147575088497066,0.0006236704065861973,0.0006396619554730229,0.00010852086719924927,0.0002837903395830473,0.0003943567714695073,0.0002781281909916582
CVCL_0023,1,"[('Erdafitinib ', 0.05, 'uM')]",40,30.588419647804756,0.0006223852855147375,0.0006591767533865923,0.0006760787214221456,0.00010253560015252943,0.00026984449789867947,0.00035494111847232034,0.00026019026913962816
CVCL_0023,1,"[('Everolimus', 0.05, 'uM')]",40,30.588419647804756,0.000613816295464689,0.0006365000842999234,0.0006528205992819725,8.572039169615853e-05,0.00029318646494029034,0.0003441596499312222,0.0002774043038406371
CVCL_0023,1,"[('Futibatinib', 0.05, 'uM')]",40,30.588419647804756,0.0006839680107220479,0.0007058801173454299,0.000723979607533774,0.00017036419147099663,0.0002950403406987494,0.0005020241300052682,0.0002825819126887175
CVCL_0023,1,"[('GSK1059615', 0.05, 'uM')]",40,30.588419647804756,0.0007395217991195185,0.0007399953126870641,0.0007589695514739119,0.000134796102557529,0.00035099777111601336,0.0004679573038333914,0.0003381397930804076
CVCL_0023,1,"[('Gemcitabine', 0.05, 'uM')]",40,30.588419647804756,0.000653453715406025,0.000650181477846214,0.0006668527977909885,0.00012599461951695638,0.0005795400921555591,0.0007403075221844917,0.0005536533033514672
CVCL_0023,1,"[('HI-TOPK-032', 0.05, 'uM')]",40,30.588419647804756,0.0009038469940536476,0.0010064164997548796,0.0010322220510306454,0.0001655833685864187,0.0003245825820333531,0.00047677194273912046,0.00032653323179550635
CVCL_0023,1,"[('Hydroxyfasudil', 0.05, 'uM')]",37,28.829536956057435,0.0035016243766916914,0.003194979478858779,0.0032837289088270796,0.0002957083022582728,0.0025509057749553213,0.0028278582328665858,0.0024697525219968997
CVCL_0023,1,"[('IQ 1', 0.05, 'uM')]",40,30.588419647804756,0.0006256204159617347,0.0006494688222065063,0.00066612186892975,0.0001344017123014512,0.0002814466975020902,0.00042151119931535286,0.0002759637378274675
CVCL_0023,1,"[('Infigratinib', 0.05, 'uM')]",40,30.588419647804756,0.000707977244048915,0.0007023475182760526,0.0007203564290010795,0.00017974861370417588,0.00036058066710061454,0.0005561951842261614,0.0003374374697366238
CVCL_0023,1,"[('Ipatasertib', 0.05, 'uM')]",40,30.588419647804756,0.00083882343173252,0.0008823882290109164,0.0009050135682163243,0.00014759848193347583,0.0005557820646375104,0.0007644973414720216,0.0005344054179319116
CVCL_0023,1,"[('Irinotecan', 0.05, 'uM')]",40,30.588419647804756,0.0005933419164703602,0.0006131808189888219,0.0006289034040910992,0.00010047828200394393,0.00024250287884095302,0.00032821148491905014,0.000235086449597585
CVCL_0023,1,"[('Ixazomib', 0.05, 'uM')]",40,30.588419647804756,0.0009382481524802196,0.0010134432012499006,0.0010394289243588722,0.0001245173287499343,0.0003427583789920712,0.0004356525670508595,0.0003198006717421071
CVCL_0023,1,"[('LB-100', 0.05, 'uM')]",40,30.588419647804756,0.0005016698559829607,0.0005250818821651717,0.0005385455201694065,9.7896930246108e-05,0.00031897328377402935,0.0004840332299644477,0.0003019801219989969
CVCL_0023,1,"[('LJI308', 0.05, 'uM')]",40,30.588419647804756,0.0009884353686538524,0.0010196447731912743,0.0010457895109654094,0.000283128385333687,0.0005387230946275244,0.00090796631370095,0.0005064026300731981
CVCL_0023,1,"[('LY-2584702 (tosylate salt)', 0.05, 'uM')]",40,30.588419647804756,0.000679617590292128,0.0007751117534499294,0.0007949864137947991,0.00012223587053580213,0.0002523990704894315,0.0003331071859827528,0.0002449487402341906
CVCL_0023,1,"[('LY2090314', 0.05, 'uM')]",40,30.588419647804756,0.0007395739354936962,0.0007739135362392229,0.0007937574730658694,0.00010605562866896462,0.0003026804942569881,0.0004042265099828034,0.000305264479130058
CVCL_0023,1,"[('Lapatinib ditosylate', 0.05, 'uM')]",40,30.588419647804756,0.0006068838746402579,0.0006191648517146496,0.0006350408735534866,8.388459786679994e-05,0.00020526735715121786,0.0002394394953482748,0.0002044973046464081
CVCL_0023,1,"[('Lonafarnib', 0.05, 'uM')]",40,30.588419647804756,0.0006463452403844697,0.0006696755040406563,0.0006868466708109294,0.00012296400049663557,0.0004605952182294091,0.0006330623180385563,0.0004334271341929462
CVCL_0023,1,"[('MK-3903', 0.05, 'uM')]",40,30.588419647804756,0.0007778571792514468,0.0008230866164735373,0.0008441914015113197,0.00014434189900728084,0.00036927651067370957,0.0004792885060041864,0.0003558963618690715
CVCL_0023,1,"[('MK-8353', 0.05, 'uM')]",40,30.588419647804756,0.000638464000714163,0.0006622615254829614,0.0006792425902389344,0.0001107345029190888,0.00025900730648471544,0.00034777745441023753,0.0002558731322528844
CVCL_0023,1,"[('ML264', 0.05, 'uM')]",40,30.588419647804756,0.0006598609225379642,0.0006848095230678359,0.0007023687416080368,0.0001337676906148875,0.00026771695222843606,0.0003616786591015641,0.0002695840333071429
CVCL_0023,1,"[('Minodronic acid', 0.05, 'uM')]",40,30.588419647804756,0.0008189856622601207,0.0008631214526913733,0.0008852527719911523,0.00014635751299803943,0.0003822406858676162,0.0005905702292677064,0.0003614898684697514
CVCL_0023,1,"[('NG25', 0.05, 'uM')]",40,30.588419647804756,0.0007595735634770979,0.000779101759896824,0.0007990787280993067,0.00014534823849402228,0.0003388601901532253,0.0004853156708428956,0.00032557432972531907
CVCL_0023,1,"[('NVP-BHG712', 0.05, 'uM')]",40,30.588419647804756,0.0007230615177399594,0.0007605810087784428,0.0007800830859266078,0.00012551127554469107,0.00033312558736790906,0.0004608597095703407,0.0003299216535411906
CVCL_0023,1,"[('OTS514', 0.05, 'uM')]",40,30.588419647804756,0.0007653462019608641,0.0007907170996679342,0.0008109918970953169,0.00021956334897980646,0.0003056439531295307,0.0005156289075569653,0.00029884050694623665
CVCL_0023,1,"[('Oleic acid', 0.05, 'uM')]",40,30.588419647804756,0.0007468338231799269,0.0007860592070420758,0.0008062145713252058,0.0001281560299833694,0.00029520957397724036,0.00047533131910912254,0.0002910400305472845
CVCL_0023,1,"[('Oxaliplatin', 0.05, 'uM')]",40,30.588419647804756,0.0007078856685774837,0.0007108179506489948,0.0007290440519476869,0.00015420313430500085,0.00029400602607857846,0.0004197130382577605,0.0002870694202386097
CVCL_0023,1,"[('PF-06260933', 0.05, 'uM')]",26,19.715991085355885,0.01983491257483278,0.01928203974260534,0.020053321332309557,0.0009021987894142765,0.04981211488874524,0.049392970670555425,0.050225518805142456
CVCL_0023,1,"[('PH-797804', 0.05, 'uM')]",40,30.588419647804756,0.000699181587599859,0.0007315727695639422,0.000750331045706607,9.624015905703859e-05,0.00038105736043878013,0.0005110267093176191,0.00035786413721460426
CVCL_0023,1,"[('Paclitaxel', 0.05, 'uM')]",40,30.588419647804756,0.0006017054033164494,0.0006108963385420401,0.000626560347222605,0.00014181042817689468,0.0003142188410117134,0.0005138406134582584,0.0003046100931254585
CVCL_0023,1,"[('Pemigatinib', 0.05, 'uM')]",40,30.588419647804756,0.0007817416124595948,0.0008291051657771756,0.0008503642725919746,0.00014062022400051954,0.00027029599238065946,0.00040668842623163944,0.0002604569162665433
CVCL_0023,1,"[('Pimitespib', 0.05, 'uM')]",40,30.588419647804756,0.0007008101282806274,0.0007251026770405894,0.0007436950533749632,0.00011627956109164338,0.00043538360328910494,0.0005619117309899205,0.00042119691171517497
CVCL_0023,1,"[('Pralsetinib', 0.05, 'uM')]",40,30.588419647804756,0.0007873235659752201,0.000783782022276159,0.0008038789972063164,0.00010632311486119718,0.0004197870945419206,0.0005055388252526745,0.0004049885076998
CVCL_0023,1,"[('RMC-6236', 0.05, 'uM')]",40,30.588419647804756,0.0008365862800485816,0.0008630592722943997,0.0008851889972250249,0.0001651853933217981,0.0003448956468945047,0.0005396231126798785,0.0003296632924755055
CVCL_0023,1,"[('Ralimetinib dimesylate', 0.05, 'uM')]",17,13.347212398706224,0.022579220390215884,0.021294640438737043,0.022625555466158104,0.0014693936978607673,0.01175550820857358,0.01047481418521142,0.01202190481193896
CVCL_0023,1,"[('Regorafenib', 0.05, 'uM')]",40,30.588419647804756,0.0006418114325487811,0.000690278034861219,0.0007079774716525322,0.00010806466964202155,0.00030800915555886493,0.0004200079107344527,0.0003052237083491709
CVCL_0023,1,"[('SBI-0640756', 0.05, 'uM')]",40,30.588419647804756,0.0006321790165902843,0.0006613342121153176,0.000678291499605454,9.338728106003576e-05,0.0002695454964283166,0.00030876463962281473,0.0002655458072904382
CVCL_0023,1,"[('Sapanisertib', 0.05, 'uM')]",40,30.588419647804756,0.0008387403507121459,0.000876672398243532,0.0008991511776856732,0.00019877657274276525,0.0005163484504130873,0.0007882233989548742,0.0004944805307462327
CVCL_0023,1,"[('Sonidegib', 0.05, 'uM')]",39,29.816469152142993,0.0077826162656401306,0.008550096760850718,0.008775099307188897,0.0005722136782614213,0.0024992947783191166,0.002823439168933197,0.002420404165317019
CVCL_0023,1,"[('TAK-733', 0.05, 'uM')]",40,30.588419647804756,0.0007178150945351759,0.0007396693947070172,0.0007586352766225816,0.0001395761960999334,0.0004748742367297389,0.0006492097243849513,0.0004628819710495342
CVCL_0023,1,"[('TAK-901', 0.05, 'uM')]",40,30.588419647804756,0.0013651666170232026,0.001409000673339862,0.0014451288957331916,0.000265623258563449,0.000870266594242535,0.0011370074578157371,0.0007941624069268305
CVCL_0023,1,"[('Temuterkib', 0.05, 'uM')]",40,30.588419647804756,0.0006389156555115542,0.0006738722732044206,0.0006911510494404312,0.00013478957241193603,0.0003054347273647333,0.00045149228538388656,0.0003082293188523785
CVCL_0023,1,"[('Tomivosertib', 0.05, 'uM')]",40,30.588419647804756,0.0007188784801474354,0.0007341574884032699,0.0007529820393879689,0.00014561618807269094,0.00032488125700614944,0.00046680231027648565,0.00030778888490610214
CVCL_0023,1,"[('Torkinib', 0.05, 'uM')]",40,30.588419647804756,0.0006937136313306675,0.0007282978177531368,0.0007469721207724481,0.0001344004518152101,0.00027046793964738425,0.00039432542675403495,0.00026692198185064423
CVCL_0023,1,"[('Trametinib', 0.05, 'uM')]",40,30.588419647804756,0.0008858551201605673,0.000914022846723049,0.0009374593299723578,0.00019353945723849848,0.0003777463319011716,0.0005739687012413157,0.0003597134471108712
CVCL_0023,1,"[('Tubulin inhibitor 6', 0.05, 'uM')]",40,30.588419647804756,0.0006804578979088205,0.0007017684262085513,0.0007197624884190269,9.691415492552627e-05,0.00022027671993320668,0.0003038416706129891,0.0002183765026900199
CVCL_0023,1,"[('Tucatinib', 0.05, 'uM')]",40,30.588419647804756,0.0006638770609406016,0.0006884037179749658,0.0007060550953589392,0.00011391251252083708,0.000356687566142834,0.00046754763583022665,0.00034832558010162794
CVCL_0023,1,"[('ULK-101', 0.05, 'uM')]",40,30.588419647804756,0.0008901012182113149,0.0009095224232227092,0.0009328435109976503,0.00018040716973620062,0.00047356137815223706,0.0006576597160853905,0.00045458463657312707
CVCL_0023,1,"[('Vemurafenib', 0.05, 'uM')]",40,30.588419647804756,0.0006164456030914128,0.0006432071514521025,0.0006596996425149769,0.00010231064643940269,0.0002349820518861848,0.0003393721218045379,0.0002334344935296503
CVCL_0023,1,"[('Volasertib', 0.05, 'uM')]",40,30.588419647804756,0.0005959778307195326,0.000629458052290012,0.0006455980023487302,9.699892015756562e-05,0.00023828960811661537,0.000314672384088885,0.00024193557717788012
CVCL_0023,1,"[('XRK3F2', 0.05, 'uM')]",40,30.588419647804756,0.0006476942553879478,0.0006524615906161063,0.000669191374990878,0.0001100780303206527,0.0002574403682251436,0.00039952314635736984,0.0002447266338236161
CVCL_0023,1,"[('olaparib', 0.05, 'uM')]",30,23.97431609320748,0.023658418330720257,0.024178834775458874,0.025012587698750567,0.0009062763252647672,0.0084153416765825,0.007482713353448359,0.008806605989474178
CVCL_0023,1,"[('palbociclib', 0.05, 'uM')]",40,30.588419647804756,0.0007965282585345975,0.0008799701439573748,0.0009025334809819229,0.00015557878747067395,0.0002936071518374228,0.00040525505221052825,0.00028367992264818074
CVCL_0023,1,"[('venetoclax', 0.05, 'uM')]",40,30.588419647804756,0.0010595330491839823,0.0010306872156434198,0.0010571150929676097,0.000257300424860127,0.0005329882539136595,0.0008398124573869584,0.0004948618363422288
CVCL_0023,1,"[('vincristine', 0.05, 'uM')]",40,30.588419647804756,0.0009974885053413596,0.0011090008448713174,0.0011374367639705818,0.00015012973626515525,0.00033320732248575096,0.0004191288417479322,0.00032902395677826296
CVCL_0069,1,"[('4EGI-1', 0.05, 'uM')]",40,30.009926858886764,0.0007369717016490245,0.000747838021406336,0.0007670133552885496,8.65371090285493e-05,0.000473434704977892,0.0005098934564948936,0.000447505714382053
CVCL_0069,1,"[('9-ING-41', 0.05, 'uM')]",40,30.009926858886764,0.0010354112176674168,0.0010410389801110466,0.001067732287293381,0.00011188387056608172,0.00038963548906982136,0.0004217464375211678,0.0003774278637837672
CVCL_0069,1,"[('APTO-253', 0.05, 'uM')]",40,30.009926858886764,0.0006350898188237528,0.0006281435974437623,0.0006442498435320638,0.00013259830960952893,0.0004011276980296867,0.00045156745039193414,0.0004025608518688955
CVCL_0069,1,"[('AT7519', 0.05, 'uM')]",40,30.009926858886764,0.0005939746101780301,0.000565739735685095,0.0005802458827539435,0.00010696356361904744,0.0004261601802100396,0.0004895703482603057,0.0004109073002945023
CVCL_0069,1,"[('AZD-7648', 0.05, 'uM')]",40,30.009926858886764,0.0007470709972236474,0.0007451992313195434,0.00076430690391748,0.00013525157199398906,0.0003823174933424515,0.000463355402810226,0.00037996030282612023
CVCL_0069,1,"[('AZD-8055', 0.05, 'uM')]",40,30.009926858886764,0.00077448390265978,0.00076430365562356,0.0007839011852549333,0.00013673310609712376,0.000502724594328426,0.000529672680759136,0.0004822611478019878
CVCL_0069,1,"[('AZD1390', 0.05, 'uM')]",40,30.009926858886764,0.0006376334093354136,0.000628105364255392,0.0006442106300055298,0.0001057809823656371,0.0003826791674431496,0.0004623555341141223,0.00037624352057608155
CVCL_0069,1,"[('AZD2858', 0.05, 'uM')]",40,30.009926858886764,0.0006842419942477081,0.0006579510763626308,0.0006748216167821854,0.00011451066990091259,0.0005090473100650499,0.0005797803574403684,0.0004919522678411964
CVCL_0069,1,"[('Abemaciclib', 0.05, 'uM')]",17,13.002525151302052,0.02343148518220278,0.021826939996498883,0.023191123746280063,0.0014887351325239707,0.03981030802367576,0.03866064086407388,0.04060669031951811
CVCL_0069,1,"[('Adagrasib', 0.05, 'uM')]",40,30.009926858886764,0.0006313998029413916,0.0006128541326652038,0.0006285683411950806,5.8317265281895224e-05,0.00028736104886834766,0.0003009296200755072,0.0002849615628311815
CVCL_0069,1,"[('Afatinib', 0.05, 'uM')]",40,30.009926858886764,0.000828733320109906,0.0008058273267464159,0.0008264895658937598,0.00010294252887372315,0.000588245269840251,0.0006055967177686819,0.0005588371603295239
CVCL_0069,1,"[('Alpelisib', 0.05, 'uM')]",40,30.009926858886764,0.000789603428096999,0.0007771654035415719,0.0007970927215810991,0.0001221532945118225,0.00046213430975083116,0.00048086089317841496,0.0004539581491849861
CVCL_0069,1,"[('Anastrozole', 0.05, 'uM')]",40,30.009926858886764,0.0006778613540258626,0.0006659697270054703,0.0006830458738517642,0.00011711996998155181,0.00038718147148670477,0.00044229662954277306,0.00038249771759808526
CVCL_0069,1,"[('BAY1125976', 0.05, 'uM')]",40,30.009926858886764,0.0007184736474819569,0.0006948272160120153,0.0007126432984738617,0.00011156175739031232,0.0004592086657672352,0.0005212294790632612,0.00043978361308366886
CVCL_0069,1,"[('BI-3406', 0.05, 'uM')]",40,30.009926858886764,0.0008058730789852566,0.0008073883587550731,0.0008280906243641771,0.00011733811508760032,0.0004223873459997023,0.00045101522283545417,0.00040233802396772366
CVCL_0069,1,"[('BI-78D3', 0.05, 'uM')]",40,30.009926858886764,0.0007308157003235879,0.0007482407039437035,0.0007674263630191827,0.0001114502773730682,0.000465479259045676,0.0005139475945216104,0.00044667693657755316
CVCL_0069,1,"[('Belumosudil (mesylate)', 0.05, 'uM')]",40,30.009926858886764,0.0008310550343807386,0.0008401601012875629,0.0008617026679872441,0.00012851343375267638,0.00042676344541180686,0.000390702790664649,0.0004250279607210309
CVCL_0069,1,"[('Belzutifan', 0.05, 'uM')]",38,28.245259165553108,0.0036304339093037007,0.004134058779850453,0.004245790098224789,0.00019063333724127319,0.0023303569625930994,0.0022635357550894,0.0023372037539710435
CVCL_0069,1,"[('Bentamapimod', 0.05, 'uM')]",40,30.009926858886764,0.0008759087195180427,0.0008740576533529423,0.0008964693880542998,0.00014678942923006954,0.00047463677836320377,0.0005163974953507842,0.000452065345788933
CVCL_0069,1,"[('Bimiralisib', 0.05, 'uM')]",40,30.009926858886764,0.000944842136659735,0.0008998436789362223,0.0009229165937807406,0.000185139078981502,0.0007227524341308034,0.000774308284988219,0.0006822659061345686
CVCL_0069,1,"[('Binimetinib', 0.05, 'uM')]",40,30.009926858886764,0.001476277186307469,0.0013527328250105505,0.001387418282062102,0.00031796876909396767,0.0009240713945574343,0.0010949648793102296,0.0008684323499134807
CVCL_0069,1,"[('Bortezomib', 0.05, 'uM')]",40,30.009926858886764,0.004134290363684659,0.00399721604630342,0.004099708765439405,0.0019201322603045465,0.002784991010795921,0.004502080647728166,0.0026068989113337995
CVCL_0069,1,"[('Brivudine', 0.05, 'uM')]",40,30.009926858886764,0.0007356263921599438,0.0007262819866636402,0.0007449046017062973,0.00010347622067134509,0.0003751498683951712,0.0004269436847080472,0.00036205513754385935
CVCL_0069,1,"[('CP21R7', 0.05, 'uM')]",40,30.009926858886764,0.000674934259938969,0.0006792706089099422,0.000696687804010197,9.074545713063997e-05,0.0004815213913847747,0.0005249432304169804,0.00047410905688309146
CVCL_0069,1,"[('Capivasertib', 0.05, 'uM')]",40,30.009926858886764,0.0006762369009368477,0.0006646009537278576,0.0006816420038234435,0.00010165254349015912,0.0004486532499306636,0.00047888137832635116,0.0004263356767835055
CVCL_0069,1,"[('Capmatinib', 0.05, 'uM')]",40,30.009926858886764,0.0008600790887135222,0.0008544266723303335,0.0008763350485439315,9.390373413887312e-05,0.0005725336981037159,0.0005978364553482142,0.0005448968925682047
CVCL_0069,1,"[('Celecoxib', 0.05, 'uM')]",40,30.009926858886764,0.0008545225659004671,0.0008420806270696548,0.0008636724380201586,0.00012195152547766344,0.0004198479335387819,0.0004797899320592118,0.0004207078473601641
CVCL_0069,1,"[('DT-061', 0.05, 'uM')]",40,30.009926858886764,0.0008901248838388663,0.000887491990259445,0.0009102481951378921,0.00010186479543942896,0.0004988790249785828,0.0005297943849965499,0.0004917678443393694
CVCL_0069,1,"[('Dabrafenib', 0.05, 'uM')]",40,30.009926858886764,0.000933190926933413,0.0008667488650099381,0.0008889731948819874,0.00012051106761780774,0.0005267429292340752,0.0006087785515175663,0.0005204952206340653
CVCL_0069,1,"[('ERK5-IN-2', 0.05, 'uM')]",40,30.009926858886764,0.000720762515770528,0.0007459302448140947,0.0007650566613477893,0.00014143852291585848,0.0004365378316810804,0.00048344740513432243,0.00042031641822946094
CVCL_0069,1,"[('ETC-206', 0.05, 'uM')]",40,30.009926858886764,0.0005419813639720974,0.0005307540997549387,0.0005443631792358346,8.51572370189399e-05,0.0004167508050050606,0.00046384239017237174,0.00041446786567832873
CVCL_0069,1,"[('EX229', 0.05, 'uM')]",40,30.009926858886764,0.0012095340900074075,0.0012123626742670144,0.001243448896684117,0.0002058196962354828,0.00072606447351994,0.0007610755322346791,0.0006895514841910281
CVCL_0069,1,"[('Elimusertib hydrochloride', 0.05, 'uM')]",40,30.009926858886764,0.0019063313366125883,0.001797658215460428,0.0018437520158568494,0.00040206506122167054,0.001451061345390135,0.0015843819648114644,0.0013787186318150835
CVCL_0069,1,"[('Encorafenib', 0.05, 'uM')]",40,30.009926858886764,0.0006578181624911375,0.0006236704065861973,0.0006396619554730229,0.00010852086719924927,0.0004725022556752313,0.0005697628705650377,0.00045343632249831856
CVCL_0069,1,"[('Erdafitinib ', 0.05, 'uM')]",40,30.009926858886764,0.0006529928782689092,0.0006591767533865923,0.0006760787214221456,0.00010253560015252943,0.00040276904794654575,0.0004755605081564469,0.0003870792129021089
CVCL_0069,1,"[('Everolimus', 0.05, 'uM')]",40,30.009926858886764,0.0006455556793128981,0.0006365000842999234,0.0006528205992819725,8.572039169615853e-05,0.0004989779632160043,0.0005396003519237709,0.0004763196484507343
CVCL_0069,1,"[('Futibatinib', 0.05, 'uM')]",40,30.009926858886764,0.0007272359106875658,0.0007058801173454299,0.000723979607533774,0.00017036419147099663,0.0004752401044591602,0.0005999765232863605,0.0004578327461006907
CVCL_0069,1,"[('GSK1059615', 0.05, 'uM')]",40,30.009926858886764,0.0007777816990917831,0.0007399953126870641,0.0007589695514739119,0.000134796102557529,0.0005358183615787741,0.0005380346895940608,0.0005154582445677656
CVCL_0069,1,"[('Gemcitabine', 0.05, 'uM')]",40,30.009926858886764,0.0006791627271288169,0.000650181477846214,0.0006668527977909885,0.00012599461951695638,0.0005412240765122473,0.0005759388360973003,0.0005140892078376361
CVCL_0069,1,"[('HI-TOPK-032', 0.05, 'uM')]",40,30.009926858886764,0.0009689367143076303,0.0010064164997548796,0.0010322220510306454,0.0001655833685864187,0.00041992232515752616,0.0005240008266179326,0.0004222303616987788
CVCL_0069,1,"[('Hydroxyfasudil', 0.05, 'uM')]",37,28.134207063864764,0.003617683131704009,0.003194979478858779,0.0032837289088270796,0.0002957083022582728,0.0016557354997888134,0.0016682491181596833,0.0016554435880411927
CVCL_0069,1,"[('IQ 1', 0.05, 'uM')]",40,30.009926858886764,0.0006603752152428082,0.0006494688222065063,0.00066612186892975,0.0001344017123014512,0.0004534492601734835,0.00047345411072798125,0.00043793527049326106
CVCL_0069,1,"[('Infigratinib', 0.05, 'uM')]",40,30.009926858886764,0.0007361237079764882,0.0007023475182760526,0.0007203564290010795,0.00017974861370417588,0.0005075140425060212,0.0006178990236482068,0.0005000382206646622
CVCL_0069,1,"[('Ipatasertib', 0.05, 'uM')]",40,30.009926858886764,0.0008886883525124324,0.0008823882290109164,0.0009050135682163243,0.00014759848193347583,0.0006716553109827576,0.0007535516776243987,0.0006538309945461362
CVCL_0069,1,"[('Irinotecan', 0.05, 'uM')]",40,30.009926858886764,0.0006226532899689588,0.0006131808189888219,0.0006289034040910992,0.00010047828200394393,0.0004474893094612861,0.0005142670842728035,0.000423862769017293
CVCL_0069,1,"[('Ixazomib', 0.05, 'uM')]",40,30.009926858886764,0.00099826496277739,0.0010134432012499006,0.0010394289243588722,0.0001245173287499343,0.0005406052159317028,0.0005528819133185028,0.0005223993155115674
CVCL_0069,1,"[('LB-100', 0.05, 'uM')]",40,30.009926858886764,0.0005404834047810223,0.0005250818821651717,0.0005385455201694065,9.7896930246108e-05,0.0003348512720253323,0.0003839515228767089,0.00033567043309759516
CVCL_0069,1,"[('LJI308', 0.05, 'uM')]",40,30.009926858886764,0.0010246824641426456,0.0010196447731912743,0.0010457895109654094,0.000283128385333687,0.0008111181311845149,0.0009012394585121326,0.0007809252738097814
CVCL_0069,1,"[('LY-2584702 (tosylate salt)', 0.05, 'uM')]",40,30.009926858886764,0.0007371043350242058,0.0007751117534499294,0.0007949864137947991,0.00012223587053580213,0.0005414664248677068,0.0005998191715898612,0.0005322139045488838
CVCL_0069,1,"[('LY2090314', 0.05, 'uM')]",40,30.009926858886764,0.0007914012438258488,0.0007739135362392229,0.0007937574730658694,0.00010605562866896462,0.0003960117723650811,0.0004219722497549597,0.00038534863285074645
CVCL_0069,1,"[('Lapatinib ditosylate', 0.05, 'uM')]",40,30.009926858886764,0.0006420304955174222,0.0006191648517146496,0.0006350408735534866,8.388459786679994e-05,0.00042133096225753107,0.0004407878642567239,0.0004108194452367552
CVCL_0069,1,"[('Lonafarnib', 0.05, 'uM')]",40,30.009926858886764,0.0006915934814578569,0.0006696755040406563,0.0006868466708109294,0.00012296400049663557,0.00045683210449916795,0.0005380839766922518,0.00045333294697535184
CVCL_0069,1,"[('MK-3903', 0.05, 'uM')]",40,30.009926858886764,0.0008172539187225869,0.0008230866164735373,0.0008441914015113197,0.00014434189900728084,0.0005313570403022741,0.0006183932373954645,0.0005100992172215042
CVCL_0069,1,"[('MK-8353', 0.05, 'uM')]",40,30.009926858886764,0.0006763649149714967,0.0006622615254829614,0.0006792425902389344,0.0001107345029190888,0.00037928279884103536,0.00043614939812273166,0.0003655648916325274
CVCL_0069,1,"[('ML264', 0.05, 'uM')]",40,30.009926858886764,0.0006921588168692343,0.0006848095230678359,0.0007023687416080368,0.0001337676906148875,0.00038571139478924677,0.0004164985806593322,0.0003715723997520289
CVCL_0069,1,"[('Methylprednisolone succinate', 0.05, 'uM')]",23,17.385583131291636,0.024684769163960996,0.021871148657730096,0.022865291778536013,0.0012094930239280749,0.03605092334721159,0.035643646884236935,0.036320784658672736
CVCL_0069,1,"[('Minodronic acid', 0.05, 'uM')]",40,30.009926858886764,0.0008786699726173544,0.0008631214526913733,0.0008852527719911523,0.00014635751299803943,0.0004430288902499056,0.0005069061765637225,0.0004404561767954469
CVCL_0069,1,"[('NG25', 0.05, 'uM')]",40,30.009926858886764,0.0008082283710774309,0.000779101759896824,0.0007990787280993067,0.00014534823849402228,0.0006690499429687229,0.0007884968991712953,0.0006365520911351784
CVCL_0069,1,"[('NVP-BHG712', 0.05, 'uM')]",40,30.009926858886764,0.0007789613346933788,0.0007605810087784428,0.0007800830859266078,0.00012551127554469107,0.0004647027769467157,0.0005083727772656382,0.00045217099954323567
CVCL_0069,1,"[('OTS514', 0.05, 'uM')]",40,30.009926858886764,0.000817780175140537,0.0007907170996679342,0.0008109918970953169,0.00021956334897980646,0.0004892391741562765,0.000630082598724949,0.0004768309188621092
CVCL_0069,1,"[('Oleic acid', 0.05, 'uM')]",40,30.009926858886764,0.0008076686438961755,0.0007860592070420758,0.0008062145713252058,0.0001281560299833694,0.00039585065082406597,0.00047855727182204654,0.0003918543335037086
CVCL_0069,1,"[('Oxaliplatin', 0.05, 'uM')]",40,30.009926858886764,0.0007440930686509579,0.0007108179506489948,0.0007290440519476869,0.00015420313430500085,0.0005784241075017636,0.0006727325818917662,0.0005496928974164677
CVCL_0069,1,"[('PH-797804', 0.05, 'uM')]",40,30.009926858886764,0.0007515472578928131,0.0007315727695639422,0.000750331045706607,9.624015905703859e-05,0.000343404064889018,0.000374222564195729,0.000339169154200824
CVCL_0069,1,"[('Paclitaxel', 0.05, 'uM')]",40,30.009926858886764,0.0006267559641988583,0.0006108963385420401,0.000626560347222605,0.00014181042817689468,0.0003955539430116355,0.0004666627368856689,0.00037917721222291043
CVCL_0069,1,"[('Pemigatinib', 0.05, 'uM')]",40,30.009926858886764,0.0008527738036701772,0.0008291051657771756,0.0008503642725919746,0.00014062022400051954,0.0004725382569935642,0.0005796299803881532,0.00046222704517064127
CVCL_0069,1,"[('Pimitespib', 0.05, 'uM')]",40,30.009926858886764,0.0007315958766925754,0.0007251026770405894,0.0007436950533749632,0.00011627956109164338,0.00047859552152959784,0.0005028623033747222,0.00046852339057010684
CVCL_0069,1,"[('Pralsetinib', 0.05, 'uM')]",40,30.009926858886764,0.0008399149766477964,0.000783782022276159,0.0008038789972063164,0.00010632311486119718,0.0007165617484590528,0.0007946826063911075,0.0006803134101798357
CVCL_0069,1,"[('RMC-6236', 0.05, 'uM')]",40,30.009926858886764,0.0008731196627336423,0.0008630592722943997,0.0008851889972250249,0.0001651853933217981,0.000439296755289748,0.00047498828460561867,0.0004231831925568965
CVCL_0069,1,"[('Regorafenib', 0.05, 'uM')]",40,30.009926858886764,0.000696987971152559,0.000690278034861219,0.0007079774716525322,0.00010806466964202155,0.0004346676011299793,0.0005080486912557007,0.00042655491417025284
CVCL_0069,1,"[('SBI-0640756', 0.05, 'uM')]",40,30.009926858886764,0.0006644456053690714,0.0006613342121153176,0.000678291499605454,9.338728106003576e-05,0.0005609657932020516,0.0006509740920983945,0.0005389579897578963
CVCL_0069,1,"[('Sapanisertib', 0.05, 'uM')]",40,30.009926858886764,0.0008795622867710186,0.000876672398243532,0.0008991511776856732,0.00019877657274276525,0.0005657488135568445,0.000702377243603284,0.000548138877316551
CVCL_0069,1,"[('Sonidegib', 0.05, 'uM')]",39,29.103612993243274,0.00799502176599743,0.008550096760850718,0.008775099307188897,0.0005722136782614213,0.004838308301825549,0.004939901609403826,0.0049163393607482625
CVCL_0069,1,"[('TAK-733', 0.05, 'uM')]",40,30.009926858886764,0.0007568993173943909,0.0007396693947070172,0.0007586352766225816,0.0001395761960999334,0.0006104908240489866,0.0007098803272186789,0.0005930220001223999
CVCL_0069,1,"[('TAK-901', 0.05, 'uM')]",40,30.009926858886764,0.0014519647256162982,0.001409000673339862,0.0014451288957331916,0.000265623258563449,0.0009194786374106352,0.001060492706893908,0.0008845413568818389
CVCL_0069,1,"[('Temuterkib', 0.05, 'uM')]",40,30.009926858886764,0.0006794505592492529,0.0006738722732044206,0.0006911510494404312,0.00013478957241193603,0.00043545962387386573,0.0005026470849928797,0.0004273248532860912
CVCL_0069,1,"[('Tomivosertib', 0.05, 'uM')]",40,30.009926858886764,0.0007488623008537961,0.0007341574884032699,0.0007529820393879689,0.00014561618807269094,0.000550225263894949,0.0005927133577984499,0.000521792911239012
CVCL_0069,1,"[('Torkinib', 0.05, 'uM')]",40,30.009926858886764,0.0007290425850415353,0.0007282978177531368,0.0007469721207724481,0.0001344004518152101,0.00042802602930085745,0.00048289651903816875,0.0004021448612814449
CVCL_0069,1,"[('Trametinib', 0.05, 'uM')]",40,30.009926858886764,0.0009257817792763174,0.000914022846723049,0.0009374593299723578,0.00019353945723849848,0.0004979774952783477,0.0005175807940359442,0.0004806467489902002
CVCL_0069,1,"[('Tubulin inhibitor 6', 0.05, 'uM')]",40,30.009926858886764,0.0007240042863723228,0.0007017684262085513,0.0007197624884190269,9.691415492552627e-05,0.00035808155104535876,0.0004071766356064017,0.0003486141302126037
CVCL_0069,1,"[('Tucatinib', 0.05, 'uM')]",40,30.009926858886764,0.0007099604186151117,0.0006884037179749658,0.0007060550953589392,0.00011391251252083708,0.0004698577270926282,0.0005238859175462393,0.00044741660184625487
CVCL_0069,1,"[('ULK-101', 0.05, 'uM')]",40,30.009926858886764,0.0009349687135695835,0.0009095224232227092,0.0009328435109976503,0.00018040716973620062,0.0008014200788430435,0.0009377974841110155,0.0007630736566280136
CVCL_0069,1,"[('Vemurafenib', 0.05, 'uM')]",40,30.009926858886764,0.0006528215993975956,0.0006432071514521025,0.0006596996425149769,0.00010231064643940269,0.0003727706846209805,0.00042394854295116683,0.000353483923160595
CVCL_0069,1,"[('Volasertib', 0.05, 'uM')]",40,30.009926858886764,0.0006239511517145576,0.000629458052290012,0.0006455980023487302,9.699892015756562e-05,0.0004170905718681671,0.00047056817790483484,0.00040347931217750286
CVCL_0069,1,"[('XRK3F2', 0.05, 'uM')]",40,30.009926858886764,0.0006694181907066644,0.0006524615906161063,0.000669191374990878,0.0001100780303206527,0.00045883804166512186,0.0005075407007783123,0.00044275901794014127
CVCL_0069,1,"[('olaparib', 0.05, 'uM')]",30,23.329571774415957,0.023625211675909856,0.024178834775458874,0.025012587698750567,0.0009062763252647672,0.053974149376700364,0.053773024271088356,0.05408061133217051
CVCL_0069,1,"[('palbociclib', 0.05, 'uM')]",40,30.009926858886764,0.0008430468105193487,0.0008799701439573748,0.0009025334809819229,0.00015557878747067395,0.0004966950735196834,0.0005982264857745381,0.00047721931303241946
CVCL_0069,1,"[('venetoclax', 0.05, 'uM')]",40,30.009926858886764,0.0010596309780981882,0.0010306872156434198,0.0010571150929676097,0.000257300424860127,0.0007933064845470311,0.0009054716736437692,0.0007512568621068452
CVCL_0069,1,"[('vincristine', 0.05, 'uM')]",40,30.009926858886764,0.0011051747755900403,0.0011090008448713174,0.0011374367639705818,0.00015012973626515525,0.0013245338897312261,0.0015797496726106491,0.001295992556925651
CVCL_0179,1,"[('4EGI-1', 0.05, 'uM')]",40,24.750666057588283,0.0005271118751684472,0.000747838021406336,0.0007670133552885496,8.65371090285493e-05,0.0002555685847608565,0.00027325591498421375,0.00023774316524297962
CVCL_0179,1,"[('9-ING-41', 0.05, 'uM')]",40,24.750666057588283,0.0006493114266126098,0.0010410389801110466,0.001067732287293381,0.00011188387056608172,0.00023764543417505814,0.00025431001468278325,0.00021658316362838136
CVCL_0179,1,"[('APTO-253', 0.05, 'uM')]",40,24.750666057588283,0.00044857556857091013,0.0006281435974437623,0.0006442498435320638,0.00013259830960952893,0.00022728209506009793,0.0002972031977652,0.00021566480168757674
CVCL_0179,1,"[('AT7519', 0.05, 'uM')]",40,24.750666057588283,0.00043575713121608763,0.000565739735685095,0.0005802458827539435,0.00010696356361904744,0.00024467987536187444,0.0002751873864774351,0.0002189070457390426
CVCL_0179,1,"[('AZD-7648', 0.05, 'uM')]",40,24.750666057588283,0.0005199619087745327,0.0007451992313195434,0.00076430690391748,0.00013525157199398906,0.0002121097997405313,0.0002549085836678002,0.00020119488062006854
CVCL_0179,1,"[('AZD-8055', 0.05, 'uM')]",40,24.750666057588283,0.000618489448993849,0.00076430365562356,0.0007839011852549333,0.00013673310609712376,0.00033858456677335824,0.000362257113057618,0.0003175433190853539
CVCL_0179,1,"[('AZD1390', 0.05, 'uM')]",40,24.750666057588283,0.0004555676465404991,0.000628105364255392,0.0006442106300055298,0.0001057809823656371,0.0002529825802613367,0.00030947033111112577,0.00023922470096338273
CVCL_0179,1,"[('AZD2858', 0.05, 'uM')]",40,24.750666057588283,0.0005078173752338702,0.0006579510763626308,0.0006748216167821854,0.00011451066990091259,0.0002915363889223483,0.00030787938296766577,0.00025948939165570804
CVCL_0179,1,"[('Adagrasib', 0.05, 'uM')]",40,24.750666057588283,0.0004089651330378301,0.0006128541326652038,0.0006285683411950806,5.8317265281895224e-05,0.0001467646474162611,0.0001390997549689877,0.00013608780848061263
CVCL_0179,1,"[('Afatinib', 0.05, 'uM')]",40,24.750666057588283,0.0006724937850471688,0.0008058273267464159,0.0008264895658937598,0.00010294252887372315,0.00070397448554066,0.0007623615718460275,0.000668150354920151
CVCL_0179,1,"[('Alpelisib', 0.05, 'uM')]",40,24.750666057588283,0.000549396603515212,0.0007771654035415719,0.0007970927215810991,0.0001221532945118225,0.00023273998553494985,0.00023286105066005813,0.00021502117374507012
CVCL_0179,1,"[('Anastrozole', 0.05, 'uM')]",40,24.750666057588283,0.0004658342601881988,0.0006659697270054703,0.0006830458738517642,0.00011711996998155181,0.0002265804834438222,0.0002620542577133014,0.00020967160837400127
CVCL_0179,1,"[('BAY1125976', 0.05, 'uM')]",40,24.750666057588283,0.0005502050202187205,0.0006948272160120153,0.0007126432984738617,0.00011156175739031232,0.0002831416522552225,0.000297216004445891,0.0002610606816634401
CVCL_0179,1,"[('BI-3406', 0.05, 'uM')]",40,24.750666057588283,0.0006134102491558099,0.0008073883587550731,0.0008280906243641771,0.00011733811508760032,0.000263798376410596,0.0002792450300313445,0.0002439116695583656
CVCL_0179,1,"[('BI-78D3', 0.05, 'uM')]",40,24.750666057588283,0.0005534143220079801,0.0007482407039437035,0.0007674263630191827,0.0001114502773730682,0.0002687179787853887,0.0002673960373848785,0.00023570627862200635
CVCL_0179,1,"[('Belumosudil (mesylate)', 0.05, 'uM')]",40,24.750666057588283,0.0006568413297620242,0.0008401601012875629,0.0008617026679872441,0.00012851343375267638,0.00024496187911224017,0.0002006194502587271,0.00019849837257116524
CVCL_0179,1,"[('Belzutifan', 0.05, 'uM')]",38,23.479624055841924,0.0024864293765144573,0.004134058779850453,0.004245790098224789,0.00019063333724127319,0.0007395408032945656,0.0006758573795298287,0.0007456898121712469
CVCL_0179,1,"[('Bentamapimod', 0.05, 'uM')]",40,24.750666057588283,0.0007133366421393964,0.0008740576533529423,0.0008964693880542998,0.00014678942923006954,0.0002897560200800738,0.0003156399939871125,0.00026647938116928366
CVCL_0179,1,"[('Bimiralisib', 0.05, 'uM')]",40,24.750666057588283,0.0008082239530119637,0.0008998436789362223,0.0009229165937807406,0.000185139078981502,0.0003623972078182374,0.00038071781538039464,0.0003290439845814306
CVCL_0179,1,"[('Binimetinib', 0.05, 'uM')]",40,24.750666057588283,0.0012232888875849004,0.0013527328250105505,0.001387418282062102,0.00031796876909396767,0.0005474872904918862,0.0005301182958429013,0.0005007680922383239
CVCL_0179,1,"[('Bortezomib', 0.05, 'uM')]",40,24.750666057588283,0.0037935248452863283,0.00399721604630342,0.004099708765439405,0.0019201322603045465,0.0027591078386418745,0.0036134125849364433,0.0024928120143502433
CVCL_0179,1,"[('Brivudine', 0.05, 'uM')]",40,24.750666057588283,0.0005529782155023421,0.0007262819866636402,0.0007449046017062973,0.00010347622067134509,0.0002219069642900441,0.00020714772868051355,0.00019771972864613137
CVCL_0179,1,"[('CP21R7', 0.05, 'uM')]",40,24.750666057588283,0.0004838192693969638,0.0006792706089099422,0.000696687804010197,9.074545713063997e-05,0.00023433725641656378,0.00025683911024577065,0.00021365420469305062
CVCL_0179,1,"[('Capivasertib', 0.05, 'uM')]",40,24.750666057588283,0.000495629797028517,0.0006646009537278576,0.0006816420038234435,0.00010165254349015912,0.0002830360422648232,0.0002647818217762198,0.0002658011379059091
CVCL_0179,1,"[('Capmatinib', 0.05, 'uM')]",40,24.750666057588283,0.0006561543171442253,0.0008544266723303335,0.0008763350485439315,9.390373413887312e-05,0.0002869990232565191,0.0002817512174382441,0.0002642952562115138
CVCL_0179,1,"[('Celecoxib', 0.05, 'uM')]",40,24.750666057588283,0.000555077597393594,0.0008420806270696548,0.0008636724380201586,0.00012195152547766344,0.00028717700159096846,0.0003257819014775087,0.0002718168440637502
CVCL_0179,1,"[('DT-061', 0.05, 'uM')]",40,24.750666057588283,0.0005747008482703019,0.000887491990259445,0.0009102481951378921,0.00010186479543942896,0.0002394517740441445,0.00024926855078636354,0.00021697908869497252
CVCL_0179,1,"[('Dabrafenib', 0.05, 'uM')]",40,24.750666057588283,0.0006606913238909303,0.0008667488650099381,0.0008889731948819874,0.00012051106761780774,0.000301097913903419,0.0003669932325990571,0.0002807596745146722
CVCL_0179,1,"[('ERK5-IN-2', 0.05, 'uM')]",40,24.750666057588283,0.0005537882996273504,0.0007459302448140947,0.0007650566613477893,0.00014143852291585848,0.0003289006984799527,0.00038163807142513643,0.00030228793286711964
CVCL_0179,1,"[('ETC-206', 0.05, 'uM')]",40,24.750666057588283,0.00039013680383077686,0.0005307540997549387,0.0005443631792358346,8.51572370189399e-05,0.00023982336814222464,0.0002649435066047924,0.00022578881884764663
CVCL_0179,1,"[('EX229', 0.05, 'uM')]",40,24.750666057588283,0.000946517276510628,0.0012123626742670144,0.001243448896684117,0.0002058196962354828,0.0004833340304469149,0.00047720134680336203,0.0004581381652612029
CVCL_0179,1,"[('Elimusertib hydrochloride', 0.05, 'uM')]",40,24.750666057588283,0.0016620547314565646,0.001797658215460428,0.0018437520158568494,0.00040206506122167054,0.0008477251155884613,0.0008586876027021267,0.0008057511143186117
CVCL_0179,1,"[('Encorafenib', 0.05, 'uM')]",40,24.750666057588283,0.0004924639249047484,0.0006236704065861973,0.0006396619554730229,0.00010852086719924927,0.000246519360796173,0.0002695671064498395,0.00022272813188739066
CVCL_0179,1,"[('Erdafitinib ', 0.05, 'uM')]",40,24.750666057588283,0.0004918311764800413,0.0006591767533865923,0.0006760787214221456,0.00010253560015252943,0.00022712142778996613,0.00023297194476604302,0.00020405491006800637
CVCL_0179,1,"[('Everolimus', 0.05, 'uM')]",40,24.750666057588283,0.0005005502105156093,0.0006365000842999234,0.0006528205992819725,8.572039169615853e-05,0.00026815819286138436,0.00028528674771825634,0.00024073387233982885
CVCL_0179,1,"[('Futibatinib', 0.05, 'uM')]",40,24.750666057588283,0.0005218571263544541,0.0007058801173454299,0.000723979607533774,0.00017036419147099663,0.00031657077499513725,0.0003068124082716158,0.0002878219233993233
CVCL_0179,1,"[('GSK1059615', 0.05, 'uM')]",40,24.750666057588283,0.0006204816309951806,0.0007399953126870641,0.0007589695514739119,0.000134796102557529,0.0003169283427682894,0.0003000722280802759,0.00028233669444374605
CVCL_0179,1,"[('Gemcitabine', 0.05, 'uM')]",40,24.750666057588283,0.0005602754933364287,0.000650181477846214,0.0006668527977909885,0.00012599461951695638,0.00032120818249151454,0.00034443635045726775,0.0002908303878445194
CVCL_0179,1,"[('HI-TOPK-032', 0.05, 'uM')]",40,24.750666057588283,0.0006932529264540932,0.0010064164997548796,0.0010322220510306454,0.0001655833685864187,0.0003991165460666672,0.000499623099740058,0.0003837967704056382
CVCL_0179,1,"[('Hydroxyfasudil', 0.05, 'uM')]",37,23.89664384779692,0.0027548297598682294,0.003194979478858779,0.0032837289088270796,0.0002957083022582728,0.0011307956129990666,0.0010570791697259846,0.0011109295564288666
CVCL_0179,1,"[('IQ 1', 0.05, 'uM')]",40,24.750666057588283,0.000508021236429113,0.0006494688222065063,0.00066612186892975,0.0001344017123014512,0.00028255100640835033,0.00024510742063379873,0.00026583684984398114
CVCL_0179,1,"[('Infigratinib', 0.05, 'uM')]",40,24.750666057588283,0.0005752654461220489,0.0007023475182760526,0.0007203564290010795,0.00017974861370417588,0.00036628449690284806,0.0004349955811878107,0.0003323319357051462
CVCL_0179,1,"[('Ipatasertib', 0.05, 'uM')]",40,24.750666057588283,0.000681774597245186,0.0008823882290109164,0.0009050135682163243,0.00014759848193347583,0.00029756035807870985,0.00028280354972445143,0.00027354052237076764
CVCL_0179,1,"[('Irinotecan', 0.05, 'uM')]",40,24.750666057588283,0.00048757388932007357,0.0006131808189888219,0.0006289034040910992,0.00010047828200394393,0.00021623434574906034,0.0002510716312853166,0.00019382866519104109
CVCL_0179,1,"[('Ixazomib', 0.05, 'uM')]",40,24.750666057588283,0.0007357820242745851,0.0010134432012499006,0.0010394289243588722,0.0001245173287499343,0.0004005280706425296,0.0004206060037098809,0.0003612626889571793
CVCL_0179,1,"[('LB-100', 0.05, 'uM')]",40,24.750666057588283,0.00038078599477534675,0.0005250818821651717,0.0005385455201694065,9.7896930246108e-05,0.00024832121295055977,0.00029832732908614124,0.0002372187326915807
CVCL_0179,1,"[('LJI308', 0.05, 'uM')]",40,24.750666057588283,0.0008724316749749915,0.0010196447731912743,0.0010457895109654094,0.000283128385333687,0.0003740485113948975,0.00032045292583756166,0.00032432219516197614
CVCL_0179,1,"[('LY-2584702 (tosylate salt)', 0.05, 'uM')]",40,24.750666057588283,0.0005253474446701641,0.0007751117534499294,0.0007949864137947991,0.00012223587053580213,0.00025063443071238005,0.00025900995172305994,0.00023379835954908906
CVCL_0179,1,"[('LY2090314', 0.05, 'uM')]",40,24.750666057588283,0.0005463234442212705,0.0007739135362392229,0.0007937574730658694,0.00010605562866896462,0.00020201480757273428,0.00025295020187712114,0.00018881012277966158
CVCL_0179,1,"[('Lapatinib ditosylate', 0.05, 'uM')]",40,24.750666057588283,0.0004718706373592342,0.0006191648517146496,0.0006350408735534866,8.388459786679994e-05,0.0002922134486416183,0.0002950727187215685,0.0002739628548724069
CVCL_0179,1,"[('Lonafarnib', 0.05, 'uM')]",40,24.750666057588283,0.0004930855942204569,0.0006696755040406563,0.0006868466708109294,0.00012296400049663557,0.00032345959316090766,0.0003529409136721493,0.0003052902280997266
CVCL_0179,1,"[('MK-3903', 0.05, 'uM')]",40,24.750666057588283,0.000638287700451141,0.0008230866164735373,0.0008441914015113197,0.00014434189900728084,0.00030446366979790197,0.00032522714171736775,0.0002768550836369871
CVCL_0179,1,"[('MK-8353', 0.05, 'uM')]",40,24.750666057588283,0.000497790838331935,0.0006622615254829614,0.0006792425902389344,0.0001107345029190888,0.00022354754217225503,0.00021178688796099748,0.00019593967222132508
CVCL_0179,1,"[('ML264', 0.05, 'uM')]",40,24.750666057588283,0.0005344675109687572,0.0006848095230678359,0.0007023687416080368,0.0001337676906148875,0.0002618552705778411,0.0002451962273566957,0.0002399654072128276
CVCL_0179,1,"[('Minodronic acid', 0.05, 'uM')]",40,24.750666057588283,0.0005842671571671544,0.0008631214526913733,0.0008852527719911523,0.00014635751299803943,0.00027760057816187013,0.0003272205167202264,0.00025966859060941105
CVCL_0179,1,"[('NG25', 0.05, 'uM')]",40,24.750666057588283,0.0006009605875108398,0.000779101759896824,0.0007990787280993067,0.00014534823849402228,0.0002906785470321398,0.0003166834090463832,0.00026023020348942894
CVCL_0179,1,"[('NVP-BHG712', 0.05, 'uM')]",40,24.750666057588283,0.0005534138116390026,0.0007605810087784428,0.0007800830859266078,0.00012551127554469107,0.00031798839800152535,0.00035413317677317305,0.00029451360414262627
CVCL_0179,1,"[('OTS514', 0.05, 'uM')]",40,24.750666057588283,0.0005850829063278998,0.0007907170996679342,0.0008109918970953169,0.00021956334897980646,0.00034842328017078376,0.0004034341540757214,0.00030576030932941665
CVCL_0179,1,"[('Oleic acid', 0.05, 'uM')]",40,24.750666057588283,0.0005348373664811044,0.0007860592070420758,0.0008062145713252058,0.0001281560299833694,0.00023637037126507474,0.0003299401241387876,0.0002137174705846363
CVCL_0179,1,"[('Oxaliplatin', 0.05, 'uM')]",40,24.750666057588283,0.0005668699047771405,0.0007108179506489948,0.0007290440519476869,0.00015420313430500085,0.0003174070887134723,0.00038317806438965775,0.00028612047955782537
CVCL_0179,1,"[('PH-797804', 0.05, 'uM')]",40,24.750666057588283,0.0005251821082768998,0.0007315727695639422,0.000750331045706607,9.624015905703859e-05,0.00026469261948273363,0.0002669720436668821,0.0002471825959938028
CVCL_0179,1,"[('Paclitaxel', 0.05, 'uM')]",40,24.750666057588283,0.0005013836883534279,0.0006108963385420401,0.000626560347222605,0.00014181042817689468,0.0002510857684703869,0.00033665486163538785,0.00023299298500430672
CVCL_0179,1,"[('Pemigatinib', 0.05, 'uM')]",40,24.750666057588283,0.0005923391178333562,0.0008291051657771756,0.0008503642725919746,0.00014062022400051954,0.00038193545929828774,0.00036640415191913057,0.0003623928345510811
CVCL_0179,1,"[('Pimitespib', 0.05, 'uM')]",40,24.750666057588283,0.0005493883450599709,0.0007251026770405894,0.0007436950533749632,0.00011627956109164338,0.00025361246728546283,0.00023869219309727361,0.000223263550352452
CVCL_0179,1,"[('Pralsetinib', 0.05, 'uM')]",40,24.750666057588283,0.0006247671037043943,0.000783782022276159,0.0008038789972063164,0.00010632311486119718,0.0003552793780935645,0.00038876280718277767,0.0003148364941141505
CVCL_0179,1,"[('RMC-6236', 0.05, 'uM')]",40,24.750666057588283,0.0006636609593646221,0.0008630592722943997,0.0008851889972250249,0.0001651853933217981,0.00033371135599807335,0.00039830724730720285,0.00030571216569788025
CVCL_0179,1,"[('Regorafenib', 0.05, 'uM')]",40,24.750666057588283,0.0004916424597806564,0.000690278034861219,0.0007079774716525322,0.00010806466964202155,0.0002455209214774663,0.00031801816391084626,0.00022517035853344343
CVCL_0179,1,"[('SBI-0640756', 0.05, 'uM')]",40,24.750666057588283,0.000520747105540155,0.0006613342121153176,0.000678291499605454,9.338728106003576e-05,0.0003163608998620356,0.00036160941697851713,0.000293806051351474
CVCL_0179,1,"[('Sapanisertib', 0.05, 'uM')]",40,24.750666057588283,0.0006984642879714298,0.000876672398243532,0.0008991511776856732,0.00019877657274276525,0.0005723871511769561,0.0007284429574974445,0.0005374546953141066
CVCL_0179,1,"[('Sonidegib', 0.05, 'uM')]",39,24.45341856835409,0.005477877440578463,0.008550096760850718,0.008775099307188897,0.0005722136782614213,0.0023731083759754128,0.0023113949746182533,0.002301846034072932
CVCL_0179,1,"[('TAK-733', 0.05, 'uM')]",40,24.750666057588283,0.0005963584535797759,0.0007396693947070172,0.0007586352766225816,0.0001395761960999334,0.00032749693867477017,0.0003739733957325683,0.0003082322590784754
CVCL_0179,1,"[('TAK-901', 0.05, 'uM')]",40,24.750666057588283,0.0012654504625541664,0.001409000673339862,0.0014451288957331916,0.000265623258563449,0.0022581499708431495,0.002394749203640484,0.002197290778627182
CVCL_0179,1,"[('Temuterkib', 0.05, 'uM')]",40,24.750666057588283,0.0005062093468267245,0.0006738722732044206,0.0006911510494404312,0.00013478957241193603,0.0002728179615946448,0.0003320923207282507,0.00024820651551950025
CVCL_0179,1,"[('Tomivosertib', 0.05, 'uM')]",40,24.750666057588283,0.0005828089363358142,0.0007341574884032699,0.0007529820393879689,0.00014561618807269094,0.0002574040332507068,0.000247873187154978,0.000218761442014954
CVCL_0179,1,"[('Torkinib', 0.05, 'uM')]",40,24.750666057588283,0.0005533249115558743,0.0007282978177531368,0.0007469721207724481,0.0001344004518152101,0.00022416868033520117,0.00024256785843307987,0.00019927332735054153
CVCL_0179,1,"[('Trametinib', 0.05, 'uM')]",40,24.750666057588283,0.0007162809707352705,0.000914022846723049,0.0009374593299723578,0.00019353945723849848,0.0005328656759956532,0.0005910423068849611,0.0004988559204438734
CVCL_0179,1,"[('Tubulin inhibitor 6', 0.05, 'uM')]",40,24.750666057588283,0.0004945283794943816,0.0007017684262085513,0.0007197624884190269,9.691415492552627e-05,0.00019613774099404852,0.0002076726002367415,0.00017233420347545944
CVCL_0179,1,"[('Tucatinib', 0.05, 'uM')]",40,24.750666057588283,0.0005281401298332951,0.0006884037179749658,0.0007060550953589392,0.00011391251252083708,0.00023260497153430737,0.00025538695761763756,0.000208978892365115
CVCL_0179,1,"[('ULK-101', 0.05, 'uM')]",40,24.750666057588283,0.000719895978743239,0.0009095224232227092,0.0009328435109976503,0.00018040716973620062,0.0004062717819769238,0.00041666631625812597,0.00034343079927224353
CVCL_0179,1,"[('Vemurafenib', 0.05, 'uM')]",40,24.750666057588283,0.0004907866769337227,0.0006432071514521025,0.0006596996425149769,0.00010231064643940269,0.00020824112721073125,0.00026157432028781514,0.00019040661157041752
CVCL_0179,1,"[('Volasertib', 0.05, 'uM')]",40,24.750666057588283,0.00045822907979412085,0.000629458052290012,0.0006455980023487302,9.699892015756562e-05,0.00021045020733873247,0.0002542192914786708,0.00019111427306835063
CVCL_0179,1,"[('XRK3F2', 0.05, 'uM')]",40,24.750666057588283,0.0005303911357467852,0.0006524615906161063,0.000669191374990878,0.0001100780303206527,0.0002930246744893454,0.00030928229674936756,0.00027359615436976624
CVCL_0179,1,"[('c-Kit-IN-1', 0.05, 'uM')]",19,11.398593462781498,0.01518128640011876,0.014514915426376075,0.0153212996167303,0.0011751476800795442,0.02398853409495921,0.02320096129158444,0.023801769887892028
CVCL_0179,1,"[('olaparib', 0.05, 'uM')]",30,19.719230423926987,0.0210357440728522,0.024178834775458874,0.025012587698750567,0.0009062763252647672,0.061825992351098945,0.06081032382761678,0.06151420948633887
CVCL_0179,1,"[('palbociclib', 0.05, 'uM')]",40,24.750666057588283,0.0006292827964497867,0.0008799701439573748,0.0009025334809819229,0.00015557878747067395,0.0003129264141347381,0.00034779138668757624,0.00028503093758838185
CVCL_0179,1,"[('venetoclax', 0.05, 'uM')]",40,24.750666057588283,0.0009456850916634986,0.0010306872156434198,0.0010571150929676097,0.000257300424860127,0.000500534045222846,0.0005061577701658379,0.0004638872868588376
CVCL_0179,1,"[('vincristine', 0.05, 'uM')]",40,24.750666057588283,0.0007895928500085577,0.0011090008448713174,0.0011374367639705818,0.00015012973626515525,0.0008872398772428962,0.0009822356538254093,0.0008568967996080613
CVCL_0459,1,"[('4EGI-1', 0.05, 'uM')]",40,27.45702069935338,0.0008638658742414058,0.000747838021406336,0.0007670133552885496,8.65371090285493e-05,0.0005755376223867683,0.0006239201425762146,0.000579456086489277
CVCL_0459,1,"[('9-ING-41', 0.05, 'uM')]",40,27.45702069935338,0.001298765299751014,0.0010410389801110466,0.001067732287293381,0.00011188387056608172,0.0005270399020668524,0.0005747370180533682,0.0005452256640637443
CVCL_0459,1,"[('APTO-253', 0.05, 'uM')]",40,27.45702069935338,0.0007649125984491746,0.0006281435974437623,0.0006442498435320638,0.00013259830960952893,0.0002849857233481911,0.00034881371574545293,0.00028489283129260124
CVCL_0459,1,"[('AT7519', 0.05, 'uM')]",40,27.45702069935338,0.0006883303303777283,0.000565739735685095,0.0005802458827539435,0.00010696356361904744,0.0003669506263231709,0.0004761699257234935,0.00037387266225773707
CVCL_0459,1,"[('AZD-7648', 0.05, 'uM')]",40,27.45702069935338,0.0009158102065715333,0.0007451992313195434,0.00076430690391748,0.00013525157199398906,0.0003083173472665668,0.0004003316209208525,0.0003081211082812114
CVCL_0459,1,"[('AZD-8055', 0.05, 'uM')]",40,27.45702069935338,0.0008896636924256872,0.00076430365562356,0.0007839011852549333,0.00013673310609712376,0.0009929173670462444,0.0010987797378508597,0.000995349405212422
CVCL_0459,1,"[('AZD1390', 0.05, 'uM')]",40,27.45702069935338,0.0007574800318085562,0.000628105364255392,0.0006442106300055298,0.0001057809823656371,0.00032632394116776455,0.00040806000538179675,0.000322213297851736
CVCL_0459,1,"[('AZD2858', 0.05, 'uM')]",40,27.45702069935338,0.0007742821508014949,0.0006579510763626308,0.0006748216167821854,0.00011451066990091259,0.0004274518718394354,0.0004948292278389139,0.0004470934241482959
CVCL_0459,1,"[('Abemaciclib', 0.05, 'uM')]",17,11.794059148374238,0.024029750109240487,0.021826939996498883,0.023191123746280063,0.0014887351325239707,0.005897636469651216,0.004655284162978423,0.0065830104254933595
CVCL_0459,1,"[('Adagrasib', 0.05, 'uM')]",40,27.45702069935338,0.0007465767186455479,0.0006128541326652038,0.0006285683411950806,5.8317265281895224e-05,0.00016771052184497606,0.00019658392901786127,0.00017928471161725537
CVCL_0459,1,"[('Afatinib', 0.05, 'uM')]",40,27.45702069935338,0.0009280469308581311,0.0008058273267464159,0.0008264895658937598,0.00010294252887372315,0.0008704741538853774,0.0008928031819173459,0.0008732200406769615
CVCL_0459,1,"[('Alpelisib', 0.05, 'uM')]",40,27.45702069935338,0.0009498188014275062,0.0007771654035415719,0.0007970927215810991,0.0001221532945118225,0.0005035676640560971,0.0006044652741591477,0.0005223123686821806
CVCL_0459,1,"[('Anastrozole', 0.05, 'uM')]",40,27.45702069935338,0.0008237746407769105,0.0006659697270054703,0.0006830458738517642,0.00011711996998155181,0.0002980311720899756,0.0003746371140969027,0.0003005991031202174
CVCL_0459,1,"[('BAY1125976', 0.05, 'uM')]",40,27.45702069935338,0.0008176976253206467,0.0006948272160120153,0.0007126432984738617,0.00011156175739031232,0.0005277441001413297,0.0005954653252403486,0.0005461210573211677
CVCL_0459,1,"[('BI-3406', 0.05, 'uM')]",40,27.45702069935338,0.0009288255635028356,0.0008073883587550731,0.0008280906243641771,0.00011733811508760032,0.0007911489340831048,0.0008727857810453726,0.0008112377677491171
CVCL_0459,1,"[('BI-78D3', 0.05, 'uM')]",40,27.45702069935338,0.0008432027646789655,0.0007482407039437035,0.0007674263630191827,0.0001114502773730682,0.00039138050700281477,0.0004699813110987455,0.0003934300143230381
CVCL_0459,1,"[('Belumosudil (mesylate)', 0.05, 'uM')]",40,27.45702069935338,0.0009295531002852203,0.0008401601012875629,0.0008617026679872441,0.00012851343375267638,0.00028467050313762347,0.00028711693444969245,0.00029247933959444713
CVCL_0459,1,"[('Belzutifan', 0.05, 'uM')]",38,25.93614490726321,0.003998473974124498,0.004134058779850453,0.004245790098224789,0.00019063333724127319,0.0007136638227921464,0.0007276517096481414,0.0007391708054466341
CVCL_0459,1,"[('Bentamapimod', 0.05, 'uM')]",40,27.45702069935338,0.001003833022105799,0.0008740576533529423,0.0008964693880542998,0.00014678942923006954,0.0004930140517977519,0.0005820835268614606,0.000496996534849236
CVCL_0459,1,"[('Bimiralisib', 0.05, 'uM')]",40,27.45702069935338,0.0010323665665739187,0.0008998436789362223,0.0009229165937807406,0.000185139078981502,0.0010173308824465552,0.0011372217189929688,0.000985520189402923
CVCL_0459,1,"[('Binimetinib', 0.05, 'uM')]",40,27.45702069935338,0.0015906896031001433,0.0013527328250105505,0.001387418282062102,0.00031796876909396767,0.0021351145701821654,0.002586332670317714,0.0020941849084749604
CVCL_0459,1,"[('Bortezomib', 0.05, 'uM')]",40,27.45702069935338,0.004130289292954943,0.00399721604630342,0.004099708765439405,0.0019201322603045465,0.0070928811440782785,0.009010955157918157,0.0068567080615489955
CVCL_0459,1,"[('Brivudine', 0.05, 'uM')]",40,27.45702069935338,0.0008615929163849564,0.0007262819866636402,0.0007449046017062973,0.00010347622067134509,0.0004604170612533466,0.0005492882403481667,0.0004784093069487035
CVCL_0459,1,"[('CP21R7', 0.05, 'uM')]",40,27.45702069935338,0.000800259405366589,0.0006792706089099422,0.000696687804010197,9.074545713063997e-05,0.0003316554764914691,0.00036256840347162597,0.00035277348834898237
CVCL_0459,1,"[('Capivasertib', 0.05, 'uM')]",40,27.45702069935338,0.0007923814749579597,0.0006646009537278576,0.0006816420038234435,0.00010165254349015912,0.00047725986473146087,0.0005621742113083461,0.0004939757929389135
CVCL_0459,1,"[('Capmatinib', 0.05, 'uM')]",40,27.45702069935338,0.0009923258151423246,0.0008544266723303335,0.0008763350485439315,9.390373413887312e-05,0.0007188356061720289,0.0007654194596597521,0.0007307768129962786
CVCL_0459,1,"[('Celecoxib', 0.05, 'uM')]",40,27.45702069935338,0.0010643469438456328,0.0008420806270696548,0.0008636724380201586,0.00012195152547766344,0.00025669036204283816,0.000331104408286205,0.0002674697994926142
CVCL_0459,1,"[('DT-061', 0.05, 'uM')]",40,27.45702069935338,0.0010978732626333709,0.000887491990259445,0.0009102481951378921,0.00010186479543942896,0.0003424633002638747,0.00040315349461058004,0.0003621328249564295
CVCL_0459,1,"[('DTP3', 0.05, 'uM')]",24,17.783156397490107,0.019036805901089096,0.01632029278808258,0.01702987073539052,0.0007755479859082395,0.005432234551124795,0.004887595357267031,0.005792710297159749
CVCL_0459,1,"[('Dabrafenib', 0.05, 'uM')]",40,27.45702069935338,0.0010681777389056396,0.0008667488650099381,0.0008889731948819874,0.00012051106761780774,0.00047833638252114583,0.0005807447739823188,0.0004865496596143829
CVCL_0459,1,"[('ERK5-IN-2', 0.05, 'uM')]",40,27.45702069935338,0.000829927137821451,0.0007459302448140947,0.0007650566613477893,0.00014143852291585848,0.00043517071904412505,0.0005406281797459797,0.00044081183728493343
CVCL_0459,1,"[('ETC-206', 0.05, 'uM')]",40,27.45702069935338,0.0006355669266243501,0.0005307540997549387,0.0005443631792358346,8.51572370189399e-05,0.00024104845165204026,0.0002744614237720737,0.0002465400052733558
CVCL_0459,1,"[('EX229', 0.05, 'uM')]",40,27.45702069935338,0.0013994506872680834,0.0012123626742670144,0.001243448896684117,0.0002058196962354828,0.0015354050127333555,0.0018036063705206375,0.0015428561076256295
CVCL_0459,1,"[('Elimusertib hydrochloride', 0.05, 'uM')]",40,27.45702069935338,0.002033495120815052,0.001797658215460428,0.0018437520158568494,0.00040206506122167054,0.0032397554329284114,0.0037000367063929032,0.0031823019859237335
CVCL_0459,1,"[('Encorafenib', 0.05, 'uM')]",40,27.45702069935338,0.0007413551091240265,0.0006236704065861973,0.0006396619554730229,0.00010852086719924927,0.0005236091222232213,0.0006324108642412014,0.0005318459215220718
CVCL_0459,1,"[('Erdafitinib ', 0.05, 'uM')]",40,27.45702069935338,0.0007456296915426549,0.0006591767533865923,0.0006760787214221456,0.00010253560015252943,0.000480826331164891,0.0005743262669352171,0.0004812161825542147
CVCL_0459,1,"[('Everolimus', 0.05, 'uM')]",40,27.45702069935338,0.0007216336113503646,0.0006365000842999234,0.0006528205992819725,8.572039169615853e-05,0.0005421685528649741,0.0005885196075434192,0.0005512541693675263
CVCL_0459,1,"[('Futibatinib', 0.05, 'uM')]",40,27.45702069935338,0.0008516784866643027,0.0007058801173454299,0.000723979607533774,0.00017036419147099663,0.0004557169831558753,0.0006808421598157761,0.0004637196941000381
CVCL_0459,1,"[('GSK1059615', 0.05, 'uM')]",40,27.45702069935338,0.0008577333090713045,0.0007399953126870641,0.0007589695514739119,0.000134796102557529,0.0006371197398911153,0.0007103243573211071,0.000641282909316327
CVCL_0459,1,"[('Gemcitabine', 0.05, 'uM')]",40,27.45702069935338,0.0007410430853668614,0.000650181477846214,0.0006668527977909885,0.00012599461951695638,0.0010689024169028088,0.001251312979331714,0.0010620683703077747
CVCL_0459,1,"[('HI-TOPK-032', 0.05, 'uM')]",40,27.45702069935338,0.0011524838092515932,0.0010064164997548796,0.0010322220510306454,0.0001655833685864187,0.0004170276357900517,0.0004553920014231887,0.0004275383502248762
CVCL_0459,1,"[('Hydroxyfasudil', 0.05, 'uM')]",37,25.48275878846326,0.003798950398169274,0.003194979478858779,0.0032837289088270796,0.0002957083022582728,0.0010977437617218126,0.001143734223166844,0.0011478950786964405
CVCL_0459,1,"[('IQ 1', 0.05, 'uM')]",40,27.45702069935338,0.0007442956133943162,0.0006494688222065063,0.00066612186892975,0.0001344017123014512,0.0005810553078359873,0.0007001976012806548,0.0005943681008362873
CVCL_0459,1,"[('Infigratinib', 0.05, 'uM')]",40,27.45702069935338,0.0008108469906417397,0.0007023475182760526,0.0007203564290010795,0.00017974861370417588,0.0005404185933557723,0.0005787951664040225,0.0005554851006738615
CVCL_0459,1,"[('Ipatasertib', 0.05, 'uM')]",40,27.45702069935338,0.0010213358457461116,0.0008823882290109164,0.0009050135682163243,0.00014759848193347583,0.000780954437812897,0.0009149367956565171,0.000806630005622379
CVCL_0459,1,"[('Irinotecan', 0.05, 'uM')]",40,27.45702069935338,0.0007045394312138098,0.0006131808189888219,0.0006289034040910992,0.00010047828200394393,0.00041081566573704766,0.0004526352849639197,0.0004127627674280474
CVCL_0459,1,"[('Ixazomib', 0.05, 'uM')]",40,27.45702069935338,0.0011522718252748824,0.0010134432012499006,0.0010394289243588722,0.0001245173287499343,0.0007257080884417215,0.0008187212745604007,0.0007307139156785747
CVCL_0459,1,"[('LB-100', 0.05, 'uM')]",40,27.45702069935338,0.0006408560241331329,0.0005250818821651717,0.0005385455201694065,9.7896930246108e-05,0.0003067273458315145,0.0003601487980482476,0.00030371367797092674
CVCL_0459,1,"[('LJI308', 0.05, 'uM')]",40,27.45702069935338,0.0010784895974293837,0.0010196447731912743,0.0010457895109654094,0.000283128385333687,0.0008370317315796985,0.0011272298415779597,0.0008482934961551907
CVCL_0459,1,"[('LY-2584702 (tosylate salt)', 0.05, 'uM')]",40,27.45702069935338,0.0008738718279365117,0.0007751117534499294,0.0007949864137947991,0.00012223587053580213,0.000440489646822842,0.0005399488138983819,0.00045695857698528245
CVCL_0459,1,"[('LY2090314', 0.05, 'uM')]",40,27.45702069935338,0.0009683866417817517,0.0007739135362392229,0.0007937574730658694,0.00010605562866896462,0.00047842448088149123,0.0005466647319180882,0.0004800064631563965
CVCL_0459,1,"[('Lapatinib ditosylate', 0.05, 'uM')]",40,27.45702069935338,0.0007530518903591163,0.0006191648517146496,0.0006350408735534866,8.388459786679994e-05,0.0004498478834037707,0.0005036597372523636,0.0004461918659457189
CVCL_0459,1,"[('Lonafarnib', 0.05, 'uM')]",40,27.45702069935338,0.0008202357263796175,0.0006696755040406563,0.0006868466708109294,0.00012296400049663557,0.000410102871311631,0.0004253461398452495,0.00040987774800275366
CVCL_0459,1,"[('MK-3903', 0.05, 'uM')]",40,27.45702069935338,0.0009310490374948075,0.0008230866164735373,0.0008441914015113197,0.00014434189900728084,0.0004649135119313693,0.0005610509471908205,0.0004693420082042065
CVCL_0459,1,"[('MK-8353', 0.05, 'uM')]",40,27.45702069935338,0.0007928799483388328,0.0006622615254829614,0.0006792425902389344,0.0001107345029190888,0.00039077273463109777,0.0004790466404633358,0.00040187862710500696
CVCL_0459,1,"[('ML264', 0.05, 'uM')]",40,27.45702069935338,0.0008007750445634633,0.0006848095230678359,0.0007023687416080368,0.0001337676906148875,0.0004225251462460473,0.0005002361643597662,0.0004332654481983348
CVCL_0459,1,"[('Methylprednisolone succinate', 0.05, 'uM')]",23,15.798853085040463,0.024867130228734054,0.021871148657730096,0.022865291778536013,0.0012094930239280749,0.009910394081771825,0.009206800310470576,0.010432526154774946
CVCL_0459,1,"[('Minodronic acid', 0.05, 'uM')]",40,27.45702069935338,0.0010965136335611934,0.0008631214526913733,0.0008852527719911523,0.00014635751299803943,0.0003911894521890944,0.0004906675995687529,0.0003890006304046705
CVCL_0459,1,"[('NG25', 0.05, 'uM')]",40,27.45702069935338,0.0009118500017953542,0.000779101759896824,0.0007990787280993067,0.00014534823849402228,0.0006457648862336113,0.0008024100011676101,0.0006566095157313551
CVCL_0459,1,"[('NVP-BHG712', 0.05, 'uM')]",40,27.45702069935338,0.0009268766577910747,0.0007605810087784428,0.0007800830859266078,0.00012551127554469107,0.00041472293059573195,0.0005039382909069359,0.0004265470356987093
CVCL_0459,1,"[('OTS514', 0.05, 'uM')]",40,27.45702069935338,0.0009502231501678973,0.0007907170996679342,0.0008109918970953169,0.00021956334897980646,0.0005569100845122393,0.000811157931270285,0.0005705378877254128
CVCL_0459,1,"[('Oleic acid', 0.05, 'uM')]",40,27.45702069935338,0.001007797208298771,0.0007860592070420758,0.0008062145713252058,0.0001281560299833694,0.00040174326895508724,0.0004813475578072139,0.0004145362510965478
CVCL_0459,1,"[('Oxaliplatin', 0.05, 'uM')]",40,27.45702069935338,0.000848365430349211,0.0007108179506489948,0.0007290440519476869,0.00015420313430500085,0.0006421743871662942,0.000820829557061937,0.0006488627429983682
CVCL_0459,1,"[('PF-06260933', 0.05, 'uM')]",26,18.095780860402677,0.019758016221544432,0.01928203974260534,0.020053321332309557,0.0009021987894142765,0.0024578040465625074,0.0019044339901181742,0.0026971279376795916
CVCL_0459,1,"[('PH-797804', 0.05, 'uM')]",40,27.45702069935338,0.0009117174040671937,0.0007315727695639422,0.000750331045706607,9.624015905703859e-05,0.0005418854660799306,0.0006016328811128386,0.0005436611990736151
CVCL_0459,1,"[('Paclitaxel', 0.05, 'uM')]",40,27.45702069935338,0.0007141259819529891,0.0006108963385420401,0.000626560347222605,0.00014181042817689468,0.00041406480141684983,0.0005059900775235589,0.00040830888331707033
CVCL_0459,1,"[('Pemigatinib', 0.05, 'uM')]",40,27.45702069935338,0.0010031893371153318,0.0008291051657771756,0.0008503642725919746,0.00014062022400051954,0.0006335691518176149,0.0007875127329743996,0.0006462456363859983
CVCL_0459,1,"[('Pimitespib', 0.05, 'uM')]",40,27.45702069935338,0.0008247023440774252,0.0007251026770405894,0.0007436950533749632,0.00011627956109164338,0.0006650675961814392,0.0007912154037959385,0.0006703536205176747
CVCL_0459,1,"[('Pralsetinib', 0.05, 'uM')]",40,27.45702069935338,0.0009423136696737453,0.000783782022276159,0.0008038789972063164,0.00010632311486119718,0.0007951664766594883,0.0008488396708008734,0.0007972970686097154
CVCL_0459,1,"[('RMC-6236', 0.05, 'uM')]",40,27.45702069935338,0.0010398874148807432,0.0008630592722943997,0.0008851889972250249,0.0001651853933217981,0.0007486558258877633,0.0008581345216552439,0.0007516894364630794
CVCL_0459,1,"[('Ralimetinib dimesylate', 0.05, 'uM')]",17,12.662035895575718,0.023484520631809634,0.021294640438737043,0.022625555466158104,0.0014693936978607673,0.004654419241264483,0.003593905366792309,0.00488165917850223
CVCL_0459,1,"[('Regorafenib', 0.05, 'uM')]",40,27.45702069935338,0.0008226901772803889,0.000690278034861219,0.0007079774716525322,0.00010806466964202155,0.00037561052471894366,0.00042404391148357235,0.0003906163188689581
CVCL_0459,1,"[('SBI-0640756', 0.05, 'uM')]",40,27.45702069935338,0.0007447790774174956,0.0006613342121153176,0.000678291499605454,9.338728106003576e-05,0.00045091399731056307,0.00046821972781461546,0.0004607287583740337
CVCL_0459,1,"[('Sapanisertib', 0.05, 'uM')]",40,27.45702069935338,0.0009715500955090415,0.000876672398243532,0.0008991511776856732,0.00019877657274276525,0.0007065448186100845,0.0008305282139302663,0.0007006876381462248
CVCL_0459,1,"[('Sonidegib', 0.05, 'uM')]",39,26.459371306685068,0.008714047910888555,0.008550096760850718,0.008775099307188897,0.0005722136782614213,0.001769308634995024,0.0020975578338558575,0.0018133134536912727
CVCL_0459,1,"[('TAK-733', 0.05, 'uM')]",40,27.45702069935338,0.0008595141061870836,0.0007396693947070172,0.0007586352766225816,0.0001395761960999334,0.0006531362426779415,0.0007853657438381793,0.0006580759813703858
CVCL_0459,1,"[('TAK-901', 0.05, 'uM')]",40,27.45702069935338,0.0015485776581028495,0.001409000673339862,0.0014451288957331916,0.000265623258563449,0.0006904147491539259,0.0007951760597003319,0.0006749146175097186
CVCL_0459,1,"[('Temuterkib', 0.05, 'uM')]",40,27.45702069935338,0.0007891252127082142,0.0006738722732044206,0.0006911510494404312,0.00013478957241193603,0.00031769815374197574,0.00037219168329640553,0.00032562623183633456
CVCL_0459,1,"[('Tomivosertib', 0.05, 'uM')]",40,27.45702069935338,0.0008419685824544051,0.0007341574884032699,0.0007529820393879689,0.00014561618807269094,0.000619432847650459,0.0007549839684757692,0.0006254049699011936
CVCL_0459,1,"[('Torkinib', 0.05, 'uM')]",40,27.45702069935338,0.000844899268348773,0.0007282978177531368,0.0007469721207724481,0.0001344004518152101,0.00039448694047123365,0.00047091396794987774,0.0004016724168403471
CVCL_0459,1,"[('Trametinib', 0.05, 'uM')]",40,27.45702069935338,0.0010746141171385463,0.000914022846723049,0.0009374593299723578,0.00019353945723849848,0.00099543126379447,0.0011974977021264317,0.000992841189062302
CVCL_0459,1,"[('Tubulin inhibitor 6', 0.05, 'uM')]",40,27.45702069935338,0.0008938904327940162,0.0007017684262085513,0.0007197624884190269,9.691415492552627e-05,0.0002887014952058323,0.000350606436584295,0.00030131871467586245
CVCL_0459,1,"[('Tucatinib', 0.05, 'uM')]",40,27.45702069935338,0.0008165928628161277,0.0006884037179749658,0.0007060550953589392,0.00011391251252083708,0.0005861033276715896,0.0006948818117860402,0.0005966025455740029
CVCL_0459,1,"[('ULK-101', 0.05, 'uM')]",40,27.45702069935338,0.0010223833437626294,0.0009095224232227092,0.0009328435109976503,0.00018040716973620062,0.0010386107809460504,0.0012486728223592833,0.0010431574963814159
CVCL_0459,1,"[('Vemurafenib', 0.05, 'uM')]",40,27.45702069935338,0.0007553811023191591,0.0006432071514521025,0.0006596996425149769,0.00010231064643940269,0.00045263399929506697,0.0004964084054812761,0.0004537557227446877
CVCL_0459,1,"[('Volasertib', 0.05, 'uM')]",40,27.45702069935338,0.0007379874211008136,0.000629458052290012,0.0006455980023487302,9.699892015756562e-05,0.0002671813872465925,0.0002992547097364216,0.0002789847120346727
CVCL_0459,1,"[('XRK3F2', 0.05, 'uM')]",40,27.45702069935338,0.0007614412152007415,0.0006524615906161063,0.000669191374990878,0.0001100780303206527,0.0007395514078786325,0.0008426460133394388,0.0007381369802343494
CVCL_0459,1,"[('c-Kit-IN-1', 0.05, 'uM')]",19,12.000921720825344,0.015703528093010573,0.014514915426376075,0.0153212996167303,0.0011751476800795442,0.009198872772219036,0.00951357151781557,0.009683664976595513
CVCL_0459,1,"[('olaparib', 0.05, 'uM')]",30,21.507468536853434,0.023060753246558104,0.024178834775458874,0.025012587698750567,0.0009062763252647672,0.004309663322783403,0.0035370805727205253,0.004375892044410756
CVCL_0459,1,"[('palbociclib', 0.05, 'uM')]",40,27.45702069935338,0.000977306672545654,0.0008799701439573748,0.0009025334809819229,0.00015557878747067395,0.0006532172208436162,0.0007523425604781813,0.0006642253196174007
CVCL_0459,1,"[('venetoclax', 0.05, 'uM')]",40,27.45702069935338,0.001153247329683412,0.0010306872156434198,0.0010571150929676097,0.000257300424860127,0.0012404711644123912,0.0014498482355943844,0.0012171827519206185
CVCL_0459,1,"[('vincristine', 0.05, 'uM')]",40,27.45702069935338,0.001302067158269665,0.0011090008448713174,0.0011374367639705818,0.00015012973626515525,0.0010551634399395384,0.0012893268231661521,0.0010618093937194587
CVCL_0480,1,"[('4EGI-1', 0.05, 'uM')]",40,25.002956413551,0.0004990354470308162,0.000747838021406336,0.0007670133552885496,8.65371090285493e-05,0.00016243989832686855,0.00016387663750340182,0.00015273322695329885
CVCL_0480,1,"[('9-ING-41', 0.05, 'uM')]",40,25.002956413551,0.0005514634484499601,0.0010410389801110466,0.001067732287293381,0.00011188387056608172,0.00026629492228309244,0.00031191984968820474,0.00023550693834379762
CVCL_0480,1,"[('APTO-253', 0.05, 'uM')]",40,25.002956413551,0.00039948583731748606,0.0006281435974437623,0.0006442498435320638,0.00013259830960952893,0.00017414615717015617,0.0002131711310213777,0.00016364684862914768
CVCL_0480,1,"[('AT7519', 0.05, 'uM')]",40,25.002956413551,0.00041375777010488584,0.000565739735685095,0.0005802458827539435,0.00010696356361904744,0.0002002097233781302,0.00022416683087349588,0.00019110713385274587
CVCL_0480,1,"[('AZD-7648', 0.05, 'uM')]",40,25.002956413551,0.0004433105396295365,0.0007451992313195434,0.00076430690391748,0.00013525157199398906,0.0002640274174505671,0.0003306133473988615,0.00024939128936084465
CVCL_0480,1,"[('AZD-8055', 0.05, 'uM')]",40,25.002956413551,0.0005720047987227037,0.00076430365562356,0.0007839011852549333,0.00013673310609712376,0.0002827903943416399,0.0003309358602496215,0.0002704358776798027
CVCL_0480,1,"[('AZD1390', 0.05, 'uM')]",40,25.002956413551,0.00041505757054256993,0.000628105364255392,0.0006442106300055298,0.0001057809823656371,0.00017013351374796235,0.00021776612155820102,0.0001537104204216231
CVCL_0480,1,"[('AZD2858', 0.05, 'uM')]",40,25.002956413551,0.0004875411386899793,0.0006579510763626308,0.0006748216167821854,0.00011451066990091259,0.00023305995243780902,0.00024148920072577872,0.00022010853529519302
CVCL_0480,1,"[('Adagrasib', 0.05, 'uM')]",40,25.002956413551,0.0004360974144682382,0.0006128541326652038,0.0006285683411950806,5.8317265281895224e-05,0.00010319046747033897,8.814499153458246e-05,9.908680504308616e-05
CVCL_0480,1,"[('Afatinib', 0.05, 'uM')]",40,25.002956413551,0.0006294509636003255,0.0008058273267464159,0.0008264895658937598,0.00010294252887372315,0.0003263580576810123,0.0003347717213458679,0.0003123035208770333
CVCL_0480,1,"[('Alpelisib', 0.05, 'uM')]",40,25.002956413551,0.0004994369781560098,0.0007771654035415719,0.0007970927215810991,0.0001221532945118225,0.0002619565009690918,0.00033554380057508636,0.0002415399159002659
CVCL_0480,1,"[('Anastrozole', 0.05, 'uM')]",40,25.002956413551,0.0004066546100577237,0.0006659697270054703,0.0006830458738517642,0.00011711996998155181,0.00022524991052109782,0.0002912999300556385,0.0002150851361068863
CVCL_0480,1,"[('BAY1125976', 0.05, 'uM')]",40,25.002956413551,0.0005129272627428917,0.0006948272160120153,0.0007126432984738617,0.00011156175739031232,0.00024149637997877534,0.00022807760355949912,0.0002270489282810142
CVCL_0480,1,"[('BI-3406', 0.05, 'uM')]",40,25.002956413551,0.0005738904798419663,0.0008073883587550731,0.0008280906243641771,0.00011733811508760032,0.00029834946898994334,0.00035329388143715733,0.0002853680506301659
CVCL_0480,1,"[('BI-78D3', 0.05, 'uM')]",40,25.002956413551,0.000516924570051127,0.0007482407039437035,0.0007674263630191827,0.0001114502773730682,0.00027724556317881057,0.00028056748160914553,0.000255010484455096
CVCL_0480,1,"[('Belumosudil (mesylate)', 0.05, 'uM')]",40,25.002956413551,0.0006417317697701007,0.0008401601012875629,0.0008617026679872441,0.00012851343375267638,0.0003224034819217306,0.0003551330015469415,0.0002907900992425639
CVCL_0480,1,"[('Belzutifan', 0.05, 'uM')]",38,24.140566748834914,0.002967274967934402,0.004134058779850453,0.004245790098224789,0.00019063333724127319,0.0014291342670899436,0.0014567624484784392,0.0014461963372410928
CVCL_0480,1,"[('Bentamapimod', 0.05, 'uM')]",40,25.002956413551,0.0006353589451826725,0.0008740576533529423,0.0008964693880542998,0.00014678942923006954,0.000323297196792175,0.00034972649556797453,0.00030831506806078284
CVCL_0480,1,"[('Bimiralisib', 0.05, 'uM')]",40,25.002956413551,0.0007283694882676032,0.0008998436789362223,0.0009229165937807406,0.000185139078981502,0.00042172462742997506,0.0005333832071593542,0.0003951689339097852
CVCL_0480,1,"[('Binimetinib', 0.05, 'uM')]",40,25.002956413551,0.0011732926074263699,0.0013527328250105505,0.001387418282062102,0.00031796876909396767,0.0007029222987551377,0.000968124160327133,0.0006781528223527352
CVCL_0480,1,"[('Bortezomib', 0.05, 'uM')]",40,25.002956413551,0.003705606495769196,0.00399721604630342,0.004099708765439405,0.0019201322603045465,0.0025739933869463535,0.004488663792620498,0.0024921119450150215
CVCL_0480,1,"[('Brivudine', 0.05, 'uM')]",40,25.002956413551,0.000506525676381445,0.0007262819866636402,0.0007449046017062973,0.00010347622067134509,0.0002067422659033215,0.00021391514729264405,0.00019335170085128957
CVCL_0480,1,"[('CP21R7', 0.05, 'uM')]",40,25.002956413551,0.0004436769021886794,0.0006792706089099422,0.000696687804010197,9.074545713063997e-05,0.00016749598699606602,0.0001690462862091993,0.00015455835986144973
CVCL_0480,1,"[('Capivasertib', 0.05, 'uM')]",40,25.002956413551,0.00046301251472922046,0.0006646009537278576,0.0006816420038234435,0.00010165254349015912,0.00019929400284859067,0.00021969623550808842,0.00019136054482449174
CVCL_0480,1,"[('Capmatinib', 0.05, 'uM')]",40,25.002956413551,0.0006088636237274754,0.0008544266723303335,0.0008763350485439315,9.390373413887312e-05,0.00031889821019500037,0.00036622711706577873,0.00029279778560341026
CVCL_0480,1,"[('Celecoxib', 0.05, 'uM')]",40,25.002956413551,0.00047398187572004374,0.0008420806270696548,0.0008636724380201586,0.00012195152547766344,0.00023476675047977356,0.0002879732775191497,0.00022033781762792104
CVCL_0480,1,"[('DT-061', 0.05, 'uM')]",40,25.002956413551,0.0005048401947795307,0.000887491990259445,0.0009102481951378921,0.00010186479543942896,0.00019965772456080995,0.00020279157967472873,0.00019557441651315527
CVCL_0480,1,"[('Dabrafenib', 0.05, 'uM')]",40,25.002956413551,0.0005927175549777826,0.0008667488650099381,0.0008889731948819874,0.00012051106761780774,0.0001974760917168064,0.00020658652146968265,0.0001913441059652937
CVCL_0480,1,"[('ERK5-IN-2', 0.05, 'uM')]",40,25.002956413551,0.0005181650692976192,0.0007459302448140947,0.0007650566613477893,0.00014143852291585848,0.0002811027653478836,0.000320428059610418,0.000272636784353417
CVCL_0480,1,"[('ETC-206', 0.05, 'uM')]",40,25.002956413551,0.00036785131679707705,0.0005307540997549387,0.0005443631792358346,8.51572370189399e-05,0.0001444759997892624,0.0001631927745427293,0.00013863585716024365
CVCL_0480,1,"[('EX229', 0.05, 'uM')]",40,25.002956413551,0.0008512157990264216,0.0012123626742670144,0.001243448896684117,0.0002058196962354828,0.0003013553204700294,0.0003632948098390957,0.00027892596642766014
CVCL_0480,1,"[('Elimusertib hydrochloride', 0.05, 'uM')]",40,25.002956413551,0.0015545123813827117,0.001797658215460428,0.0018437520158568494,0.00040206506122167054,0.0008003411658337934,0.0011583119483465664,0.0007922482113669634
CVCL_0480,1,"[('Encorafenib', 0.05, 'uM')]",40,25.002956413551,0.00046773962127351224,0.0006236704065861973,0.0006396619554730229,0.00010852086719924927,0.00022037724898284168,0.00026796789918306956,0.00020555625184383067
CVCL_0480,1,"[('Erdafitinib ', 0.05, 'uM')]",40,25.002956413551,0.00048237052046037367,0.0006591767533865923,0.0006760787214221456,0.00010253560015252943,0.00021268961800249955,0.00021235858231931603,0.00019502671964749605
CVCL_0480,1,"[('Everolimus', 0.05, 'uM')]",40,25.002956413551,0.0004901886397536737,0.0006365000842999234,0.0006528205992819725,8.572039169615853e-05,0.00022662790613898543,0.00022745748006492678,0.00021213975836350597
CVCL_0480,1,"[('Futibatinib', 0.05, 'uM')]",40,25.002956413551,0.000499167222035406,0.0007058801173454299,0.000723979607533774,0.00017036419147099663,0.0002580676802831486,0.0003721385248900732,0.00024185423169450896
CVCL_0480,1,"[('GSK1059615', 0.05, 'uM')]",40,25.002956413551,0.000598606472431987,0.0007399953126870641,0.0007589695514739119,0.000134796102557529,0.0002493971657668631,0.00028694606325186924,0.0002310111790777921
CVCL_0480,1,"[('Gemcitabine', 0.05, 'uM')]",40,25.002956413551,0.0005431875635098888,0.000650181477846214,0.0006668527977909885,0.00012599461951695638,0.00028439751975024066,0.0003117315498221743,0.0002698626708336179
CVCL_0480,1,"[('HI-TOPK-032', 0.05, 'uM')]",40,25.002956413551,0.0006433725304750045,0.0010064164997548796,0.0010322220510306454,0.0001655833685864187,0.0004501446071871496,0.0005520077694802364,0.0004389748923052003
CVCL_0480,1,"[('Hydroxyfasudil', 0.05, 'uM')]",37,24.578363143654233,0.0030027634802760614,0.003194979478858779,0.0032837289088270796,0.0002957083022582728,0.0023306805568511484,0.002081662594825544,0.0023300046116463
CVCL_0480,1,"[('IQ 1', 0.05, 'uM')]",40,25.002956413551,0.0005017085199629254,0.0006494688222065063,0.00066612186892975,0.0001344017123014512,0.00018940430256604219,0.0002647553717296347,0.00018186027199164836
CVCL_0480,1,"[('Infigratinib', 0.05, 'uM')]",40,25.002956413551,0.0005808793952151068,0.0007023475182760526,0.0007203564290010795,0.00017974861370417588,0.00025921210856421245,0.00034216524190576047,0.000251506188195471
CVCL_0480,1,"[('Ipatasertib', 0.05, 'uM')]",40,25.002956413551,0.0006383417860220366,0.0008823882290109164,0.0009050135682163243,0.00014759848193347583,0.000392545466512786,0.00046626389634054364,0.0003699421377670767
CVCL_0480,1,"[('Irinotecan', 0.05, 'uM')]",40,25.002956413551,0.00045888611984892195,0.0006131808189888219,0.0006289034040910992,0.00010047828200394393,0.0002026784834385832,0.0001988360866296041,0.00018861386410595898
CVCL_0480,1,"[('Ixazomib', 0.05, 'uM')]",40,25.002956413551,0.0007225496797127741,0.0010134432012499006,0.0010394289243588722,0.0001245173287499343,0.000269115916482097,0.00029176392798446103,0.00025786719085246946
CVCL_0480,1,"[('LB-100', 0.05, 'uM')]",40,25.002956413551,0.0003493948326525827,0.0005250818821651717,0.0005385455201694065,9.7896930246108e-05,0.0001399290501600736,0.00017225367348222057,0.00013639625102568147
CVCL_0480,1,"[('LJI308', 0.05, 'uM')]",40,25.002956413551,0.0009126662744381065,0.0010196447731912743,0.0010457895109654094,0.000283128385333687,0.000495898802121897,0.0007236740076905245,0.0004722286641189244
CVCL_0480,1,"[('LY-2584702 (tosylate salt)', 0.05, 'uM')]",40,25.002956413551,0.00048542194503025965,0.0007751117534499294,0.0007949864137947991,0.00012223587053580213,0.00022381418708011688,0.00026032790417990903,0.0002178406736500219
CVCL_0480,1,"[('LY2090314', 0.05, 'uM')]",40,25.002956413551,0.0004704003904347512,0.0007739135362392229,0.0007937574730658694,0.00010605562866896462,0.00019115968515086727,0.00021601527990983016,0.00017838006913221383
CVCL_0480,1,"[('Lapatinib ditosylate', 0.05, 'uM')]",40,25.002956413551,0.0004320519589741663,0.0006191648517146496,0.0006350408735534866,8.388459786679994e-05,0.00022915846903238086,0.00025222099199721505,0.00021576463626593603
CVCL_0480,1,"[('Lonafarnib', 0.05, 'uM')]",40,25.002956413551,0.00044934141881749487,0.0006696755040406563,0.0006868466708109294,0.00012296400049663557,0.00019738544528528863,0.0002672875816179538,0.00018866626017737627
CVCL_0480,1,"[('MK-3903', 0.05, 'uM')]",40,25.002956413551,0.0006014118354378261,0.0008230866164735373,0.0008441914015113197,0.00014434189900728084,0.00028821855997906136,0.00032242251043762494,0.00026795037906012317
CVCL_0480,1,"[('MK-8353', 0.05, 'uM')]",40,25.002956413551,0.00045652875292738476,0.0006622615254829614,0.0006792425902389344,0.0001107345029190888,0.00017312223971791907,0.00018672490378589203,0.00015606642507653832
CVCL_0480,1,"[('ML264', 0.05, 'uM')]",40,25.002956413551,0.0004951517923980076,0.0006848095230678359,0.0007023687416080368,0.0001337676906148875,0.00023787617370964856,0.00028269777406074746,0.0002252950280869855
CVCL_0480,1,"[('Minodronic acid', 0.05, 'uM')]",40,25.002956413551,0.0004993897395160438,0.0008631214526913733,0.0008852527719911523,0.00014635751299803943,0.00021740239816465842,0.0002818552296317833,0.0002056445345256964
CVCL_0480,1,"[('NG25', 0.05, 'uM')]",40,25.002956413551,0.0005925513462257332,0.000779101759896824,0.0007990787280993067,0.00014534823849402228,0.00023471583755274572,0.000252884960054731,0.00021769440161836107
CVCL_0480,1,"[('NVP-BHG712', 0.05, 'uM')]",40,25.002956413551,0.0004994270282501474,0.0007605810087784428,0.0007800830859266078,0.00012551127554469107,0.0002735490320504819,0.0003164672685348113,0.00026219814904419024
CVCL_0480,1,"[('OTS514', 0.05, 'uM')]",40,25.002956413551,0.0005672022059634736,0.0007907170996679342,0.0008109918970953169,0.00021956334897980646,0.00029507798533434806,0.0004715241398921229,0.0002751207149954191
CVCL_0480,1,"[('Oleic acid', 0.05, 'uM')]",40,25.002956413551,0.000447627175618584,0.0007860592070420758,0.0008062145713252058,0.0001281560299833694,0.00016082211585965347,0.00018162189803663553,0.0001472831321552419
CVCL_0480,1,"[('Oxaliplatin', 0.05, 'uM')]",40,25.002956413551,0.0005405828427340068,0.0007108179506489948,0.0007290440519476869,0.00015420313430500085,0.00027461916404480046,0.0003156048132342631,0.00026098746147692965
CVCL_0480,1,"[('PF-06260933', 0.05, 'uM')]",26,17.48885993145717,0.01916697670788148,0.01928203974260534,0.020053321332309557,0.0009021987894142765,0.015232516703006259,0.013862672340093859,0.01598799476197214
CVCL_0480,1,"[('PH-797804', 0.05, 'uM')]",40,25.002956413551,0.00045344662291063457,0.0007315727695639422,0.000750331045706607,9.624015905703859e-05,0.00019553936757902652,0.00021053419533731012,0.00017737864837129685
CVCL_0480,1,"[('Paclitaxel', 0.05, 'uM')]",40,25.002956413551,0.00045393674051634014,0.0006108963385420401,0.000626560347222605,0.00014181042817689468,0.0002951981656517571,0.00036243159149522777,0.0002770522053404207
CVCL_0480,1,"[('Pemigatinib', 0.05, 'uM')]",40,25.002956413551,0.0005595434898056421,0.0008291051657771756,0.0008503642725919746,0.00014062022400051954,0.0002486570129018595,0.0003340952167202835,0.00023361934467764806
CVCL_0480,1,"[('Pimitespib', 0.05, 'uM')]",40,25.002956413551,0.0005626143756365993,0.0007251026770405894,0.0007436950533749632,0.00011627956109164338,0.0003662688005664515,0.00043384166546722237,0.00034897046714788373
CVCL_0480,1,"[('Pralsetinib', 0.05, 'uM')]",40,25.002956413551,0.0005941446731900742,0.000783782022276159,0.0008038789972063164,0.00010632311486119718,0.00028644635631556455,0.00028612177222453195,0.00026857989866945923
CVCL_0480,1,"[('RMC-6236', 0.05, 'uM')]",40,25.002956413551,0.0005815954472721774,0.0008630592722943997,0.0008851889972250249,0.0001651853933217981,0.0003089142872177879,0.0004163289960611081,0.00030376429512925105
CVCL_0480,1,"[('Regorafenib', 0.05, 'uM')]",40,25.002956413551,0.000452169586047224,0.000690278034861219,0.0007079774716525322,0.00010806466964202155,0.00021292918533989346,0.00023218989172920206,0.00019589325394377797
CVCL_0480,1,"[('SBI-0640756', 0.05, 'uM')]",40,25.002956413551,0.0004950409823690921,0.0006613342121153176,0.000678291499605454,9.338728106003576e-05,0.00025718135136225064,0.0002587312369777946,0.00024714511571197623
CVCL_0480,1,"[('Sapanisertib', 0.05, 'uM')]",40,25.002956413551,0.000680886171502222,0.000876672398243532,0.0008991511776856732,0.00019877657274276525,0.00029133201313129027,0.0003897632430907102,0.00028108073533194606
CVCL_0480,1,"[('Sonidegib', 0.05, 'uM')]",39,24.88180707835429,0.0061508122658906015,0.008550096760850718,0.008775099307188897,0.0005722136782614213,0.0012054315693599779,0.0011455905826322306,0.0013430678734358463
CVCL_0480,1,"[('TAK-733', 0.05, 'uM')]",40,25.002956413551,0.0005523036827223317,0.0007396693947070172,0.0007586352766225816,0.0001395761960999334,0.0003184260392364012,0.00039605202294720326,0.0002962628498595803
CVCL_0480,1,"[('TAK-901', 0.05, 'uM')]",40,25.002956413551,0.0012525999603195058,0.001409000673339862,0.0014451288957331916,0.000265623258563449,0.0005546377662644603,0.0006622314809507783,0.00051256918689179
CVCL_0480,1,"[('Temuterkib', 0.05, 'uM')]",40,25.002956413551,0.00047125269570108693,0.0006738722732044206,0.0006911510494404312,0.00013478957241193603,0.00023246935008770114,0.0002713599297364232,0.00021791766282390956
CVCL_0480,1,"[('Tomivosertib', 0.05, 'uM')]",40,25.002956413551,0.0005701013257986195,0.0007341574884032699,0.0007529820393879689,0.00014561618807269094,0.0002983838142928362,0.0003472630005896782,0.0002821458785356933
CVCL_0480,1,"[('Torkinib', 0.05, 'uM')]",40,25.002956413551,0.0005122739338582842,0.0007282978177531368,0.0007469721207724481,0.0001344004518152101,0.00024063622281342672,0.00027915771026110247,0.00022931113153163357
CVCL_0480,1,"[('Trametinib', 0.05, 'uM')]",40,25.002956413551,0.0006494949252904719,0.000914022846723049,0.0009374593299723578,0.00019353945723849848,0.0004830475735204766,0.0006809332086490579,0.0004690906900724614
CVCL_0480,1,"[('Tubulin inhibitor 6', 0.05, 'uM')]",40,25.002956413551,0.00042656522793940824,0.0007017684262085513,0.0007197624884190269,9.691415492552627e-05,0.0001790164482647077,0.0001867112662661201,0.00016107718490666187
CVCL_0480,1,"[('Tucatinib', 0.05, 'uM')]",40,25.002956413551,0.0004960666391228501,0.0006884037179749658,0.0007060550953589392,0.00011391251252083708,0.00019096304858387265,0.00020805491748227505,0.0001799000977428899
CVCL_0480,1,"[('ULK-101', 0.05, 'uM')]",40,25.002956413551,0.000716467964937591,0.0009095224232227092,0.0009328435109976503,0.00018040716973620062,0.0003013120262856915,0.00032019830661249863,0.00028225532736907003
CVCL_0480,1,"[('Vemurafenib', 0.05, 'uM')]",40,25.002956413551,0.00045145191469889395,0.0006432071514521025,0.0006596996425149769,0.00010231064643940269,0.0002400640529409629,0.0002628998604814616,0.00021978847029144666
CVCL_0480,1,"[('Volasertib', 0.05, 'uM')]",40,25.002956413551,0.0004119635931349943,0.000629458052290012,0.0006455980023487302,9.699892015756562e-05,0.0001732609916174855,0.00017485353803286857,0.00016152611568111524
CVCL_0480,1,"[('XRK3F2', 0.05, 'uM')]",40,25.002956413551,0.0004884666733359131,0.0006524615906161063,0.000669191374990878,0.0001100780303206527,0.0002682796490715468,0.0003611566686574576,0.00025764326487002863
CVCL_0480,1,"[('olaparib', 0.05, 'uM')]",30,19.355189680469167,0.027183925239498898,0.024178834775458874,0.025012587698750567,0.0009062763252647672,0.026894090824707277,0.026433616237736105,0.02752725413510625
CVCL_0480,1,"[('palbociclib', 0.05, 'uM')]",40,25.002956413551,0.0006023494343356592,0.0008799701439573748,0.0009025334809819229,0.00015557878747067395,0.0002015970531563,0.0002723998396531504,0.00019042165650466855
CVCL_0480,1,"[('venetoclax', 0.05, 'uM')]",40,25.002956413551,0.0008633045058967969,0.0010306872156434198,0.0010571150929676097,0.000257300424860127,0.00038285201429142204,0.0004813184236912797,0.0003594536160835562
CVCL_0480,1,"[('vincristine', 0.05, 'uM')]",40,25.002956413551,0.0007305613822061603,0.0011090008448713174,0.0011374367639705818,0.00015012973626515525,0.00024968134277217807,0.00026923525637480603,0.000223464312941776
CVCL_1094,1,"[('4EGI-1', 0.05, 'uM')]",40,21.046163260871054,0.000855117686138038,0.000747838021406336,0.0007670133552885496,8.65371090285493e-05,0.0002490403123822575,0.00018823264071548773,0.0002361426113196717
CVCL_1094,1,"[('9-ING-41', 0.05, 'uM')]",40,21.046163260871054,0.0013914476498786902,0.0010410389801110466,0.001067732287293381,0.00011188387056608172,0.0002718504954232659,0.00021207777092910495,0.0002892748196156551
CVCL_1094,1,"[('APTO-253', 0.05, 'uM')]",40,21.046163260871054,0.0007728856674118341,0.0006281435974437623,0.0006442498435320638,0.00013259830960952893,0.00025128765751729267,0.00025014232818912905,0.00024269940447467842
CVCL_1094,1,"[('AT7519', 0.05, 'uM')]",40,21.046163260871054,0.000694863697724971,0.000565739735685095,0.0005802458827539435,0.00010696356361904744,0.00022444087327708317,0.00015159218339757608,0.0002146065310103579
CVCL_1094,1,"[('AZD-7648', 0.05, 'uM')]",40,21.046163260871054,0.000949040768925153,0.0007451992313195434,0.00076430690391748,0.00013525157199398906,0.00025687408719012836,0.00026456426331949713,0.0002590309031083238
CVCL_1094,1,"[('AZD-8055', 0.05, 'uM')]",40,21.046163260871054,0.0008779203935529174,0.00076430365562356,0.0007839011852549333,0.00013673310609712376,0.00032389988615805313,0.00023834150448663678,0.00028696537578888425
CVCL_1094,1,"[('AZD1390', 0.05, 'uM')]",40,21.046163260871054,0.0007685198953754102,0.000628105364255392,0.0006442106300055298,0.0001057809823656371,0.00020192565528297812,0.0001788308672847712,0.00019656196018682885
CVCL_1094,1,"[('AZD2858', 0.05, 'uM')]",40,21.046163260871054,0.0007620328128422721,0.0006579510763626308,0.0006748216167821854,0.00011451066990091259,0.0002895208460326967,0.0002334032637744356,0.00025673399678898825
CVCL_1094,1,"[('Abemaciclib', 0.05, 'uM')]",17,8.606229459619401,0.022774690069964784,0.021826939996498883,0.023191123746280063,0.0014887351325239707,0.013848085599614993,0.012289053053414037,0.014700712142021701
CVCL_1094,1,"[('Adagrasib', 0.05, 'uM')]",40,21.046163260871054,0.0007279865813354914,0.0006128541326652038,0.0006285683411950806,5.8317265281895224e-05,0.00016757751543801074,0.0001266468464672676,0.00017263244983389025
CVCL_1094,1,"[('Afatinib', 0.05, 'uM')]",40,21.046163260871054,0.0009381078800189329,0.0008058273267464159,0.0008264895658937598,0.00010294252887372315,0.0004444115615560255,0.0003755142379003206,0.00041074228255552555
CVCL_1094,1,"[('Alpelisib', 0.05, 'uM')]",40,21.046163260871054,0.0009765011394414922,0.0007771654035415719,0.0007970927215810991,0.0001221532945118225,0.0002825108681985144,0.00020931079114181592,0.0002715053312882987
CVCL_1094,1,"[('Anastrozole', 0.05, 'uM')]",40,21.046163260871054,0.0008577454710260915,0.0006659697270054703,0.0006830458738517642,0.00011711996998155181,0.00028268758088088495,0.0002542868461629486,0.00027495885664315735
CVCL_1094,1,"[('BAY1125976', 0.05, 'uM')]",40,21.046163260871054,0.0008337440291285627,0.0006948272160120153,0.0007126432984738617,0.00011156175739031232,0.0003114036548394782,0.00024814922787453627,0.0002876667439147259
CVCL_1094,1,"[('BI-3406', 0.05, 'uM')]",40,21.046163260871054,0.0009466406053986801,0.0008073883587550731,0.0008280906243641771,0.00011733811508760032,0.0002813127173055402,0.0002061860002567625,0.00025622296970848947
CVCL_1094,1,"[('BI-78D3', 0.05, 'uM')]",40,21.046163260871054,0.0008406951983906447,0.0007482407039437035,0.0007674263630191827,0.0001114502773730682,0.0002556526057170869,0.00019821473166629005,0.0002230612422412697
CVCL_1094,1,"[('Belumosudil (mesylate)', 0.05, 'uM')]",40,21.046163260871054,0.0009055645818188398,0.0008401601012875629,0.0008617026679872441,0.00012851343375267638,0.0002847040959786954,0.00020239578647406018,0.00026138367292206975
CVCL_1094,1,"[('Belzutifan', 0.05, 'uM')]",38,19.09913982962697,0.0037688289231738305,0.004134058779850453,0.004245790098224789,0.00019063333724127319,0.0007288726794961633,0.0005859953208338191,0.0010986420440704334
CVCL_1094,1,"[('Bentamapimod', 0.05, 'uM')]",40,21.046163260871054,0.0010039650026568685,0.0008740576533529423,0.0008964693880542998,0.00014678942923006954,0.0003231034633302803,0.00021487052668901522,0.000312921730696861
CVCL_1094,1,"[('Bimiralisib', 0.05, 'uM')]",40,21.046163260871054,0.0010089843268071914,0.0008998436789362223,0.0009229165937807406,0.000185139078981502,0.00038658853713846976,0.0002530731036958624,0.0003228025308956055
CVCL_1094,1,"[('Binimetinib', 0.05, 'uM')]",40,21.046163260871054,0.0015261513445838037,0.0013527328250105505,0.001387418282062102,0.00031796876909396767,0.0005446387221533045,0.0003490474334494495,0.00045447841153569926
CVCL_1094,1,"[('Bortezomib', 0.05, 'uM')]",40,21.046163260871054,0.004000960824917873,0.00399721604630342,0.004099708765439405,0.0019201322603045465,0.0021444165084326438,0.001781007991858348,0.0016656663331351294
CVCL_1094,1,"[('Brivudine', 0.05, 'uM')]",40,21.046163260871054,0.000853724780832084,0.0007262819866636402,0.0007449046017062973,0.00010347622067134509,0.00024004764829158685,0.00018804903774647983,0.0002176287422162154
CVCL_1094,1,"[('CP21R7', 0.05, 'uM')]",40,21.046163260871054,0.0008090446441369334,0.0006792706089099422,0.000696687804010197,9.074545713063997e-05,0.00022000651848543996,0.0001707179521617592,0.0002093083512110362
CVCL_1094,1,"[('Capivasertib', 0.05, 'uM')]",40,21.046163260871054,0.0008072404848146348,0.0006646009537278576,0.0006816420038234435,0.00010165254349015912,0.00026281813979351016,0.00021748469569462628,0.0002449521253641
CVCL_1094,1,"[('Capmatinib', 0.05, 'uM')]",40,21.046163260871054,0.0010167133806498728,0.0008544266723303335,0.0008763350485439315,9.390373413887312e-05,0.00030581701900196564,0.0002514204112301523,0.0002755268217602367
CVCL_1094,1,"[('Celecoxib', 0.05, 'uM')]",40,21.046163260871054,0.0011103517255136698,0.0008420806270696548,0.0008636724380201586,0.00012195152547766344,0.0002565936961787801,0.0002334621728326735,0.00026863212194269215
CVCL_1094,1,"[('DT-061', 0.05, 'uM')]",40,21.046163260871054,0.0011433077457247412,0.000887491990259445,0.0009102481951378921,0.00010186479543942896,0.0002557478435251596,0.00021935575795684298,0.00027439260312158234
CVCL_1094,1,"[('DTP3', 0.05, 'uM')]",24,12.863358995217858,0.018792700742141323,0.01632029278808258,0.01702987073539052,0.0007755479859082395,0.032968415528194725,0.031864626638020324,0.03385448732644825
CVCL_1094,1,"[('Dabrafenib', 0.05, 'uM')]",40,21.046163260871054,0.0010788567289471205,0.0008667488650099381,0.0008889731948819874,0.00012051106761780774,0.0002676706714393623,0.00022219116826395496,0.0002606455887357615
CVCL_1094,1,"[('ERK5-IN-2', 0.05, 'uM')]",40,21.046163260871054,0.000837392603407196,0.0007459302448140947,0.0007650566613477893,0.00014143852291585848,0.00028739917456264204,0.0002642687792508525,0.00026935226413480506
CVCL_1094,1,"[('ETC-206', 0.05, 'uM')]",40,21.046163260871054,0.0006406504034541695,0.0005307540997549387,0.0005443631792358346,8.51572370189399e-05,0.0001713925573382685,0.00013823341620344666,0.00016039298175798774
CVCL_1094,1,"[('EX229', 0.05, 'uM')]",40,21.046163260871054,0.0014322089864182415,0.0012123626742670144,0.001243448896684117,0.0002058196962354828,0.0004982713308487544,0.00039841461517567,0.00045954889792421404
CVCL_1094,1,"[('Elimusertib hydrochloride', 0.05, 'uM')]",40,21.046163260871054,0.001951401347516433,0.001797658215460428,0.0018437520158568494,0.00040206506122167054,0.0007095565338027857,0.0003992000888314166,0.0006162507632292209
CVCL_1094,1,"[('Encorafenib', 0.05, 'uM')]",40,21.046163260871054,0.0007459647591686793,0.0006236704065861973,0.0006396619554730229,0.00010852086719924927,0.00030036153527668107,0.00024243557056075033,0.0002747445989888612
CVCL_1094,1,"[('Erdafitinib ', 0.05, 'uM')]",40,21.046163260871054,0.000741269654263879,0.0006591767533865923,0.0006760787214221456,0.00010253560015252943,0.0003112030861730541,0.00026576373773128196,0.00027243417643712685
CVCL_1094,1,"[('Everolimus', 0.05, 'uM')]",40,21.046163260871054,0.000718808395987551,0.0006365000842999234,0.0006528205992819725,8.572039169615853e-05,0.0003532241271943911,0.00030852462430025956,0.0003131495811903331
CVCL_1094,1,"[('Futibatinib', 0.05, 'uM')]",40,21.046163260871054,0.0008539809597957286,0.0007058801173454299,0.000723979607533774,0.00017036419147099663,0.00029707919637569685,0.0002801087916965423,0.00027320972159868885
CVCL_1094,1,"[('GSK1059615', 0.05, 'uM')]",40,21.046163260871054,0.0008508386385352548,0.0007399953126870641,0.0007589695514739119,0.000134796102557529,0.00036722592458843814,0.0002648735855396896,0.0003118594791976481
CVCL_1094,1,"[('Gemcitabine', 0.05, 'uM')]",40,21.046163260871054,0.0007301956543013586,0.000650181477846214,0.0006668527977909885,0.00012599461951695638,0.00030396098856846985,0.00022766887879333296,0.0002605304002895663
CVCL_1094,1,"[('HI-TOPK-032', 0.05, 'uM')]",40,21.046163260871054,0.0011684044753774716,0.0010064164997548796,0.0010322220510306454,0.0001655833685864187,0.00024132286297884868,0.00022385494648731601,0.0002527077686114009
CVCL_1094,1,"[('Hydroxyfasudil', 0.05, 'uM')]",37,19.093197656539257,0.0035134970194661535,0.003194979478858779,0.0032837289088270796,0.0002957083022582728,0.0022107420221078988,0.0021084444222970664,0.0021649776971960333
CVCL_1094,1,"[('IQ 1', 0.05, 'uM')]",40,21.046163260871054,0.0007474133149026131,0.0006494688222065063,0.00066612186892975,0.0001344017123014512,0.00030940158400940556,0.0002575111881215959,0.00028362435324518203
CVCL_1094,1,"[('Infigratinib', 0.05, 'uM')]",40,21.046163260871054,0.0007794113305142391,0.0007023475182760526,0.0007203564290010795,0.00017974861370417588,0.00029926908839162465,0.00027931848757105685,0.00026667875981020034
CVCL_1094,1,"[('Ipatasertib', 0.05, 'uM')]",40,21.046163260871054,0.0010239577288697426,0.0008823882290109164,0.0009050135682163243,0.00014759848193347583,0.00035991811804979686,0.00026250899578279764,0.00031696343164801943
CVCL_1094,1,"[('Irinotecan', 0.05, 'uM')]",40,21.046163260871054,0.0007039371227386976,0.0006131808189888219,0.0006289034040910992,0.00010047828200394393,0.0002511002286366859,0.0002136107912532949,0.00022497092512907118
CVCL_1094,1,"[('Ixazomib', 0.05, 'uM')]",40,21.046163260871054,0.0011508751359606889,0.0010134432012499006,0.0010394289243588722,0.0001245173287499343,0.00038272915964935244,0.0003136363942784226,0.0003549802028993463
CVCL_1094,1,"[('LB-100', 0.05, 'uM')]",40,21.046163260871054,0.0006551485428143715,0.0005250818821651717,0.0005385455201694065,9.7896930246108e-05,0.00017622668303043725,0.00016306800791512254,0.00016562398310658127
CVCL_1094,1,"[('LJI308', 0.05, 'uM')]",40,21.046163260871054,0.0010501081964130656,0.0010196447731912743,0.0010457895109654094,0.000283128385333687,0.0005682396051544004,0.00042706843811940773,0.0004657498270497343
CVCL_1094,1,"[('LY-2584702 (tosylate salt)', 0.05, 'uM')]",40,21.046163260871054,0.0009024651847500302,0.0007751117534499294,0.0007949864137947991,0.00012223587053580213,0.0003371794298912215,0.0003037587209176558,0.0003177032567592167
CVCL_1094,1,"[('LY2090314', 0.05, 'uM')]",40,21.046163260871054,0.0009826043985048812,0.0007739135362392229,0.0007937574730658694,0.00010605562866896462,0.00022476768479873262,0.00019233326759950236,0.00022558609013226648
CVCL_1094,1,"[('Lapatinib ditosylate', 0.05, 'uM')]",40,21.046163260871054,0.0007638526591199737,0.0006191648517146496,0.0006350408735534866,8.388459786679994e-05,0.00030695917719676864,0.00026175509260646223,0.00030131452272597536
CVCL_1094,1,"[('Lonafarnib', 0.05, 'uM')]",40,21.046163260871054,0.0008290927197887101,0.0006696755040406563,0.0006868466708109294,0.00012296400049663557,0.00023890854052045448,0.00019889221272515142,0.00021995240282931663
CVCL_1094,1,"[('MK-3903', 0.05, 'uM')]",40,21.046163260871054,0.0009279396056772525,0.0008230866164735373,0.0008441914015113197,0.00014434189900728084,0.0003357402853329703,0.0002766326139685984,0.00030561453131411977
CVCL_1094,1,"[('MK-8353', 0.05, 'uM')]",40,21.046163260871054,0.0008015594345501979,0.0006622615254829614,0.0006792425902389344,0.0001107345029190888,0.0002718217897532057,0.00018756392390902507,0.00024954783644337184
CVCL_1094,1,"[('ML264', 0.05, 'uM')]",40,21.046163260871054,0.0008047419348783835,0.0006848095230678359,0.0007023687416080368,0.0001337676906148875,0.00030054381091281553,0.000246510051461751,0.0002809133583435279
CVCL_1094,1,"[('Minodronic acid', 0.05, 'uM')]",40,21.046163260871054,0.0011188946808539267,0.0008631214526913733,0.0008852527719911523,0.00014635751299803943,0.0002783520671492918,0.00023648765704758107,0.0002589737369718632
CVCL_1094,1,"[('NG25', 0.05, 'uM')]",40,21.046163260871054,0.0009144643328183238,0.000779101759896824,0.0007990787280993067,0.00014534823849402228,0.0003960323647846523,0.00033333071361458833,0.0003432403469202902
CVCL_1094,1,"[('NVP-BHG712', 0.05, 'uM')]",40,21.046163260871054,0.0009462735307694144,0.0007605810087784428,0.0007800830859266078,0.00012551127554469107,0.0002521021371967317,0.00021293308857823568,0.0002445647391313394
CVCL_1094,1,"[('OTS514', 0.05, 'uM')]",40,21.046163260871054,0.0009500764921875295,0.0007907170996679342,0.0008109918970953169,0.00021956334897980646,0.00028523349811680304,0.00024532734244979144,0.00024941968872111114
CVCL_1094,1,"[('Oleic acid', 0.05, 'uM')]",40,21.046163260871054,0.0010326472116737144,0.0007860592070420758,0.0008062145713252058,0.0001281560299833694,0.00019746096484899212,0.0001718876523989476,0.00019340962860749477
CVCL_1094,1,"[('Oxaliplatin', 0.05, 'uM')]",40,21.046163260871054,0.0008536828643519338,0.0007108179506489948,0.0007290440519476869,0.00015420313430500085,0.00033617090854109886,0.0002714521339381161,0.00030266560821708675
CVCL_1094,1,"[('PH-797804', 0.05, 'uM')]",40,21.046163260871054,0.0009344888624163715,0.0007315727695639422,0.000750331045706607,9.624015905703859e-05,0.0002950629938602544,0.00024009650158387564,0.00026963253416697596
CVCL_1094,1,"[('Paclitaxel', 0.05, 'uM')]",40,21.046163260871054,0.000713629111175362,0.0006108963385420401,0.000626560347222605,0.00014181042817689468,0.00028639222935253106,0.0002892099094068423,0.000263276040834146
CVCL_1094,1,"[('Pemigatinib', 0.05, 'uM')]",40,21.046163260871054,0.0010402703407004989,0.0008291051657771756,0.0008503642725919746,0.00014062022400051954,0.0004715169408456232,0.00039688434066376344,0.0004323928280406064
CVCL_1094,1,"[('Pimitespib', 0.05, 'uM')]",40,21.046163260871054,0.0007932750800482026,0.0007251026770405894,0.0007436950533749632,0.00011627956109164338,0.00027240743374276025,0.00019911756851051686,0.0002360873572042757
CVCL_1094,1,"[('Pralsetinib', 0.05, 'uM')]",40,21.046163260871054,0.0009510781372470229,0.000783782022276159,0.0008038789972063164,0.00010632311486119718,0.0004814263085976316,0.0004692946855902291,0.00041019059043067164
CVCL_1094,1,"[('RMC-6236', 0.05, 'uM')]",40,21.046163260871054,0.00105311653008331,0.0008630592722943997,0.0008851889972250249,0.0001651853933217981,0.0004045729673918476,0.00034549871026817947,0.00037394741246136055
CVCL_1094,1,"[('Ralimetinib dimesylate', 0.05, 'uM')]",17,9.746057468346072,0.023316875891715754,0.021294640438737043,0.022625555466158104,0.0014693936978607673,0.0273219811259017,0.02684092586602006,0.028671070548923833
CVCL_1094,1,"[('Regorafenib', 0.05, 'uM')]",40,21.046163260871054,0.0008506025439094331,0.000690278034861219,0.0007079774716525322,0.00010806466964202155,0.00028462439169878894,0.0002599746095348711,0.000277149991429898
CVCL_1094,1,"[('SBI-0640756', 0.05, 'uM')]",40,21.046163260871054,0.000743022193848906,0.0006613342121153176,0.000678291499605454,9.338728106003576e-05,0.0002901920598980604,0.00027693839962560643,0.00026827122993236703
CVCL_1094,1,"[('Sapanisertib', 0.05, 'uM')]",40,21.046163260871054,0.0009587836555073763,0.000876672398243532,0.0008991511776856732,0.00019877657274276525,0.00038911772057042095,0.00034355685576751324,0.00034537990583710936
CVCL_1094,1,"[('Sonidegib', 0.05, 'uM')]",39,20.062298476209385,0.007659742030529306,0.008550096760850718,0.008775099307188897,0.0005722136782614213,0.0027925940737913626,0.002783668736952554,0.003327889761436235
CVCL_1094,1,"[('TAK-733', 0.05, 'uM')]",40,21.046163260871054,0.0008750589205851322,0.0007396693947070172,0.0007586352766225816,0.0001395761960999334,0.0002721195925210285,0.00021250575047661034,0.0002600201413882796
CVCL_1094,1,"[('TAK-901', 0.05, 'uM')]",40,21.046163260871054,0.0015672133781275445,0.001409000673339862,0.0014451288957331916,0.000265623258563449,0.0005552368809593529,0.00047299294029980497,0.0005244480210515195
CVCL_1094,1,"[('Temuterkib', 0.05, 'uM')]",40,21.046163260871054,0.000797745806271873,0.0006738722732044206,0.0006911510494404312,0.00013478957241193603,0.0002331529359335055,0.00020064378948431166,0.00022194954906163466
CVCL_1094,1,"[('Tomivosertib', 0.05, 'uM')]",40,21.046163260871054,0.0008236120309486027,0.0007341574884032699,0.0007529820393879689,0.00014561618807269094,0.00038128958319427975,0.0002953749664562897,0.00033577577581110895
CVCL_1094,1,"[('Torkinib', 0.05, 'uM')]",40,21.046163260871054,0.0008415110374466106,0.0007282978177531368,0.0007469721207724481,0.0001344004518152101,0.0002663807260807822,0.0002178976473554084,0.00024383852877558765
CVCL_1094,1,"[('Trametinib', 0.05, 'uM')]",40,21.046163260871054,0.0010944351200831422,0.000914022846723049,0.0009374593299723578,0.00019353945723849848,0.000398897957534329,0.0003118747662673913,0.00037178463082396897
CVCL_1094,1,"[('Tubulin inhibitor 6', 0.05, 'uM')]",40,21.046163260871054,0.0009055549823105629,0.0007017684262085513,0.0007197624884190269,9.691415492552627e-05,0.0002144644451342551,0.00017443168925552002,0.0002106458203340334
CVCL_1094,1,"[('Tucatinib', 0.05, 'uM')]",40,21.046163260871054,0.0008268493116907346,0.0006884037179749658,0.0007060550953589392,0.00011391251252083708,0.0002800294211507463,0.00020919188969240664,0.00025133904481177435
CVCL_1094,1,"[('ULK-101', 0.05, 'uM')]",40,21.046163260871054,0.0009938180132024253,0.0009095224232227092,0.0009328435109976503,0.00018040716973620062,0.0004301350026289561,0.00030019894057316336,0.0003601240071845201
CVCL_1094,1,"[('Vemurafenib', 0.05, 'uM')]",40,21.046163260871054,0.0007645732637453747,0.0006432071514521025,0.0006596996425149769,0.00010231064643940269,0.00027329414709264133,0.0002615937725854789,0.00026168948602119324
CVCL_1094,1,"[('Volasertib', 0.05, 'uM')]",40,21.046163260871054,0.0007320060616487102,0.000629458052290012,0.0006455980023487302,9.699892015756562e-05,0.00019936620445271734,0.00018837003326964427,0.00019658991364638595
CVCL_1094,1,"[('XRK3F2', 0.05, 'uM')]",40,21.046163260871054,0.0007557186212506667,0.0006524615906161063,0.000669191374990878,0.0001100780303206527,0.00032533940527055074,0.0002609883677945535,0.00030347101907902296
CVCL_1094,1,"[('c-Kit-IN-1', 0.05, 'uM')]",19,8.567507921531728,0.014670800973369279,0.014514915426376075,0.0153212996167303,0.0011751476800795442,0.014337003003709643,0.013518340310253535,0.014527389774334402
CVCL_1094,1,"[('olaparib', 0.05, 'uM')]",30,16.34918484836452,0.02048421016758115,0.024178834775458874,0.025012587698750567,0.0009062763252647672,0.02312201090604176,0.02237558805822597,0.023228364684174507
CVCL_1094,1,"[('palbociclib', 0.05, 'uM')]",40,21.046163260871054,0.0009823231893477345,0.0008799701439573748,0.0009025334809819229,0.00015557878747067395,0.0003456758045008392,0.00028721655681496173,0.00031042338781116067
CVCL_1094,1,"[('venetoclax', 0.05, 'uM')]",40,21.046163260871054,0.001133403973899072,0.0010306872156434198,0.0010571150929676097,0.000257300424860127,0.00044002846367281376,0.00026733098191392954,0.0003724042402508512
CVCL_1094,1,"[('vincristine', 0.05, 'uM')]",40,21.046163260871054,0.0013894302955094907,0.0011090008448713174,0.0011374367639705818,0.00015012973626515525,0.00037854699368378966,0.0003279817661989152,0.0003710341036727328
CVCL_1239,1,"[('4EGI-1', 0.05, 'uM')]",40,25.629483823048492,0.0007992129318178415,0.000747838021406336,0.0007670133552885496,8.65371090285493e-05,0.00044897673414685075,0.000604986984871265,0.00038966170770156496
CVCL_1239,1,"[('9-ING-41', 0.05, 'uM')]",40,25.629483823048492,0.0011031417268100847,0.0010410389801110466,0.001067732287293381,0.00011188387056608172,0.00041691475397883157,0.0005332848996937916,0.00036864632873069125
CVCL_1239,1,"[('APTO-253', 0.05, 'uM')]",40,25.629483823048492,0.0006679974736238944,0.0006281435974437623,0.0006442498435320638,0.00013259830960952893,0.0002711293778821139,0.0004071564772186209,0.00024011680645906618
CVCL_1239,1,"[('AT7519', 0.05, 'uM')]",40,25.629483823048492,0.0006264407831812399,0.000565739735685095,0.0005802458827539435,0.00010696356361904744,0.0003358527938511089,0.0005070686616551281,0.00028537483444756695
CVCL_1239,1,"[('AZD-7648', 0.05, 'uM')]",40,25.629483823048492,0.0007718244763863183,0.0007451992313195434,0.00076430690391748,0.00013525157199398906,0.0002769882133560867,0.000401199697581477,0.00025500003827355025
CVCL_1239,1,"[('AZD-8055', 0.05, 'uM')]",40,25.629483823048492,0.0008121560662687284,0.00076430365562356,0.0007839011852549333,0.00013673310609712376,0.0005522661808569542,0.0006988300598267797,0.0004740140104027994
CVCL_1239,1,"[('AZD1390', 0.05, 'uM')]",40,25.629483823048492,0.0006658359540772923,0.000628105364255392,0.0006442106300055298,0.0001057809823656371,0.0003408597268672859,0.00045230872978639755,0.00031307327853135534
CVCL_1239,1,"[('AZD2858', 0.05, 'uM')]",40,25.629483823048492,0.0007453230132199549,0.0006579510763626308,0.0006748216167821854,0.00011451066990091259,0.00038694233783294254,0.0005691661762874358,0.00032575674785937
CVCL_1239,1,"[('Abemaciclib', 0.05, 'uM')]",17,10.72229731193514,0.026022644782122614,0.021826939996498883,0.023191123746280063,0.0014887351325239707,0.018571997432987254,0.016701635360303335,0.02021078136636868
CVCL_1239,1,"[('Adagrasib', 0.05, 'uM')]",40,25.629483823048492,0.0006818931372422601,0.0006128541326652038,0.0006285683411950806,5.8317265281895224e-05,0.0002183155513626198,0.00027206242863228483,0.00020148544930834685
CVCL_1239,1,"[('Afatinib', 0.05, 'uM')]",40,25.629483823048492,0.0008655744515974992,0.0008058273267464159,0.0008264895658937598,0.00010294252887372315,0.0006187744919232799,0.0007240971291840091,0.0005468876450418199
CVCL_1239,1,"[('Alpelisib', 0.05, 'uM')]",40,25.629483823048492,0.0008265394859187832,0.0007771654035415719,0.0007970927215810991,0.0001221532945118225,0.00045480193368796105,0.0005996783239859769,0.00041774560360556654
CVCL_1239,1,"[('Anastrozole', 0.05, 'uM')]",40,25.629483823048492,0.0007081016773728772,0.0006659697270054703,0.0006830458738517642,0.00011711996998155181,0.0002724650868650913,0.000392270308228191,0.00024322568050314222
CVCL_1239,1,"[('BAY1125976', 0.05, 'uM')]",40,25.629483823048492,0.0007598184692048306,0.0006948272160120153,0.0007126432984738617,0.00011156175739031232,0.0004052936864725695,0.0005735889413287176,0.00035901688784659765
CVCL_1239,1,"[('BI-3406', 0.05, 'uM')]",40,25.629483823048492,0.0008533682669318829,0.0008073883587550731,0.0008280906243641771,0.00011733811508760032,0.0005529285128502514,0.000703549861464237,0.0004881171279908418
CVCL_1239,1,"[('BI-78D3', 0.05, 'uM')]",40,25.629483823048492,0.0007842821082797588,0.0007482407039437035,0.0007674263630191827,0.0001114502773730682,0.0005261421941678701,0.000740838508849634,0.0004454144881578652
CVCL_1239,1,"[('Belumosudil (mesylate)', 0.05, 'uM')]",40,25.629483823048492,0.0009306504018741061,0.0008401601012875629,0.0008617026679872441,0.00012851343375267638,0.0016227184354977524,0.00197301189285208,0.0014538851673695083
CVCL_1239,1,"[('Belzutifan', 0.05, 'uM')]",38,23.74855379075321,0.004303791698596865,0.004134058779850453,0.004245790098224789,0.00019063333724127319,0.0037630552580682963,0.003646902972247781,0.0037698182387553426
CVCL_1239,1,"[('Bentamapimod', 0.05, 'uM')]",40,25.629483823048492,0.0009239502574179787,0.0008740576533529423,0.0008964693880542998,0.00014678942923006954,0.00043219981222948953,0.0006217600381789585,0.00037100688955344014
CVCL_1239,1,"[('Bimiralisib', 0.05, 'uM')]",40,25.629483823048492,0.0010066687628347258,0.0008998436789362223,0.0009229165937807406,0.000185139078981502,0.0006301270390293334,0.0008371716967587946,0.0005197096183774018
CVCL_1239,1,"[('Binimetinib', 0.05, 'uM')]",40,25.629483823048492,0.0015562317938296725,0.0013527328250105505,0.001387418282062102,0.00031796876909396767,0.0009924998426416084,0.0013075427290406055,0.0008322554425507958
CVCL_1239,1,"[('Bortezomib', 0.05, 'uM')]",40,25.629483823048492,0.0042397233798084485,0.00399721604630342,0.004099708765439405,0.0019201322603045465,0.004874429400986361,0.008210354002452902,0.00416364883128603
CVCL_1239,1,"[('Brivudine', 0.05, 'uM')]",40,25.629483823048492,0.0007789670551469049,0.0007262819866636402,0.0007449046017062973,0.00010347622067134509,0.0003404867931079626,0.0004976668595295835,0.00029587172790566176
CVCL_1239,1,"[('CP21R7', 0.05, 'uM')]",40,25.629483823048492,0.0007191264936472856,0.0006792706089099422,0.000696687804010197,9.074545713063997e-05,0.00030337636550971245,0.00038193671717718183,0.00028903711033446896
CVCL_1239,1,"[('Capivasertib', 0.05, 'uM')]",40,25.629483823048492,0.0007121604641751553,0.0006646009537278576,0.0006816420038234435,0.00010165254349015912,0.0003320949289653761,0.0004948727308405051,0.0002987977853971694
CVCL_1239,1,"[('Capmatinib', 0.05, 'uM')]",40,25.629483823048492,0.0009060721126712015,0.0008544266723303335,0.0008763350485439315,9.390373413887312e-05,0.000454914062398705,0.000560541517581587,0.0004022922312452938
CVCL_1239,1,"[('Celecoxib', 0.05, 'uM')]",40,25.629483823048492,0.000902308511069516,0.0008420806270696548,0.0008636724380201586,0.00012195152547766344,0.0003219389459539064,0.0004617712259284344,0.0002916292049454163
CVCL_1239,1,"[('DT-061', 0.05, 'uM')]",40,25.629483823048492,0.0009490263037935869,0.000887491990259445,0.0009102481951378921,0.00010186479543942896,0.0004202850540838097,0.0005754827706424988,0.00037426459222577544
CVCL_1239,1,"[('DTP3', 0.05, 'uM')]",24,15.278025704720411,0.019051393029057274,0.01632029278808258,0.01702987073539052,0.0007755479859082395,0.017248085186576306,0.01666908683673423,0.017838834412240084
CVCL_1239,1,"[('Dabrafenib', 0.05, 'uM')]",40,25.629483823048492,0.0009513427575978625,0.0008667488650099381,0.0008889731948819874,0.00012051106761780774,0.00031514761634978284,0.0004373214462177257,0.0002893615251157266
CVCL_1239,1,"[('ERK5-IN-2', 0.05, 'uM')]",40,25.629483823048492,0.0007693560754961253,0.0007459302448140947,0.0007650566613477893,0.00014143852291585848,0.0003734345410513337,0.0004910072198566742,0.0003650555630541513
CVCL_1239,1,"[('ETC-206', 0.05, 'uM')]",40,25.629483823048492,0.0005707451400515366,0.0005307540997549387,0.0005443631792358346,8.51572370189399e-05,0.0003060605232695496,0.0004426560889614106,0.00026467311868198806
CVCL_1239,1,"[('EX229', 0.05, 'uM')]",40,25.629483823048492,0.0012693620557791077,0.0012123626742670144,0.001243448896684117,0.0002058196962354828,0.00056942562040627,0.0008612026045855556,0.0005098242465450102
CVCL_1239,1,"[('Elimusertib hydrochloride', 0.05, 'uM')]",40,25.629483823048492,0.0018812340266816006,0.001797658215460428,0.0018437520158568494,0.00040206506122167054,0.0008879617535158384,0.0010822923402590897,0.0007709023329871654
CVCL_1239,1,"[('Encorafenib', 0.05, 'uM')]",40,25.629483823048492,0.0006900454749014477,0.0006236704065861973,0.0006396619554730229,0.00010852086719924927,0.0003228055245663172,0.00047818629671747564,0.00029410465100811265
CVCL_1239,1,"[('Erdafitinib ', 0.05, 'uM')]",40,25.629483823048492,0.000694526644497494,0.0006591767533865923,0.0006760787214221456,0.00010253560015252943,0.00039825518389241386,0.0005584936686970577,0.00034962367952723344
CVCL_1239,1,"[('Everolimus', 0.05, 'uM')]",40,25.629483823048492,0.0006971752672275031,0.0006365000842999234,0.0006528205992819725,8.572039169615853e-05,0.00041353505528307887,0.0005670365159994099,0.00035999804662351526
CVCL_1239,1,"[('Futibatinib', 0.05, 'uM')]",40,25.629483823048492,0.0007664143615773802,0.0007058801173454299,0.000723979607533774,0.00017036419147099663,0.00033871141107063153,0.000604866262532455,0.00030325707812545047
CVCL_1239,1,"[('GSK1059615', 0.05, 'uM')]",40,25.629483823048492,0.000832725480398519,0.0007399953126870641,0.0007589695514739119,0.000134796102557529,0.00050645504024918,0.0007372208833200026,0.0004230434089262203
CVCL_1239,1,"[('Gemcitabine', 0.05, 'uM')]",40,25.629483823048492,0.0007145830523865122,0.000650181477846214,0.0006668527977909885,0.00012599461951695638,0.0006418426140800997,0.000940721713173483,0.0005558352169961791
CVCL_1239,1,"[('HI-TOPK-032', 0.05, 'uM')]",40,25.629483823048492,0.0010369300807315746,0.0010064164997548796,0.0010322220510306454,0.0001655833685864187,0.0004836105015514707,0.0007083780667208921,0.0004432451191752749
CVCL_1239,1,"[('Hydroxyfasudil', 0.05, 'uM')]",37,23.84212510302248,0.004066840492851069,0.003194979478858779,0.0032837289088270796,0.0002957083022582728,0.008227562706792734,0.008383357285585856,0.008230146637327193
CVCL_1239,1,"[('IQ 1', 0.05, 'uM')]",40,25.629483823048492,0.0007009177355884738,0.0006494688222065063,0.00066612186892975,0.0001344017123014512,0.00045426219776442255,0.000636803801636869,0.00042681801571222235
CVCL_1239,1,"[('Infigratinib', 0.05, 'uM')]",40,25.629483823048492,0.0007892003302533727,0.0007023475182760526,0.0007203564290010795,0.00017974861370417588,0.0005368599079611854,0.0007640182691409664,0.00044621589324384675
CVCL_1239,1,"[('Ipatasertib', 0.05, 'uM')]",40,25.629483823048492,0.000945912873798504,0.0008823882290109164,0.0009050135682163243,0.00014759848193347583,0.0004473302441151269,0.0006385821960484588,0.00038927490901338903
CVCL_1239,1,"[('Irinotecan', 0.05, 'uM')]",40,25.629483823048492,0.0006662309581469802,0.0006131808189888219,0.0006289034040910992,0.00010047828200394393,0.0004274123685674838,0.0006020767592324236,0.0003601542835780556
CVCL_1239,1,"[('Ixazomib', 0.05, 'uM')]",40,25.629483823048492,0.0010773836314913931,0.0010134432012499006,0.0010394289243588722,0.0001245173287499343,0.0006069126097339419,0.0008083996654054448,0.0005473541075454108
CVCL_1239,1,"[('LB-100', 0.05, 'uM')]",40,25.629483823048492,0.000568539142197525,0.0005250818821651717,0.0005385455201694065,9.7896930246108e-05,0.00029018571321516183,0.0004022131897865796,0.0002639186126226182
CVCL_1239,1,"[('LJI308', 0.05, 'uM')]",40,25.629483823048492,0.0011094908497260604,0.0010196447731912743,0.0010457895109654094,0.000283128385333687,0.0017392550092512453,0.0023995140827089956,0.0015529250503048876
CVCL_1239,1,"[('LY-2584702 (tosylate salt)', 0.05, 'uM')]",40,25.629483823048492,0.0007767351891389798,0.0007751117534499294,0.0007949864137947991,0.00012223587053580213,0.0003635334149466222,0.0004904497316122729,0.0003477782270797474
CVCL_1239,1,"[('LY2090314', 0.05, 'uM')]",40,25.629483823048492,0.0008377652696610144,0.0007739135362392229,0.0007937574730658694,0.00010605562866896462,0.0003208345354311875,0.00044665898837511494,0.00029320124411591047
CVCL_1239,1,"[('Lapatinib ditosylate', 0.05, 'uM')]",40,25.629483823048492,0.0006666135757725746,0.0006191648517146496,0.0006350408735534866,8.388459786679994e-05,0.0003193224282747951,0.0003938066382671,0.0002988763581965484
CVCL_1239,1,"[('Lonafarnib', 0.05, 'uM')]",40,25.629483823048492,0.0007237393079172006,0.0006696755040406563,0.0006868466708109294,0.00012296400049663557,0.00031163261753128755,0.0004414555906564508,0.0002770426311784654
CVCL_1239,1,"[('MK-3903', 0.05, 'uM')]",40,25.629483823048492,0.0008860302989109721,0.0008230866164735373,0.0008441914015113197,0.00014434189900728084,0.0004991520573656267,0.0007298352553100952,0.00042425547062873353
CVCL_1239,1,"[('MK-8353', 0.05, 'uM')]",40,25.629483823048492,0.0007166885785689675,0.0006622615254829614,0.0006792425902389344,0.0001107345029190888,0.0004011560395140643,0.0005683851578852517,0.00034126959468617867
CVCL_1239,1,"[('ML264', 0.05, 'uM')]",40,25.629483823048492,0.0007265701026882117,0.0006848095230678359,0.0007023687416080368,0.0001337676906148875,0.00042210023587825173,0.0005772006404179703,0.0003897999346603768
CVCL_1239,1,"[('Methylprednisolone succinate', 0.05, 'uM')]",23,14.593316339587112,0.024687341171307962,0.021871148657730096,0.022865291778536013,0.0012094930239280749,0.0363521018861379,0.035802052067167085,0.03701762043946608
CVCL_1239,1,"[('Minodronic acid', 0.05, 'uM')]",40,25.629483823048492,0.000922373225664228,0.0008631214526913733,0.0008852527719911523,0.00014635751299803943,0.0004110159869214296,0.0005591398819753808,0.00035206323208591587
CVCL_1239,1,"[('NG25', 0.05, 'uM')]",40,25.629483823048492,0.000856069552638285,0.000779101759896824,0.0007990787280993067,0.00014534823849402228,0.000529283998466313,0.0008103806702141135,0.000469485712834308
CVCL_1239,1,"[('NVP-BHG712', 0.05, 'uM')]",40,25.629483823048492,0.0008220267411514716,0.0007605810087784428,0.0007800830859266078,0.00012551127554469107,0.00033384680734084706,0.00043957504837887886,0.0003134068250218109
CVCL_1239,1,"[('OTS514', 0.05, 'uM')]",40,25.629483823048492,0.000868582376869092,0.0007907170996679342,0.0008109918970953169,0.00021956334897980646,0.0005517582926167577,0.0009495422622031235,0.0004627368400222651
CVCL_1239,1,"[('Oleic acid', 0.05, 'uM')]",40,25.629483823048492,0.0008442145726497007,0.0007860592070420758,0.0008062145713252058,0.0001281560299833694,0.0002789380961591592,0.00041365111574550364,0.00025793262127539023
CVCL_1239,1,"[('Oxaliplatin', 0.05, 'uM')]",40,25.629483823048492,0.0007855432979244122,0.0007108179506489948,0.0007290440519476869,0.00015420313430500085,0.00047726137129824474,0.0007325666753454876,0.00040489114958556236
CVCL_1239,1,"[('PF-06260933', 0.05, 'uM')]",26,16.71531820859728,0.02046892020391417,0.01928203974260534,0.020053321332309557,0.0009021987894142765,0.014005108107473126,0.01375440329000806,0.013935822110299565
CVCL_1239,1,"[('PH-797804', 0.05, 'uM')]",40,25.629483823048492,0.0007743520143034205,0.0007315727695639422,0.000750331045706607,9.624015905703859e-05,0.00029221756346276375,0.0004061545108614711,0.00027002733923449775
CVCL_1239,1,"[('Paclitaxel', 0.05, 'uM')]",40,25.629483823048492,0.0006596476226373487,0.0006108963385420401,0.000626560347222605,0.00014181042817689468,0.0003800733064726571,0.0005411088902965798,0.00033663249054239117
CVCL_1239,1,"[('Pemigatinib', 0.05, 'uM')]",40,25.629483823048492,0.000901284668801956,0.0008291051657771756,0.0008503642725919746,0.00014062022400051954,0.0005199624567361927,0.0007733524598795423,0.00045856095548233784
CVCL_1239,1,"[('Pimitespib', 0.05, 'uM')]",40,25.629483823048492,0.0008026052224365995,0.0007251026770405894,0.0007436950533749632,0.00011627956109164338,0.00044702837533665296,0.0006624162318190643,0.00038789069671116007
CVCL_1239,1,"[('Pralsetinib', 0.05, 'uM')]",40,25.629483823048492,0.0009091209824984949,0.000783782022276159,0.0008038789972063164,0.00010632311486119718,0.0006354693458128335,0.0008435478203328164,0.0005357967057544176
CVCL_1239,1,"[('RMC-6236', 0.05, 'uM')]",40,25.629483823048492,0.0009102034077878609,0.0008630592722943997,0.0008851889972250249,0.0001651853933217981,0.00043343175314360403,0.0005529279008603807,0.0003897968765545132
CVCL_1239,1,"[('Ralimetinib dimesylate', 0.05, 'uM')]",17,12.05089118206585,0.02256698284737439,0.021294640438737043,0.022625555466158104,0.0014693936978607673,0.03431844280480325,0.03356141215448365,0.03436897208507131
CVCL_1239,1,"[('Regorafenib', 0.05, 'uM')]",40,25.629483823048492,0.0007412538778816841,0.000690278034861219,0.0007079774716525322,0.00010806466964202155,0.00031050428131796455,0.0004410031465737071,0.00028886697507753703
CVCL_1239,1,"[('SBI-0640756', 0.05, 'uM')]",40,25.629483823048492,0.0007029291068636044,0.0006613342121153176,0.000678291499605454,9.338728106003576e-05,0.0003662822703620161,0.0004906246929544993,0.0003219282561253911
CVCL_1239,1,"[('Sapanisertib', 0.05, 'uM')]",40,25.629483823048492,0.0009514352795528798,0.000876672398243532,0.0008991511776856732,0.00019877657274276525,0.0006977238546747584,0.0010279620121248607,0.0006060245718886255
CVCL_1239,1,"[('Sonidegib', 0.05, 'uM')]",39,24.761860632429862,0.00997408330342414,0.008550096760850718,0.008775099307188897,0.0005722136782614213,0.008831555909357029,0.00913029299841002,0.008844037469477211
CVCL_1239,1,"[('TAK-733', 0.05, 'uM')]",40,25.629483823048492,0.000793495992714961,0.0007396693947070172,0.0007586352766225816,0.0001395761960999334,0.00043791013972393567,0.0006166690679496656,0.00038868377867292526
CVCL_1239,1,"[('TAK-901', 0.05, 'uM')]",40,25.629483823048492,0.0014864098591859986,0.001409000673339862,0.0014451288957331916,0.000265623258563449,0.0007770358747476981,0.000982604772043935,0.0008017709716749536
CVCL_1239,1,"[('Temuterkib', 0.05, 'uM')]",40,25.629483823048492,0.0007156019120879133,0.0006738722732044206,0.0006911510494404312,0.00013478957241193603,0.00038873987688313385,0.0005193578609215898,0.0003502867244379329
CVCL_1239,1,"[('Tomivosertib', 0.05, 'uM')]",40,25.629483823048492,0.000812428522904812,0.0007341574884032699,0.0007529820393879689,0.00014561618807269094,0.0004969641830461603,0.0007403067728346544,0.0004209978858552872
CVCL_1239,1,"[('Torkinib', 0.05, 'uM')]",40,25.629483823048492,0.000785746085857723,0.0007282978177531368,0.0007469721207724481,0.0001344004518152101,0.00045469112449435066,0.0006449089037888677,0.0004005702337960702
CVCL_1239,1,"[('Trametinib', 0.05, 'uM')]",40,25.629483823048492,0.0009554234034639238,0.000914022846723049,0.0009374593299723578,0.00019353945723849848,0.0005281232052721763,0.0006723867106111949,0.00048033060206129774
CVCL_1239,1,"[('Tubulin inhibitor 6', 0.05, 'uM')]",40,25.629483823048492,0.0007599108014401498,0.0007017684262085513,0.0007197624884190269,9.691415492552627e-05,0.00028351427034938194,0.0003945270250051741,0.00025935155171236693
CVCL_1239,1,"[('Tucatinib', 0.05, 'uM')]",40,25.629483823048492,0.000749215700539013,0.0006884037179749658,0.0007060550953589392,0.00011391251252083708,0.00040005684358018057,0.0005517817351498671,0.0003658401586488526
CVCL_1239,1,"[('ULK-101', 0.05, 'uM')]",40,25.629483823048492,0.0010446815137325532,0.0009095224232227092,0.0009328435109976503,0.00018040716973620062,0.0007395674781247514,0.0011608818310458403,0.0006063538797325896
CVCL_1239,1,"[('Vemurafenib', 0.05, 'uM')]",40,25.629483823048492,0.0006894940351463923,0.0006432071514521025,0.0006596996425149769,0.00010231064643940269,0.00033771904338400195,0.00044596546880396515,0.00031056222803508405
CVCL_1239,1,"[('Volasertib', 0.05, 'uM')]",40,25.629483823048492,0.0006635932752310984,0.000629458052290012,0.0006455980023487302,9.699892015756562e-05,0.0003215488897872878,0.0004285171745054091,0.00028297934108287683
CVCL_1239,1,"[('XRK3F2', 0.05, 'uM')]",40,25.629483823048492,0.0006976732862899604,0.0006524615906161063,0.000669191374990878,0.0001100780303206527,0.00037541373814533756,0.0004623474209260736,0.0003396331731354628
CVCL_1239,1,"[('c-Kit-IN-1', 0.05, 'uM')]",19,11.948553711543594,0.014668062140999772,0.014514915426376075,0.0153212996167303,0.0011751476800795442,0.008609992730781453,0.009130467563159467,0.008729667968553716
CVCL_1239,1,"[('olaparib', 0.05, 'uM')]",30,18.78905071488258,0.025628045010117718,0.024178834775458874,0.025012587698750567,0.0009062763252647672,0.052101168089536,0.05227270848892171,0.05139197954420403
CVCL_1239,1,"[('palbociclib', 0.05, 'uM')]",40,25.629483823048492,0.0008905135404297813,0.0008799701439573748,0.0009025334809819229,0.00015557878747067395,0.0005215035408757324,0.0007595895610376064,0.00045722396497243934
CVCL_1239,1,"[('venetoclax', 0.05, 'uM')]",40,25.629483823048492,0.0010879570271474757,0.0010306872156434198,0.0010571150929676097,0.000257300424860127,0.0007652070348228054,0.0010315740504446543,0.0006303053881359926
CVCL_1239,1,"[('vincristine', 0.05, 'uM')]",40,25.629483823048492,0.0011187561327877095,0.0011090008448713174,0.0011374367639705818,0.00015012973626515525,0.00035105580004740026,0.0004647446323795366,0.00032348602645294877
CVCL_1478,1,"[('4EGI-1', 0.05, 'uM')]",40,28.855995628435906,0.0005868202344381367,0.000747838021406336,0.0007670133552885496,8.65371090285493e-05,0.0004954405196812246,0.0005366547895073805,0.00047954219208728446
CVCL_1478,1,"[('9-ING-41', 0.05, 'uM')]",40,28.855995628435906,0.0007259067426130862,0.0010410389801110466,0.001067732287293381,0.00011188387056608172,0.0004508100808844131,0.0005598382258472849,0.0004228253279491659
CVCL_1478,1,"[('APTO-253', 0.05, 'uM')]",40,28.855995628435906,0.0005041801151467024,0.0006281435974437623,0.0006442498435320638,0.00013259830960952893,0.0003553666441571497,0.00042226001261753694,0.00033812324843112546
CVCL_1478,1,"[('AT7519', 0.05, 'uM')]",40,28.855995628435906,0.00047940577308647664,0.000565739735685095,0.0005802458827539435,0.00010696356361904744,0.00029850973354947775,0.00036763460389357706,0.0002784203022409025
CVCL_1478,1,"[('AZD-7648', 0.05, 'uM')]",40,28.855995628435906,0.0005822770371374541,0.0007451992313195434,0.00076430690391748,0.00013525157199398906,0.00034014153965956017,0.0003974227356719718,0.00031903036863001967
CVCL_1478,1,"[('AZD-8055', 0.05, 'uM')]",40,28.855995628435906,0.0006848289217512955,0.00076430365562356,0.0007839011852549333,0.00013673310609712376,0.0005288356166087159,0.0006904698545178589,0.00048777323857331583
CVCL_1478,1,"[('AZD1390', 0.05, 'uM')]",40,28.855995628435906,0.0005064556363183324,0.000628105364255392,0.0006442106300055298,0.0001057809823656371,0.0004246614782971766,0.000491578413808345,0.0004038751341845176
CVCL_1478,1,"[('AZD2858', 0.05, 'uM')]",40,28.855995628435906,0.0005563865395719545,0.0006579510763626308,0.0006748216167821854,0.00011451066990091259,0.0004296589362972008,0.00048764698060769726,0.0004033638058106067
CVCL_1478,1,"[('Adagrasib', 0.05, 'uM')]",40,28.855995628435906,0.0004801943090717402,0.0006128541326652038,0.0006285683411950806,5.8317265281895224e-05,0.00021058641262013618,0.0002190632135011891,0.00022013680322953798
CVCL_1478,1,"[('Afatinib', 0.05, 'uM')]",40,28.855995628435906,0.000721837835761637,0.0008058273267464159,0.0008264895658937598,0.00010294252887372315,0.000658894921534812,0.0007271690773510267,0.0005855955955886454
CVCL_1478,1,"[('Alpelisib', 0.05, 'uM')]",40,28.855995628435906,0.0006163530818389093,0.0007771654035415719,0.0007970927215810991,0.0001221532945118225,0.00034397048522960826,0.0004364413053307818,0.00032203208787537796
CVCL_1478,1,"[('Anastrozole', 0.05, 'uM')]",40,28.855995628435906,0.0005154949201423345,0.0006659697270054703,0.0006830458738517642,0.00011711996998155181,0.00034102488801623297,0.0003917861690490708,0.00032431378771141444
CVCL_1478,1,"[('BAY1125976', 0.05, 'uM')]",40,28.855995628435906,0.0005898940055368519,0.0006948272160120153,0.0007126432984738617,0.00011156175739031232,0.0006138921186132161,0.0006608849426594214,0.0005867834835211876
CVCL_1478,1,"[('BI-3406', 0.05, 'uM')]",40,28.855995628435906,0.0006706776455877049,0.0008073883587550731,0.0008280906243641771,0.00011733811508760032,0.000455148293597207,0.0005443187053911771,0.0004117245051299008
CVCL_1478,1,"[('BI-78D3', 0.05, 'uM')]",40,28.855995628435906,0.0005990468612885431,0.0007482407039437035,0.0007674263630191827,0.0001114502773730682,0.00047245442976299334,0.0005176142516065503,0.0004463867866016155
CVCL_1478,1,"[('Belumosudil (mesylate)', 0.05, 'uM')]",40,28.855995628435906,0.000682842056986474,0.0008401601012875629,0.0008617026679872441,0.00012851343375267638,0.0003876867527002914,0.0003745750490140818,0.000336835691271876
CVCL_1478,1,"[('Belzutifan', 0.05, 'uM')]",38,27.046537700622867,0.002713314633850159,0.004134058779850453,0.004245790098224789,0.00019063333724127319,0.00147797846785353,0.0014439243405636535,0.001467381098592873
CVCL_1478,1,"[('Bentamapimod', 0.05, 'uM')]",40,28.855995628435906,0.0007632971916855097,0.0008740576533529423,0.0008964693880542998,0.00014678942923006954,0.000525217809471663,0.0006874309774823051,0.00046493786412470366
CVCL_1478,1,"[('Bimiralisib', 0.05, 'uM')]",40,28.855995628435906,0.0008608853663918457,0.0008998436789362223,0.0009229165937807406,0.000185139078981502,0.0006513234690011664,0.000886325568146632,0.0005714936637895204
CVCL_1478,1,"[('Binimetinib', 0.05, 'uM')]",40,28.855995628435906,0.0013483583490527756,0.0013527328250105505,0.001387418282062102,0.00031796876909396767,0.0011447466873560196,0.0015402622543033435,0.0010653185674033626
CVCL_1478,1,"[('Bortezomib', 0.05, 'uM')]",40,28.855995628435906,0.003835445918295684,0.00399721604630342,0.004099708765439405,0.0019201322603045465,0.003573830108034481,0.005043454039907219,0.0032254624839528037
CVCL_1478,1,"[('Brivudine', 0.05, 'uM')]",40,28.855995628435906,0.000609661824172899,0.0007262819866636402,0.0007449046017062973,0.00010347622067134509,0.0005667630508715661,0.0006202887785921818,0.0005584920108001894
CVCL_1478,1,"[('CP21R7', 0.05, 'uM')]",40,28.855995628435906,0.0005325823264337513,0.0006792706089099422,0.000696687804010197,9.074545713063997e-05,0.0003377678205294057,0.0003319494617730302,0.0003160097526463732
CVCL_1478,1,"[('Capivasertib', 0.05, 'uM')]",40,28.855995628435906,0.000543503760151998,0.0006646009537278576,0.0006816420038234435,0.00010165254349015912,0.000398485894478365,0.0004466876493986878,0.00037252396934624464
CVCL_1478,1,"[('Capmatinib', 0.05, 'uM')]",40,28.855995628435906,0.0007093419655742081,0.0008544266723303335,0.0008763350485439315,9.390373413887312e-05,0.0005244477618113275,0.0005675402360527289,0.0004704672357603242
CVCL_1478,1,"[('Celecoxib', 0.05, 'uM')]",40,28.855995628435906,0.0006271649250183008,0.0008420806270696548,0.0008636724380201586,0.00012195152547766344,0.00035169597824145124,0.0003857696744832952,0.00033314266430450006
CVCL_1478,1,"[('DT-061', 0.05, 'uM')]",40,28.855995628435906,0.0006450126617837171,0.000887491990259445,0.0009102481951378921,0.00010186479543942896,0.00040409997005864826,0.00042719769814369415,0.0003802905750830759
CVCL_1478,1,"[('DTP3', 0.05, 'uM')]",24,18.699828149299062,0.017322761616566536,0.01632029278808258,0.01702987073539052,0.0007755479859082395,0.018730485078891624,0.017670086035996138,0.019149309106903125
CVCL_1478,1,"[('Dabrafenib', 0.05, 'uM')]",40,28.855995628435906,0.0007223953751891162,0.0008667488650099381,0.0008889731948819874,0.00012051106761780774,0.0006606744435827855,0.0007646012357024692,0.0006349133794322397
CVCL_1478,1,"[('ERK5-IN-2', 0.05, 'uM')]",40,28.855995628435906,0.0005959239093262506,0.0007459302448140947,0.0007650566613477893,0.00014143852291585848,0.0005664605366025686,0.0006086537905466499,0.0005400048067570781
CVCL_1478,1,"[('ETC-206', 0.05, 'uM')]",40,28.855995628435906,0.00043193163950870064,0.0005307540997549387,0.0005443631792358346,8.51572370189399e-05,0.00031832022433648345,0.0003625565845645249,0.00030383238126291975
CVCL_1478,1,"[('EX229', 0.05, 'uM')]",40,28.855995628435906,0.001008051017105791,0.0012123626742670144,0.001243448896684117,0.0002058196962354828,0.0010204548437107665,0.0012652518048210685,0.0009642063564505104
CVCL_1478,1,"[('Elimusertib hydrochloride', 0.05, 'uM')]",40,28.855995628435906,0.0018281124168704156,0.001797658215460428,0.0018437520158568494,0.00040206506122167054,0.0014871335525849,0.0020314847265039977,0.0013923847514798536
CVCL_1478,1,"[('Encorafenib', 0.05, 'uM')]",40,28.855995628435906,0.0005316316686917357,0.0006236704065861973,0.0006396619554730229,0.00010852086719924927,0.0005419665466133767,0.0006280225605450006,0.0005168020151697961
CVCL_1478,1,"[('Erdafitinib ', 0.05, 'uM')]",40,28.855995628435906,0.0005365593835571605,0.0006591767533865923,0.0006760787214221456,0.00010253560015252943,0.000286810123359588,0.00033219536970380324,0.0002657201435082104
CVCL_1478,1,"[('Everolimus', 0.05, 'uM')]",40,28.855995628435906,0.0005365272901276989,0.0006365000842999234,0.0006528205992819725,8.572039169615853e-05,0.00043350900207901697,0.0004342275367430275,0.0003883945101438177
CVCL_1478,1,"[('Futibatinib', 0.05, 'uM')]",40,28.855995628435906,0.0005799667655807553,0.0007058801173454299,0.000723979607533774,0.00017036419147099663,0.00041065666463820094,0.0005674484022588171,0.0003842427234852033
CVCL_1478,1,"[('GSK1059615', 0.05, 'uM')]",40,28.855995628435906,0.0006598029495395931,0.0007399953126870641,0.0007589695514739119,0.000134796102557529,0.0005081786519327146,0.0005920192773418766,0.00046078187242405136
CVCL_1478,1,"[('Gemcitabine', 0.05, 'uM')]",40,28.855995628435906,0.0005935089364440978,0.000650181477846214,0.0006668527977909885,0.00012599461951695638,0.00046325902766195903,0.0005458400575127617,0.00042546880841238345
CVCL_1478,1,"[('HI-TOPK-032', 0.05, 'uM')]",40,28.855995628435906,0.0007648863405680792,0.0010064164997548796,0.0010322220510306454,0.0001655833685864187,0.00048343143934464984,0.0005422444745915396,0.000461303943817544
CVCL_1478,1,"[('Hydroxyfasudil', 0.05, 'uM')]",37,27.54345312760158,0.002970911699207799,0.003194979478858779,0.0032837289088270796,0.0002957083022582728,0.0025354786792872322,0.002577404171548823,0.0025357653023180067
CVCL_1478,1,"[('IQ 1', 0.05, 'uM')]",40,28.855995628435906,0.0005488208081708128,0.0006494688222065063,0.00066612186892975,0.0001344017123014512,0.0004349342898352093,0.0005130452127583954,0.000417099829265156
CVCL_1478,1,"[('Infigratinib', 0.05, 'uM')]",40,28.855995628435906,0.0006291214855255877,0.0007023475182760526,0.0007203564290010795,0.00017974861370417588,0.0005054157122759462,0.0007061509625522291,0.0004770491846360173
CVCL_1478,1,"[('Ipatasertib', 0.05, 'uM')]",40,28.855995628435906,0.0007352479246228977,0.0008823882290109164,0.0009050135682163243,0.00014759848193347583,0.0004166377435278904,0.00052520099788811,0.00037378683036869755
CVCL_1478,1,"[('Irinotecan', 0.05, 'uM')]",40,28.855995628435906,0.0005242533057463324,0.0006131808189888219,0.0006289034040910992,0.00010047828200394393,0.0004239529606413387,0.00045811212272488266,0.00039258308031884636
CVCL_1478,1,"[('Ixazomib', 0.05, 'uM')]",40,28.855995628435906,0.0007953358269322416,0.0010134432012499006,0.0010394289243588722,0.0001245173287499343,0.00046171591483595544,0.00047331000063943654,0.00040785905728166503
CVCL_1478,1,"[('LB-100', 0.05, 'uM')]",40,28.855995628435906,0.00042310835082482525,0.0005250818821651717,0.0005385455201694065,9.7896930246108e-05,0.0003398340666885833,0.0004194160968504791,0.00031921983202810877
CVCL_1478,1,"[('LJI308', 0.05, 'uM')]",40,28.855995628435906,0.0008959905082968923,0.0010196447731912743,0.0010457895109654094,0.000283128385333687,0.0004589009478681316,0.0005914069659622101,0.0003976184228046336
CVCL_1478,1,"[('LY-2584702 (tosylate salt)', 0.05, 'uM')]",40,28.855995628435906,0.0005722036274761618,0.0007751117534499294,0.0007949864137947991,0.00012223587053580213,0.0004710390401613653,0.0005442457546010119,0.000452382224117608
CVCL_1478,1,"[('LY2090314', 0.05, 'uM')]",40,28.855995628435906,0.000615852833696984,0.0007739135362392229,0.0007937574730658694,0.00010605562866896462,0.0003477661545928098,0.0004127851411574431,0.0003294104070983962
CVCL_1478,1,"[('Lapatinib ditosylate', 0.05, 'uM')]",40,28.855995628435906,0.0005248818925041002,0.0006191648517146496,0.0006350408735534866,8.388459786679994e-05,0.0003226965961422774,0.0003533363373140237,0.00029592383978724156
CVCL_1478,1,"[('Lonafarnib', 0.05, 'uM')]",40,28.855995628435906,0.0005509595720516396,0.0006696755040406563,0.0006868466708109294,0.00012296400049663557,0.000426433460056727,0.0005401483828528838,0.0003992400823829969
CVCL_1478,1,"[('MK-3903', 0.05, 'uM')]",40,28.855995628435906,0.0006863493972409632,0.0008230866164735373,0.0008441914015113197,0.00014434189900728084,0.000617334484162452,0.0006685562801138988,0.0005588481122430491
CVCL_1478,1,"[('MK-8353', 0.05, 'uM')]",40,28.855995628435906,0.0005472860193319241,0.0006622615254829614,0.0006792425902389344,0.0001107345029190888,0.00043659962969689383,0.0005052628691805873,0.00041007822758865156
CVCL_1478,1,"[('ML264', 0.05, 'uM')]",40,28.855995628435906,0.0005798905876892186,0.0006848095230678359,0.0007023687416080368,0.0001337676906148875,0.0005352803452493535,0.0005979426436423025,0.0005125112112028716
CVCL_1478,1,"[('Methylprednisolone succinate', 0.05, 'uM')]",23,17.501818442107062,0.02375860350073456,0.021871148657730096,0.022865291778536013,0.0012094930239280749,0.024417232322001964,0.022913347815160478,0.02456016554800986
CVCL_1478,1,"[('Minodronic acid', 0.05, 'uM')]",40,28.855995628435906,0.0006731961050452157,0.0008631214526913733,0.0008852527719911523,0.00014635751299803943,0.0003681586929240025,0.00040496928640497556,0.00036415443577284077
CVCL_1478,1,"[('NG25', 0.05, 'uM')]",40,28.855995628435906,0.0006509151900137917,0.000779101759896824,0.0007990787280993067,0.00014534823849402228,0.0004285776405904954,0.0004878054077358677,0.00039820032964338776
CVCL_1478,1,"[('NVP-BHG712', 0.05, 'uM')]",40,28.855995628435906,0.0006111186987805967,0.0007605810087784428,0.0007800830859266078,0.00012551127554469107,0.0006226676901386034,0.0007041326991771821,0.0005960414749443885
CVCL_1478,1,"[('OTS514', 0.05, 'uM')]",40,28.855995628435906,0.0006474467622319792,0.0007907170996679342,0.0008109918970953169,0.00021956334897980646,0.0004328794869604554,0.0006000716438864883,0.000412921090192849
CVCL_1478,1,"[('Oleic acid', 0.05, 'uM')]",40,28.855995628435906,0.0006109132039967192,0.0007860592070420758,0.0008062145713252058,0.0001281560299833694,0.00036829268067428646,0.00042373142380365146,0.00036321529390989193
CVCL_1478,1,"[('Oxaliplatin', 0.05, 'uM')]",40,28.855995628435906,0.0006171513264588374,0.0007108179506489948,0.0007290440519476869,0.00015420313430500085,0.00045519120470478516,0.0005592730861875761,0.0004334299927206443
CVCL_1478,1,"[('PH-797804', 0.05, 'uM')]",40,28.855995628435906,0.0005891918973415337,0.0007315727695639422,0.000750331045706607,9.624015905703859e-05,0.0003380510184765143,0.000381211943318202,0.0003271152883276769
CVCL_1478,1,"[('Paclitaxel', 0.05, 'uM')]",40,28.855995628435906,0.0005426369346990358,0.0006108963385420401,0.000626560347222605,0.00014181042817689468,0.0005464317565148671,0.0006366974280950051,0.0005211921614932094
CVCL_1478,1,"[('Pemigatinib', 0.05, 'uM')]",40,28.855995628435906,0.0006484500268041898,0.0008291051657771756,0.0008503642725919746,0.00014062022400051954,0.00038684652845710624,0.00048875234999124,0.00035360584765753813
CVCL_1478,1,"[('Pimitespib', 0.05, 'uM')]",40,28.855995628435906,0.0006025280538102509,0.0007251026770405894,0.0007436950533749632,0.00011627956109164338,0.0003649671016875524,0.0004267432611233586,0.00033752371478388475
CVCL_1478,1,"[('Pralsetinib', 0.05, 'uM')]",40,28.855995628435906,0.0006758073404388217,0.000783782022276159,0.0008038789972063164,0.00010632311486119718,0.000458984855958995,0.0004939709204656247,0.0004186707284251045
CVCL_1478,1,"[('RMC-6236', 0.05, 'uM')]",40,28.855995628435906,0.0007395002505959213,0.0008630592722943997,0.0008851889972250249,0.0001651853933217981,0.0005386405741632741,0.0007315897824971096,0.0005016066110935161
CVCL_1478,1,"[('Ralimetinib dimesylate', 0.05, 'uM')]",17,12.304512014300252,0.02253617443251347,0.021294640438737043,0.022625555466158104,0.0014693936978607673,0.022916292312894337,0.02178125533773745,0.023526348967665242
CVCL_1478,1,"[('Regorafenib', 0.05, 'uM')]",40,28.855995628435906,0.0005376310422521292,0.000690278034861219,0.0007079774716525322,0.00010806466964202155,0.0004878103155814383,0.0005089698530482909,0.00047630117695817976
CVCL_1478,1,"[('SBI-0640756', 0.05, 'uM')]",40,28.855995628435906,0.0005591790592465663,0.0006613342121153176,0.000678291499605454,9.338728106003576e-05,0.000593534008880269,0.0005939944309411838,0.0005556665751413301
CVCL_1478,1,"[('Sapanisertib', 0.05, 'uM')]",40,28.855995628435906,0.0007493157078676363,0.000876672398243532,0.0008991511776856732,0.00019877657274276525,0.001231475823409935,0.0014687173109046597,0.0012038253869871016
CVCL_1478,1,"[('Sonidegib', 0.05, 'uM')]",39,28.39884997855368,0.006107972186647914,0.008550096760850718,0.008775099307188897,0.0005722136782614213,0.002767100170802485,0.0027707536841889723,0.002477831682221613
CVCL_1478,1,"[('TAK-733', 0.05, 'uM')]",40,28.855995628435906,0.0006364085594731138,0.0007396693947070172,0.0007586352766225816,0.0001395761960999334,0.0006107710640638615,0.000752593475586698,0.0005874783038252043
CVCL_1478,1,"[('TAK-901', 0.05, 'uM')]",40,28.855995628435906,0.0012746129403068593,0.001409000673339862,0.0014451288957331916,0.000265623258563449,0.0009217610116368047,0.0011611426103220852,0.0008754675879544288
CVCL_1478,1,"[('Temuterkib', 0.05, 'uM')]",40,28.855995628435906,0.0005534188252683699,0.0006738722732044206,0.0006911510494404312,0.00013478957241193603,0.0003595659153587142,0.00041009989336465653,0.0003395745047450584
CVCL_1478,1,"[('Tomivosertib', 0.05, 'uM')]",40,28.855995628435906,0.0006301817362698688,0.0007341574884032699,0.0007529820393879689,0.00014561618807269094,0.0005422522793882967,0.0006411306647855784,0.0004934360363788835
CVCL_1478,1,"[('Torkinib', 0.05, 'uM')]",40,28.855995628435906,0.0006041574945008631,0.0007282978177531368,0.0007469721207724481,0.0001344004518152101,0.0005005757624626657,0.0005687385599471037,0.0004703440143922435
CVCL_1478,1,"[('Trametinib', 0.05, 'uM')]",40,28.855995628435906,0.0007934692824678232,0.000914022846723049,0.0009374593299723578,0.00019353945723849848,0.0005803979756236262,0.000792665671754508,0.0005357521065879551
CVCL_1478,1,"[('Tubulin inhibitor 6', 0.05, 'uM')]",40,28.855995628435906,0.0005635521889159352,0.0007017684262085513,0.0007197624884190269,9.691415492552627e-05,0.0003347927250385232,0.00035028928514668783,0.00032304122164229364
CVCL_1478,1,"[('Tucatinib', 0.05, 'uM')]",40,28.855995628435906,0.0005738191728773624,0.0006884037179749658,0.0007060550953589392,0.00011391251252083708,0.0004911672144606087,0.000535720614013991,0.00046845783421299895
CVCL_1478,1,"[('ULK-101', 0.05, 'uM')]",40,28.855995628435906,0.0007731232803491362,0.0009095224232227092,0.0009328435109976503,0.00018040716973620062,0.0008410922516163617,0.000978359319490662,0.0007750234394042579
CVCL_1478,1,"[('Vemurafenib', 0.05, 'uM')]",40,28.855995628435906,0.000535672585403617,0.0006432071514521025,0.0006596996425149769,0.00010231064643940269,0.0004049977181671468,0.0004345260444240634,0.0003779796050195966
CVCL_1478,1,"[('Volasertib', 0.05, 'uM')]",40,28.855995628435906,0.0005112497051272277,0.000629458052290012,0.0006455980023487302,9.699892015756562e-05,0.00044027733163907746,0.0004761635470049113,0.00041717813823979167
CVCL_1478,1,"[('XRK3F2', 0.05, 'uM')]",40,28.855995628435906,0.0005845897922907154,0.0006524615906161063,0.000669191374990878,0.0001100780303206527,0.0004050041925621879,0.0005290670094477235,0.0003757092993181257
CVCL_1478,1,"[('olaparib', 0.05, 'uM')]",30,22.67766067210685,0.02257146477445237,0.024178834775458874,0.025012587698750567,0.0009062763252647672,0.013404361842315358,0.012312139000960154,0.013660076333960805
CVCL_1478,1,"[('palbociclib', 0.05, 'uM')]",40,28.855995628435906,0.0006878168076270797,0.0008799701439573748,0.0009025334809819229,0.00015557878747067395,0.0003750404371623298,0.00042430125672538507,0.0003372930413087405
CVCL_1478,1,"[('venetoclax', 0.05, 'uM')]",40,28.855995628435906,0.0010115658977117726,0.0010306872156434198,0.0010571150929676097,0.000257300424860127,0.0006507181036831027,0.0009416248004642886,0.0005754315727624499
CVCL_1478,1,"[('vincristine', 0.05, 'uM')]",40,28.855995628435906,0.0008417147387185999,0.0011090008448713174,0.0011374367639705818,0.00015012973626515525,0.00037810194198607214,0.00038270499819348847,0.00037078948885765873
CVCL_1547,1,"[('4EGI-1', 0.05, 'uM')]",40,27.905708728070646,0.0005849272217659764,0.000747838021406336,0.0007670133552885496,8.65371090285493e-05,0.0001779933785764784,0.00016323400496725255,0.00014490228170785653
CVCL_1547,1,"[('9-ING-41', 0.05, 'uM')]",40,27.905708728070646,0.0007422285870993241,0.0010410389801110466,0.001067732287293381,0.00011188387056608172,0.00020151738646609251,0.0002025084987257957,0.00016579237180853242
CVCL_1547,1,"[('APTO-253', 0.05, 'uM')]",40,27.905708728070646,0.0004958870972758128,0.0006281435974437623,0.0006442498435320638,0.00013259830960952893,0.00022459493617912857,0.00027263459405560484,0.00019965973144242668
CVCL_1547,1,"[('AT7519', 0.05, 'uM')]",40,27.905708728070646,0.000492003790877423,0.000565739735685095,0.0005802458827539435,0.00010696356361904744,0.0002088828027421989,0.0002241992919425661,0.00018601636435836816
CVCL_1547,1,"[('AZD-7648', 0.05, 'uM')]",40,27.905708728070646,0.0005745552850799571,0.0007451992313195434,0.00076430690391748,0.00013525157199398906,0.00021814639588090196,0.000265975763099539,0.000188298989314681
CVCL_1547,1,"[('AZD-8055', 0.05, 'uM')]",40,27.905708728070646,0.0006476232967393889,0.00076430365562356,0.0007839011852549333,0.00013673310609712376,0.00026989487484941146,0.00030911186283635845,0.0002285382810571085
CVCL_1547,1,"[('AZD1390', 0.05, 'uM')]",40,27.905708728070646,0.0005061738653078798,0.000628105364255392,0.0006442106300055298,0.0001057809823656371,0.00017680975691084435,0.0001876076712508463,0.00015796818963965397
CVCL_1547,1,"[('AZD2858', 0.05, 'uM')]",40,27.905708728070646,0.0005674301626633608,0.0006579510763626308,0.0006748216167821854,0.00011451066990091259,0.00021322582860157347,0.00021917165002207278,0.00017928548374828606
CVCL_1547,1,"[('Adagrasib', 0.05, 'uM')]",40,27.905708728070646,0.0005079819360320414,0.0006128541326652038,0.0006285683411950806,5.8317265281895224e-05,0.0007551919764849392,0.0008262983510310813,0.0006865759859248295
CVCL_1547,1,"[('Afatinib', 0.05, 'uM')]",40,27.905708728070646,0.0007142412365855618,0.0008058273267464159,0.0008264895658937598,0.00010294252887372315,0.0002315265417113687,0.00021926225464107165,0.00019305024223888848
CVCL_1547,1,"[('Alpelisib', 0.05, 'uM')]",40,27.905708728070646,0.0006205667735315777,0.0007771654035415719,0.0007970927215810991,0.0001221532945118225,0.00021986118692116617,0.0002587855778728134,0.0001957006086218419
CVCL_1547,1,"[('Anastrozole', 0.05, 'uM')]",40,27.905708728070646,0.0005209421749638407,0.0006659697270054703,0.0006830458738517642,0.00011711996998155181,0.0001904862786719418,0.00020685790533759156,0.000164810191798416
CVCL_1547,1,"[('BAY1125976', 0.05, 'uM')]",40,27.905708728070646,0.0005991883816687031,0.0006948272160120153,0.0007126432984738617,0.00011156175739031232,0.00020993222155228343,0.00020724309906538024,0.00017510792776413486
CVCL_1547,1,"[('BI-3406', 0.05, 'uM')]",40,27.905708728070646,0.0006672268285903437,0.0008073883587550731,0.0008280906243641771,0.00011733811508760032,0.00023379906215079328,0.00025850568113841994,0.0001970411292871193
CVCL_1547,1,"[('BI-78D3', 0.05, 'uM')]",40,27.905708728070646,0.0006017860792037554,0.0007482407039437035,0.0007674263630191827,0.0001114502773730682,0.00018268245483758834,0.00016038772809996824,0.0001480623412877834
CVCL_1547,1,"[('Belumosudil (mesylate)', 0.05, 'uM')]",40,27.905708728070646,0.0006799698433716383,0.0008401601012875629,0.0008617026679872441,0.00012851343375267638,0.0002347208961999814,0.00023059959728839502,0.00019791122633866796
CVCL_1547,1,"[('Belzutifan', 0.05, 'uM')]",38,26.219563151006238,0.0030522222657233594,0.004134058779850453,0.004245790098224789,0.00019063333724127319,0.0013093566345630807,0.0012079887997778305,0.0013401262939306958
CVCL_1547,1,"[('Bentamapimod', 0.05, 'uM')]",40,27.905708728070646,0.0007316579499911165,0.0008740576533529423,0.0008964693880542998,0.00014678942923006954,0.00021905853137933217,0.0001872399177275164,0.00017435046508408012
CVCL_1547,1,"[('Bimiralisib', 0.05, 'uM')]",40,27.905708728070646,0.0008103547948595008,0.0008998436789362223,0.0009229165937807406,0.000185139078981502,0.00033841541172621335,0.00041082498878052307,0.0002801430054857772
CVCL_1547,1,"[('Binimetinib', 0.05, 'uM')]",40,27.905708728070646,0.0013059936167651,0.0013527328250105505,0.001387418282062102,0.00031796876909396767,0.0007014722803051536,0.0009523127371015424,0.0006407945818567484
CVCL_1547,1,"[('Bortezomib', 0.05, 'uM')]",40,27.905708728070646,0.003819577657546131,0.00399721604630342,0.004099708765439405,0.0019201322603045465,0.002102801570259987,0.004190349725096738,0.001883691273549463
CVCL_1547,1,"[('Brivudine', 0.05, 'uM')]",40,27.905708728070646,0.0006027487517010242,0.0007262819866636402,0.0007449046017062973,0.00010347622067134509,0.00021615652804414588,0.00020477563952228995,0.00018935301772721226
CVCL_1547,1,"[('CP21R7', 0.05, 'uM')]",40,27.905708728070646,0.0005413361260026944,0.0006792706089099422,0.000696687804010197,9.074545713063997e-05,0.00018083924298365755,0.00017317697553551306,0.00015549433074274387
CVCL_1547,1,"[('Capivasertib', 0.05, 'uM')]",40,27.905708728070646,0.0005533343940245025,0.0006646009537278576,0.0006816420038234435,0.00010165254349015912,0.00018702637415641426,0.00018495973149280858,0.00015769606551405631
CVCL_1547,1,"[('Capmatinib', 0.05, 'uM')]",40,27.905708728070646,0.0007227526534485944,0.0008544266723303335,0.0008763350485439315,9.390373413887312e-05,0.00026464349735257233,0.0002960076227358637,0.00023202468266480568
CVCL_1547,1,"[('Celecoxib', 0.05, 'uM')]",40,27.905708728070646,0.0006357511573772756,0.0008420806270696548,0.0008636724380201586,0.00012195152547766344,0.00021285845276100118,0.00024101826942921572,0.0001826265816074648
CVCL_1547,1,"[('DT-061', 0.05, 'uM')]",40,27.905708728070646,0.0006660865260975326,0.000887491990259445,0.0009102481951378921,0.00010186479543942896,0.0001983291244890317,0.00017664436828758478,0.00016565965288503764
CVCL_1547,1,"[('DTP3', 0.05, 'uM')]",24,17.233777696834785,0.018135205042406018,0.01632029278808258,0.01702987073539052,0.0007755479859082395,0.017872213742378597,0.016818543734437044,0.018470900956429132
CVCL_1547,1,"[('Dabrafenib', 0.05, 'uM')]",40,27.905708728070646,0.0007503582879726045,0.0008667488650099381,0.0008889731948819874,0.00012051106761780774,0.00024563569947298216,0.0002830409265514674,0.0002166039526747874
CVCL_1547,1,"[('ERK5-IN-2', 0.05, 'uM')]",40,27.905708728070646,0.000590971622644943,0.0007459302448140947,0.0007650566613477893,0.00014143852291585848,0.00019661083386545713,0.00022466928612200704,0.00016383950365706342
CVCL_1547,1,"[('ETC-206', 0.05, 'uM')]",40,27.905708728070646,0.0004399073797809672,0.0005307540997549387,0.0005443631792358346,8.51572370189399e-05,0.0001900607418612163,0.000191277412113996,0.00016621126556164473
CVCL_1547,1,"[('EX229', 0.05, 'uM')]",40,27.905708728070646,0.0010131721962793926,0.0012123626742670144,0.001243448896684117,0.0002058196962354828,0.00036511836556097927,0.0004429731821021771,0.000305169848228208
CVCL_1547,1,"[('Elimusertib hydrochloride', 0.05, 'uM')]",40,27.905708728070646,0.0017284594488628131,0.001797658215460428,0.0018437520158568494,0.00040206506122167054,0.0011629750398583346,0.001601153769261627,0.0010847394667471261
CVCL_1547,1,"[('Encorafenib', 0.05, 'uM')]",40,27.905708728070646,0.0005502737753286805,0.0006236704065861973,0.0006396619554730229,0.00010852086719924927,0.00019927019351858775,0.00021517585841491672,0.00017408840493630834
CVCL_1547,1,"[('Erdafitinib ', 0.05, 'uM')]",40,27.905708728070646,0.0005577216941739022,0.0006591767533865923,0.0006760787214221456,0.00010253560015252943,0.000182264114485348,0.00016969257225587242,0.00015282483405265813
CVCL_1547,1,"[('Everolimus', 0.05, 'uM')]",40,27.905708728070646,0.0005557452277467155,0.0006365000842999234,0.0006528205992819725,8.572039169615853e-05,0.00018224977140188665,0.00016835866068432034,0.0001507445573222525
CVCL_1547,1,"[('Futibatinib', 0.05, 'uM')]",40,27.905708728070646,0.000592829829885978,0.0007058801173454299,0.000723979607533774,0.00017036419147099663,0.00017791742654201719,0.0002450599387214137,0.00015320751448375287
CVCL_1547,1,"[('GSK1059615', 0.05, 'uM')]",40,27.905708728070646,0.0006701707600398349,0.0007399953126870641,0.0007589695514739119,0.000134796102557529,0.00021163845335009208,0.00019717575794279924,0.00016865235111087734
CVCL_1547,1,"[('Gemcitabine', 0.05, 'uM')]",40,27.905708728070646,0.0005961399753306196,0.000650181477846214,0.0006668527977909885,0.00012599461951695638,0.0002252069292485856,0.0002397948500640404,0.00018648450966842603
CVCL_1547,1,"[('HI-TOPK-032', 0.05, 'uM')]",40,27.905708728070646,0.0007694123045680503,0.0010064164997548796,0.0010322220510306454,0.0001655833685864187,0.0002823674649334922,0.00030112497785776015,0.0002440700028913363
CVCL_1547,1,"[('Hydroxyfasudil', 0.05, 'uM')]",37,26.66729123673758,0.0032498151265562855,0.003194979478858779,0.0032837289088270796,0.0002957083022582728,0.001967777975857532,0.002043841273966461,0.0019276066175765356
CVCL_1547,1,"[('IQ 1', 0.05, 'uM')]",40,27.905708728070646,0.00056077050312641,0.0006494688222065063,0.00066612186892975,0.0001344017123014512,0.00019156140669293286,0.00019850605098106416,0.0001609041994760217
CVCL_1547,1,"[('Infigratinib', 0.05, 'uM')]",40,27.905708728070646,0.0006428381706518504,0.0007023475182760526,0.0007203564290010795,0.00017974861370417588,0.0003119031875495002,0.0004006336362143844,0.00028216862731721734
CVCL_1547,1,"[('Ipatasertib', 0.05, 'uM')]",40,27.905708728070646,0.0007306458573562477,0.0008823882290109164,0.0009050135682163243,0.00014759848193347583,0.0002510945839127101,0.00022069034581896114,0.00019769739965621404
CVCL_1547,1,"[('Irinotecan', 0.05, 'uM')]",40,27.905708728070646,0.0005288058234186964,0.0006131808189888219,0.0006289034040910992,0.00010047828200394393,0.00018109365653496567,0.00019098370002450251,0.00014809506884575936
CVCL_1547,1,"[('Ixazomib', 0.05, 'uM')]",40,27.905708728070646,0.000828275042219665,0.0010134432012499006,0.0010394289243588722,0.0001245173287499343,0.0003314180607611351,0.00032565005858327373,0.00029436799997346284
CVCL_1547,1,"[('LB-100', 0.05, 'uM')]",40,27.905708728070646,0.0004294821842245487,0.0005250818821651717,0.0005385455201694065,9.7896930246108e-05,0.00020144170108522605,0.00022754953334136224,0.00017789803726200274
CVCL_1547,1,"[('LJI308', 0.05, 'uM')]",40,27.905708728070646,0.0009344956833420939,0.0010196447731912743,0.0010457895109654094,0.000283128385333687,0.0003284906739166125,0.0004184384605086976,0.0002849796638172097
CVCL_1547,1,"[('LY-2584702 (tosylate salt)', 0.05, 'uM')]",40,27.905708728070646,0.0005919869829853602,0.0007751117534499294,0.0007949864137947991,0.00012223587053580213,0.00020301802693175616,0.00020227975468375712,0.00017268954319598232
CVCL_1547,1,"[('LY2090314', 0.05, 'uM')]",40,27.905708728070646,0.0006043828940227132,0.0007739135362392229,0.0007937574730658694,0.00010605562866896462,0.00020913063504408858,0.00021112817230000848,0.0001815599314207705
CVCL_1547,1,"[('Lapatinib ditosylate', 0.05, 'uM')]",40,27.905708728070646,0.0005259278039845653,0.0006191648517146496,0.0006350408735534866,8.388459786679994e-05,0.0001970420515810909,0.00019265971670727035,0.0001703627256832142
CVCL_1547,1,"[('Lonafarnib', 0.05, 'uM')]",40,27.905708728070646,0.0005529619112027407,0.0006696755040406563,0.0006868466708109294,0.00012296400049663557,0.00026530643296525223,0.0002771924033414388,0.00023192472620768817
CVCL_1547,1,"[('MK-3903', 0.05, 'uM')]",40,27.905708728070646,0.0006816951404745624,0.0008230866164735373,0.0008441914015113197,0.00014434189900728084,0.00022162741407385578,0.00022941775410106403,0.0001737260643238244
CVCL_1547,1,"[('MK-8353', 0.05, 'uM')]",40,27.905708728070646,0.000550365851286844,0.0006622615254829614,0.0006792425902389344,0.0001107345029190888,0.00020074197211888416,0.00018512965857083325,0.00016395752552193828
CVCL_1547,1,"[('ML264', 0.05, 'uM')]",40,27.905708728070646,0.0005725296712078515,0.0006848095230678359,0.0007023687416080368,0.0001337676906148875,0.0001988022660833882,0.00022403394779546673,0.0001646068033222459
CVCL_1547,1,"[('Minodronic acid', 0.05, 'uM')]",40,27.905708728070646,0.0006589505092360693,0.0008631214526913733,0.0008852527719911523,0.00014635751299803943,0.00026752607064611946,0.0002756588295301425,0.00022500520280500946
CVCL_1547,1,"[('NG25', 0.05, 'uM')]",40,27.905708728070646,0.0006898112543237376,0.000779101759896824,0.0007990787280993067,0.00014534823849402228,0.0002434106741469354,0.0002736535307147552,0.00020602204901399746
CVCL_1547,1,"[('NVP-BHG712', 0.05, 'uM')]",40,27.905708728070646,0.0006107735743694013,0.0007605810087784428,0.0007800830859266078,0.00012551127554469107,0.00019340610650526297,0.00021139677947415697,0.00016092375662741804
CVCL_1547,1,"[('OTS514', 0.05, 'uM')]",40,27.905708728070646,0.0006691456017920095,0.0007907170996679342,0.0008109918970953169,0.00021956334897980646,0.000267977338797608,0.0003512120959995222,0.00023030328915034942
CVCL_1547,1,"[('Oleic acid', 0.05, 'uM')]",40,27.905708728070646,0.0006037359357402788,0.0007860592070420758,0.0008062145713252058,0.0001281560299833694,0.00021066205292482844,0.0002704292080441039,0.0001890638941468103
CVCL_1547,1,"[('Oxaliplatin', 0.05, 'uM')]",40,27.905708728070646,0.0006242496353954228,0.0007108179506489948,0.0007290440519476869,0.00015420313430500085,0.00021960852862098467,0.00026539753025434136,0.00018162287122399685
CVCL_1547,1,"[('PF-06260933', 0.05, 'uM')]",26,18.780544005409123,0.018164696370929392,0.01928203974260534,0.020053321332309557,0.0009021987894142765,0.01568333359964304,0.014825662646615298,0.015871622812377726
CVCL_1547,1,"[('PH-797804', 0.05, 'uM')]",40,27.905708728070646,0.0005808318780727821,0.0007315727695639422,0.000750331045706607,9.624015905703859e-05,0.0002058645570276121,0.00019182375400985353,0.00017640161851760133
CVCL_1547,1,"[('Paclitaxel', 0.05, 'uM')]",40,27.905708728070646,0.0005232096038061372,0.0006108963385420401,0.000626560347222605,0.00014181042817689468,0.0001886071599112996,0.00024998958246913206,0.00015835946321820577
CVCL_1547,1,"[('Pemigatinib', 0.05, 'uM')]",40,27.905708728070646,0.0006896019765273832,0.0008291051657771756,0.0008503642725919746,0.00014062022400051954,0.0002217123049987506,0.00022354406884239413,0.0001917288329157752
CVCL_1547,1,"[('Pimitespib', 0.05, 'uM')]",40,27.905708728070646,0.0006155199658737808,0.0007251026770405894,0.0007436950533749632,0.00011627956109164338,0.00027416665542184294,0.00027034253614506516,0.0002450675724691103
CVCL_1547,1,"[('Pralsetinib', 0.05, 'uM')]",40,27.905708728070646,0.0007081509472888489,0.000783782022276159,0.0008038789972063164,0.00010632311486119718,0.00022674877799183123,0.0002349565143791104,0.00018120284687949325
CVCL_1547,1,"[('RMC-6236', 0.05, 'uM')]",40,27.905708728070646,0.000697336204423773,0.0008630592722943997,0.0008851889972250249,0.0001651853933217981,0.0002536095321784764,0.0003316823628974081,0.00021895922940389585
CVCL_1547,1,"[('Regorafenib', 0.05, 'uM')]",40,27.905708728070646,0.0005546194340194569,0.000690278034861219,0.0007079774716525322,0.00010806466964202155,0.00020848263896309808,0.00021315630876677077,0.00017415250034250452
CVCL_1547,1,"[('SBI-0640756', 0.05, 'uM')]",40,27.905708728070646,0.0005668031261515853,0.0006613342121153176,0.000678291499605454,9.338728106003576e-05,0.00019855091898283203,0.00020530084772616875,0.0001726629315106838
CVCL_1547,1,"[('Sapanisertib', 0.05, 'uM')]",40,27.905708728070646,0.0007420985425020689,0.000876672398243532,0.0008991511776856732,0.00019877657274276525,0.0003635757449927952,0.0003986228730049378,0.0002994089791814978
CVCL_1547,1,"[('Sonidegib', 0.05, 'uM')]",39,27.378641602008358,0.0065835676046521845,0.008550096760850718,0.008775099307188897,0.0005722136782614213,0.0024293143970227954,0.0026725593811845285,0.002393908758021147
CVCL_1547,1,"[('TAK-733', 0.05, 'uM')]",40,27.905708728070646,0.0006383394787788526,0.0007396693947070172,0.0007586352766225816,0.0001395761960999334,0.00023865779240573565,0.00027647096867194356,0.00019819611099127028
CVCL_1547,1,"[('TAK-901', 0.05, 'uM')]",40,27.905708728070646,0.001366240796015771,0.001409000673339862,0.0014451288957331916,0.000265623258563449,0.0005752486964567527,0.0006252641692420079,0.0005075245022979739
CVCL_1547,1,"[('Temuterkib', 0.05, 'uM')]",40,27.905708728070646,0.000556758367960788,0.0006738722732044206,0.0006911510494404312,0.00013478957241193603,0.00019799085991559445,0.00023864392914510124,0.00017091753814636534
CVCL_1547,1,"[('Tomivosertib', 0.05, 'uM')]",40,27.905708728070646,0.0006362319791750588,0.0007341574884032699,0.0007529820393879689,0.00014561618807269094,0.00022680470181200463,0.00019873196917095815,0.00018324184215863764
CVCL_1547,1,"[('Torkinib', 0.05, 'uM')]",40,27.905708728070646,0.0005931376023337234,0.0007282978177531368,0.0007469721207724481,0.0001344004518152101,0.0001866778920203605,0.00020082191768358405,0.00014818431973243564
CVCL_1547,1,"[('Trametinib', 0.05, 'uM')]",40,27.905708728070646,0.0007588099698234064,0.000914022846723049,0.0009374593299723578,0.00019353945723849848,0.00032009706097957326,0.00041339615643217907,0.00028143374597038907
CVCL_1547,1,"[('Tubulin inhibitor 6', 0.05, 'uM')]",40,27.905708728070646,0.000558217541441714,0.0007017684262085513,0.0007197624884190269,9.691415492552627e-05,0.00019605587276701227,0.00019969672844799346,0.00016884051715408078
CVCL_1547,1,"[('Tucatinib', 0.05, 'uM')]",40,27.905708728070646,0.0005851039108654257,0.0006884037179749658,0.0007060550953589392,0.00011391251252083708,0.0001874704877138181,0.00021591948497041364,0.0001635692535140494
CVCL_1547,1,"[('ULK-101', 0.05, 'uM')]",40,27.905708728070646,0.0007862324432068265,0.0009095224232227092,0.0009328435109976503,0.00018040716973620062,0.0002907926925923288,0.0002532835366542011,0.00021637169133422918
CVCL_1547,1,"[('Vemurafenib', 0.05, 'uM')]",40,27.905708728070646,0.0005391507614217026,0.0006432071514521025,0.0006596996425149769,0.00010231064643940269,0.00016964359113889394,0.00018094486007033745,0.0001411773421127976
CVCL_1547,1,"[('Volasertib', 0.05, 'uM')]",40,27.905708728070646,0.0005012001631248726,0.000629458052290012,0.0006455980023487302,9.699892015756562e-05,0.0001917909894585334,0.00021345362355034418,0.00016335998082839392
CVCL_1547,1,"[('XRK3F2', 0.05, 'uM')]",40,27.905708728070646,0.0005560246903245263,0.0006524615906161063,0.000669191374990878,0.0001100780303206527,0.0002428510932167558,0.00029548670665478696,0.00021512095274726228
CVCL_1547,1,"[('c-Kit-IN-1', 0.05, 'uM')]",19,12.54988373280251,0.0161057959769397,0.014514915426376075,0.0153212996167303,0.0011751476800795442,0.015963930501815812,0.015610896532849016,0.016640537197825662
CVCL_1547,1,"[('olaparib', 0.05, 'uM')]",30,22.276331768040265,0.02330582632122701,0.024178834775458874,0.025012587698750567,0.0009062763252647672,0.028065563077079834,0.027009031206790816,0.028277824847532163
CVCL_1547,1,"[('palbociclib', 0.05, 'uM')]",40,27.905708728070646,0.000702635532991979,0.0008799701439573748,0.0009025334809819229,0.00015557878747067395,0.0002470220947137206,0.00028411522967168536,0.00021753977533554392
CVCL_1547,1,"[('venetoclax', 0.05, 'uM')]",40,27.905708728070646,0.000973733801677768,0.0010306872156434198,0.0010571150929676097,0.000257300424860127,0.0006111113327622764,0.0008399022851027789,0.0005450385757897213
CVCL_1547,1,"[('vincristine', 0.05, 'uM')]",40,27.905708728070646,0.0009077181002249159,0.0011090008448713174,0.0011374367639705818,0.00015012973626515525,0.0004613708305933451,0.0005699305547760136,0.00040441929158260804
CVCL_1635,1,"[('4EGI-1', 0.05, 'uM')]",40,24.03577964361791,0.0005433225799564637,0.000747838021406336,0.0007670133552885496,8.65371090285493e-05,0.0004700101112828152,0.0005367385437626353,0.00041155379250669964
CVCL_1635,1,"[('9-ING-41', 0.05, 'uM')]",40,24.03577964361791,0.0006608312236886971,0.0010410389801110466,0.001067732287293381,0.00011188387056608172,0.00027786905733906766,0.00036176069847904655,0.00025155969046350055
CVCL_1635,1,"[('APTO-253', 0.05, 'uM')]",40,24.03577964361791,0.0004623168860748425,0.0006281435974437623,0.0006442498435320638,0.00013259830960952893,0.00020723402845617024,0.0003298440048195621,0.00019322332167109852
CVCL_1635,1,"[('AT7519', 0.05, 'uM')]",40,24.03577964361791,0.00044156434094570166,0.000565739735685095,0.0005802458827539435,0.00010696356361904744,0.000279152322830696,0.00037091954225091663,0.00024459258977233147
CVCL_1635,1,"[('AZD-7648', 0.05, 'uM')]",40,24.03577964361791,0.0005320756619256065,0.0007451992313195434,0.00076430690391748,0.00013525157199398906,0.00028681264007469497,0.0003905903795041898,0.00025809790183803106
CVCL_1635,1,"[('AZD-8055', 0.05, 'uM')]",40,24.03577964361791,0.0006566331654157061,0.00076430365562356,0.0007839011852549333,0.00013673310609712376,0.00039803713150224243,0.0005453154107438689,0.00035637647792077857
CVCL_1635,1,"[('AZD1390', 0.05, 'uM')]",40,24.03577964361791,0.00046512825208082457,0.000628105364255392,0.0006442106300055298,0.0001057809823656371,0.00026160851473090664,0.0003155397907512026,0.00023399577607381217
CVCL_1635,1,"[('AZD2858', 0.05, 'uM')]",40,24.03577964361791,0.0005144609306860528,0.0006579510763626308,0.0006748216167821854,0.00011451066990091259,0.0004217365933509095,0.0004932525119738409,0.0003751893717923026
CVCL_1635,1,"[('Abemaciclib', 0.05, 'uM')]",17,10.803662221253136,0.020918776021963,0.021826939996498883,0.023191123746280063,0.0014887351325239707,0.017572946926593693,0.016574005424558336,0.018786723125277932
CVCL_1635,1,"[('Adagrasib', 0.05, 'uM')]",40,24.03577964361791,0.000419017167229188,0.0006128541326652038,0.0006285683411950806,5.8317265281895224e-05,0.00015989070409078092,0.0001997794818595637,0.0001447712160713278
CVCL_1635,1,"[('Afatinib', 0.05, 'uM')]",40,24.03577964361791,0.0006930891888786953,0.0008058273267464159,0.0008264895658937598,0.00010294252887372315,0.0004356157189482633,0.000511556929418095,0.00036457537251380004
CVCL_1635,1,"[('Alpelisib', 0.05, 'uM')]",40,24.03577964361791,0.0005639186301443955,0.0007771654035415719,0.0007970927215810991,0.0001221532945118225,0.00037051793230186316,0.00048171301158306354,0.000324421338861744
CVCL_1635,1,"[('Anastrozole', 0.05, 'uM')]",40,24.03577964361791,0.000469875937309508,0.0006659697270054703,0.0006830458738517642,0.00011711996998155181,0.00025626916689982116,0.0003471233467999052,0.00022981098160892776
CVCL_1635,1,"[('BAY1125976', 0.05, 'uM')]",40,24.03577964361791,0.0005557162586405357,0.0006948272160120153,0.0007126432984738617,0.00011156175739031232,0.000418731192940249,0.0005046762069951955,0.00036229384487053694
CVCL_1635,1,"[('BI-3406', 0.05, 'uM')]",40,24.03577964361791,0.0006340972015974702,0.0008073883587550731,0.0008280906243641771,0.00011733811508760032,0.0003540663647292902,0.0004489669120926431,0.0003023659848862149
CVCL_1635,1,"[('BI-78D3', 0.05, 'uM')]",40,24.03577964361791,0.0005599663072056519,0.0007482407039437035,0.0007674263630191827,0.0001114502773730682,0.000390515373349936,0.0005090026914361605,0.00032940478171101053
CVCL_1635,1,"[('Belumosudil (mesylate)', 0.05, 'uM')]",40,24.03577964361791,0.0006473719906140455,0.0008401601012875629,0.0008617026679872441,0.00012851343375267638,0.0003569626552665103,0.00039542513183575756,0.00031274193524240664
CVCL_1635,1,"[('Belzutifan', 0.05, 'uM')]",38,22.736488479562492,0.0024969344310692924,0.004134058779850453,0.004245790098224789,0.00019063333724127319,0.0012302247073287926,0.0012173582425872658,0.0011998504993563563
CVCL_1635,1,"[('Bentamapimod', 0.05, 'uM')]",40,24.03577964361791,0.0007338366966080818,0.0008740576533529423,0.0008964693880542998,0.00014678942923006954,0.0004461676867381553,0.0006093429047854054,0.0003714452340711623
CVCL_1635,1,"[('Bimiralisib', 0.05, 'uM')]",40,24.03577964361791,0.0008418035493549265,0.0008998436789362223,0.0009229165937807406,0.000185139078981502,0.000538588257746727,0.0007988211595869693,0.00042412598242970987
CVCL_1635,1,"[('Binimetinib', 0.05, 'uM')]",40,24.03577964361791,0.0013055391904320055,0.0013527328250105505,0.001387418282062102,0.00031796876909396767,0.0010003385918279832,0.0014901210020699673,0.0007984693357193307
CVCL_1635,1,"[('Bortezomib', 0.05, 'uM')]",40,24.03577964361791,0.003733282391201331,0.00399721604630342,0.004099708765439405,0.0019201322603045465,0.0018721205127273234,0.004146565555295551,0.0014631703650104407
CVCL_1635,1,"[('Brivudine', 0.05, 'uM')]",40,24.03577964361791,0.0005635021119134061,0.0007262819866636402,0.0007449046017062973,0.00010347622067134509,0.00041297781962334936,0.0005297315167625399,0.00036225868068714306
CVCL_1635,1,"[('CP21R7', 0.05, 'uM')]",40,24.03577964361791,0.0004875191212737154,0.0006792706089099422,0.000696687804010197,9.074545713063997e-05,0.00029717203553785034,0.0003355027402376444,0.0002614819708859769
CVCL_1635,1,"[('Capivasertib', 0.05, 'uM')]",40,24.03577964361791,0.000503160895151725,0.0006646009537278576,0.0006816420038234435,0.00010165254349015912,0.00036078787287093693,0.000452562395364979,0.0003003267553596183
CVCL_1635,1,"[('Capmatinib', 0.05, 'uM')]",40,24.03577964361791,0.0006673884554328108,0.0008544266723303335,0.0008763350485439315,9.390373413887312e-05,0.0005105917448462771,0.0006125163938109606,0.00040941188401625835
CVCL_1635,1,"[('Celecoxib', 0.05, 'uM')]",40,24.03577964361791,0.0005621423907578652,0.0008420806270696548,0.0008636724380201586,0.00012195152547766344,0.000289624624451399,0.00040362307412307284,0.0002661294868171936
CVCL_1635,1,"[('DT-061', 0.05, 'uM')]",40,24.03577964361791,0.0005776036162479262,0.000887491990259445,0.0009102481951378921,0.00010186479543942896,0.00032680848183180177,0.0003949712702670053,0.0002963135443598861
CVCL_1635,1,"[('DTP3', 0.05, 'uM')]",24,15.694757966239713,0.016431704830414357,0.01632029278808258,0.01702987073539052,0.0007755479859082395,0.03122282546536515,0.03049735345933556,0.03164306234477558
CVCL_1635,1,"[('Dabrafenib', 0.05, 'uM')]",40,24.03577964361791,0.0006585319990183276,0.0008667488650099381,0.0008889731948819874,0.00012051106761780774,0.0005827983861421246,0.0007515342614118309,0.0004954450894943409
CVCL_1635,1,"[('ERK5-IN-2', 0.05, 'uM')]",40,24.03577964361791,0.000563986722337562,0.0007459302448140947,0.0007650566613477893,0.00014143852291585848,0.0003853533523630095,0.0005259094987567971,0.00032264128017096746
CVCL_1635,1,"[('ETC-206', 0.05, 'uM')]",40,24.03577964361791,0.00039445606996913054,0.0005307540997549387,0.0005443631792358346,8.51572370189399e-05,0.00025481754990613057,0.000316520108520783,0.0002408643822342952
CVCL_1635,1,"[('EX229', 0.05, 'uM')]",40,24.03577964361791,0.0009504527021994412,0.0012123626742670144,0.001243448896684117,0.0002058196962354828,0.0005159959786434727,0.0007581667375513064,0.0004313757711000137
CVCL_1635,1,"[('Elimusertib hydrochloride', 0.05, 'uM')]",40,24.03577964361791,0.0017773625527627741,0.001797658215460428,0.0018437520158568494,0.00040206506122167054,0.0011669054321663732,0.0017762643534441642,0.0009011179089173536
CVCL_1635,1,"[('Encorafenib', 0.05, 'uM')]",40,24.03577964361791,0.000491414080339792,0.0006236704065861973,0.0006396619554730229,0.00010852086719924927,0.00036195711334908385,0.0004217214332745232,0.00032832961964688435
CVCL_1635,1,"[('Erdafitinib ', 0.05, 'uM')]",40,24.03577964361791,0.0004963424868164816,0.0006591767533865923,0.0006760787214221456,0.00010253560015252943,0.0003584377286868772,0.0004458027182738705,0.0003135987521144046
CVCL_1635,1,"[('Everolimus', 0.05, 'uM')]",40,24.03577964361791,0.0005019927329279989,0.0006365000842999234,0.0006528205992819725,8.572039169615853e-05,0.00038489887805401475,0.0004238741167934063,0.00031994548013846444
CVCL_1635,1,"[('Futibatinib', 0.05, 'uM')]",40,24.03577964361791,0.000529352893850819,0.0007058801173454299,0.000723979607533774,0.00017036419147099663,0.0003390347984080948,0.0005185673682301465,0.0002848455007595439
CVCL_1635,1,"[('GSK1059615', 0.05, 'uM')]",40,24.03577964361791,0.0006251466959481665,0.0007399953126870641,0.0007589695514739119,0.000134796102557529,0.0005501859288240119,0.0006868738111889498,0.00046290840011188725
CVCL_1635,1,"[('Gemcitabine', 0.05, 'uM')]",40,24.03577964361791,0.0005651915355420388,0.000650181477846214,0.0006668527977909885,0.00012599461951695638,0.0003726342659824051,0.000479099203792372,0.0003123225023985219
CVCL_1635,1,"[('HI-TOPK-032', 0.05, 'uM')]",40,24.03577964361791,0.0007046746670158113,0.0010064164997548796,0.0010322220510306454,0.0001655833685864187,0.0003685913601319157,0.00045814527846586573,0.0003330312517745739
CVCL_1635,1,"[('Hydroxyfasudil', 0.05, 'uM')]",37,23.154288113555243,0.002793707453434978,0.003194979478858779,0.0032837289088270796,0.0002957083022582728,0.0024632106240862497,0.0025627321031662905,0.00250943869623295
CVCL_1635,1,"[('IQ 1', 0.05, 'uM')]",40,24.03577964361791,0.0005186442758859796,0.0006494688222065063,0.00066612186892975,0.0001344017123014512,0.0003908755242349802,0.0005444331496090253,0.00032680442597844104
CVCL_1635,1,"[('Infigratinib', 0.05, 'uM')]",40,24.03577964361791,0.0005877503403448831,0.0007023475182760526,0.0007203564290010795,0.00017974861370417588,0.00044979745632458743,0.0006197638467697784,0.00039907036681334875
CVCL_1635,1,"[('Ipatasertib', 0.05, 'uM')]",40,24.03577964361791,0.0006912426584772195,0.0008823882290109164,0.0009050135682163243,0.00014759848193347583,0.0003919985819444344,0.0005272167581040119,0.0003321063489993813
CVCL_1635,1,"[('Irinotecan', 0.05, 'uM')]",40,24.03577964361791,0.0004939651618404722,0.0006131808189888219,0.0006289034040910992,0.00010047828200394393,0.0003464515832091989,0.00041103169484919355,0.00029875177508286154
CVCL_1635,1,"[('Ixazomib', 0.05, 'uM')]",40,24.03577964361791,0.0007343564149916565,0.0010134432012499006,0.0010394289243588722,0.0001245173287499343,0.00043793835454805245,0.0005326190281113231,0.00036848836866901127
CVCL_1635,1,"[('LB-100', 0.05, 'uM')]",40,24.03577964361791,0.00038621573625487464,0.0005250818821651717,0.0005385455201694065,9.7896930246108e-05,0.00020372272539854238,0.00028269179219336,0.00018645669131803173
CVCL_1635,1,"[('LJI308', 0.05, 'uM')]",40,24.03577964361791,0.0008548535947017047,0.0010196447731912743,0.0010457895109654094,0.000283128385333687,0.0005433383357827414,0.0007835174528177489,0.00044885695730218926
CVCL_1635,1,"[('LY-2584702 (tosylate salt)', 0.05, 'uM')]",40,24.03577964361791,0.0005271475534089979,0.0007751117534499294,0.0007949864137947991,0.00012223587053580213,0.0003719924060732763,0.0004766937230968304,0.0003259395749693109
CVCL_1635,1,"[('LY2090314', 0.05, 'uM')]",40,24.03577964361791,0.000559293349281642,0.0007739135362392229,0.0007937574730658694,0.00010605562866896462,0.0002661982588506906,0.00034114253302509174,0.00024626767921223425
CVCL_1635,1,"[('Lapatinib ditosylate', 0.05, 'uM')]",40,24.03577964361791,0.0004851501693567072,0.0006191648517146496,0.0006350408735534866,8.388459786679994e-05,0.00028071138772265124,0.0003261458390756686,0.00023658493055891562
CVCL_1635,1,"[('Lonafarnib', 0.05, 'uM')]",40,24.03577964361791,0.0005063814953743574,0.0006696755040406563,0.0006868466708109294,0.00012296400049663557,0.0002912444882438602,0.00041357122476140865,0.00025482602053335517
CVCL_1635,1,"[('MK-3903', 0.05, 'uM')]",40,24.03577964361791,0.0006525134154903586,0.0008230866164735373,0.0008441914015113197,0.00014434189900728084,0.00045038940317535203,0.0005906579268418439,0.00036570144607433943
CVCL_1635,1,"[('MK-8353', 0.05, 'uM')]",40,24.03577964361791,0.0005049904552943575,0.0006622615254829614,0.0006792425902389344,0.0001107345029190888,0.0003877156348703138,0.0005282219765995838,0.0003376098486111294
CVCL_1635,1,"[('ML264', 0.05, 'uM')]",40,24.03577964361791,0.0005462213747163231,0.0006848095230678359,0.0007023687416080368,0.0001337676906148875,0.000350808004103174,0.0004981788257159257,0.0003035084717664117
CVCL_1635,1,"[('Methylprednisolone succinate', 0.05, 'uM')]",23,14.567088526344893,0.023253712367792907,0.021871148657730096,0.022865291778536013,0.0012094930239280749,0.012738304398233287,0.0119803878647549,0.013607462264055499
CVCL_1635,1,"[('Minodronic acid', 0.05, 'uM')]",40,24.03577964361791,0.0006030313088437158,0.0008631214526913733,0.0008852527719911523,0.00014635751299803943,0.0002715514023549588,0.00041062874719687275,0.0002362999874215799
CVCL_1635,1,"[('NG25', 0.05, 'uM')]",40,24.03577964361791,0.0005971447673064392,0.000779101759896824,0.0007990787280993067,0.00014534823849402228,0.0004296158998548243,0.0005314535110382584,0.0003606970789662365
CVCL_1635,1,"[('NVP-BHG712', 0.05, 'uM')]",40,24.03577964361791,0.0005637537841981351,0.0007605810087784428,0.0007800830859266078,0.00012551127554469107,0.00031400139333051205,0.0004191776083013782,0.00025880327361087343
CVCL_1635,1,"[('OTS514', 0.05, 'uM')]",40,24.03577964361791,0.0005922249058579739,0.0007907170996679342,0.0008109918970953169,0.00021956334897980646,0.0004610516726239283,0.0006641425754926511,0.0003833730643359142
CVCL_1635,1,"[('Oleic acid', 0.05, 'uM')]",40,24.03577964361791,0.0005451513270059279,0.0007860592070420758,0.0008062145713252058,0.0001281560299833694,0.0002529058921509124,0.0003580836233866199,0.00023312509036260847
CVCL_1635,1,"[('Oxaliplatin', 0.05, 'uM')]",40,24.03577964361791,0.0005777307767773361,0.0007108179506489948,0.0007290440519476869,0.00015420313430500085,0.0004297213118129195,0.0006299819829085938,0.00036574897790856673
CVCL_1635,1,"[('PH-797804', 0.05, 'uM')]",40,24.03577964361791,0.0005321469544754416,0.0007315727695639422,0.000750331045706607,9.624015905703859e-05,0.00023046671545998076,0.0003090923107371245,0.0002184296428252117
CVCL_1635,1,"[('Paclitaxel', 0.05, 'uM')]",40,24.03577964361791,0.0005189584651086816,0.0006108963385420401,0.000626560347222605,0.00014181042817689468,0.0002636415891718817,0.0003986211000435202,0.0002390769784688701
CVCL_1635,1,"[('Pemigatinib', 0.05, 'uM')]",40,24.03577964361791,0.0005903555309065889,0.0008291051657771756,0.0008503642725919746,0.00014062022400051954,0.0004892507128610188,0.0006680971398684434,0.0004280570025585721
CVCL_1635,1,"[('Pimitespib', 0.05, 'uM')]",40,24.03577964361791,0.0005546640513845611,0.0007251026770405894,0.0007436950533749632,0.00011627956109164338,0.0003477735030724861,0.00042852622920099004,0.0003042858783000211
CVCL_1635,1,"[('Pralsetinib', 0.05, 'uM')]",40,24.03577964361791,0.0006266029414614183,0.000783782022276159,0.0008038789972063164,0.00010632311486119718,0.0003916234633398016,0.0004589403176876915,0.0003165593129527645
CVCL_1635,1,"[('RMC-6236', 0.05, 'uM')]",40,24.03577964361791,0.0007004532775421632,0.0008630592722943997,0.0008851889972250249,0.0001651853933217981,0.00036857389186892,0.0005146182592902531,0.0003254988295065279
CVCL_1635,1,"[('Regorafenib', 0.05, 'uM')]",40,24.03577964361791,0.0004944442351677136,0.000690278034861219,0.0007079774716525322,0.00010806466964202155,0.0003430422274732916,0.0004503848738834771,0.00029903687192900716
CVCL_1635,1,"[('SBI-0640756', 0.05, 'uM')]",40,24.03577964361791,0.0005272976248288953,0.0006613342121153176,0.000678291499605454,9.338728106003576e-05,0.0003886603715218512,0.00042108703247000135,0.00033603137367477166
CVCL_1635,1,"[('Sapanisertib', 0.05, 'uM')]",40,24.03577964361791,0.0007224552674538281,0.000876672398243532,0.0008991511776856732,0.00019877657274276525,0.0004738593604960461,0.0006346714099475266,0.000417273835500182
CVCL_1635,1,"[('Sonidegib', 0.05, 'uM')]",39,23.770442556410043,0.00557525529990934,0.008550096760850718,0.008775099307188897,0.0005722136782614213,0.0038538412928655974,0.004213059333534517,0.003672397647355142
CVCL_1635,1,"[('TAK-733', 0.05, 'uM')]",40,24.03577964361791,0.0006025078778995688,0.0007396693947070172,0.0007586352766225816,0.0001395761960999334,0.00033902143907871464,0.0004956198449791587,0.00027805688497257
CVCL_1635,1,"[('TAK-901', 0.05, 'uM')]",40,24.03577964361791,0.0012163356663160965,0.001409000673339862,0.0014451288957331916,0.000265623258563449,0.0008492834967794156,0.0011295776221775101,0.0007622627424430708
CVCL_1635,1,"[('Temuterkib', 0.05, 'uM')]",40,24.03577964361791,0.0005128261494703602,0.0006738722732044206,0.0006911510494404312,0.00013478957241193603,0.00032646057937913943,0.00041494646672038003,0.0002832559060684222
CVCL_1635,1,"[('Tomivosertib', 0.05, 'uM')]",40,24.03577964361791,0.0005928839516229478,0.0007341574884032699,0.0007529820393879689,0.00014561618807269094,0.00041798074207981386,0.0005732333387459691,0.00034812091648218023
CVCL_1635,1,"[('Torkinib', 0.05, 'uM')]",40,24.03577964361791,0.000571047766807421,0.0007282978177531368,0.0007469721207724481,0.0001344004518152101,0.00041058352756264316,0.0005732803227201181,0.00034418263346994117
CVCL_1635,1,"[('Trametinib', 0.05, 'uM')]",40,24.03577964361791,0.0007564927731174451,0.000914022846723049,0.0009374593299723578,0.00019353945723849848,0.00048729305767268306,0.0007062777995650644,0.00041155328253732784
CVCL_1635,1,"[('Tubulin inhibitor 6', 0.05, 'uM')]",40,24.03577964361791,0.000506052432100121,0.0007017684262085513,0.0007197624884190269,9.691415492552627e-05,0.00030876358991446465,0.0004025451328193107,0.0002740988988915179
CVCL_1635,1,"[('Tucatinib', 0.05, 'uM')]",40,24.03577964361791,0.0005328125673519704,0.0006884037179749658,0.0007060550953589392,0.00011391251252083708,0.00042884849054499423,0.0005301644805822539,0.0003696232084982587
CVCL_1635,1,"[('ULK-101', 0.05, 'uM')]",40,24.03577964361791,0.0007326074551290735,0.0009095224232227092,0.0009328435109976503,0.00018040716973620062,0.0005852067033814916,0.0007830029555338117,0.00048760871191216333
CVCL_1635,1,"[('Vemurafenib', 0.05, 'uM')]",40,24.03577964361791,0.0004995747348469368,0.0006432071514521025,0.0006596996425149769,0.00010231064643940269,0.00030020943740123666,0.0003516263124830366,0.00026612617334657255
CVCL_1635,1,"[('Volasertib', 0.05, 'uM')]",40,24.03577964361791,0.00047264724289590334,0.000629458052290012,0.0006455980023487302,9.699892015756562e-05,0.00031007067318320944,0.0003627542044072783,0.0002773232362972494
CVCL_1635,1,"[('XRK3F2', 0.05, 'uM')]",40,24.03577964361791,0.0005600236178413603,0.0006524615906161063,0.000669191374990878,0.0001100780303206527,0.0003730358272633636,0.0004842240940431072,0.00032813172240070605
CVCL_1635,1,"[('olaparib', 0.05, 'uM')]",30,18.723965845787284,0.022732643442218124,0.024178834775458874,0.025012587698750567,0.0009062763252647672,0.009076632479630618,0.008551082414704968,0.009999056351027038
CVCL_1635,1,"[('palbociclib', 0.05, 'uM')]",40,24.03577964361791,0.0006339765184452967,0.0008799701439573748,0.0009025334809819229,0.00015557878747067395,0.00044923835152222926,0.0005904176497712773,0.00037441977908863754
CVCL_1635,1,"[('venetoclax', 0.05, 'uM')]",40,24.03577964361791,0.0009867726885999333,0.0010306872156434198,0.0010571150929676097,0.000257300424860127,0.0007158845839329164,0.0011581642510330116,0.0005567924328163551
CVCL_1635,1,"[('vincristine', 0.05, 'uM')]",40,24.03577964361791,0.0007745419480299697,0.0011090008448713174,0.0011374367639705818,0.00015012973626515525,0.00039792187709450843,0.000534064671228321,0.00034917363207969396
CVCL_0099,2,"[('4EGI-1', 0.05, 'uM')]",40,39.999999999999986,0.0006712920390934952,0.0006545097381161578,0.000671292039093495,8.528394807017212e-05,0.0003393435288803317,0.00029384214446026964,0.00031052220769581474
CVCL_0099,2,"[('9-ING-41', 0.05, 'uM')]",40,39.999999999999986,0.0010013117058996167,0.0009762789132521263,0.0010013117058996167,0.00010640966995553016,0.00032271831750260715,0.0002838753018721824,0.0003355472604316556
CVCL_0099,2,"[('APTO-253', 0.05, 'uM')]",40,39.999999999999986,0.0005335559377951223,0.0005202170393502443,0.0005335559377951221,0.00011872367816047525,0.0002438178832691318,0.00026428089230746916,0.00024175319182915379
CVCL_0099,2,"[('AT7519', 0.05, 'uM')]",40,39.999999999999986,0.0005006213789922445,0.0004881058445174383,0.0005006213789922443,0.00010144878806254989,0.00039047583423474264,0.0003541440820399845,0.0003767192725853418
CVCL_0099,2,"[('AZD-7648', 0.05, 'uM')]",40,39.999999999999986,0.0006348129982527476,0.000618942673296429,0.0006348129982527474,0.00012243983098517622,0.00031095122996790015,0.0003547032227969787,0.0003203131925774986
CVCL_0099,2,"[('AZD-8055', 0.05, 'uM')]",40,39.999999999999986,0.0006982520105712914,0.0006807957103070093,0.0006982520105712916,0.0001306437892266604,0.0003309170769434869,0.00026181309863590886,0.0003063116838840333
CVCL_0099,2,"[('AZD1390', 0.05, 'uM')]",40,39.999999999999986,0.0005438494899751889,0.0005302532527258094,0.000543849489975189,0.00010159479934025037,0.00031329231500531454,0.00031939583419899773,0.00031652465437914646
CVCL_0099,2,"[('AZD2858', 0.05, 'uM')]",40,39.999999999999986,0.0006041781405866288,0.0005890736870719631,0.0006041781405866287,0.0001071688825803933,0.0004808464009151711,0.0004589739208194301,0.0004628970766298316
CVCL_0099,2,"[('Abemaciclib', 0.05, 'uM')]",19,19.0,0.023708253136987514,0.02246045034030396,0.023708253136987514,0.0014057466477135792,0.028775325281826403,0.02677053459378612,0.02938173754307928
CVCL_0099,2,"[('Adagrasib', 0.05, 'uM')]",40,39.999999999999986,0.0005187403540329351,0.0005057718451821119,0.000518740354032935,5.0681903887893886e-05,0.00021548607772779827,0.00019765259547851327,0.00022201646368083782
CVCL_0099,2,"[('Afatinib', 0.05, 'uM')]",40,39.999999999999986,0.0007792188620482478,0.0007597383904970417,0.000779218862048248,9.271350721231232e-05,0.0005365215892328053,0.0004925173870980852,0.000502068165337289
CVCL_0099,2,"[('Alpelisib', 0.05, 'uM')]",40,39.999999999999986,0.0006936907056638798,0.000676348438022283,0.0006936907056638796,0.00012013465142262728,0.0003297571537724922,0.00025865356347193314,0.00032381825539907913
CVCL_0099,2,"[('Anastrozole', 0.05, 'uM')]",40,39.999999999999986,0.0005938431399821202,0.0005789970614825672,0.0005938431399821203,0.00010622269018850529,0.0002986355051611388,0.00029490872800869427,0.0003076293700734228
CVCL_0099,2,"[('BAY1125976', 0.05, 'uM')]",40,39.999999999999986,0.0006636335436439598,0.000647042705052861,0.0006636335436439598,0.00010500055916703004,0.0004009909523467973,0.00035798519084426927,0.00037503111162209455
CVCL_0099,2,"[('BI-3406', 0.05, 'uM')]",40,39.999999999999986,0.0007524138008521918,0.000733603455830887,0.0007524138008521916,0.00011126663018344632,0.00044052230765399277,0.0003699439916423087,0.0004167484275511566
CVCL_0099,2,"[('BI-78D3', 0.05, 'uM')]",40,39.999999999999986,0.0006775885773227384,0.0006606488628896701,0.0006775885773227386,0.00010545295806120993,0.0003615020448194381,0.00032675705314223633,0.000337433698223913
CVCL_0099,2,"[('Belumosudil (mesylate)', 0.05, 'uM')]",40,39.999999999999986,0.0008009995673139229,0.0007809745781310748,0.0008009995673139228,0.0001135209091427576,0.0002699698150088564,0.0002038160754820037,0.00024444989345279356
CVCL_0099,2,"[('Belzutifan', 0.05, 'uM')]",39,39.000000000000014,0.004177825750830477,0.004070702013629697,0.004177825750830478,0.0001788737759420706,0.0013209311753783752,0.0012356196807304812,0.0013500226627617328
CVCL_0099,2,"[('Bentamapimod', 0.05, 'uM')]",40,39.999999999999986,0.0007732155841881903,0.0007538851945834858,0.0007732155841881902,0.00013409762104855794,0.00043506238108764495,0.0003609235328007604,0.0004111099647838332
CVCL_0099,2,"[('Bimiralisib', 0.05, 'uM')]",40,39.999999999999986,0.0008581861763234994,0.000836731521915412,0.0008581861763234992,0.00017562558539345843,0.0005476693252202649,0.0004519124687789651,0.0005012778548998671
CVCL_0099,2,"[('Binimetinib', 0.05, 'uM')]",40,39.999999999999986,0.001318393699944898,0.0012854338574462762,0.001318393699944898,0.00032028833906260775,0.0008242178723136167,0.0005552506572721937,0.0007415471080069129
CVCL_0099,2,"[('Bortezomib', 0.05, 'uM')]",40,39.999999999999986,0.003990154338278333,0.003890400479821374,0.003990154338278333,0.0020288212313032414,0.0034397376957808344,0.0028200892175024314,0.002995394929971208
CVCL_0099,2,"[('Brivudine', 0.05, 'uM')]",40,39.999999999999986,0.0006075738960163855,0.0005923845486159758,0.0006075738960163854,9.850981615191011e-05,0.0004163165933828137,0.0003729866336671874,0.0003846983157481054
CVCL_0099,2,"[('CP21R7', 0.05, 'uM')]",40,39.999999999999986,0.0005952213721663811,0.0005803408378622215,0.0005952213721663808,7.889858850624115e-05,0.0003001873198887644,0.00028490690875396365,0.00029786828885458816
CVCL_0099,2,"[('Capivasertib', 0.05, 'uM')]",40,39.999999999999986,0.0006046734285022466,0.0005895565927896905,0.0006046734285022467,9.787626052181266e-05,0.00037700342982372104,0.00035249519506522594,0.0003703534662364435
CVCL_0099,2,"[('Capmatinib', 0.05, 'uM')]",40,39.999999999999986,0.0007934958868100351,0.0007736584896397841,0.0007934958868100349,8.831789425490884e-05,0.0006227541024347283,0.0005817107576429819,0.0005906390990664622
CVCL_0099,2,"[('Celecoxib', 0.05, 'uM')]",40,39.999999999999986,0.0007290973734507943,0.0007108699391145247,0.0007290973734507941,0.00011260745091073945,0.00034122459528850317,0.0003281470557377494,0.00034959577540946875
CVCL_0099,2,"[('DT-061', 0.05, 'uM')]",40,39.999999999999986,0.0008072291520566076,0.0007870484232551928,0.0008072291520566079,8.906040718602462e-05,0.0003209970702839776,0.00030038886862921533,0.000324898189171962
CVCL_0099,2,"[('DTP3', 0.05, 'uM')]",25,25.000000000000007,0.018017508742656445,0.017296808392950187,0.018017508742656445,0.000743799300500709,0.03706782474024608,0.036399393225233494,0.03700337378293781
CVCL_0099,2,"[('Dabrafenib', 0.05, 'uM')]",40,39.999999999999986,0.0007975168075361364,0.0007775788873477332,0.0007975168075361364,0.00012202259690958952,0.0003957927394304287,0.00035529972497694154,0.00038996594855493033
CVCL_0099,2,"[('ERK5-IN-2', 0.05, 'uM')]",40,39.999999999999986,0.0006875774688264383,0.0006703880321057772,0.0006875774688264382,0.00013153315461918646,0.0003540293217958388,0.0003477451975802664,0.0003371706336015147
CVCL_0099,2,"[('ETC-206', 0.05, 'uM')]",40,39.999999999999986,0.0004699636507688049,0.0004582145594995849,0.00046996365076880495,7.9062632425009e-05,0.00028314402047803,0.0002640057671208069,0.00027754088456489513
CVCL_0099,2,"[('EX229', 0.05, 'uM')]",40,39.999999999999986,0.0011333580677519708,0.001105024116058172,0.0011333580677519712,0.00019873868584530896,0.0005770947481956363,0.0005522059391829063,0.00056076385274672
CVCL_0099,2,"[('Elimusertib hydrochloride', 0.05, 'uM')]",40,39.999999999999986,0.0017463746190824387,0.0017027152536053785,0.0017463746190824383,0.00039297211847072423,0.0009445708100479892,0.0007051447229488974,0.0008520748225672759
CVCL_0099,2,"[('Encorafenib', 0.05, 'uM')]",40,39.999999999999986,0.0005754193547096865,0.0005610338708419445,0.0005754193547096864,0.00010904973106237667,0.0003899055332936611,0.0003652994583096191,0.00037103852080088676
CVCL_0099,2,"[('Erdafitinib ', 0.05, 'uM')]",40,39.999999999999986,0.0005794480760338597,0.0005649618741330134,0.0005794480760338597,9.378849503604044e-05,0.0004338230269209025,0.00043581965922398876,0.00041799751625835527
CVCL_0099,2,"[('Everolimus', 0.05, 'uM')]",40,39.999999999999986,0.0005899261243698235,0.0005751779712605781,0.0005899261243698234,8.042802790804019e-05,0.00044941999923884987,0.0004304170985457779,0.00042337272523217427
CVCL_0099,2,"[('Futibatinib', 0.05, 'uM')]",40,39.999999999999986,0.0006122768033757697,0.0005969698832913758,0.0006122768033757697,0.00017162498262684022,0.00038301991850459623,0.0003641919291790192,0.0003708480457907968
CVCL_0099,2,"[('GSK1059615', 0.05, 'uM')]",40,39.999999999999986,0.0007055038743685733,0.000687866277509359,0.000705503874368573,0.00013049842299063535,0.0005067328644046445,0.0004498142731510254,0.0004657721760998888
CVCL_0099,2,"[('Gemcitabine', 0.05, 'uM')]",40,39.999999999999986,0.0006312523807697531,0.0006154710712505095,0.0006312523807697531,0.00012323671320741848,0.0004484825349115052,0.0003897937343933463,0.00041411528321357906
CVCL_0099,2,"[('HI-TOPK-032', 0.05, 'uM')]",40,39.999999999999986,0.0008961199994638216,0.0008737169994772262,0.0008961199994638217,0.0001445368232208464,0.00043337308809515885,0.00045024278332703237,0.00043341347423173017
CVCL_0099,2,"[('Hydroxyfasudil', 0.05, 'uM')]",38,38.0,0.0033294271348194657,0.0032418106312715853,0.0033294271348194653,0.0002640176398589715,0.00221510315988117,0.0021991242827370545,0.0022298504059116596
CVCL_0099,2,"[('IQ 1', 0.05, 'uM')]",40,39.999999999999986,0.0006172916594710763,0.0006018593679842996,0.0006172916594710761,0.00013151646439119995,0.00037538063769590425,0.00031765439870250347,0.00035316562344783
CVCL_0099,2,"[('Infigratinib', 0.05, 'uM')]",40,39.999999999999986,0.0006506275040732018,0.0006343618164713719,0.0006506275040732019,0.00017122352900700825,0.00043915008539949105,0.0004146865421239848,0.00041042512559366553
CVCL_0099,2,"[('Ipatasertib', 0.05, 'uM')]",40,39.999999999999986,0.0008140771432714575,0.0007937252146896713,0.0008140771432714576,0.00013803776586279005,0.000490808436070224,0.0004180538143262153,0.0004575050662176852
CVCL_0099,2,"[('Irinotecan', 0.05, 'uM')]",40,39.999999999999986,0.0005551572874532311,0.0005412783552669002,0.000555157287453231,9.346930849385356e-05,0.00035222620224063073,0.00033060751448836246,0.00033023541947333396
CVCL_0099,2,"[('Ixazomib', 0.05, 'uM')]",40,39.999999999999986,0.0009246696975824758,0.0009015529551429139,0.0009246696975824759,0.00011736716511694327,0.0005577004367330046,0.0005268408730930871,0.0005410198372976145
CVCL_0099,2,"[('LB-100', 0.05, 'uM')]",40,39.999999999999986,0.00047118435929057107,0.0004594047503083069,0.00047118435929057107,9.080187445436633e-05,0.0002915863004934097,0.0002948691440865268,0.00029236746107250155
CVCL_0099,2,"[('LJI308', 0.05, 'uM')]",40,39.999999999999986,0.0009882775065536288,0.0009635705688897883,0.0009882775065536288,0.000280156828532019,0.0006637680836087042,0.0005596604339335692,0.0005903549136386
CVCL_0099,2,"[('LY-2584702 (tosylate salt)', 0.05, 'uM')]",40,39.999999999999986,0.0007215496852429336,0.0007035109431118606,0.0007215496852429336,0.00012132460341349715,0.0003727654504061715,0.00035428554461698435,0.00037796592727005416
CVCL_0099,2,"[('LY2090314', 0.05, 'uM')]",40,39.999999999999986,0.0006486177134600416,0.0006324022706235405,0.0006486177134600413,9.367095187817359e-05,0.0002975006997174352,0.00026725428868240987,0.0003009928847409798
CVCL_0099,2,"[('Lapatinib ditosylate', 0.05, 'uM')]",40,39.999999999999986,0.0005498743978207981,0.0005361275378752785,0.000549874397820798,7.474245211986533e-05,0.0003823061484750869,0.0003526646162411562,0.0003776635286948151
CVCL_0099,2,"[('Lonafarnib', 0.05, 'uM')]",40,39.999999999999986,0.0005898328381098219,0.0005750870171570764,0.0005898328381098217,0.00011739909243259336,0.00033483195011323733,0.0002992614184675607,0.0003254694958937208
CVCL_0099,2,"[('MK-3903', 0.05, 'uM')]",40,39.999999999999986,0.0007491472183319397,0.0007304185378736413,0.0007491472183319398,0.00013621959925424847,0.0004120302522816653,0.00036569864302744793,0.00038028704589110297
CVCL_0099,2,"[('MK-8353', 0.05, 'uM')]",40,39.999999999999986,0.0005788665343102241,0.0005643948709524687,0.0005788665343102241,0.00010362423050841074,0.00039332861388599133,0.00035654402779607917,0.0003640281535715196
CVCL_0099,2,"[('ML264', 0.05, 'uM')]",40,39.999999999999986,0.0006098890066840557,0.0005946417815169546,0.0006098890066840558,0.00012047089714320306,0.0003397788431692967,0.000296967712284925,0.0003271621686944671
CVCL_0099,2,"[('Minodronic acid', 0.05, 'uM')]",40,39.999999999999986,0.000687089199858009,0.0006699119698615588,0.0006870891998580089,0.00013226516176457204,0.0003600628671530163,0.0003576183871775955,0.00036860418896142433
CVCL_0099,2,"[('NG25', 0.05, 'uM')]",40,39.999999999999986,0.0007359722463799053,0.0007175729402204077,0.0007359722463799051,0.000146828047547863,0.00048424704693442053,0.0004538044535787143,0.00046212805945648234
CVCL_0099,2,"[('NVP-BHG712', 0.05, 'uM')]",40,39.999999999999986,0.0006819948597235236,0.0006649449882304354,0.0006819948597235234,0.00011395777809909977,0.0003791517321170582,0.0003694727002539131,0.000382037208824189
CVCL_0099,2,"[('OTS514', 0.05, 'uM')]",40,39.999999999999986,0.0007081935643308574,0.000690488725222586,0.0007081935643308573,0.00022518037916457784,0.0005736010307472325,0.0005145333920016085,0.0005464637106494601
CVCL_0099,2,"[('Oleic acid', 0.05, 'uM')]",40,39.999999999999986,0.0006442498715331972,0.0006281436247448673,0.000644249871533197,0.00011911699516273117,0.0002938803768997183,0.00030406153997039565,0.00030389738692078076
CVCL_0099,2,"[('Oxaliplatin', 0.05, 'uM')]",40,39.999999999999986,0.0006510846454429761,0.0006348075293069017,0.0006510846454429759,0.00015073819099151203,0.0005319677537827203,0.0005251039009188996,0.0005117312359015446
CVCL_0099,2,"[('PH-797804', 0.05, 'uM')]",40,39.999999999999986,0.0006094740838751197,0.0005942372317782418,0.00060947408387512,8.323392777697603e-05,0.0003275351614873323,0.0003035778082669962,0.00032786616595635636
CVCL_0099,2,"[('Paclitaxel', 0.05, 'uM')]",40,39.999999999999986,0.0005545105933688414,0.0005406478285346204,0.0005545105933688413,0.0001334176098444684,0.0003692657176018691,0.00037164739040266686,0.0003514968967202906
CVCL_0099,2,"[('Pemigatinib', 0.05, 'uM')]",40,39.999999999999986,0.0007908258391354289,0.0007710551931570433,0.0007908258391354289,0.0001461250691054722,0.00043813516479029434,0.00036485332248940996,0.0004087326170005131
CVCL_0099,2,"[('Pimitespib', 0.05, 'uM')]",40,39.999999999999986,0.0006479661939374863,0.0006317670390890496,0.0006479661939374864,0.0001113482978792711,0.00037108279298452853,0.00031247024037189364,0.00034513747390611517
CVCL_0099,2,"[('Pralsetinib', 0.05, 'uM')]",40,39.999999999999986,0.0007477066323814583,0.000729013966571922,0.0007477066323814585,0.00010201538111693593,0.0005967451468103563,0.0006109947141598892,0.0005528388281074399
CVCL_0099,2,"[('RMC-6236', 0.05, 'uM')]",40,39.999999999999986,0.00075242413652729,0.0007336135331141081,0.0007524241365272899,0.0001501993804633804,0.000382596248595751,0.00036928910126342773,0.0003769144333540534
CVCL_0099,2,"[('Ralimetinib dimesylate', 0.05, 'uM')]",18,18.0,0.021623480335121213,0.020422175872058926,0.021623480335121213,0.0013342416832497425,0.02895735919876606,0.02863543997239413,0.028644124630378673
CVCL_0099,2,"[('Regorafenib', 0.05, 'uM')]",40,39.999999999999986,0.0006431287952923727,0.0006270505754100638,0.0006431287952923728,0.00010263330206537246,0.0004101209126371539,0.000412549915513461,0.0003992254798070252
CVCL_0099,2,"[('SBI-0640756', 0.05, 'uM')]",40,39.999999999999986,0.0006159688714501606,0.0006005696496639068,0.0006159688714501608,8.628997674324488e-05,0.00043795374859436866,0.00043399670542385927,0.00041574287845458444
CVCL_0099,2,"[('Sapanisertib', 0.05, 'uM')]",40,39.999999999999986,0.0008590320959377341,0.0008375562935392911,0.0008590320959377341,0.00019606276942631533,0.0003964732512088094,0.0003765489383647328,0.00036079241869635273
CVCL_0099,2,"[('Sonidegib', 0.05, 'uM')]",39,39.000000000000014,0.00782578116494933,0.007625120109437808,0.00782578116494933,0.000562273611027242,0.0038131584239609827,0.0033266248919255016,0.0038175667926522577
CVCL_0099,2,"[('TAK-733', 0.05, 'uM')]",40,39.999999999999986,0.0006908249717127635,0.0006735543474199445,0.0006908249717127635,0.00013506669266583946,0.00042372930010449526,0.0004147471925272777,0.0004174888045572591
CVCL_0099,2,"[('TAK-901', 0.05, 'uM')]",40,39.999999999999986,0.0013144754895534501,0.0012816136023146142,0.0013144754895534501,0.00025508377121023085,0.0007344007608223153,0.0007431135984575757,0.0007334819656135834
CVCL_0099,2,"[('Temuterkib', 0.05, 'uM')]",40,39.999999999999986,0.0006111735890703851,0.0005958942493436256,0.000611173589070385,0.0001214756311966478,0.00034238756723098667,0.0003588426376177631,0.00032970495830819544
CVCL_0099,2,"[('Tomivosertib', 0.05, 'uM')]",40,39.999999999999986,0.0006718746101290515,0.0006550777448758255,0.0006718746101290516,0.0001439594939511298,0.00043288610573516493,0.0003416304882597683,0.0003926052912008159
CVCL_0099,2,"[('Torkinib', 0.05, 'uM')]",40,39.999999999999986,0.0006480946035692064,0.0006318922384799765,0.0006480946035692067,0.00012629032059295993,0.00034442897253530893,0.00028845314691724897,0.00031752849144254294
CVCL_0099,2,"[('Trametinib', 0.05, 'uM')]",40,39.999999999999986,0.0008618152052585941,0.0008402698251271298,0.0008618152052585941,0.00017896937962828745,0.0004932959117585907,0.00041421478300766103,0.00045672098758075435
CVCL_0099,2,"[('Tubulin inhibitor 6', 0.05, 'uM')]",40,39.999999999999986,0.0005565953813913445,0.0005426804968565609,0.0005565953813913445,8.343246913270277e-05,0.0003418556019979949,0.000328558086261973,0.0003406649117211967
CVCL_0099,2,"[('Tucatinib', 0.05, 'uM')]",40,39.999999999999986,0.0006409002049509494,0.0006248776998271758,0.0006409002049509495,0.00011140759537299545,0.00040111969463871175,0.0003786524702533313,0.0003851129714148252
CVCL_0099,2,"[('ULK-101', 0.05, 'uM')]",40,39.999999999999986,0.0008946285045991324,0.0008722627919841544,0.0008946285045991324,0.00018315514554149813,0.0006011798916784924,0.0005171082028060845,0.0005358386188296704
CVCL_0099,2,"[('Vemurafenib', 0.05, 'uM')]",40,39.999999999999986,0.0005693774768709332,0.0005551430399491598,0.0005693774768709331,9.268492968783264e-05,0.0003940492965373705,0.00041046920904754555,0.00038199226811260866
CVCL_0099,2,"[('Volasertib', 0.05, 'uM')]",40,39.999999999999986,0.0005356564113115051,0.0005222650010287174,0.0005356564113115047,8.886216738910388e-05,0.0002764231274350703,0.00028310772234806916,0.0002690549535783898
CVCL_0099,2,"[('XRK3F2', 0.05, 'uM')]",40,39.999999999999986,0.0006018787368454179,0.0005868317684242828,0.000601878736845418,0.00010540470041447419,0.0003458086958145822,0.00029911735374946457,0.0003195743541698999
CVCL_0099,2,"[('palbociclib', 0.05, 'uM')]",40,39.999999999999986,0.0007834438228837316,0.0007638577273116385,0.0007834438228837318,0.0001505462055724903,0.00048406071155778586,0.0004819659336534092,0.0004603279435806235
CVCL_0099,2,"[('venetoclax', 0.05, 'uM')]",40,39.999999999999986,0.0009520131874348475,0.0009282128577489764,0.0009520131874348476,0.00024281222317369788,0.0006521963610398215,0.0005069050839860285,0.0006092337300883313
CVCL_0099,2,"[('vincristine', 0.05, 'uM')]",40,39.999999999999986,0.0010591885948477732,0.0010327088799765795,0.0010591885948477734,0.00014842446930961385,0.0007680087111950229,0.0008025312427981917,0.0007981109392223717
CVCL_0218,2,"[('4EGI-1', 0.05, 'uM')]",40,39.999999999999986,0.0006712920390934952,0.0006545097381161578,0.000671292039093495,8.528394807017212e-05,0.0005416736140920045,0.0005850073767607314,0.0005021646154546502
CVCL_0218,2,"[('9-ING-41', 0.05, 'uM')]",40,39.999999999999986,0.0010013117058996167,0.0009762789132521263,0.0010013117058996167,0.00010640966995553016,0.0006788525591804286,0.0007678186206352232,0.0006562470049039593
CVCL_0218,2,"[('APTO-253', 0.05, 'uM')]",40,39.999999999999986,0.0005335559377951223,0.0005202170393502443,0.0005335559377951221,0.00011872367816047525,0.0006623190364052259,0.0008447048489659097,0.0006114946477011411
CVCL_0218,2,"[('AT7519', 0.05, 'uM')]",40,39.999999999999986,0.0005006213789922445,0.0004881058445174383,0.0005006213789922443,0.00010144878806254989,0.0004732706516365852,0.0004957920748868841,0.000434068998774345
CVCL_0218,2,"[('AZD-7648', 0.05, 'uM')]",40,39.999999999999986,0.0006348129982527476,0.000618942673296429,0.0006348129982527474,0.00012243983098517622,0.0007355731011179073,0.0009149563243879272,0.0006790728401893704
CVCL_0218,2,"[('AZD-8055', 0.05, 'uM')]",40,39.999999999999986,0.0006982520105712914,0.0006807957103070093,0.0006982520105712916,0.0001306437892266604,0.0005923948181404323,0.0006889772976981911,0.000542573198297406
CVCL_0218,2,"[('AZD1390', 0.05, 'uM')]",40,39.999999999999986,0.0005438494899751889,0.0005302532527258094,0.000543849489975189,0.00010159479934025037,0.0005608020283128721,0.0006680018693460261,0.0005212062601111622
CVCL_0218,2,"[('AZD2858', 0.05, 'uM')]",40,39.999999999999986,0.0006041781405866288,0.0005890736870719631,0.0006041781405866287,0.0001071688825803933,0.000611922881346108,0.0006490039054193738,0.0005588596200497793
CVCL_0218,2,"[('Abemaciclib', 0.05, 'uM')]",19,19.0,0.023708253136987514,0.02246045034030396,0.023708253136987514,0.0014057466477135792,0.016056099084719215,0.014621050208910554,0.01724028568160451
CVCL_0218,2,"[('Adagrasib', 0.05, 'uM')]",40,39.999999999999986,0.0005187403540329351,0.0005057718451821119,0.000518740354032935,5.0681903887893886e-05,0.0003387330787270912,0.0003636501732789498,0.0003186624950861471
CVCL_0218,2,"[('Afatinib', 0.05, 'uM')]",40,39.999999999999986,0.0007792188620482478,0.0007597383904970417,0.000779218862048248,9.271350721231232e-05,0.0007236286403088059,0.0007248478956255969,0.0006665564039081367
CVCL_0218,2,"[('Alpelisib', 0.05, 'uM')]",40,39.999999999999986,0.0006936907056638798,0.000676348438022283,0.0006936907056638796,0.00012013465142262728,0.0005177289884603964,0.0005683989345072423,0.0004920877109532415
CVCL_0218,2,"[('Anastrozole', 0.05, 'uM')]",40,39.999999999999986,0.0005938431399821202,0.0005789970614825672,0.0005938431399821203,0.00010622269018850529,0.0005501003204663304,0.0006777799441594244,0.0005044098631709163
CVCL_0218,2,"[('BAY1125976', 0.05, 'uM')]",40,39.999999999999986,0.0006636335436439598,0.000647042705052861,0.0006636335436439598,0.00010500055916703004,0.0007059436451628369,0.0007692827399577367,0.0006412828948024405
CVCL_0218,2,"[('BI-3406', 0.05, 'uM')]",40,39.999999999999986,0.0007524138008521918,0.000733603455830887,0.0007524138008521916,0.00011126663018344632,0.0005711783096139427,0.0006259999077326835,0.0005333886458608996
CVCL_0218,2,"[('BI-78D3', 0.05, 'uM')]",40,39.999999999999986,0.0006775885773227384,0.0006606488628896701,0.0006775885773227386,0.00010545295806120993,0.0006594629432858241,0.0007096411547073274,0.0006121842172816882
CVCL_0218,2,"[('Belumosudil (mesylate)', 0.05, 'uM')]",40,39.999999999999986,0.0008009995673139229,0.0007809745781310748,0.0008009995673139228,0.0001135209091427576,0.0004975925765474166,0.0005212881225341179,0.0004360121267263717
CVCL_0218,2,"[('Belzutifan', 0.05, 'uM')]",39,39.000000000000014,0.004177825750830477,0.004070702013629697,0.004177825750830478,0.0001788737759420706,0.0012892155454824633,0.0013365629800002076,0.0012694139565391437
CVCL_0218,2,"[('Bentamapimod', 0.05, 'uM')]",40,39.999999999999986,0.0007732155841881903,0.0007538851945834858,0.0007732155841881902,0.00013409762104855794,0.0009251069652441864,0.0010535072290824717,0.0008541872631213084
CVCL_0218,2,"[('Bimiralisib', 0.05, 'uM')]",40,39.999999999999986,0.0008581861763234994,0.000836731521915412,0.0008581861763234992,0.00017562558539345843,0.0009171052234614971,0.0010730241022660018,0.0008366529950815978
CVCL_0218,2,"[('Binimetinib', 0.05, 'uM')]",40,39.999999999999986,0.001318393699944898,0.0012854338574462762,0.001318393699944898,0.00032028833906260775,0.0009994914535007655,0.0010198518300714404,0.0009304946990642732
CVCL_0218,2,"[('Bortezomib', 0.05, 'uM')]",40,39.999999999999986,0.003990154338278333,0.003890400479821374,0.003990154338278333,0.0020288212313032414,0.0068666131415462935,0.00842755334284713,0.005970180078037307
CVCL_0218,2,"[('Brivudine', 0.05, 'uM')]",40,39.999999999999986,0.0006075738960163855,0.0005923845486159758,0.0006075738960163854,9.850981615191011e-05,0.0005598191411410927,0.0006060107154189483,0.000512412601140906
CVCL_0218,2,"[('CP21R7', 0.05, 'uM')]",40,39.999999999999986,0.0005952213721663811,0.0005803408378622215,0.0005952213721663808,7.889858850624115e-05,0.000490389983343089,0.0005245194888971847,0.0004600638164242294
CVCL_0218,2,"[('Capivasertib', 0.05, 'uM')]",40,39.999999999999986,0.0006046734285022466,0.0005895565927896905,0.0006046734285022467,9.787626052181266e-05,0.0005086275493988933,0.0005308478459216429,0.0004725476378072601
CVCL_0218,2,"[('Capmatinib', 0.05, 'uM')]",40,39.999999999999986,0.0007934958868100351,0.0007736584896397841,0.0007934958868100349,8.831789425490884e-05,0.0006857792019028918,0.0007001761777022433,0.0006242724496021521
CVCL_0218,2,"[('Celecoxib', 0.05, 'uM')]",40,39.999999999999986,0.0007290973734507943,0.0007108699391145247,0.0007290973734507941,0.00011260745091073945,0.000540964110022988,0.0006465050854305797,0.0005298941908039905
CVCL_0218,2,"[('DT-061', 0.05, 'uM')]",40,39.999999999999986,0.0008072291520566076,0.0007870484232551928,0.0008072291520566079,8.906040718602462e-05,0.0006111607715299209,0.000714390108568125,0.0005860522965815427
CVCL_0218,2,"[('DTP3', 0.05, 'uM')]",25,25.000000000000007,0.018017508742656445,0.017296808392950187,0.018017508742656445,0.000743799300500709,0.011489460353944683,0.011075945291825678,0.011861814119016642
CVCL_0218,2,"[('Dabrafenib', 0.05, 'uM')]",40,39.999999999999986,0.0007975168075361364,0.0007775788873477332,0.0007975168075361364,0.00012202259690958952,0.001100661671071748,0.0011554550633970865,0.0010485814151443332
CVCL_0218,2,"[('ERK5-IN-2', 0.05, 'uM')]",40,39.999999999999986,0.0006875774688264383,0.0006703880321057772,0.0006875774688264382,0.00013153315461918646,0.000685776540521436,0.0008467556175765553,0.0006281583945292182
CVCL_0218,2,"[('ETC-206', 0.05, 'uM')]",40,39.999999999999986,0.0004699636507688049,0.0004582145594995849,0.00046996365076880495,7.9062632425009e-05,0.00044793486038236625,0.0005117431577054399,0.00041932962412353565
CVCL_0218,2,"[('EX229', 0.05, 'uM')]",40,39.999999999999986,0.0011333580677519708,0.001105024116058172,0.0011333580677519712,0.00019873868584530896,0.0008689326457951511,0.0009869865301083195,0.0008035640121317955
CVCL_0218,2,"[('Elimusertib hydrochloride', 0.05, 'uM')]",40,39.999999999999986,0.0017463746190824387,0.0017027152536053785,0.0017463746190824383,0.00039297211847072423,0.0015550157044608177,0.001754340917181269,0.0014363410261521118
CVCL_0218,2,"[('Encorafenib', 0.05, 'uM')]",40,39.999999999999986,0.0005754193547096865,0.0005610338708419445,0.0005754193547096864,0.00010904973106237667,0.0007079595286470108,0.0007569650368215677,0.0006431169395157105
CVCL_0218,2,"[('Erdafitinib ', 0.05, 'uM')]",40,39.999999999999986,0.0005794480760338597,0.0005649618741330134,0.0005794480760338597,9.378849503604044e-05,0.0005139360984228134,0.0005570069036856113,0.000470818407771275
CVCL_0218,2,"[('Everolimus', 0.05, 'uM')]",40,39.999999999999986,0.0005899261243698235,0.0005751779712605781,0.0005899261243698234,8.042802790804019e-05,0.0006114204811112246,0.0006116407553059671,0.0005498582596318576
CVCL_0218,2,"[('Futibatinib', 0.05, 'uM')]",40,39.999999999999986,0.0006122768033757697,0.0005969698832913758,0.0006122768033757697,0.00017162498262684022,0.0005708412117031294,0.0005883417998732474,0.0005206318868260622
CVCL_0218,2,"[('GSK1059615', 0.05, 'uM')]",40,39.999999999999986,0.0007055038743685733,0.000687866277509359,0.000705503874368573,0.00013049842299063535,0.0006969295759100089,0.0007358284342655358,0.0006274056859175613
CVCL_0218,2,"[('Gemcitabine', 0.05, 'uM')]",40,39.999999999999986,0.0006312523807697531,0.0006154710712505095,0.0006312523807697531,0.00012323671320741848,0.0006384732640530856,0.0007233277208197915,0.0005716576260164039
CVCL_0218,2,"[('HI-TOPK-032', 0.05, 'uM')]",40,39.999999999999986,0.0008961199994638216,0.0008737169994772262,0.0008961199994638217,0.0001445368232208464,0.0006468169514690448,0.0008280030137405114,0.0006254269006886404
CVCL_0218,2,"[('Hydroxyfasudil', 0.05, 'uM')]",38,38.0,0.0033294271348194657,0.0032418106312715853,0.0033294271348194653,0.0002640176398589715,0.0018770377031200763,0.001982131071304558,0.0017911065529043904
CVCL_0218,2,"[('IQ 1', 0.05, 'uM')]",40,39.999999999999986,0.0006172916594710763,0.0006018593679842996,0.0006172916594710761,0.00013151646439119995,0.0006018495817847034,0.000664805323481662,0.0005555656742240083
CVCL_0218,2,"[('Infigratinib', 0.05, 'uM')]",40,39.999999999999986,0.0006506275040732018,0.0006343618164713719,0.0006506275040732019,0.00017122352900700825,0.000699007169849826,0.0008444115254781681,0.0006400897368700211
CVCL_0218,2,"[('Ipatasertib', 0.05, 'uM')]",40,39.999999999999986,0.0008140771432714575,0.0007937252146896713,0.0008140771432714576,0.00013803776586279005,0.0008478466918900125,0.0008996106503082661,0.0007811356862443102
CVCL_0218,2,"[('Irinotecan', 0.05, 'uM')]",40,39.999999999999986,0.0005551572874532311,0.0005412783552669002,0.000555157287453231,9.346930849385356e-05,0.0004814232289096426,0.0005468150648642746,0.00043729755077021525
CVCL_0218,2,"[('Ixazomib', 0.05, 'uM')]",40,39.999999999999986,0.0009246696975824758,0.0009015529551429139,0.0009246696975824759,0.00011736716511694327,0.0007650452395649214,0.0008348846015890583,0.0007022871087512346
CVCL_0218,2,"[('LB-100', 0.05, 'uM')]",40,39.999999999999986,0.00047118435929057107,0.0004594047503083069,0.00047118435929057107,9.080187445436633e-05,0.0004637811743730662,0.0005727585475579303,0.0004248986126844784
CVCL_0218,2,"[('LJI308', 0.05, 'uM')]",40,39.999999999999986,0.0009882775065536288,0.0009635705688897883,0.0009882775065536288,0.000280156828532019,0.0009043662169022228,0.0009501010738109543,0.0007767926445789499
CVCL_0218,2,"[('LY-2584702 (tosylate salt)', 0.05, 'uM')]",40,39.999999999999986,0.0007215496852429336,0.0007035109431118606,0.0007215496852429336,0.00012132460341349715,0.0006345605656787706,0.0006811106310909588,0.0005893079550941066
CVCL_0218,2,"[('LY2090314', 0.05, 'uM')]",40,39.999999999999986,0.0006486177134600416,0.0006324022706235405,0.0006486177134600413,9.367095187817359e-05,0.0005788302714110272,0.0007209008520433888,0.000541632663106714
CVCL_0218,2,"[('Lapatinib ditosylate', 0.05, 'uM')]",40,39.999999999999986,0.0005498743978207981,0.0005361275378752785,0.000549874397820798,7.474245211986533e-05,0.0004798269483925852,0.0005053417245357023,0.00045086142846662117
CVCL_0218,2,"[('Lonafarnib', 0.05, 'uM')]",40,39.999999999999986,0.0005898328381098219,0.0005750870171570764,0.0005898328381098217,0.00011739909243259336,0.0006373051331069072,0.0006960800059794869,0.0005894603967555656
CVCL_0218,2,"[('MK-3903', 0.05, 'uM')]",40,39.999999999999986,0.0007491472183319397,0.0007304185378736413,0.0007491472183319398,0.00013621959925424847,0.0007378483537519195,0.000873248636725494,0.0006668365181205036
CVCL_0218,2,"[('MK-8353', 0.05, 'uM')]",40,39.999999999999986,0.0005788665343102241,0.0005643948709524687,0.0005788665343102241,0.00010362423050841074,0.0005163034725103304,0.0005512001780878875,0.00048356705719132927
CVCL_0218,2,"[('ML264', 0.05, 'uM')]",40,39.999999999999986,0.0006098890066840557,0.0005946417815169546,0.0006098890066840558,0.00012047089714320306,0.0006048349591018482,0.000693081671688868,0.0005508349501705207
CVCL_0218,2,"[('Methylprednisolone succinate', 0.05, 'uM')]",22,22.0,0.02252307287874795,0.021499296838804867,0.02252307287874795,0.0012790927108153806,0.01265845648288972,0.012314012434847144,0.01331289405062137
CVCL_0218,2,"[('Minodronic acid', 0.05, 'uM')]",40,39.999999999999986,0.000687089199858009,0.0006699119698615588,0.0006870891998580089,0.00013226516176457204,0.0006081493622134725,0.0007421044280074043,0.0005515415508709432
CVCL_0218,2,"[('NG25', 0.05, 'uM')]",40,39.999999999999986,0.0007359722463799053,0.0007175729402204077,0.0007359722463799051,0.000146828047547863,0.0006859389626370125,0.0007285475439231037,0.0006301046242476163
CVCL_0218,2,"[('NVP-BHG712', 0.05, 'uM')]",40,39.999999999999986,0.0006819948597235236,0.0006649449882304354,0.0006819948597235234,0.00011395777809909977,0.0006776861232443179,0.0008183659961650226,0.0006169837913518193
CVCL_0218,2,"[('OTS514', 0.05, 'uM')]",40,39.999999999999986,0.0007081935643308574,0.000690488725222586,0.0007081935643308573,0.00022518037916457784,0.0005938097829624615,0.0005892709134788816,0.0005203950155852046
CVCL_0218,2,"[('Oleic acid', 0.05, 'uM')]",40,39.999999999999986,0.0006442498715331972,0.0006281436247448673,0.000644249871533197,0.00011911699516273117,0.0005616637758832938,0.0007717227663512702,0.0005128112735895009
CVCL_0218,2,"[('Oxaliplatin', 0.05, 'uM')]",40,39.999999999999986,0.0006510846454429761,0.0006348075293069017,0.0006510846454429759,0.00015073819099151203,0.0005591012193562002,0.0006239175846999283,0.0004985974052706491
CVCL_0218,2,"[('PF-06260933', 0.05, 'uM')]",25,25.000000000000007,0.017946513252121238,0.017228652722036383,0.017946513252121234,0.000823240057877493,0.03890087966416021,0.03801396138280416,0.03976836485705007
CVCL_0218,2,"[('PH-797804', 0.05, 'uM')]",40,39.999999999999986,0.0006094740838751197,0.0005942372317782418,0.00060947408387512,8.323392777697603e-05,0.0008780785868023122,0.0009736349582026608,0.0008144586218126145
CVCL_0218,2,"[('Paclitaxel', 0.05, 'uM')]",40,39.999999999999986,0.0005545105933688414,0.0005406478285346204,0.0005545105933688413,0.0001334176098444684,0.0006227212444218504,0.0007953243316322123,0.0005706400971020529
CVCL_0218,2,"[('Pemigatinib', 0.05, 'uM')]",40,39.999999999999986,0.0007908258391354289,0.0007710551931570433,0.0007908258391354289,0.0001461250691054722,0.0006463085426852329,0.0006572838686152489,0.0005972139878692588
CVCL_0218,2,"[('Pimitespib', 0.05, 'uM')]",40,39.999999999999986,0.0006479661939374863,0.0006317670390890496,0.0006479661939374864,0.0001113482978792711,0.0005523324106452262,0.0005852215734930691,0.0005106548338078949
CVCL_0218,2,"[('Pralsetinib', 0.05, 'uM')]",40,39.999999999999986,0.0007477066323814583,0.000729013966571922,0.0007477066323814585,0.00010201538111693593,0.000662139344073426,0.0007398408034633259,0.000593424434995673
CVCL_0218,2,"[('RMC-6236', 0.05, 'uM')]",40,39.999999999999986,0.00075242413652729,0.0007336135331141081,0.0007524241365272899,0.0001501993804633804,0.0006967875251373891,0.0008233145606922343,0.0006501548271141739
CVCL_0218,2,"[('Ralimetinib dimesylate', 0.05, 'uM')]",18,18.0,0.021623480335121213,0.020422175872058926,0.021623480335121213,0.0013342416832497425,0.04034699260520455,0.04013307374470114,0.041432127289501214
CVCL_0218,2,"[('Regorafenib', 0.05, 'uM')]",40,39.999999999999986,0.0006431287952923727,0.0006270505754100638,0.0006431287952923728,0.00010263330206537246,0.0005535652629110582,0.0006167854735550411,0.0005096728675178578
CVCL_0218,2,"[('SBI-0640756', 0.05, 'uM')]",40,39.999999999999986,0.0006159688714501606,0.0006005696496639068,0.0006159688714501608,8.628997674324488e-05,0.0007096620345259561,0.0007296272752153019,0.0006453264380783843
CVCL_0218,2,"[('Sapanisertib', 0.05, 'uM')]",40,39.999999999999986,0.0008590320959377341,0.0008375562935392911,0.0008590320959377341,0.00019606276942631533,0.0010925389686770482,0.0013109318092719515,0.0009758794192871066
CVCL_0218,2,"[('Sonidegib', 0.05, 'uM')]",39,39.000000000000014,0.00782578116494933,0.007625120109437808,0.00782578116494933,0.000562273611027242,0.003097069970922867,0.002753279201691674,0.002867857155744103
CVCL_0218,2,"[('TAK-733', 0.05, 'uM')]",40,39.999999999999986,0.0006908249717127635,0.0006735543474199445,0.0006908249717127635,0.00013506669266583946,0.0006949857736913329,0.0007962270946098447,0.000629049162257356
CVCL_0218,2,"[('TAK-901', 0.05, 'uM')]",40,39.999999999999986,0.0013144754895534501,0.0012816136023146142,0.0013144754895534501,0.00025508377121023085,0.0009111795157119913,0.001223115679139691,0.0008289814060551802
CVCL_0218,2,"[('Temuterkib', 0.05, 'uM')]",40,39.999999999999986,0.0006111735890703851,0.0005958942493436256,0.000611173589070385,0.0001214756311966478,0.0005855473105700573,0.0007562002223642133,0.0005610894747871277
CVCL_0218,2,"[('Tomivosertib', 0.05, 'uM')]",40,39.999999999999986,0.0006718746101290515,0.0006550777448758255,0.0006718746101290516,0.0001439594939511298,0.00065202063833335,0.0006927181482949066,0.00059635714660091
CVCL_0218,2,"[('Torkinib', 0.05, 'uM')]",40,39.999999999999986,0.0006480946035692064,0.0006318922384799765,0.0006480946035692067,0.00012629032059295993,0.000529293261597318,0.0006415144520996113,0.0004926899454316817
CVCL_0218,2,"[('Trametinib', 0.05, 'uM')]",40,39.999999999999986,0.0008618152052585941,0.0008402698251271298,0.0008618152052585941,0.00017896937962828745,0.0008382213297690961,0.0009586198977639815,0.0007788842217020442
CVCL_0218,2,"[('Tubulin inhibitor 6', 0.05, 'uM')]",40,39.999999999999986,0.0005565953813913445,0.0005426804968565609,0.0005565953813913445,8.343246913270277e-05,0.0004453662100111332,0.0005131352303990801,0.00041502707719138674
CVCL_0218,2,"[('Tucatinib', 0.05, 'uM')]",40,39.999999999999986,0.0006409002049509494,0.0006248776998271758,0.0006409002049509495,0.00011140759537299545,0.0006361584647777565,0.0007097595035010233,0.0005825861968499016
CVCL_0218,2,"[('ULK-101', 0.05, 'uM')]",40,39.999999999999986,0.0008946285045991324,0.0008722627919841544,0.0008946285045991324,0.00018315514554149813,0.0009735354644405167,0.0010835575697653891,0.0008618134849404331
CVCL_0218,2,"[('Vemurafenib', 0.05, 'uM')]",40,39.999999999999986,0.0005693774768709332,0.0005551430399491598,0.0005693774768709331,9.268492968783264e-05,0.0005455443681739023,0.0006500879508160327,0.0005051413894485574
CVCL_0218,2,"[('Volasertib', 0.05, 'uM')]",40,39.999999999999986,0.0005356564113115051,0.0005222650010287174,0.0005356564113115047,8.886216738910388e-05,0.0005330584040851512,0.0006314870911285404,0.0004928900190319462
CVCL_0218,2,"[('XRK3F2', 0.05, 'uM')]",40,39.999999999999986,0.0006018787368454179,0.0005868317684242828,0.000601878736845418,0.00010540470041447419,0.0007184714550436567,0.0007899663203195962,0.0006655161472634047
CVCL_0218,2,"[('olaparib', 0.05, 'uM')]",34,34.0,0.026016995359289523,0.025251789613428062,0.026016995359289516,0.000847839124871685,0.004745708212805575,0.004020092676767438,0.004851879494843418
CVCL_0218,2,"[('palbociclib', 0.05, 'uM')]",40,39.999999999999986,0.0007834438228837316,0.0007638577273116385,0.0007834438228837318,0.0001505462055724903,0.000536360204624579,0.0005735846965752345,0.0004833063176852912
CVCL_0218,2,"[('venetoclax', 0.05, 'uM')]",40,39.999999999999986,0.0009520131874348475,0.0009282128577489764,0.0009520131874348476,0.00024281222317369788,0.0010139295129266413,0.0012435325286048477,0.0009310182446961665
CVCL_0218,2,"[('vincristine', 0.05, 'uM')]",40,39.999999999999986,0.0010591885948477732,0.0010327088799765795,0.0010591885948477734,0.00014842446930961385,0.0021153010418647894,0.0022804172270521972,0.0019806639934652104
CVCL_0359,2,"[('4EGI-1', 0.05, 'uM')]",40,39.999999999999986,0.0006712920390934952,0.0006545097381161578,0.000671292039093495,8.528394807017212e-05,0.0005078731712161265,0.0006833447491606834,0.00045427235512166155
CVCL_0359,2,"[('9-ING-41', 0.05, 'uM')]",40,39.999999999999986,0.0010013117058996167,0.0009762789132521263,0.0010013117058996167,0.00010640966995553016,0.00044857506720142514,0.0005793361649860713,0.00038388186958263624
CVCL_0359,2,"[('APTO-253', 0.05, 'uM')]",40,39.999999999999986,0.0005335559377951223,0.0005202170393502443,0.0005335559377951221,0.00011872367816047525,0.0003150834932736099,0.0004723034556296035,0.0002927734989737205
CVCL_0359,2,"[('AT7519', 0.05, 'uM')]",40,39.999999999999986,0.0005006213789922445,0.0004881058445174383,0.0005006213789922443,0.00010144878806254989,0.0004566067827679401,0.0006777228866180762,0.00041212546030313366
CVCL_0359,2,"[('AZD-7648', 0.05, 'uM')]",40,39.999999999999986,0.0006348129982527476,0.000618942673296429,0.0006348129982527474,0.00012243983098517622,0.00036643017611985893,0.00052900039345791,0.00034299106065608027
CVCL_0359,2,"[('AZD-8055', 0.05, 'uM')]",40,39.999999999999986,0.0006982520105712914,0.0006807957103070093,0.0006982520105712916,0.0001306437892266604,0.0005312898032500751,0.0007000632974633417,0.00046470426647199527
CVCL_0359,2,"[('AZD1390', 0.05, 'uM')]",40,39.999999999999986,0.0005438494899751889,0.0005302532527258094,0.000543849489975189,0.00010159479934025037,0.0003764230917171139,0.0004994549234420494,0.00036260048776001394
CVCL_0359,2,"[('AZD2858', 0.05, 'uM')]",40,39.999999999999986,0.0006041781405866288,0.0005890736870719631,0.0006041781405866287,0.0001071688825803933,0.00042757424055116884,0.0006155369975013943,0.0003810164807988467
CVCL_0359,2,"[('Adagrasib', 0.05, 'uM')]",40,39.999999999999986,0.0005187403540329351,0.0005057718451821119,0.000518740354032935,5.0681903887893886e-05,0.00020707815356466324,0.0002736410753127734,0.00019186782470444032
CVCL_0359,2,"[('Afatinib', 0.05, 'uM')]",40,39.999999999999986,0.0007792188620482478,0.0007597383904970417,0.000779218862048248,9.271350721231232e-05,0.0006328677047180633,0.0007770327408854346,0.0005693586369147627
CVCL_0359,2,"[('Alpelisib', 0.05, 'uM')]",40,39.999999999999986,0.0006936907056638798,0.000676348438022283,0.0006936907056638796,0.00012013465142262728,0.0004370738436705609,0.0006120034527601747,0.00038240657505532786
CVCL_0359,2,"[('Anastrozole', 0.05, 'uM')]",40,39.999999999999986,0.0005938431399821202,0.0005789970614825672,0.0005938431399821203,0.00010622269018850529,0.00034161668339616343,0.0004900425189487384,0.0003152522413095817
CVCL_0359,2,"[('BAY1125976', 0.05, 'uM')]",40,39.999999999999986,0.0006636335436439598,0.000647042705052861,0.0006636335436439598,0.00010500055916703004,0.00047005144419767314,0.0006364900182201161,0.0004270995133451858
CVCL_0359,2,"[('BI-3406', 0.05, 'uM')]",40,39.999999999999986,0.0007524138008521918,0.000733603455830887,0.0007524138008521916,0.00011126663018344632,0.0005476372895403078,0.0007249629342040415,0.0004855072327871324
CVCL_0359,2,"[('BI-78D3', 0.05, 'uM')]",40,39.999999999999986,0.0006775885773227384,0.0006606488628896701,0.0006775885773227386,0.00010545295806120993,0.0005053408322802647,0.0006817716459847024,0.0004513599957811869
CVCL_0359,2,"[('Belumosudil (mesylate)', 0.05, 'uM')]",40,39.999999999999986,0.0008009995673139229,0.0007809745781310748,0.0008009995673139228,0.0001135209091427576,0.0008834348447385812,0.0011273283752064659,0.0007779488039507495
CVCL_0359,2,"[('Belzutifan', 0.05, 'uM')]",39,39.000000000000014,0.004177825750830477,0.004070702013629697,0.004177825750830478,0.0001788737759420706,0.0019343024055578609,0.0019156012138530573,0.0020084475199094575
CVCL_0359,2,"[('Bentamapimod', 0.05, 'uM')]",40,39.999999999999986,0.0007732155841881903,0.0007538851945834858,0.0007732155841881902,0.00013409762104855794,0.00046914684997516565,0.0006839725511180863,0.00042592080992926226
CVCL_0359,2,"[('Bimiralisib', 0.05, 'uM')]",40,39.999999999999986,0.0008581861763234994,0.000836731521915412,0.0008581861763234992,0.00017562558539345843,0.0005491002281722838,0.0007437097577039545,0.0004767589966365701
CVCL_0359,2,"[('Binimetinib', 0.05, 'uM')]",40,39.999999999999986,0.001318393699944898,0.0012854338574462762,0.001318393699944898,0.00032028833906260775,0.0008449140130483017,0.00122083795820992,0.0007311429730528001
CVCL_0359,2,"[('Bortezomib', 0.05, 'uM')]",40,39.999999999999986,0.003990154338278333,0.003890400479821374,0.003990154338278333,0.0020288212313032414,0.0032305866782673335,0.005436884663892308,0.0029761334124125786
CVCL_0359,2,"[('Brivudine', 0.05, 'uM')]",40,39.999999999999986,0.0006075738960163855,0.0005923845486159758,0.0006075738960163854,9.850981615191011e-05,0.00042337399118142806,0.000595230227157372,0.00037730250518558877
CVCL_0359,2,"[('CP21R7', 0.05, 'uM')]",40,39.999999999999986,0.0005952213721663811,0.0005803408378622215,0.0005952213721663808,7.889858850624115e-05,0.0004494464550280346,0.0005699384717848523,0.00042405035867678487
CVCL_0359,2,"[('Capivasertib', 0.05, 'uM')]",40,39.999999999999986,0.0006046734285022466,0.0005895565927896905,0.0006046734285022467,9.787626052181266e-05,0.0004275566257475427,0.0005976569624120926,0.00039871772592500445
CVCL_0359,2,"[('Capmatinib', 0.05, 'uM')]",40,39.999999999999986,0.0007934958868100351,0.0007736584896397841,0.0007934958868100349,8.831789425490884e-05,0.000553904877929237,0.0006993050615638915,0.000501143484304007
CVCL_0359,2,"[('Celecoxib', 0.05, 'uM')]",40,39.999999999999986,0.0007290973734507943,0.0007108699391145247,0.0007290973734507941,0.00011260745091073945,0.00041475345408956366,0.000550050421689114,0.0003850842188732905
CVCL_0359,2,"[('DT-061', 0.05, 'uM')]",40,39.999999999999986,0.0008072291520566076,0.0007870484232551928,0.0008072291520566079,8.906040718602462e-05,0.0004350261413370805,0.0005792291140455983,0.00038247659849149196
CVCL_0359,2,"[('DTP3', 0.05, 'uM')]",25,25.000000000000007,0.018017508742656445,0.017296808392950187,0.018017508742656445,0.000743799300500709,0.0259900378876246,0.025215733336084328,0.02621148904920728
CVCL_0359,2,"[('Dabrafenib', 0.05, 'uM')]",40,39.999999999999986,0.0007975168075361364,0.0007775788873477332,0.0007975168075361364,0.00012202259690958952,0.0004043827354879438,0.0005143270628875429,0.0003704378967379844
CVCL_0359,2,"[('ERK5-IN-2', 0.05, 'uM')]",40,39.999999999999986,0.0006875774688264383,0.0006703880321057772,0.0006875774688264382,0.00013153315461918646,0.00040716210404725896,0.000584894147623924,0.0003777128445888319
CVCL_0359,2,"[('ETC-206', 0.05, 'uM')]",40,39.999999999999986,0.0004699636507688049,0.0004582145594995849,0.00046996365076880495,7.9062632425009e-05,0.0003741421612681707,0.0004921305520503893,0.00034419921315291877
CVCL_0359,2,"[('EX229', 0.05, 'uM')]",40,39.999999999999986,0.0011333580677519708,0.001105024116058172,0.0011333580677519712,0.00019873868584530896,0.0005768179665377117,0.0008139283011064078,0.0005215452980987136
CVCL_0359,2,"[('Elimusertib hydrochloride', 0.05, 'uM')]",40,39.999999999999986,0.0017463746190824387,0.0017027152536053785,0.0017463746190824383,0.00039297211847072423,0.0009786871078591814,0.0012010609702256673,0.0008764643069323805
CVCL_0359,2,"[('Encorafenib', 0.05, 'uM')]",40,39.999999999999986,0.0005754193547096865,0.0005610338708419445,0.0005754193547096864,0.00010904973106237667,0.00046714943582466296,0.0006503426780853835,0.0004280899523836014
CVCL_0359,2,"[('Erdafitinib ', 0.05, 'uM')]",40,39.999999999999986,0.0005794480760338597,0.0005649618741330134,0.0005794480760338597,9.378849503604044e-05,0.0005358333443774992,0.0007432129824708762,0.0004886082268780991
CVCL_0359,2,"[('Everolimus', 0.05, 'uM')]",40,39.999999999999986,0.0005899261243698235,0.0005751779712605781,0.0005899261243698234,8.042802790804019e-05,0.0005154224953755059,0.0006858605250108283,0.0004659667362438762
CVCL_0359,2,"[('Futibatinib', 0.05, 'uM')]",40,39.999999999999986,0.0006122768033757697,0.0005969698832913758,0.0006122768033757697,0.00017162498262684022,0.000584029707616163,0.0008768934881967755,0.0005322315882071972
CVCL_0359,2,"[('GSK1059615', 0.05, 'uM')]",40,39.999999999999986,0.0007055038743685733,0.000687866277509359,0.000705503874368573,0.00013049842299063535,0.0005193856339735466,0.0007414083226105901,0.00047229938257317884
CVCL_0359,2,"[('Gemcitabine', 0.05, 'uM')]",40,39.999999999999986,0.0006312523807697531,0.0006154710712505095,0.0006312523807697531,0.00012323671320741848,0.0005272279919381437,0.0007746341932002791,0.0004622033418481694
CVCL_0359,2,"[('HI-TOPK-032', 0.05, 'uM')]",40,39.999999999999986,0.0008961199994638216,0.0008737169994772262,0.0008961199994638217,0.0001445368232208464,0.0005095213193228049,0.0007000502723485694,0.0004688856243949161
CVCL_0359,2,"[('Hydroxyfasudil', 0.05, 'uM')]",38,38.0,0.0033294271348194657,0.0032418106312715853,0.0033294271348194653,0.0002640176398589715,0.0031545948357315583,0.003418681104413945,0.0031251954226573586
CVCL_0359,2,"[('IQ 1', 0.05, 'uM')]",40,39.999999999999986,0.0006172916594710763,0.0006018593679842996,0.0006172916594710761,0.00013151646439119995,0.0004980904235748351,0.0006911803749827091,0.0004637174647183511
CVCL_0359,2,"[('Infigratinib', 0.05, 'uM')]",40,39.999999999999986,0.0006506275040732018,0.0006343618164713719,0.0006506275040732019,0.00017122352900700825,0.0004393025126397829,0.0007302771649551076,0.00038770779626787753
CVCL_0359,2,"[('Ipatasertib', 0.05, 'uM')]",40,39.999999999999986,0.0008140771432714575,0.0007937252146896713,0.0008140771432714576,0.00013803776586279005,0.0005739562822581685,0.0008212853898905896,0.0005164372404846051
CVCL_0359,2,"[('Irinotecan', 0.05, 'uM')]",40,39.999999999999986,0.0005551572874532311,0.0005412783552669002,0.000555157287453231,9.346930849385356e-05,0.0004185720431718175,0.0005794579534668464,0.0003797931720288135
CVCL_0359,2,"[('Ixazomib', 0.05, 'uM')]",40,39.999999999999986,0.0009246696975824758,0.0009015529551429139,0.0009246696975824759,0.00011736716511694327,0.000770428966553367,0.0009583390937528423,0.0006964023943379917
CVCL_0359,2,"[('LB-100', 0.05, 'uM')]",40,39.999999999999986,0.00047118435929057107,0.0004594047503083069,0.00047118435929057107,9.080187445436633e-05,0.0003227032372638803,0.00042996849594655084,0.0003002242369348526
CVCL_0359,2,"[('LJI308', 0.05, 'uM')]",40,39.999999999999986,0.0009882775065536288,0.0009635705688897883,0.0009882775065536288,0.000280156828532019,0.0013002203892854855,0.0018757447645350507,0.001170619947350456
CVCL_0359,2,"[('LY-2584702 (tosylate salt)', 0.05, 'uM')]",40,39.999999999999986,0.0007215496852429336,0.0007035109431118606,0.0007215496852429336,0.00012132460341349715,0.0004126976533489507,0.0005402407460798668,0.00039436546342249876
CVCL_0359,2,"[('LY2090314', 0.05, 'uM')]",40,39.999999999999986,0.0006486177134600416,0.0006324022706235405,0.0006486177134600413,9.367095187817359e-05,0.0003512495128087698,0.0004809810145610135,0.0003239331314732966
CVCL_0359,2,"[('Lapatinib ditosylate', 0.05, 'uM')]",40,39.999999999999986,0.0005498743978207981,0.0005361275378752785,0.000549874397820798,7.474245211986533e-05,0.0003459439532849765,0.0004577141891169162,0.0003159926773421051
CVCL_0359,2,"[('Lonafarnib', 0.05, 'uM')]",40,39.999999999999986,0.0005898328381098219,0.0005750870171570764,0.0005898328381098217,0.00011739909243259336,0.0003876348368739889,0.0005639423221852798,0.0003478318931607035
CVCL_0359,2,"[('MK-3903', 0.05, 'uM')]",40,39.999999999999986,0.0007491472183319397,0.0007304185378736413,0.0007491472183319398,0.00013621959925424847,0.0005484543305372829,0.0007940819351408366,0.0004902405105291562
CVCL_0359,2,"[('MK-8353', 0.05, 'uM')]",40,39.999999999999986,0.0005788665343102241,0.0005643948709524687,0.0005788665343102241,0.00010362423050841074,0.0004424244260001249,0.0006371777504769873,0.00039093933775217115
CVCL_0359,2,"[('ML264', 0.05, 'uM')]",40,39.999999999999986,0.0006098890066840557,0.0005946417815169546,0.0006098890066840558,0.00012047089714320306,0.00044439699186297305,0.0006550435187761088,0.00040981729199891933
CVCL_0359,2,"[('Methylprednisolone succinate', 0.05, 'uM')]",22,22.0,0.02252307287874795,0.021499296838804867,0.02252307287874795,0.0012790927108153806,0.03401798367394196,0.03214702552523917,0.03369693508462687
CVCL_0359,2,"[('Minodronic acid', 0.05, 'uM')]",40,39.999999999999986,0.000687089199858009,0.0006699119698615588,0.0006870891998580089,0.00013226516176457204,0.00038234593161183984,0.000546316541632327,0.0003547454241023581
CVCL_0359,2,"[('NG25', 0.05, 'uM')]",40,39.999999999999986,0.0007359722463799053,0.0007175729402204077,0.0007359722463799051,0.000146828047547863,0.0005106932474410462,0.0007407023851504668,0.00045796334706663154
CVCL_0359,2,"[('NVP-BHG712', 0.05, 'uM')]",40,39.999999999999986,0.0006819948597235236,0.0006649449882304354,0.0006819948597235234,0.00011395777809909977,0.0004168039709983898,0.000579761671860851,0.0003853413989977309
CVCL_0359,2,"[('OTS514', 0.05, 'uM')]",40,39.999999999999986,0.0007081935643308574,0.000690488725222586,0.0007081935643308573,0.00022518037916457784,0.0005722738971992715,0.000898331459796414,0.0005236714903667794
CVCL_0359,2,"[('Oleic acid', 0.05, 'uM')]",40,39.999999999999986,0.0006442498715331972,0.0006281436247448673,0.000644249871533197,0.00011911699516273117,0.0003398512715045933,0.00046905331357223847,0.00031848629656574
CVCL_0359,2,"[('Oxaliplatin', 0.05, 'uM')]",40,39.999999999999986,0.0006510846454429761,0.0006348075293069017,0.0006510846454429759,0.00015073819099151203,0.0005612515964987003,0.0008207552052475145,0.0005117057856793159
CVCL_0359,2,"[('PF-06260933', 0.05, 'uM')]",25,25.000000000000007,0.017946513252121238,0.017228652722036383,0.017946513252121234,0.000823240057877493,0.04708598388248523,0.046900363999168165,0.04753811002516079
CVCL_0359,2,"[('PH-797804', 0.05, 'uM')]",40,39.999999999999986,0.0006094740838751197,0.0005942372317782418,0.00060947408387512,8.323392777697603e-05,0.000369932939034353,0.0004783082425634962,0.0003388466569895441
CVCL_0359,2,"[('Paclitaxel', 0.05, 'uM')]",40,39.999999999999986,0.0005545105933688414,0.0005406478285346204,0.0005545105933688413,0.0001334176098444684,0.00041563084740586407,0.0006093734248978764,0.00037499044776905785
CVCL_0359,2,"[('Pemigatinib', 0.05, 'uM')]",40,39.999999999999986,0.0007908258391354289,0.0007710551931570433,0.0007908258391354289,0.0001461250691054722,0.0004731567525594909,0.0007000161818713487,0.0004281997886534978
CVCL_0359,2,"[('Pimitespib', 0.05, 'uM')]",40,39.999999999999986,0.0006479661939374863,0.0006317670390890496,0.0006479661939374864,0.0001113482978792711,0.0004132677569269534,0.0006111430985942765,0.0003798770058674351
CVCL_0359,2,"[('Pralsetinib', 0.05, 'uM')]",40,39.999999999999986,0.0007477066323814583,0.000729013966571922,0.0007477066323814585,0.00010201538111693593,0.0004984205127336077,0.0006813947601617679,0.00043593477857899833
CVCL_0359,2,"[('RMC-6236', 0.05, 'uM')]",40,39.999999999999986,0.00075242413652729,0.0007336135331141081,0.0007524241365272899,0.0001501993804633804,0.0005055494146853812,0.0006922516747420778,0.00045487052230619316
CVCL_0359,2,"[('Regorafenib', 0.05, 'uM')]",40,39.999999999999986,0.0006431287952923727,0.0006270505754100638,0.0006431287952923728,0.00010263330206537246,0.00037048444194515964,0.0005079434241805629,0.0003398414104293953
CVCL_0359,2,"[('SBI-0640756', 0.05, 'uM')]",40,39.999999999999986,0.0006159688714501606,0.0006005696496639068,0.0006159688714501608,8.628997674324488e-05,0.0004191507563149933,0.0005414270023209138,0.00038545276262105387
CVCL_0359,2,"[('Sapanisertib', 0.05, 'uM')]",40,39.999999999999986,0.0008590320959377341,0.0008375562935392911,0.0008590320959377341,0.00019606276942631533,0.0006931177909908885,0.0009791831350061736,0.0006301181690545797
CVCL_0359,2,"[('Sonidegib', 0.05, 'uM')]",39,39.000000000000014,0.00782578116494933,0.007625120109437808,0.00782578116494933,0.000562273611027242,0.010723265158894182,0.01140990730861597,0.010634184657962812
CVCL_0359,2,"[('TAK-733', 0.05, 'uM')]",40,39.999999999999986,0.0006908249717127635,0.0006735543474199445,0.0006908249717127635,0.00013506669266583946,0.00040376141842247894,0.000606533677447322,0.00038109403171269584
CVCL_0359,2,"[('TAK-901', 0.05, 'uM')]",40,39.999999999999986,0.0013144754895534501,0.0012816136023146142,0.0013144754895534501,0.00025508377121023085,0.0005250330905374153,0.0007367082315999348,0.0005192547535485146
CVCL_0359,2,"[('Temuterkib', 0.05, 'uM')]",40,39.999999999999986,0.0006111735890703851,0.0005958942493436256,0.000611173589070385,0.0001214756311966478,0.0004923691347322054,0.0006670899663427754,0.00045107037939505924
CVCL_0359,2,"[('Tomivosertib', 0.05, 'uM')]",40,39.999999999999986,0.0006718746101290515,0.0006550777448758255,0.0006718746101290516,0.0001439594939511298,0.0005867065545872467,0.0008451984464228822,0.0005293091332724421
CVCL_0359,2,"[('Torkinib', 0.05, 'uM')]",40,39.999999999999986,0.0006480946035692064,0.0006318922384799765,0.0006480946035692067,0.00012629032059295993,0.0004986273519603392,0.0007121144472502973,0.00044660478326631446
CVCL_0359,2,"[('Trametinib', 0.05, 'uM')]",40,39.999999999999986,0.0008618152052585941,0.0008402698251271298,0.0008618152052585941,0.00017896937962828745,0.0005606874658918298,0.0007861424819865955,0.0005085007959423541
CVCL_0359,2,"[('Tubulin inhibitor 6', 0.05, 'uM')]",40,39.999999999999986,0.0005565953813913445,0.0005426804968565609,0.0005565953813913445,8.343246913270277e-05,0.0003717946692880001,0.0005151476755140493,0.000347385340320881
CVCL_0359,2,"[('Tucatinib', 0.05, 'uM')]",40,39.999999999999986,0.0006409002049509494,0.0006248776998271758,0.0006409002049509495,0.00011140759537299545,0.000404664397255361,0.000551233705192535,0.00038142460022684473
CVCL_0359,2,"[('ULK-101', 0.05, 'uM')]",40,39.999999999999986,0.0008946285045991324,0.0008722627919841544,0.0008946285045991324,0.00018315514554149813,0.0007026497840084445,0.001098220859621724,0.0006141858849518041
CVCL_0359,2,"[('Vemurafenib', 0.05, 'uM')]",40,39.999999999999986,0.0005693774768709332,0.0005551430399491598,0.0005693774768709331,9.268492968783264e-05,0.00043287638950324645,0.0005757171368997951,0.00039325227116523623
CVCL_0359,2,"[('Volasertib', 0.05, 'uM')]",40,39.999999999999986,0.0005356564113115051,0.0005222650010287174,0.0005356564113115047,8.886216738910388e-05,0.0003755531117974308,0.0005102547343296797,0.0003475761598048274
CVCL_0359,2,"[('XRK3F2', 0.05, 'uM')]",40,39.999999999999986,0.0006018787368454179,0.0005868317684242828,0.000601878736845418,0.00010540470041447419,0.0004622855685292823,0.0005963210356319216,0.00041675201126596537
CVCL_0359,2,"[('c-Kit-IN-1', 0.05, 'uM')]",21,21.000000000000007,0.014717403718387853,0.014016574969893192,0.014717403718387857,0.001087914821991891,0.017363431298564977,0.017342389913138714,0.017299373413917324
CVCL_0359,2,"[('olaparib', 0.05, 'uM')]",34,34.0,0.026016995359289523,0.025251789613428062,0.026016995359289516,0.000847839124871685,0.051115351877700284,0.05129577138577158,0.04994731225052102
CVCL_0359,2,"[('palbociclib', 0.05, 'uM')]",40,39.999999999999986,0.0007834438228837316,0.0007638577273116385,0.0007834438228837318,0.0001505462055724903,0.0006240733590212967,0.0009416785649643398,0.0005572534719644852
CVCL_0359,2,"[('venetoclax', 0.05, 'uM')]",40,39.999999999999986,0.0009520131874348475,0.0009282128577489764,0.0009520131874348476,0.00024281222317369788,0.0005836269128840811,0.0008089716822491526,0.0005175099791334725
CVCL_0359,2,"[('vincristine', 0.05, 'uM')]",40,39.999999999999986,0.0010591885948477732,0.0010327088799765795,0.0010591885948477734,0.00014842446930961385,0.000510663340429714,0.0006737486188970874,0.0004898279768725227
CVCL_0399,2,"[('4EGI-1', 0.05, 'uM')]",40,39.999999999999986,0.0006712920390934952,0.0006545097381161578,0.000671292039093495,8.528394807017212e-05,0.0003021376425013778,0.00032968617189653904,0.0002366989022904788
CVCL_0399,2,"[('9-ING-41', 0.05, 'uM')]",40,39.999999999999986,0.0010013117058996167,0.0009762789132521263,0.0010013117058996167,0.00010640966995553016,0.00033827596657368076,0.00042909291854552643,0.0002650094445145772
CVCL_0399,2,"[('APTO-253', 0.05, 'uM')]",40,39.999999999999986,0.0005335559377951223,0.0005202170393502443,0.0005335559377951221,0.00011872367816047525,0.00022143974422996436,0.0002822755903951349,0.00018358784552958274
CVCL_0399,2,"[('AT7519', 0.05, 'uM')]",40,39.999999999999986,0.0005006213789922445,0.0004881058445174383,0.0005006213789922443,0.00010144878806254989,0.00024271480799593236,0.00029940487614763623,0.000179869889301823
CVCL_0399,2,"[('AZD-7648', 0.05, 'uM')]",40,39.999999999999986,0.0006348129982527476,0.000618942673296429,0.0006348129982527474,0.00012243983098517622,0.0002738367542770226,0.00032701527938330056,0.00021931655502805807
CVCL_0399,2,"[('AZD-8055', 0.05, 'uM')]",40,39.999999999999986,0.0006982520105712914,0.0006807957103070093,0.0006982520105712916,0.0001306437892266604,0.0005288030659656099,0.0006669293620510985,0.00041723932263305246
CVCL_0399,2,"[('AZD1390', 0.05, 'uM')]",40,39.999999999999986,0.0005438494899751889,0.0005302532527258094,0.000543849489975189,0.00010159479934025037,0.00022141161473223053,0.00029632285240167855,0.00018105382415033245
CVCL_0399,2,"[('AZD2858', 0.05, 'uM')]",40,39.999999999999986,0.0006041781405866288,0.0005890736870719631,0.0006041781405866287,0.0001071688825803933,0.00033078154241431425,0.00033786791203818423,0.0002498304127452737
CVCL_0399,2,"[('Abemaciclib', 0.05, 'uM')]",19,19.0,0.023708253136987514,0.02246045034030396,0.023708253136987514,0.0014057466477135792,0.013644425901405409,0.01240825387284546,0.014505880544071884
CVCL_0399,2,"[('Adagrasib', 0.05, 'uM')]",40,39.999999999999986,0.0005187403540329351,0.0005057718451821119,0.000518740354032935,5.0681903887893886e-05,0.00012135541922677262,0.0001341726029142447,9.421987769810217e-05
CVCL_0399,2,"[('Afatinib', 0.05, 'uM')]",40,39.999999999999986,0.0007792188620482478,0.0007597383904970417,0.000779218862048248,9.271350721231232e-05,0.0005540456628742964,0.0005632915243894605,0.0004264094669447843
CVCL_0399,2,"[('Alpelisib', 0.05, 'uM')]",40,39.999999999999986,0.0006936907056638798,0.000676348438022283,0.0006936907056638796,0.00012013465142262728,0.0003472110932188735,0.00043079329870315917,0.00028331056063640026
CVCL_0399,2,"[('Anastrozole', 0.05, 'uM')]",40,39.999999999999986,0.0005938431399821202,0.0005789970614825672,0.0005938431399821203,0.00010622269018850529,0.00026939625858006234,0.0003397975415297159,0.00021833197788066177
CVCL_0399,2,"[('BAY1125976', 0.05, 'uM')]",40,39.999999999999986,0.0006636335436439598,0.000647042705052861,0.0006636335436439598,0.00010500055916703004,0.00043048167107578774,0.0004876674217549902,0.00034852660704617504
CVCL_0399,2,"[('BI-3406', 0.05, 'uM')]",40,39.999999999999986,0.0007524138008521918,0.000733603455830887,0.0007524138008521916,0.00011126663018344632,0.00047179355916723056,0.0005624415797515731,0.00036589072348820805
CVCL_0399,2,"[('BI-78D3', 0.05, 'uM')]",40,39.999999999999986,0.0006775885773227384,0.0006606488628896701,0.0006775885773227386,0.00010545295806120993,0.0003840994735450186,0.0003861878367765434,0.000290088027729561
CVCL_0399,2,"[('Belumosudil (mesylate)', 0.05, 'uM')]",40,39.999999999999986,0.0008009995673139229,0.0007809745781310748,0.0008009995673139228,0.0001135209091427576,0.00027788757923132555,0.00029620132144429426,0.00020481400781634379
CVCL_0399,2,"[('Belzutifan', 0.05, 'uM')]",39,39.000000000000014,0.004177825750830477,0.004070702013629697,0.004177825750830478,0.0001788737759420706,0.0005380607036508534,0.0005556517283463895,0.000487288564715491
CVCL_0399,2,"[('Bentamapimod', 0.05, 'uM')]",40,39.999999999999986,0.0007732155841881903,0.0007538851945834858,0.0007732155841881902,0.00013409762104855794,0.0006542836462796066,0.0007857098405454023,0.00046863500989608787
CVCL_0399,2,"[('Bimiralisib', 0.05, 'uM')]",40,39.999999999999986,0.0008581861763234994,0.000836731521915412,0.0008581861763234992,0.00017562558539345843,0.0006586304842827324,0.0008618048718039533,0.0004753923718830723
CVCL_0399,2,"[('Binimetinib', 0.05, 'uM')]",40,39.999999999999986,0.001318393699944898,0.0012854338574462762,0.001318393699944898,0.00032028833906260775,0.0010883201760180647,0.0014030679371792134,0.000845215319096186
CVCL_0399,2,"[('Bortezomib', 0.05, 'uM')]",40,39.999999999999986,0.003990154338278333,0.003890400479821374,0.003990154338278333,0.0020288212313032414,0.0041046117149137334,0.004559355751903553,0.0031764553348540138
CVCL_0399,2,"[('Brivudine', 0.05, 'uM')]",40,39.999999999999986,0.0006075738960163855,0.0005923845486159758,0.0006075738960163854,9.850981615191011e-05,0.0003842530838782807,0.0004210647714820207,0.000307236786797144
CVCL_0399,2,"[('CP21R7', 0.05, 'uM')]",40,39.999999999999986,0.0005952213721663811,0.0005803408378622215,0.0005952213721663808,7.889858850624115e-05,0.000280145463441151,0.0002995059516907358,0.0002181896266219949
CVCL_0399,2,"[('Capivasertib', 0.05, 'uM')]",40,39.999999999999986,0.0006046734285022466,0.0005895565927896905,0.0006046734285022467,9.787626052181266e-05,0.000317835395064664,0.00034958048322824507,0.0002519166224520726
CVCL_0399,2,"[('Capmatinib', 0.05, 'uM')]",40,39.999999999999986,0.0007934958868100351,0.0007736584896397841,0.0007934958868100349,8.831789425490884e-05,0.0005866237384099296,0.0006480890275658922,0.00045354685382915694
CVCL_0399,2,"[('Celecoxib', 0.05, 'uM')]",40,39.999999999999986,0.0007290973734507943,0.0007108699391145247,0.0007290973734507941,0.00011260745091073945,0.0002804870391684542,0.0003290953328315879,0.00022760206571817703
CVCL_0399,2,"[('DT-061', 0.05, 'uM')]",40,39.999999999999986,0.0008072291520566076,0.0007870484232551928,0.0008072291520566079,8.906040718602462e-05,0.0002867553731049686,0.00029190493841918443,0.00023473141871306724
CVCL_0399,2,"[('DTP3', 0.05, 'uM')]",25,25.000000000000007,0.018017508742656445,0.017296808392950187,0.018017508742656445,0.000743799300500709,0.013220077558548279,0.012800832249393164,0.014022498226084543
CVCL_0399,2,"[('Dabrafenib', 0.05, 'uM')]",40,39.999999999999986,0.0007975168075361364,0.0007775788873477332,0.0007975168075361364,0.00012202259690958952,0.000340285551990933,0.00040980222851879044,0.0002863972157238126
CVCL_0399,2,"[('ERK5-IN-2', 0.05, 'uM')]",40,39.999999999999986,0.0006875774688264383,0.0006703880321057772,0.0006875774688264382,0.00013153315461918646,0.00038998062937026137,0.0004548031527991103,0.0003194336748271616
CVCL_0399,2,"[('ETC-206', 0.05, 'uM')]",40,39.999999999999986,0.0004699636507688049,0.0004582145594995849,0.00046996365076880495,7.9062632425009e-05,0.00020491619747724072,0.0002446196072425528,0.00016606579103205194
CVCL_0399,2,"[('EX229', 0.05, 'uM')]",40,39.999999999999986,0.0011333580677519708,0.001105024116058172,0.0011333580677519712,0.00019873868584530896,0.001676283514824701,0.0019366288080648667,0.001445376008779173
CVCL_0399,2,"[('Elimusertib hydrochloride', 0.05, 'uM')]",40,39.999999999999986,0.0017463746190824387,0.0017027152536053785,0.0017463746190824383,0.00039297211847072423,0.0017671324238345526,0.0021745093549550044,0.0014567858333680928
CVCL_0399,2,"[('Encorafenib', 0.05, 'uM')]",40,39.999999999999986,0.0005754193547096865,0.0005610338708419445,0.0005754193547096864,0.00010904973106237667,0.000282986566682414,0.00030353496738331126,0.00022291309428883494
CVCL_0399,2,"[('Erdafitinib ', 0.05, 'uM')]",40,39.999999999999986,0.0005794480760338597,0.0005649618741330134,0.0005794480760338597,9.378849503604044e-05,0.0003037365798639385,0.0003234472882665859,0.0002303832557643564
CVCL_0399,2,"[('Everolimus', 0.05, 'uM')]",40,39.999999999999986,0.0005899261243698235,0.0005751779712605781,0.0005899261243698234,8.042802790804019e-05,0.0003853724658654527,0.0003765865823825277,0.0002832534799727128
CVCL_0399,2,"[('Futibatinib', 0.05, 'uM')]",40,39.999999999999986,0.0006122768033757697,0.0005969698832913758,0.0006122768033757697,0.00017162498262684022,0.00029194731967779886,0.0003813714633168287,0.00022827375279545615
CVCL_0399,2,"[('GSK1059615', 0.05, 'uM')]",40,39.999999999999986,0.0007055038743685733,0.000687866277509359,0.000705503874368573,0.00013049842299063535,0.0003977405644381249,0.0004335061014873329,0.0002897651942055603
CVCL_0399,2,"[('Gemcitabine', 0.05, 'uM')]",40,39.999999999999986,0.0006312523807697531,0.0006154710712505095,0.0006312523807697531,0.00012323671320741848,0.0004942839156275273,0.0005490718180279014,0.0003864724198125525
CVCL_0399,2,"[('HI-TOPK-032', 0.05, 'uM')]",40,39.999999999999986,0.0008961199994638216,0.0008737169994772262,0.0008961199994638217,0.0001445368232208464,0.00029749175372180485,0.00036783680833430343,0.00023666274425537912
CVCL_0399,2,"[('Hydroxyfasudil', 0.05, 'uM')]",38,38.0,0.0033294271348194657,0.0032418106312715853,0.0033294271348194653,0.0002640176398589715,0.001116219819291221,0.0012102310328877101,0.0010122271982156582
CVCL_0399,2,"[('IQ 1', 0.05, 'uM')]",40,39.999999999999986,0.0006172916594710763,0.0006018593679842996,0.0006172916594710761,0.00013151646439119995,0.00033705916699188875,0.0004359851151381881,0.00026772463063908484
CVCL_0399,2,"[('Infigratinib', 0.05, 'uM')]",40,39.999999999999986,0.0006506275040732018,0.0006343618164713719,0.0006506275040732019,0.00017122352900700825,0.0003337243474829064,0.00044858971727086526,0.000250192701164227
CVCL_0399,2,"[('Ipatasertib', 0.05, 'uM')]",40,39.999999999999986,0.0008140771432714575,0.0007937252146896713,0.0008140771432714576,0.00013803776586279005,0.0005132530516711345,0.00060519761973856,0.0003633066379380837
CVCL_0399,2,"[('Irinotecan', 0.05, 'uM')]",40,39.999999999999986,0.0005551572874532311,0.0005412783552669002,0.000555157287453231,9.346930849385356e-05,0.00041946874943490486,0.00042336253776560114,0.00032562334461114207
CVCL_0399,2,"[('Ixazomib', 0.05, 'uM')]",40,39.999999999999986,0.0009246696975824758,0.0009015529551429139,0.0009246696975824759,0.00011736716511694327,0.00044161796433797134,0.0004563214263344209,0.0003323021602044376
CVCL_0399,2,"[('LB-100', 0.05, 'uM')]",40,39.999999999999986,0.00047118435929057107,0.0004594047503083069,0.00047118435929057107,9.080187445436633e-05,0.0001961749884562645,0.00023420540083409107,0.00016072251046103466
CVCL_0399,2,"[('LJI308', 0.05, 'uM')]",40,39.999999999999986,0.0009882775065536288,0.0009635705688897883,0.0009882775065536288,0.000280156828532019,0.0005132108835470969,0.0006445883441185382,0.0003743753634725939
CVCL_0399,2,"[('LY-2584702 (tosylate salt)', 0.05, 'uM')]",40,39.999999999999986,0.0007215496852429336,0.0007035109431118606,0.0007215496852429336,0.00012132460341349715,0.00026626929629299477,0.00032047606093566384,0.00021745839092137176
CVCL_0399,2,"[('LY2090314', 0.05, 'uM')]",40,39.999999999999986,0.0006486177134600416,0.0006324022706235405,0.0006486177134600413,9.367095187817359e-05,0.0003275231305143412,0.0003784529596878284,0.00026270499025910263
CVCL_0399,2,"[('Lapatinib ditosylate', 0.05, 'uM')]",40,39.999999999999986,0.0005498743978207981,0.0005361275378752785,0.000549874397820798,7.474245211986533e-05,0.0003191675241359987,0.00036139162788568433,0.0002592810174404189
CVCL_0399,2,"[('Lonafarnib', 0.05, 'uM')]",40,39.999999999999986,0.0005898328381098219,0.0005750870171570764,0.0005898328381098217,0.00011739909243259336,0.000261763671360837,0.00032022042071842534,0.0002118742559632714
CVCL_0399,2,"[('MK-3903', 0.05, 'uM')]",40,39.999999999999986,0.0007491472183319397,0.0007304185378736413,0.0007491472183319398,0.00013621959925424847,0.00048208259410539183,0.0005364427653240772,0.00036047352682970447
CVCL_0399,2,"[('MK-8353', 0.05, 'uM')]",40,39.999999999999986,0.0005788665343102241,0.0005643948709524687,0.0005788665343102241,0.00010362423050841074,0.00029647015800556795,0.00035675159060048235,0.0002231098835786013
CVCL_0399,2,"[('ML264', 0.05, 'uM')]",40,39.999999999999986,0.0006098890066840557,0.0005946417815169546,0.0006098890066840558,0.00012047089714320306,0.0003307173593276139,0.00038867910373031645,0.0002661169910223856
CVCL_0399,2,"[('Methylprednisolone succinate', 0.05, 'uM')]",22,22.0,0.02252307287874795,0.021499296838804867,0.02252307287874795,0.0012790927108153806,0.013796485056055772,0.01341154119825433,0.015091299516722653
CVCL_0399,2,"[('Minodronic acid', 0.05, 'uM')]",40,39.999999999999986,0.000687089199858009,0.0006699119698615588,0.0006870891998580089,0.00013226516176457204,0.0002962188883380862,0.0003595293953736204,0.00023924423934843924
CVCL_0399,2,"[('NG25', 0.05, 'uM')]",40,39.999999999999986,0.0007359722463799053,0.0007175729402204077,0.0007359722463799051,0.000146828047547863,0.00037842735661230563,0.0004098776969711706,0.00028561108038896725
CVCL_0399,2,"[('NVP-BHG712', 0.05, 'uM')]",40,39.999999999999986,0.0006819948597235236,0.0006649449882304354,0.0006819948597235234,0.00011395777809909977,0.0003141430418626551,0.0003793274315672996,0.00025295380072220863
CVCL_0399,2,"[('OTS514', 0.05, 'uM')]",40,39.999999999999986,0.0007081935643308574,0.000690488725222586,0.0007081935643308573,0.00022518037916457784,0.00031221216922260606,0.0003748202174586975,0.00023426444943181675
CVCL_0399,2,"[('Oleic acid', 0.05, 'uM')]",40,39.999999999999986,0.0006442498715331972,0.0006281436247448673,0.000644249871533197,0.00011911699516273117,0.0002710500896116932,0.00033900425100994423,0.00022220398459715484
CVCL_0399,2,"[('Oxaliplatin', 0.05, 'uM')]",40,39.999999999999986,0.0006510846454429761,0.0006348075293069017,0.0006510846454429759,0.00015073819099151203,0.0004086812227417053,0.0005193225792567946,0.00032461110013488903
CVCL_0399,2,"[('PF-06260933', 0.05, 'uM')]",25,25.000000000000007,0.017946513252121238,0.017228652722036383,0.017946513252121234,0.000823240057877493,0.011341806371904106,0.011089421810789915,0.011901889052234554
CVCL_0399,2,"[('PH-797804', 0.05, 'uM')]",40,39.999999999999986,0.0006094740838751197,0.0005942372317782418,0.00060947408387512,8.323392777697603e-05,0.00029649793042726806,0.0003197459150619417,0.00024113545595389334
CVCL_0399,2,"[('Paclitaxel', 0.05, 'uM')]",40,39.999999999999986,0.0005545105933688414,0.0005406478285346204,0.0005545105933688413,0.0001334176098444684,0.0003629396073668032,0.00047627260596040476,0.00028599254589436145
CVCL_0399,2,"[('Pemigatinib', 0.05, 'uM')]",40,39.999999999999986,0.0007908258391354289,0.0007710551931570433,0.0007908258391354289,0.0001461250691054722,0.00034990028117022956,0.00041605614530475536,0.00026632755389841066
CVCL_0399,2,"[('Pimitespib', 0.05, 'uM')]",40,39.999999999999986,0.0006479661939374863,0.0006317670390890496,0.0006479661939374864,0.0001113482978792711,0.00039268008058384717,0.000421332516200744,0.0002990485099449478
CVCL_0399,2,"[('Pralsetinib', 0.05, 'uM')]",40,39.999999999999986,0.0007477066323814583,0.000729013966571922,0.0007477066323814585,0.00010201538111693593,0.0004573559516209525,0.00045102164595205407,0.00034206694967987714
CVCL_0399,2,"[('RMC-6236', 0.05, 'uM')]",40,39.999999999999986,0.00075242413652729,0.0007336135331141081,0.0007524241365272899,0.0001501993804633804,0.0004787504616601228,0.0006339652485917766,0.00038108821350293774
CVCL_0399,2,"[('Ralimetinib dimesylate', 0.05, 'uM')]",18,18.0,0.021623480335121213,0.020422175872058926,0.021623480335121213,0.0013342416832497425,0.017032894351092773,0.01616433027152563,0.018077425436599216
CVCL_0399,2,"[('Regorafenib', 0.05, 'uM')]",40,39.999999999999986,0.0006431287952923727,0.0006270505754100638,0.0006431287952923728,0.00010263330206537246,0.00030263216396230017,0.0003032892420723515,0.00025074533192505713
CVCL_0399,2,"[('SBI-0640756', 0.05, 'uM')]",40,39.999999999999986,0.0006159688714501606,0.0006005696496639068,0.0006159688714501608,8.628997674324488e-05,0.0003656635239152486,0.0003594271213166562,0.000277159257688237
CVCL_0399,2,"[('Sapanisertib', 0.05, 'uM')]",40,39.999999999999986,0.0008590320959377341,0.0008375562935392911,0.0008590320959377341,0.00019606276942631533,0.0006031747249019226,0.0007414102016060178,0.0005026086405538067
CVCL_0399,2,"[('Sonidegib', 0.05, 'uM')]",39,39.000000000000014,0.00782578116494933,0.007625120109437808,0.00782578116494933,0.000562273611027242,0.0014762868112777215,0.00154195550241466,0.0012612034994160576
CVCL_0399,2,"[('TAK-733', 0.05, 'uM')]",40,39.999999999999986,0.0006908249717127635,0.0006735543474199445,0.0006908249717127635,0.00013506669266583946,0.000736912561553523,0.0008423407913503067,0.0006474199765182073
CVCL_0399,2,"[('TAK-901', 0.05, 'uM')]",40,39.999999999999986,0.0013144754895534501,0.0012816136023146142,0.0013144754895534501,0.00025508377121023085,0.0010002461765512886,0.0011522532770160874,0.000882047710090086
CVCL_0399,2,"[('Temuterkib', 0.05, 'uM')]",40,39.999999999999986,0.0006111735890703851,0.0005958942493436256,0.000611173589070385,0.0001214756311966478,0.0003087871100931126,0.00036337923864456287,0.0002413373828580623
CVCL_0399,2,"[('Tomivosertib', 0.05, 'uM')]",40,39.999999999999986,0.0006718746101290515,0.0006550777448758255,0.0006718746101290516,0.0001439594939511298,0.0003972072380936789,0.0004722159423772381,0.00028639352512417913
CVCL_0399,2,"[('Torkinib', 0.05, 'uM')]",40,39.999999999999986,0.0006480946035692064,0.0006318922384799765,0.0006480946035692067,0.00012629032059295993,0.00041904501166906334,0.0004962239613336788,0.00032893761840778414
CVCL_0399,2,"[('Trametinib', 0.05, 'uM')]",40,39.999999999999986,0.0008618152052585941,0.0008402698251271298,0.0008618152052585941,0.00017896937962828745,0.0005800794486517456,0.0007921252730311432,0.00048047217887143634
CVCL_0399,2,"[('Tubulin inhibitor 6', 0.05, 'uM')]",40,39.999999999999986,0.0005565953813913445,0.0005426804968565609,0.0005565953813913445,8.343246913270277e-05,0.0002829856253982169,0.0003214051516694935,0.00023472447679290863
CVCL_0399,2,"[('Tucatinib', 0.05, 'uM')]",40,39.999999999999986,0.0006409002049509494,0.0006248776998271758,0.0006409002049509495,0.00011140759537299545,0.00035415656861018986,0.0004273046223326093,0.0002807211109710043
CVCL_0399,2,"[('ULK-101', 0.05, 'uM')]",40,39.999999999999986,0.0008946285045991324,0.0008722627919841544,0.0008946285045991324,0.00018315514554149813,0.0004243341257710024,0.0004494066076045864,0.00029678816983378563
CVCL_0399,2,"[('Vemurafenib', 0.05, 'uM')]",40,39.999999999999986,0.0005693774768709332,0.0005551430399491598,0.0005693774768709331,9.268492968783264e-05,0.0003562222226991209,0.00039129540985777695,0.00027863799272706877
CVCL_0399,2,"[('Volasertib', 0.05, 'uM')]",40,39.999999999999986,0.0005356564113115051,0.0005222650010287174,0.0005356564113115047,8.886216738910388e-05,0.0002571730311934671,0.00028242962042012896,0.00020429265139296633
CVCL_0399,2,"[('XRK3F2', 0.05, 'uM')]",40,39.999999999999986,0.0006018787368454179,0.0005868317684242828,0.000601878736845418,0.00010540470041447419,0.00037019742207153306,0.00048186295774685584,0.0002917697311564302
CVCL_0399,2,"[('olaparib', 0.05, 'uM')]",34,34.0,0.026016995359289523,0.025251789613428062,0.026016995359289516,0.000847839124871685,0.005045763909950914,0.004123031731256177,0.005532217226656016
CVCL_0399,2,"[('palbociclib', 0.05, 'uM')]",40,39.999999999999986,0.0007834438228837316,0.0007638577273116385,0.0007834438228837318,0.0001505462055724903,0.0004983169098586991,0.0005784129656976692,0.0003815849240803406
CVCL_0399,2,"[('venetoclax', 0.05, 'uM')]",40,39.999999999999986,0.0009520131874348475,0.0009282128577489764,0.0009520131874348476,0.00024281222317369788,0.0011959738880295636,0.0015058906835402383,0.0009336579483438167
CVCL_0399,2,"[('vincristine', 0.05, 'uM')]",40,39.999999999999986,0.0010591885948477732,0.0010327088799765795,0.0010591885948477734,0.00014842446930961385,0.00034071154954136976,0.00040616637846830055,0.0002802928750166571
CVCL_0546,2,"[('4EGI-1', 0.05, 'uM')]",40,39.999999999999986,0.0006712920390934952,0.0006545097381161578,0.000671292039093495,8.528394807017212e-05,0.00014204467728738007,0.00014905894094946308,0.00012386577665503284
CVCL_0546,2,"[('9-ING-41', 0.05, 'uM')]",40,39.999999999999986,0.0010013117058996167,0.0009762789132521263,0.0010013117058996167,0.00010640966995553016,0.0002378605605837426,0.00029781705927022086,0.00023715981133607222
CVCL_0546,2,"[('APTO-253', 0.05, 'uM')]",40,39.999999999999986,0.0005335559377951223,0.0005202170393502443,0.0005335559377951221,0.00011872367816047525,0.00019170180317524255,0.00023409046028375225,0.0001904285800542556
CVCL_0546,2,"[('AT7519', 0.05, 'uM')]",40,39.999999999999986,0.0005006213789922445,0.0004881058445174383,0.0005006213789922443,0.00010144878806254989,0.0001541684825040564,0.00017746863612437528,0.000140620793918921
CVCL_0546,2,"[('AZD-7648', 0.05, 'uM')]",40,39.999999999999986,0.0006348129982527476,0.000618942673296429,0.0006348129982527474,0.00012243983098517622,0.0002917992277979704,0.000362978319812198,0.0002865088613877169
CVCL_0546,2,"[('AZD-8055', 0.05, 'uM')]",40,39.999999999999986,0.0006982520105712914,0.0006807957103070093,0.0006982520105712916,0.0001306437892266604,0.00037419968863761815,0.00045110569158961857,0.00034822720544882635
CVCL_0546,2,"[('AZD1390', 0.05, 'uM')]",40,39.999999999999986,0.0005438494899751889,0.0005302532527258094,0.000543849489975189,0.00010159479934025037,0.00017887780779453962,0.00021278898125290813,0.0001734759236507871
CVCL_0546,2,"[('AZD2858', 0.05, 'uM')]",40,39.999999999999986,0.0006041781405866288,0.0005890736870719631,0.0006041781405866287,0.0001071688825803933,0.00021303158793847113,0.00020517964093942964,0.0001921871956044371
CVCL_0546,2,"[('Abemaciclib', 0.05, 'uM')]",19,19.0,0.023708253136987514,0.02246045034030396,0.023708253136987514,0.0014057466477135792,0.010096703499289051,0.008811343352866582,0.010911267109445294
CVCL_0546,2,"[('Adagrasib', 0.05, 'uM')]",40,39.999999999999986,0.0005187403540329351,0.0005057718451821119,0.000518740354032935,5.0681903887893886e-05,8.992370483621386e-05,9.274123887810726e-05,9.118540575368483e-05
CVCL_0546,2,"[('Afatinib', 0.05, 'uM')]",40,39.999999999999986,0.0007792188620482478,0.0007597383904970417,0.000779218862048248,9.271350721231232e-05,0.0003577478410388278,0.00039365141326424825,0.00032808045622507423
CVCL_0546,2,"[('Alpelisib', 0.05, 'uM')]",40,39.999999999999986,0.0006936907056638798,0.000676348438022283,0.0006936907056638796,0.00012013465142262728,0.00023733226677447687,0.00029679173413204815,0.00022529962138126742
CVCL_0546,2,"[('Anastrozole', 0.05, 'uM')]",40,39.999999999999986,0.0005938431399821202,0.0005789970614825672,0.0005938431399821203,0.00010622269018850529,0.00019218277608957777,0.00024398960452779318,0.00019025594559307125
CVCL_0546,2,"[('BAY1125976', 0.05, 'uM')]",40,39.999999999999986,0.0006636335436439598,0.000647042705052861,0.0006636335436439598,0.00010500055916703004,0.0001865451158440073,0.00020247756276650864,0.0001707951175550942
CVCL_0546,2,"[('BI-3406', 0.05, 'uM')]",40,39.999999999999986,0.0007524138008521918,0.000733603455830887,0.0007524138008521916,0.00011126663018344632,0.0003169861033152047,0.0003631877063824256,0.00029048886826830837
CVCL_0546,2,"[('BI-78D3', 0.05, 'uM')]",40,39.999999999999986,0.0006775885773227384,0.0006606488628896701,0.0006775885773227386,0.00010545295806120993,0.000189335267252792,0.0002046530884761368,0.0001632755098896766
CVCL_0546,2,"[('Belumosudil (mesylate)', 0.05, 'uM')]",40,39.999999999999986,0.0008009995673139229,0.0007809745781310748,0.0008009995673139228,0.0001135209091427576,0.0002256828386789791,0.00024755271419520293,0.00019868590371095073
CVCL_0546,2,"[('Belzutifan', 0.05, 'uM')]",39,39.000000000000014,0.004177825750830477,0.004070702013629697,0.004177825750830478,0.0001788737759420706,0.0010876325545488195,0.0010057507152108904,0.0010705187051515148
CVCL_0546,2,"[('Bentamapimod', 0.05, 'uM')]",40,39.999999999999986,0.0007732155841881903,0.0007538851945834858,0.0007732155841881902,0.00013409762104855794,0.00025148716190183384,0.0002706560725749013,0.00022790458223133098
CVCL_0546,2,"[('Bimiralisib', 0.05, 'uM')]",40,39.999999999999986,0.0008581861763234994,0.000836731521915412,0.0008581861763234992,0.00017562558539345843,0.0005632526482741353,0.0007326486262531694,0.0005067383443984791
CVCL_0546,2,"[('Binimetinib', 0.05, 'uM')]",40,39.999999999999986,0.001318393699944898,0.0012854338574462762,0.001318393699944898,0.00032028833906260775,0.0008872629917741437,0.000991340547345988,0.0008170587028803953
CVCL_0546,2,"[('Bortezomib', 0.05, 'uM')]",40,39.999999999999986,0.003990154338278333,0.003890400479821374,0.003990154338278333,0.0020288212313032414,0.0026478485222023816,0.003373380396959476,0.002284089086796161
CVCL_0546,2,"[('Brivudine', 0.05, 'uM')]",40,39.999999999999986,0.0006075738960163855,0.0005923845486159758,0.0006075738960163854,9.850981615191011e-05,0.00018702475214433454,0.00020275887411250554,0.0001763148896605677
CVCL_0546,2,"[('CP21R7', 0.05, 'uM')]",40,39.999999999999986,0.0005952213721663811,0.0005803408378622215,0.0005952213721663808,7.889858850624115e-05,0.00016316248381630704,0.0001667572029040413,0.00015278598569472968
CVCL_0546,2,"[('Capivasertib', 0.05, 'uM')]",40,39.999999999999986,0.0006046734285022466,0.0005895565927896905,0.0006046734285022467,9.787626052181266e-05,0.0001475522436418007,0.00015340870086792653,0.00013475961584801077
CVCL_0546,2,"[('Capmatinib', 0.05, 'uM')]",40,39.999999999999986,0.0007934958868100351,0.0007736584896397841,0.0007934958868100349,8.831789425490884e-05,0.00028387009930631765,0.00031687109560358715,0.00025974119806172335
CVCL_0546,2,"[('Celecoxib', 0.05, 'uM')]",40,39.999999999999986,0.0007290973734507943,0.0007108699391145247,0.0007290973734507941,0.00011260745091073945,0.00022597234396863803,0.0002759201858069236,0.00023008399062824394
CVCL_0546,2,"[('DT-061', 0.05, 'uM')]",40,39.999999999999986,0.0008072291520566076,0.0007870484232551928,0.0008072291520566079,8.906040718602462e-05,0.00016953871657594556,0.00019729972921137313,0.0001631143546370198
CVCL_0546,2,"[('DTP3', 0.05, 'uM')]",25,25.000000000000007,0.018017508742656445,0.017296808392950187,0.018017508742656445,0.000743799300500709,0.004973200868048223,0.004290822597793419,0.005130201366803567
CVCL_0546,2,"[('Dabrafenib', 0.05, 'uM')]",40,39.999999999999986,0.0007975168075361364,0.0007775788873477332,0.0007975168075361364,0.00012202259690958952,0.0005326600617031347,0.0006257790884515475,0.00054578318931398
CVCL_0546,2,"[('ERK5-IN-2', 0.05, 'uM')]",40,39.999999999999986,0.0006875774688264383,0.0006703880321057772,0.0006875774688264382,0.00013153315461918646,0.00021706229324472165,0.00026299189703283464,0.0001938010637904794
CVCL_0546,2,"[('ETC-206', 0.05, 'uM')]",40,39.999999999999986,0.0004699636507688049,0.0004582145594995849,0.00046996365076880495,7.9062632425009e-05,0.00015450072850021218,0.00016404661077939453,0.00014749178248508045
CVCL_0546,2,"[('EX229', 0.05, 'uM')]",40,39.999999999999986,0.0011333580677519708,0.001105024116058172,0.0011333580677519712,0.00019873868584530896,0.0003054893121396905,0.00031505472364883324,0.00027784718100882193
CVCL_0546,2,"[('Elimusertib hydrochloride', 0.05, 'uM')]",40,39.999999999999986,0.0017463746190824387,0.0017027152536053785,0.0017463746190824383,0.00039297211847072423,0.0013976905587748947,0.0016511109768511552,0.0012972466874165743
CVCL_0546,2,"[('Encorafenib', 0.05, 'uM')]",40,39.999999999999986,0.0005754193547096865,0.0005610338708419445,0.0005754193547096864,0.00010904973106237667,0.0002552893049711168,0.0002939272710577595,0.0002443115805221317
CVCL_0546,2,"[('Erdafitinib ', 0.05, 'uM')]",40,39.999999999999986,0.0005794480760338597,0.0005649618741330134,0.0005794480760338597,9.378849503604044e-05,0.00019195856906254198,0.0002025064048861826,0.00017582162132955402
CVCL_0546,2,"[('Everolimus', 0.05, 'uM')]",40,39.999999999999986,0.0005899261243698235,0.0005751779712605781,0.0005899261243698234,8.042802790804019e-05,0.0001974887127784742,0.0002091187411313972,0.0001708672583695339
CVCL_0546,2,"[('Futibatinib', 0.05, 'uM')]",40,39.999999999999986,0.0006122768033757697,0.0005969698832913758,0.0006122768033757697,0.00017162498262684022,0.0001804123730173024,0.00021052421396384517,0.0001710227868884059
CVCL_0546,2,"[('GSK1059615', 0.05, 'uM')]",40,39.999999999999986,0.0007055038743685733,0.000687866277509359,0.000705503874368573,0.00013049842299063535,0.00028729558318791725,0.0003176227559754677,0.00024984155867348816
CVCL_0546,2,"[('Gemcitabine', 0.05, 'uM')]",40,39.999999999999986,0.0006312523807697531,0.0006154710712505095,0.0006312523807697531,0.00012323671320741848,0.00023396159027286727,0.00022724969903091264,0.00019813211580693891
CVCL_0546,2,"[('HI-TOPK-032', 0.05, 'uM')]",40,39.999999999999986,0.0008961199994638216,0.0008737169994772262,0.0008961199994638217,0.0001445368232208464,0.00025758603067089743,0.00032077827056565633,0.000246372065455212
CVCL_0546,2,"[('Hydroxyfasudil', 0.05, 'uM')]",38,38.0,0.0033294271348194657,0.0032418106312715853,0.0033294271348194653,0.0002640176398589715,0.0009592014818888853,0.000976906895033593,0.0009614146764413039
CVCL_0546,2,"[('IQ 1', 0.05, 'uM')]",40,39.999999999999986,0.0006172916594710763,0.0006018593679842996,0.0006172916594710761,0.00013151646439119995,0.00016827239162001665,0.00016257610546755512,0.00014942134624222443
CVCL_0546,2,"[('Infigratinib', 0.05, 'uM')]",40,39.999999999999986,0.0006506275040732018,0.0006343618164713719,0.0006506275040732019,0.00017122352900700825,0.00029707239726560887,0.00027477835436108246,0.00027138929895791363
CVCL_0546,2,"[('Ipatasertib', 0.05, 'uM')]",40,39.999999999999986,0.0008140771432714575,0.0007937252146896713,0.0008140771432714576,0.00013803776586279005,0.00021511837185624657,0.00022815149159088,0.00019254676997442448
CVCL_0546,2,"[('Irinotecan', 0.05, 'uM')]",40,39.999999999999986,0.0005551572874532311,0.0005412783552669002,0.000555157287453231,9.346930849385356e-05,0.00020488730102823143,0.0002472761243318131,0.00018367393702568808
CVCL_0546,2,"[('Ixazomib', 0.05, 'uM')]",40,39.999999999999986,0.0009246696975824758,0.0009015529551429139,0.0009246696975824759,0.00011736716511694327,0.00022882026773494836,0.00021700525708984785,0.0002016228572879078
CVCL_0546,2,"[('LB-100', 0.05, 'uM')]",40,39.999999999999986,0.00047118435929057107,0.0004594047503083069,0.00047118435929057107,9.080187445436633e-05,0.00017273332550417654,0.00020074308347197111,0.00016454095050922574
CVCL_0546,2,"[('LJI308', 0.05, 'uM')]",40,39.999999999999986,0.0009882775065536288,0.0009635705688897883,0.0009882775065536288,0.000280156828532019,0.00032400247524723923,0.00034241190365465364,0.0002764760786646979
CVCL_0546,2,"[('LY-2584702 (tosylate salt)', 0.05, 'uM')]",40,39.999999999999986,0.0007215496852429336,0.0007035109431118606,0.0007215496852429336,0.00012132460341349715,0.00018094893158131621,0.00019265423404589774,0.00017208463385913448
CVCL_0546,2,"[('LY2090314', 0.05, 'uM')]",40,39.999999999999986,0.0006486177134600416,0.0006324022706235405,0.0006486177134600413,9.367095187817359e-05,0.00017955547331357326,0.0002256341200640546,0.00017399767931564164
CVCL_0546,2,"[('Lapatinib ditosylate', 0.05, 'uM')]",40,39.999999999999986,0.0005498743978207981,0.0005361275378752785,0.000549874397820798,7.474245211986533e-05,0.00020486827048734412,0.0002232583282702101,0.00019492531474655478
CVCL_0546,2,"[('Lonafarnib', 0.05, 'uM')]",40,39.999999999999986,0.0005898328381098219,0.0005750870171570764,0.0005898328381098217,0.00011739909243259336,0.00024225009576067175,0.00021705132614495306,0.00023519035540362786
CVCL_0546,2,"[('MK-3903', 0.05, 'uM')]",40,39.999999999999986,0.0007491472183319397,0.0007304185378736413,0.0007491472183319398,0.00013621959925424847,0.0002398506121442553,0.00028311328211273653,0.0002034443226903559
CVCL_0546,2,"[('MK-8353', 0.05, 'uM')]",40,39.999999999999986,0.0005788665343102241,0.0005643948709524687,0.0005788665343102241,0.00010362423050841074,0.00017203206128301636,0.0002103368838922249,0.0001520760577822046
CVCL_0546,2,"[('ML264', 0.05, 'uM')]",40,39.999999999999986,0.0006098890066840557,0.0005946417815169546,0.0006098890066840558,0.00012047089714320306,0.0001874819422789305,0.00020910066373482222,0.00016794655387741348
CVCL_0546,2,"[('Minodronic acid', 0.05, 'uM')]",40,39.999999999999986,0.000687089199858009,0.0006699119698615588,0.0006870891998580089,0.00013226516176457204,0.0002402599069784389,0.0002809802456200234,0.0002378443883337497
CVCL_0546,2,"[('NG25', 0.05, 'uM')]",40,39.999999999999986,0.0007359722463799053,0.0007175729402204077,0.0007359722463799051,0.000146828047547863,0.00020794450069827565,0.00020753117779138277,0.00018749008382294268
CVCL_0546,2,"[('NVP-BHG712', 0.05, 'uM')]",40,39.999999999999986,0.0006819948597235236,0.0006649449882304354,0.0006819948597235234,0.00011395777809909977,0.0002598466441300761,0.00029390943954380307,0.00024938855747635167
CVCL_0546,2,"[('OTS514', 0.05, 'uM')]",40,39.999999999999986,0.0007081935643308574,0.000690488725222586,0.0007081935643308573,0.00022518037916457784,0.00019028701444398936,0.0002387700365671686,0.0001733378832356384
CVCL_0546,2,"[('Oleic acid', 0.05, 'uM')]",40,39.999999999999986,0.0006442498715331972,0.0006281436247448673,0.000644249871533197,0.00011911699516273117,0.00016877003342815984,0.0002336859069903058,0.00016793636237701803
CVCL_0546,2,"[('Oxaliplatin', 0.05, 'uM')]",40,39.999999999999986,0.0006510846454429761,0.0006348075293069017,0.0006510846454429759,0.00015073819099151203,0.00024114079297539144,0.00021762707624658933,0.00021778455306048882
CVCL_0546,2,"[('PF-06260933', 0.05, 'uM')]",25,25.000000000000007,0.017946513252121238,0.017228652722036383,0.017946513252121234,0.000823240057877493,0.0043105238819777835,0.0034611070073584235,0.004368553077380085
CVCL_0546,2,"[('PH-797804', 0.05, 'uM')]",40,39.999999999999986,0.0006094740838751197,0.0005942372317782418,0.00060947408387512,8.323392777697603e-05,0.000242154965076412,0.0002392554013465349,0.00024323544384858743
CVCL_0546,2,"[('Paclitaxel', 0.05, 'uM')]",40,39.999999999999986,0.0005545105933688414,0.0005406478285346204,0.0005545105933688413,0.0001334176098444684,0.00023335715688209142,0.00035239768245638866,0.00021260955067370374
CVCL_0546,2,"[('Pemigatinib', 0.05, 'uM')]",40,39.999999999999986,0.0007908258391354289,0.0007710551931570433,0.0007908258391354289,0.0001461250691054722,0.00022075882452669355,0.00026168765501548416,0.000201257730543891
CVCL_0546,2,"[('Pimitespib', 0.05, 'uM')]",40,39.999999999999986,0.0006479661939374863,0.0006317670390890496,0.0006479661939374864,0.0001113482978792711,0.0001936878731953581,0.0001861762892519585,0.00017201544144479795
CVCL_0546,2,"[('Pralsetinib', 0.05, 'uM')]",40,39.999999999999986,0.0007477066323814583,0.000729013966571922,0.0007477066323814585,0.00010201538111693593,0.00023603502485319508,0.0002495200679540345,0.00020058477610684493
CVCL_0546,2,"[('RMC-6236', 0.05, 'uM')]",40,39.999999999999986,0.00075242413652729,0.0007336135331141081,0.0007524241365272899,0.0001501993804633804,0.0003793257846854393,0.0005038652273599669,0.0003522762852419492
CVCL_0546,2,"[('Ralimetinib dimesylate', 0.05, 'uM')]",18,18.0,0.021623480335121213,0.020422175872058926,0.021623480335121213,0.0013342416832497425,0.007348743158703327,0.005820068681552669,0.008096100810936195
CVCL_0546,2,"[('Regorafenib', 0.05, 'uM')]",40,39.999999999999986,0.0006431287952923727,0.0006270505754100638,0.0006431287952923728,0.00010263330206537246,0.00018798580004055027,0.0002717699742708955,0.00019025348816978973
CVCL_0546,2,"[('SBI-0640756', 0.05, 'uM')]",40,39.999999999999986,0.0006159688714501606,0.0006005696496639068,0.0006159688714501608,8.628997674324488e-05,0.00020684841652839636,0.00023711722520737593,0.00018310872427073241
CVCL_0546,2,"[('Sapanisertib', 0.05, 'uM')]",40,39.999999999999986,0.0008590320959377341,0.0008375562935392911,0.0008590320959377341,0.00019606276942631533,0.00027505713253280086,0.0003178775862844625,0.00024289527975679545
CVCL_0546,2,"[('Sonidegib', 0.05, 'uM')]",39,39.000000000000014,0.00782578116494933,0.007625120109437808,0.00782578116494933,0.000562273611027242,0.0010510461944972763,0.0008212365520141778,0.0009674381283453867
CVCL_0546,2,"[('TAK-733', 0.05, 'uM')]",40,39.999999999999986,0.0006908249717127635,0.0006735543474199445,0.0006908249717127635,0.00013506669266583946,0.00028549751330948,0.00028776312807121305,0.00027593106540273524
CVCL_0546,2,"[('TAK-901', 0.05, 'uM')]",40,39.999999999999986,0.0013144754895534501,0.0012816136023146142,0.0013144754895534501,0.00025508377121023085,0.000589173551240876,0.0006892611726631274,0.0005610203688195335
CVCL_0546,2,"[('Temuterkib', 0.05, 'uM')]",40,39.999999999999986,0.0006111735890703851,0.0005958942493436256,0.000611173589070385,0.0001214756311966478,0.00018381752390959167,0.00023966932580155663,0.00017453857104351257
CVCL_0546,2,"[('Tomivosertib', 0.05, 'uM')]",40,39.999999999999986,0.0006718746101290515,0.0006550777448758255,0.0006718746101290516,0.0001439594939511298,0.00023262734574801993,0.00024530237421478674,0.00019777786327295982
CVCL_0546,2,"[('Torkinib', 0.05, 'uM')]",40,39.999999999999986,0.0006480946035692064,0.0006318922384799765,0.0006480946035692067,0.00012629032059295993,0.00018077231196837198,0.00020623694961603313,0.00015667388205946778
CVCL_0546,2,"[('Trametinib', 0.05, 'uM')]",40,39.999999999999986,0.0008618152052585941,0.0008402698251271298,0.0008618152052585941,0.00017896937962828745,0.00045830484043321606,0.0005808391461518744,0.000430583051136165
CVCL_0546,2,"[('Tubulin inhibitor 6', 0.05, 'uM')]",40,39.999999999999986,0.0005565953813913445,0.0005426804968565609,0.0005565953813913445,8.343246913270277e-05,0.00012030578810593931,0.00015858462392340846,0.00011627886348261644
CVCL_0546,2,"[('Tucatinib', 0.05, 'uM')]",40,39.999999999999986,0.0006409002049509494,0.0006248776998271758,0.0006409002049509495,0.00011140759537299545,0.00017250327843422998,0.00019487335207339667,0.00016103815438612732
CVCL_0546,2,"[('ULK-101', 0.05, 'uM')]",40,39.999999999999986,0.0008946285045991324,0.0008722627919841544,0.0008946285045991324,0.00018315514554149813,0.00026918749001567923,0.00026080852092856646,0.0002211760137935368
CVCL_0546,2,"[('Vemurafenib', 0.05, 'uM')]",40,39.999999999999986,0.0005693774768709332,0.0005551430399491598,0.0005693774768709331,9.268492968783264e-05,0.00022897912120505695,0.0003131013337124312,0.0002096442415152392
CVCL_0546,2,"[('Volasertib', 0.05, 'uM')]",40,39.999999999999986,0.0005356564113115051,0.0005222650010287174,0.0005356564113115047,8.886216738910388e-05,0.0001742804918683315,0.00022797229421988146,0.00015774008019821414
CVCL_0546,2,"[('XRK3F2', 0.05, 'uM')]",40,39.999999999999986,0.0006018787368454179,0.0005868317684242828,0.000601878736845418,0.00010540470041447419,0.00032094665698659025,0.00040612382259067867,0.0003045247324976598
CVCL_0546,2,"[('c-Kit-IN-1', 0.05, 'uM')]",21,21.000000000000007,0.014717403718387853,0.014016574969893192,0.014717403718387857,0.001087914821991891,0.009313989998112738,0.008196682445285135,0.00966389088496741
CVCL_0546,2,"[('olaparib', 0.05, 'uM')]",34,34.0,0.026016995359289523,0.025251789613428062,0.026016995359289516,0.000847839124871685,0.006810595944934667,0.006126016645009826,0.0069718984146553515
CVCL_0546,2,"[('palbociclib', 0.05, 'uM')]",40,39.999999999999986,0.0007834438228837316,0.0007638577273116385,0.0007834438228837318,0.0001505462055724903,0.0002072369151810598,0.00022332981135256692,0.00018690728686353734
CVCL_0546,2,"[('venetoclax', 0.05, 'uM')]",40,39.999999999999986,0.0009520131874348475,0.0009282128577489764,0.0009520131874348476,0.00024281222317369788,0.0006454018138516468,0.0007634253778063287,0.0005871155785101327
CVCL_0546,2,"[('vincristine', 0.05, 'uM')]",40,39.999999999999986,0.0010591885948477732,0.0010327088799765795,0.0010591885948477734,0.00014842446930961385,0.00027292637378411856,0.00034379728411848293,0.0002821556985846589
CVCL_1056,2,"[('4EGI-1', 0.05, 'uM')]",40,39.999999999999986,0.0006712920390934952,0.0006545097381161578,0.000671292039093495,8.528394807017212e-05,0.00023607735613031535,0.00029531665954943785,0.00025179010616311736
CVCL_1056,2,"[('9-ING-41', 0.05, 'uM')]",40,39.999999999999986,0.0010013117058996167,0.0009762789132521263,0.0010013117058996167,0.00010640966995553016,0.00023610773408102513,0.00030003976524932527,0.00024334800040920053
CVCL_1056,2,"[('APTO-253', 0.05, 'uM')]",40,39.999999999999986,0.0005335559377951223,0.0005202170393502443,0.0005335559377951221,0.00011872367816047525,0.00031831291718178355,0.00048114764480195236,0.00030438027971213267
CVCL_1056,2,"[('AT7519', 0.05, 'uM')]",40,39.999999999999986,0.0005006213789922445,0.0004881058445174383,0.0005006213789922443,0.00010144878806254989,0.00022672621961492646,0.0003198584213464759,0.00021444964469554323
CVCL_1056,2,"[('AZD-7648', 0.05, 'uM')]",40,39.999999999999986,0.0006348129982527476,0.000618942673296429,0.0006348129982527474,0.00012243983098517622,0.0002708565144378726,0.0004384230400298579,0.00025144086737895037
CVCL_1056,2,"[('AZD-8055', 0.05, 'uM')]",40,39.999999999999986,0.0006982520105712914,0.0006807957103070093,0.0006982520105712916,0.0001306437892266604,0.00029840458420989145,0.0004025377362500702,0.0002797704582182749
CVCL_1056,2,"[('AZD1390', 0.05, 'uM')]",40,39.999999999999986,0.0005438494899751889,0.0005302532527258094,0.000543849489975189,0.00010159479934025037,0.0002727963508544358,0.0004150975165867043,0.00026202247059288914
CVCL_1056,2,"[('AZD2858', 0.05, 'uM')]",40,39.999999999999986,0.0006041781405866288,0.0005890736870719631,0.0006041781405866287,0.0001071688825803933,0.00026467695259463884,0.00035682163259130947,0.00025438328218741266
CVCL_1056,2,"[('Adagrasib', 0.05, 'uM')]",40,39.999999999999986,0.0005187403540329351,0.0005057718451821119,0.000518740354032935,5.0681903887893886e-05,0.00017321437316790588,0.00022052227306906447,0.0001584277293012803
CVCL_1056,2,"[('Afatinib', 0.05, 'uM')]",40,39.999999999999986,0.0007792188620482478,0.0007597383904970417,0.000779218862048248,9.271350721231232e-05,0.00031283178343834953,0.00041754574625687093,0.0003063845804608877
CVCL_1056,2,"[('Alpelisib', 0.05, 'uM')]",40,39.999999999999986,0.0006936907056638798,0.000676348438022283,0.0006936907056638796,0.00012013465142262728,0.0002643525906151801,0.00035298703670340217,0.00026161723942019007
CVCL_1056,2,"[('Anastrozole', 0.05, 'uM')]",40,39.999999999999986,0.0005938431399821202,0.0005789970614825672,0.0005938431399821203,0.00010622269018850529,0.00025893026168352916,0.00039663478710849143,0.000240707339878814
CVCL_1056,2,"[('BAY1125976', 0.05, 'uM')]",40,39.999999999999986,0.0006636335436439598,0.000647042705052861,0.0006636335436439598,0.00010500055916703004,0.00026973151972653454,0.00038508613369393063,0.00026242801639588437
CVCL_1056,2,"[('BI-3406', 0.05, 'uM')]",40,39.999999999999986,0.0007524138008521918,0.000733603455830887,0.0007524138008521916,0.00011126663018344632,0.00026855533880591764,0.0003439341043416042,0.0002718894173399639
CVCL_1056,2,"[('BI-78D3', 0.05, 'uM')]",40,39.999999999999986,0.0006775885773227384,0.0006606488628896701,0.0006775885773227386,0.00010545295806120993,0.000272313594813758,0.000379001947919415,0.0002739925736179314
CVCL_1056,2,"[('Belumosudil (mesylate)', 0.05, 'uM')]",40,39.999999999999986,0.0008009995673139229,0.0007809745781310748,0.0008009995673139228,0.0001135209091427576,0.0003113162544898037,0.0004156184420957353,0.0003273572335440924
CVCL_1056,2,"[('Belzutifan', 0.05, 'uM')]",39,39.000000000000014,0.004177825750830477,0.004070702013629697,0.004177825750830478,0.0001788737759420706,0.0031711149229930995,0.003122465898836439,0.0033681848185117386
CVCL_1056,2,"[('Bentamapimod', 0.05, 'uM')]",40,39.999999999999986,0.0007732155841881903,0.0007538851945834858,0.0007732155841881902,0.00013409762104855794,0.0003791380496325723,0.0004942375442775514,0.00037290556374028545
CVCL_1056,2,"[('Bimiralisib', 0.05, 'uM')]",40,39.999999999999986,0.0008581861763234994,0.000836731521915412,0.0008581861763234992,0.00017562558539345843,0.00034501092527781897,0.00045747768099314954,0.00033611241111758866
CVCL_1056,2,"[('Binimetinib', 0.05, 'uM')]",40,39.999999999999986,0.001318393699944898,0.0012854338574462762,0.001318393699944898,0.00032028833906260775,0.0005413289265309451,0.0007707387260614321,0.0005109720887092036
CVCL_1056,2,"[('Bortezomib', 0.05, 'uM')]",40,39.999999999999986,0.003990154338278333,0.003890400479821374,0.003990154338278333,0.0020288212313032414,0.004263984767979343,0.00734114541844462,0.0039705560368775185
CVCL_1056,2,"[('Brivudine', 0.05, 'uM')]",40,39.999999999999986,0.0006075738960163855,0.0005923845486159758,0.0006075738960163854,9.850981615191011e-05,0.0003456915345175771,0.0004622095897619794,0.0003211683596392343
CVCL_1056,2,"[('CP21R7', 0.05, 'uM')]",40,39.999999999999986,0.0005952213721663811,0.0005803408378622215,0.0005952213721663808,7.889858850624115e-05,0.00022893347123784373,0.0002969651447803747,0.00022822602529960873
CVCL_1056,2,"[('Capivasertib', 0.05, 'uM')]",40,39.999999999999986,0.0006046734285022466,0.0005895565927896905,0.0006046734285022467,9.787626052181266e-05,0.0002515466537069355,0.0003411251395736403,0.00023532692039151412
CVCL_1056,2,"[('Capmatinib', 0.05, 'uM')]",40,39.999999999999986,0.0007934958868100351,0.0007736584896397841,0.0007934958868100349,8.831789425490884e-05,0.00026902608345738603,0.0003176276281805713,0.0003010145007683872
CVCL_1056,2,"[('Celecoxib', 0.05, 'uM')]",40,39.999999999999986,0.0007290973734507943,0.0007108699391145247,0.0007290973734507941,0.00011260745091073945,0.00022478723753061004,0.0003425027564055554,0.00021873255128323206
CVCL_1056,2,"[('DT-061', 0.05, 'uM')]",40,39.999999999999986,0.0008072291520566076,0.0007870484232551928,0.0008072291520566079,8.906040718602462e-05,0.0002610612783228687,0.00035724748386357355,0.00024900910356529687
CVCL_1056,2,"[('Dabrafenib', 0.05, 'uM')]",40,39.999999999999986,0.0007975168075361364,0.0007775788873477332,0.0007975168075361364,0.00012202259690958952,0.0003214721544672988,0.00044046637439786767,0.0002986473609909866
CVCL_1056,2,"[('ERK5-IN-2', 0.05, 'uM')]",40,39.999999999999986,0.0006875774688264383,0.0006703880321057772,0.0006875774688264382,0.00013153315461918646,0.00037432635499548886,0.0005904700856209121,0.00035894454595598966
CVCL_1056,2,"[('ETC-206', 0.05, 'uM')]",40,39.999999999999986,0.0004699636507688049,0.0004582145594995849,0.00046996365076880495,7.9062632425009e-05,0.0002647111535735124,0.0003550634317013119,0.0002477894184446998
CVCL_1056,2,"[('EX229', 0.05, 'uM')]",40,39.999999999999986,0.0011333580677519708,0.001105024116058172,0.0011333580677519712,0.00019873868584530896,0.0005296718732931034,0.0006881585129925064,0.0005352683748867415
CVCL_1056,2,"[('Elimusertib hydrochloride', 0.05, 'uM')]",40,39.999999999999986,0.0017463746190824387,0.0017027152536053785,0.0017463746190824383,0.00039297211847072423,0.0009510383254190835,0.0012014769815471712,0.0009467662425502423
CVCL_1056,2,"[('Encorafenib', 0.05, 'uM')]",40,39.999999999999986,0.0005754193547096865,0.0005610338708419445,0.0005754193547096864,0.00010904973106237667,0.00026504149122443123,0.0003589584484998308,0.0002649092093447258
CVCL_1056,2,"[('Erdafitinib ', 0.05, 'uM')]",40,39.999999999999986,0.0005794480760338597,0.0005649618741330134,0.0005794480760338597,9.378849503604044e-05,0.0002533973458673779,0.00035184866595421694,0.0002405694111777314
CVCL_1056,2,"[('Everolimus', 0.05, 'uM')]",40,39.999999999999986,0.0005899261243698235,0.0005751779712605781,0.0005899261243698234,8.042802790804019e-05,0.00021541136582381695,0.000278085231218754,0.0002154112804257452
CVCL_1056,2,"[('Futibatinib', 0.05, 'uM')]",40,39.999999999999986,0.0006122768033757697,0.0005969698832913758,0.0006122768033757697,0.00017162498262684022,0.00031323980540286554,0.0004662053222607986,0.00029593153143993225
CVCL_1056,2,"[('GSK1059615', 0.05, 'uM')]",40,39.999999999999986,0.0007055038743685733,0.000687866277509359,0.000705503874368573,0.00013049842299063535,0.0002741741469543735,0.0003654311058282622,0.00027286779041605595
CVCL_1056,2,"[('Gemcitabine', 0.05, 'uM')]",40,39.999999999999986,0.0006312523807697531,0.0006154710712505095,0.0006312523807697531,0.00012323671320741848,0.0004492188510183651,0.0006278438709289059,0.00042167694905232697
CVCL_1056,2,"[('HI-TOPK-032', 0.05, 'uM')]",40,39.999999999999986,0.0008961199994638216,0.0008737169994772262,0.0008961199994638217,0.0001445368232208464,0.0006396205494125877,0.0009183992146124609,0.0006178285202718482
CVCL_1056,2,"[('Hydroxyfasudil', 0.05, 'uM')]",38,38.0,0.0033294271348194657,0.0032418106312715853,0.0033294271348194653,0.0002640176398589715,0.003075610916234358,0.003222217478577889,0.003138396578393917
CVCL_1056,2,"[('IQ 1', 0.05, 'uM')]",40,39.999999999999986,0.0006172916594710763,0.0006018593679842996,0.0006172916594710761,0.00013151646439119995,0.00027300854192959965,0.0003519227206566615,0.00028009243855113737
CVCL_1056,2,"[('Infigratinib', 0.05, 'uM')]",40,39.999999999999986,0.0006506275040732018,0.0006343618164713719,0.0006506275040732019,0.00017122352900700825,0.0004037979673402491,0.0005983289791240532,0.00039208652187620765
CVCL_1056,2,"[('Ipatasertib', 0.05, 'uM')]",40,39.999999999999986,0.0008140771432714575,0.0007937252146896713,0.0008140771432714576,0.00013803776586279005,0.0003823543733776912,0.0004952838992515403,0.0003712056191711196
CVCL_1056,2,"[('Irinotecan', 0.05, 'uM')]",40,39.999999999999986,0.0005551572874532311,0.0005412783552669002,0.000555157287453231,9.346930849385356e-05,0.0002292430099771963,0.0003277316519500797,0.00023119116936413126
CVCL_1056,2,"[('Ixazomib', 0.05, 'uM')]",40,39.999999999999986,0.0009246696975824758,0.0009015529551429139,0.0009246696975824759,0.00011736716511694327,0.00037106668537283425,0.0004691709894245824,0.0003617506624623485
CVCL_1056,2,"[('LB-100', 0.05, 'uM')]",40,39.999999999999986,0.00047118435929057107,0.0004594047503083069,0.00047118435929057107,9.080187445436633e-05,0.00027805112489800364,0.0003929330069565537,0.00026752463358695037
CVCL_1056,2,"[('LJI308', 0.05, 'uM')]",40,39.999999999999986,0.0009882775065536288,0.0009635705688897883,0.0009882775065536288,0.000280156828532019,0.00046136772279589325,0.0006228618892986006,0.0005039440857666926
CVCL_1056,2,"[('LY-2584702 (tosylate salt)', 0.05, 'uM')]",40,39.999999999999986,0.0007215496852429336,0.0007035109431118606,0.0007215496852429336,0.00012132460341349715,0.0002808797161615314,0.00035206636391647015,0.00027551283185619255
CVCL_1056,2,"[('LY2090314', 0.05, 'uM')]",40,39.999999999999986,0.0006486177134600416,0.0006324022706235405,0.0006486177134600413,9.367095187817359e-05,0.0002958802495044868,0.00040259143539485585,0.0002744909630660476
CVCL_1056,2,"[('Lapatinib ditosylate', 0.05, 'uM')]",40,39.999999999999986,0.0005498743978207981,0.0005361275378752785,0.000549874397820798,7.474245211986533e-05,0.0002562398793408023,0.00032411202810885725,0.00024325600147765523
CVCL_1056,2,"[('Lonafarnib', 0.05, 'uM')]",40,39.999999999999986,0.0005898328381098219,0.0005750870171570764,0.0005898328381098217,0.00011739909243259336,0.0003232773336885432,0.00046332463128579055,0.00030653012603855867
CVCL_1056,2,"[('MK-3903', 0.05, 'uM')]",40,39.999999999999986,0.0007491472183319397,0.0007304185378736413,0.0007491472183319398,0.00013621959925424847,0.0003483904731727536,0.0005019892350229204,0.000333296455673195
CVCL_1056,2,"[('MK-8353', 0.05, 'uM')]",40,39.999999999999986,0.0005788665343102241,0.0005643948709524687,0.0005788665343102241,0.00010362423050841074,0.00021977849677780713,0.00029530857730503124,0.00022501835325628778
CVCL_1056,2,"[('ML264', 0.05, 'uM')]",40,39.999999999999986,0.0006098890066840557,0.0005946417815169546,0.0006098890066840558,0.00012047089714320306,0.0003463792116714771,0.0004999090583378562,0.00033814802689319934
CVCL_1056,2,"[('Minodronic acid', 0.05, 'uM')]",40,39.999999999999986,0.000687089199858009,0.0006699119698615588,0.0006870891998580089,0.00013226516176457204,0.00035994885236372557,0.0005516128599674083,0.0003341284872193944
CVCL_1056,2,"[('NG25', 0.05, 'uM')]",40,39.999999999999986,0.0007359722463799053,0.0007175729402204077,0.0007359722463799051,0.000146828047547863,0.000303620412416992,0.0004060405587398494,0.0002903480183543051
CVCL_1056,2,"[('NVP-BHG712', 0.05, 'uM')]",40,39.999999999999986,0.0006819948597235236,0.0006649449882304354,0.0006819948597235234,0.00011395777809909977,0.00031474772272987116,0.0004660909151360361,0.00029812221522829797
CVCL_1056,2,"[('OTS514', 0.05, 'uM')]",40,39.999999999999986,0.0007081935643308574,0.000690488725222586,0.0007081935643308573,0.00022518037916457784,0.00037926783766513894,0.0006045655571942704,0.0003510486027891505
CVCL_1056,2,"[('Oleic acid', 0.05, 'uM')]",40,39.999999999999986,0.0006442498715331972,0.0006281436247448673,0.000644249871533197,0.00011911699516273117,0.00031368602555537046,0.0004436026757388273,0.0002873139581361807
CVCL_1056,2,"[('Oxaliplatin', 0.05, 'uM')]",40,39.999999999999986,0.0006510846454429761,0.0006348075293069017,0.0006510846454429759,0.00015073819099151203,0.00028386200583032474,0.00042628190449232845,0.0002751456925468769
CVCL_1056,2,"[('PF-06260933', 0.05, 'uM')]",25,25.000000000000007,0.017946513252121238,0.017228652722036383,0.017946513252121234,0.000823240057877493,0.03788643806770052,0.03723188128180189,0.039279667907259085
CVCL_1056,2,"[('PH-797804', 0.05, 'uM')]",40,39.999999999999986,0.0006094740838751197,0.0005942372317782418,0.00060947408387512,8.323392777697603e-05,0.0004616014669287083,0.0005979472092561944,0.0004292653610297208
CVCL_1056,2,"[('Paclitaxel', 0.05, 'uM')]",40,39.999999999999986,0.0005545105933688414,0.0005406478285346204,0.0005545105933688413,0.0001334176098444684,0.0002762763878844907,0.00043507887263721844,0.0002563311608664069
CVCL_1056,2,"[('Pemigatinib', 0.05, 'uM')]",40,39.999999999999986,0.0007908258391354289,0.0007710551931570433,0.0007908258391354289,0.0001461250691054722,0.00025705190769408515,0.00032198127962801865,0.0002735584682053016
CVCL_1056,2,"[('Pimitespib', 0.05, 'uM')]",40,39.999999999999986,0.0006479661939374863,0.0006317670390890496,0.0006479661939374864,0.0001113482978792711,0.001135230541063568,0.0013804980336134319,0.0010966281419306173
CVCL_1056,2,"[('Pralsetinib', 0.05, 'uM')]",40,39.999999999999986,0.0007477066323814583,0.000729013966571922,0.0007477066323814585,0.00010201538111693593,0.0003088845035566122,0.0003859006586692063,0.00029297884014897307
CVCL_1056,2,"[('RMC-6236', 0.05, 'uM')]",40,39.999999999999986,0.00075242413652729,0.0007336135331141081,0.0007524241365272899,0.0001501993804633804,0.00038151790763467613,0.0005070473612805387,0.0003748370520843897
CVCL_1056,2,"[('Regorafenib', 0.05, 'uM')]",40,39.999999999999986,0.0006431287952923727,0.0006270505754100638,0.0006431287952923728,0.00010263330206537246,0.0002820921053846769,0.0004047052404001183,0.0002576512248236335
CVCL_1056,2,"[('SBI-0640756', 0.05, 'uM')]",40,39.999999999999986,0.0006159688714501606,0.0006005696496639068,0.0006159688714501608,8.628997674324488e-05,0.0002853366111366848,0.0003833979118888763,0.00027896670425732364
CVCL_1056,2,"[('Sapanisertib', 0.05, 'uM')]",40,39.999999999999986,0.0008590320959377341,0.0008375562935392911,0.0008590320959377341,0.00019606276942631533,0.0005678479330346608,0.0007800882279293862,0.0005759922248564088
CVCL_1056,2,"[('Sonidegib', 0.05, 'uM')]",39,39.000000000000014,0.00782578116494933,0.007625120109437808,0.00782578116494933,0.000562273611027242,0.0040771351728924364,0.004175768237392506,0.004350122803633888
CVCL_1056,2,"[('TAK-733', 0.05, 'uM')]",40,39.999999999999986,0.0006908249717127635,0.0006735543474199445,0.0006908249717127635,0.00013506669266583946,0.00037446466633819705,0.0005300808856537768,0.0003542210779679873
CVCL_1056,2,"[('TAK-901', 0.05, 'uM')]",40,39.999999999999986,0.0013144754895534501,0.0012816136023146142,0.0013144754895534501,0.00025508377121023085,0.0013162092215697095,0.001586940713361914,0.0013025376764781338
CVCL_1056,2,"[('Temuterkib', 0.05, 'uM')]",40,39.999999999999986,0.0006111735890703851,0.0005958942493436256,0.000611173589070385,0.0001214756311966478,0.00028580854750348024,0.0004498951589156111,0.00027042510328606294
CVCL_1056,2,"[('Tomivosertib', 0.05, 'uM')]",40,39.999999999999986,0.0006718746101290515,0.0006550777448758255,0.0006718746101290516,0.0001439594939511298,0.0003138723677146532,0.00042762544523523426,0.0003162024890204995
CVCL_1056,2,"[('Torkinib', 0.05, 'uM')]",40,39.999999999999986,0.0006480946035692064,0.0006318922384799765,0.0006480946035692067,0.00012629032059295993,0.0002906109274646254,0.0004389768439164692,0.0002901537013147622
CVCL_1056,2,"[('Trametinib', 0.05, 'uM')]",40,39.999999999999986,0.0008618152052585941,0.0008402698251271298,0.0008618152052585941,0.00017896937962828745,0.00037054676357766483,0.00048288030311653495,0.000356100824105403
CVCL_1056,2,"[('Tubulin inhibitor 6', 0.05, 'uM')]",40,39.999999999999986,0.0005565953813913445,0.0005426804968565609,0.0005565953813913445,8.343246913270277e-05,0.0002075252015834239,0.00027513491669618496,0.0002008929766269511
CVCL_1056,2,"[('Tucatinib', 0.05, 'uM')]",40,39.999999999999986,0.0006409002049509494,0.0006248776998271758,0.0006409002049509495,0.00011140759537299545,0.0002803591624016172,0.0003664099069385455,0.00027495326952798585
CVCL_1056,2,"[('ULK-101', 0.05, 'uM')]",40,39.999999999999986,0.0008946285045991324,0.0008722627919841544,0.0008946285045991324,0.00018315514554149813,0.0003585931867499344,0.0005043161879642879,0.00036162159922488766
CVCL_1056,2,"[('Vemurafenib', 0.05, 'uM')]",40,39.999999999999986,0.0005693774768709332,0.0005551430399491598,0.0005693774768709331,9.268492968783264e-05,0.00023178289135115544,0.0003398606232687027,0.00022104342729264525
CVCL_1056,2,"[('Volasertib', 0.05, 'uM')]",40,39.999999999999986,0.0005356564113115051,0.0005222650010287174,0.0005356564113115047,8.886216738910388e-05,0.00022086865217739682,0.0003086712851977732,0.00022483920417618375
CVCL_1056,2,"[('XRK3F2', 0.05, 'uM')]",40,39.999999999999986,0.0006018787368454179,0.0005868317684242828,0.000601878736845418,0.00010540470041447419,0.0002710172675305954,0.0003297822777962603,0.00026838258461722654
CVCL_1056,2,"[('c-Kit-IN-1', 0.05, 'uM')]",21,21.000000000000007,0.014717403718387853,0.014016574969893192,0.014717403718387857,0.001087914821991891,0.025388709598486405,0.025853737793825295,0.025655540157775405
CVCL_1056,2,"[('olaparib', 0.05, 'uM')]",34,34.0,0.026016995359289523,0.025251789613428062,0.026016995359289516,0.000847839124871685,0.06179722310848537,0.061551227404826485,0.06193564731965456
CVCL_1056,2,"[('palbociclib', 0.05, 'uM')]",40,39.999999999999986,0.0007834438228837316,0.0007638577273116385,0.0007834438228837318,0.0001505462055724903,0.00032180434347711207,0.0004985000362775319,0.00031161275960482594
CVCL_1056,2,"[('venetoclax', 0.05, 'uM')]",40,39.999999999999986,0.0009520131874348475,0.0009282128577489764,0.0009520131874348476,0.00024281222317369788,0.0004630183176805497,0.000603554954051373,0.0004393091632509515
CVCL_1056,2,"[('vincristine', 0.05, 'uM')]",40,39.999999999999986,0.0010591885948477732,0.0010327088799765795,0.0010591885948477734,0.00014842446930961385,0.00029489967516501645,0.00032508449790407925,0.00029486353356397406
CVCL_1495,2,"[('4EGI-1', 0.05, 'uM')]",40,39.999999999999986,0.0006712920390934952,0.0006545097381161578,0.000671292039093495,8.528394807017212e-05,0.0003919076732566437,0.0005315924555757642,0.0003681092083682027
CVCL_1495,2,"[('9-ING-41', 0.05, 'uM')]",40,39.999999999999986,0.0010013117058996167,0.0009762789132521263,0.0010013117058996167,0.00010640966995553016,0.0004079036595847804,0.0005441359965621128,0.0003767363373915714
CVCL_1495,2,"[('APTO-253', 0.05, 'uM')]",40,39.999999999999986,0.0005335559377951223,0.0005202170393502443,0.0005335559377951221,0.00011872367816047525,0.0003908081262064319,0.0006015947871161746,0.0003643688665852432
CVCL_1495,2,"[('AT7519', 0.05, 'uM')]",40,39.999999999999986,0.0005006213789922445,0.0004881058445174383,0.0005006213789922443,0.00010144878806254989,0.00042339044039924994,0.0006131067219543207,0.0003886279828566941
CVCL_1495,2,"[('AZD-7648', 0.05, 'uM')]",40,39.999999999999986,0.0006348129982527476,0.000618942673296429,0.0006348129982527474,0.00012243983098517622,0.0004231920797265838,0.0006168051086514445,0.0003967343026283796
CVCL_1495,2,"[('AZD-8055', 0.05, 'uM')]",40,39.999999999999986,0.0006982520105712914,0.0006807957103070093,0.0006982520105712916,0.0001306437892266604,0.0005622591664509325,0.0008395053598819768,0.000494670731542219
CVCL_1495,2,"[('AZD1390', 0.05, 'uM')]",40,39.999999999999986,0.0005438494899751889,0.0005302532527258094,0.000543849489975189,0.00010159479934025037,0.00042446237809823763,0.0005897016281038975,0.0003973723892528073
CVCL_1495,2,"[('AZD2858', 0.05, 'uM')]",40,39.999999999999986,0.0006041781405866288,0.0005890736870719631,0.0006041781405866287,0.0001071688825803933,0.0004619338459351573,0.0006652893630864636,0.0004222762544135846
CVCL_1495,2,"[('Adagrasib', 0.05, 'uM')]",40,39.999999999999986,0.0005187403540329351,0.0005057718451821119,0.000518740354032935,5.0681903887893886e-05,0.0016250780497997642,0.0017828062310286876,0.001596187384262017
CVCL_1495,2,"[('Afatinib', 0.05, 'uM')]",40,39.999999999999986,0.0007792188620482478,0.0007597383904970417,0.000779218862048248,9.271350721231232e-05,0.000626423763909082,0.0008204062167897186,0.000556368747847779
CVCL_1495,2,"[('Alpelisib', 0.05, 'uM')]",40,39.999999999999986,0.0006936907056638798,0.000676348438022283,0.0006936907056638796,0.00012013465142262728,0.00046340708619714175,0.0006637812291376395,0.00042921985617194107
CVCL_1495,2,"[('Anastrozole', 0.05, 'uM')]",40,39.999999999999986,0.0005938431399821202,0.0005789970614825672,0.0005938431399821203,0.00010622269018850529,0.00040699711221432684,0.0005885602144955664,0.0003812130856335555
CVCL_1495,2,"[('BAY1125976', 0.05, 'uM')]",40,39.999999999999986,0.0006636335436439598,0.000647042705052861,0.0006636335436439598,0.00010500055916703004,0.0004307370992123404,0.0006178875469862327,0.0004011849776978005
CVCL_1495,2,"[('BI-3406', 0.05, 'uM')]",40,39.999999999999986,0.0007524138008521918,0.000733603455830887,0.0007524138008521916,0.00011126663018344632,0.0005415404117808124,0.000746537407680155,0.000489204096014124
CVCL_1495,2,"[('BI-78D3', 0.05, 'uM')]",40,39.999999999999986,0.0006775885773227384,0.0006606488628896701,0.0006775885773227386,0.00010545295806120993,0.0004240547743208116,0.000604282464546712,0.0003929696919015606
CVCL_1495,2,"[('Belumosudil (mesylate)', 0.05, 'uM')]",40,39.999999999999986,0.0008009995673139229,0.0007809745781310748,0.0008009995673139228,0.0001135209091427576,0.0007007885035211124,0.0009646509139140404,0.0006327852798313713
CVCL_1495,2,"[('Belzutifan', 0.05, 'uM')]",39,39.000000000000014,0.004177825750830477,0.004070702013629697,0.004177825750830478,0.0001788737759420706,0.0025216428603474,0.0025637770709126995,0.0025107125917105313
CVCL_1495,2,"[('Bentamapimod', 0.05, 'uM')]",40,39.999999999999986,0.0007732155841881903,0.0007538851945834858,0.0007732155841881902,0.00013409762104855794,0.0007659231003564104,0.0010444004434847023,0.0006906219702204657
CVCL_1495,2,"[('Bimiralisib', 0.05, 'uM')]",40,39.999999999999986,0.0008581861763234994,0.000836731521915412,0.0008581861763234992,0.00017562558539345843,0.0007849150662747047,0.0011203120329275722,0.0007035852797750191
CVCL_1495,2,"[('Binimetinib', 0.05, 'uM')]",40,39.999999999999986,0.001318393699944898,0.0012854338574462762,0.001318393699944898,0.00032028833906260775,0.001300044480298161,0.0020455202846773168,0.0011626503690565252
CVCL_1495,2,"[('Bortezomib', 0.05, 'uM')]",40,39.999999999999986,0.003990154338278333,0.003890400479821374,0.003990154338278333,0.0020288212313032414,0.003042178038175774,0.004924896166153426,0.0028153842824867777
CVCL_1495,2,"[('Brivudine', 0.05, 'uM')]",40,39.999999999999986,0.0006075738960163855,0.0005923845486159758,0.0006075738960163854,9.850981615191011e-05,0.0005009298221588148,0.0007055829189222061,0.0004541718085320948
CVCL_1495,2,"[('CP21R7', 0.05, 'uM')]",40,39.999999999999986,0.0005952213721663811,0.0005803408378622215,0.0005952213721663808,7.889858850624115e-05,0.0003758120274992941,0.0004982291808075216,0.0003529675925326269
CVCL_1495,2,"[('Capivasertib', 0.05, 'uM')]",40,39.999999999999986,0.0006046734285022466,0.0005895565927896905,0.0006046734285022467,9.787626052181266e-05,0.00041190020626373123,0.0006005388526470627,0.00038305797892564233
CVCL_1495,2,"[('Capmatinib', 0.05, 'uM')]",40,39.999999999999986,0.0007934958868100351,0.0007736584896397841,0.0007934958868100349,8.831789425490884e-05,0.0005423161031121468,0.0007214930867046872,0.00048944060123137
CVCL_1495,2,"[('Celecoxib', 0.05, 'uM')]",40,39.999999999999986,0.0007290973734507943,0.0007108699391145247,0.0007290973734507941,0.00011260745091073945,0.0003946376679904584,0.0005604949644929056,0.00037158401340195646
CVCL_1495,2,"[('DT-061', 0.05, 'uM')]",40,39.999999999999986,0.0008072291520566076,0.0007870484232551928,0.0008072291520566079,8.906040718602462e-05,0.0004301364180924004,0.0005686792448162576,0.0003906955657918245
CVCL_1495,2,"[('Dabrafenib', 0.05, 'uM')]",40,39.999999999999986,0.0007975168075361364,0.0007775788873477332,0.0007975168075361364,0.00012202259690958952,0.0004822067142486123,0.0007135894854387305,0.0004378141832143432
CVCL_1495,2,"[('ERK5-IN-2', 0.05, 'uM')]",40,39.999999999999986,0.0006875774688264383,0.0006703880321057772,0.0006875774688264382,0.00013153315461918646,0.00045847229446501316,0.0006783712646276796,0.00043083066621167377
CVCL_1495,2,"[('ETC-206', 0.05, 'uM')]",40,39.999999999999986,0.0004699636507688049,0.0004582145594995849,0.00046996365076880495,7.9062632425009e-05,0.00034789377110056334,0.0004935513477267388,0.0003215779333027139
CVCL_1495,2,"[('EX229', 0.05, 'uM')]",40,39.999999999999986,0.0011333580677519708,0.001105024116058172,0.0011333580677519712,0.00019873868584530896,0.0008091117920668905,0.0011697369692125845,0.0007419385559966049
CVCL_1495,2,"[('Elimusertib hydrochloride', 0.05, 'uM')]",40,39.999999999999986,0.0017463746190824387,0.0017027152536053785,0.0017463746190824383,0.00039297211847072423,0.00185987662532703,0.0027968582346646178,0.001682433918830122
CVCL_1495,2,"[('Encorafenib', 0.05, 'uM')]",40,39.999999999999986,0.0005754193547096865,0.0005610338708419445,0.0005754193547096864,0.00010904973106237667,0.0004267056219716291,0.0006473972946616293,0.0003918055269746329
CVCL_1495,2,"[('Erdafitinib ', 0.05, 'uM')]",40,39.999999999999986,0.0005794480760338597,0.0005649618741330134,0.0005794480760338597,9.378849503604044e-05,0.00041673599899120806,0.00058852985397606,0.00038614746869572756
CVCL_1495,2,"[('Everolimus', 0.05, 'uM')]",40,39.999999999999986,0.0005899261243698235,0.0005751779712605781,0.0005899261243698234,8.042802790804019e-05,0.00044106424523939104,0.0006002196870294607,0.0003983909424293509
CVCL_1495,2,"[('Futibatinib', 0.05, 'uM')]",40,39.999999999999986,0.0006122768033757697,0.0005969698832913758,0.0006122768033757697,0.00017162498262684022,0.0004841340386018085,0.0008084730814415174,0.0004443146861177162
CVCL_1495,2,"[('GSK1059615', 0.05, 'uM')]",40,39.999999999999986,0.0007055038743685733,0.000687866277509359,0.000705503874368573,0.00013049842299063535,0.0005635863464236794,0.0007949593384626615,0.0005158580615989077
CVCL_1495,2,"[('Gemcitabine', 0.05, 'uM')]",40,39.999999999999986,0.0006312523807697531,0.0006154710712505095,0.0006312523807697531,0.00012323671320741848,0.0006154171379348084,0.0008749139282667588,0.0005575624008550703
CVCL_1495,2,"[('HI-TOPK-032', 0.05, 'uM')]",40,39.999999999999986,0.0008961199994638216,0.0008737169994772262,0.0008961199994638217,0.0001445368232208464,0.0004548913116607891,0.0006584422941410094,0.0004233066813316815
CVCL_1495,2,"[('Hydroxyfasudil', 0.05, 'uM')]",38,38.0,0.0033294271348194657,0.0032418106312715853,0.0033294271348194653,0.0002640176398589715,0.003645958669585701,0.0038904590221378885,0.003575423225521791
CVCL_1495,2,"[('IQ 1', 0.05, 'uM')]",40,39.999999999999986,0.0006172916594710763,0.0006018593679842996,0.0006172916594710761,0.00013151646439119995,0.00047619750603320317,0.000695337417838857,0.0004441337835976875
CVCL_1495,2,"[('Infigratinib', 0.05, 'uM')]",40,39.999999999999986,0.0006506275040732018,0.0006343618164713719,0.0006506275040732019,0.00017122352900700825,0.0005510940414481181,0.0008185212394372105,0.0005059378142286917
CVCL_1495,2,"[('Ipatasertib', 0.05, 'uM')]",40,39.999999999999986,0.0008140771432714575,0.0007937252146896713,0.0008140771432714576,0.00013803776586279005,0.0007572474070486591,0.001058321892652466,0.0006765283401464918
CVCL_1495,2,"[('Irinotecan', 0.05, 'uM')]",40,39.999999999999986,0.0005551572874532311,0.0005412783552669002,0.000555157287453231,9.346930849385356e-05,0.00039545254484617086,0.0005596480080905028,0.00036137536969365025
CVCL_1495,2,"[('Ixazomib', 0.05, 'uM')]",40,39.999999999999986,0.0009246696975824758,0.0009015529551429139,0.0009246696975824759,0.00011736716511694327,0.0006259685598108362,0.0008493325689828405,0.0005641487443320734
CVCL_1495,2,"[('LB-100', 0.05, 'uM')]",40,39.999999999999986,0.00047118435929057107,0.0004594047503083069,0.00047118435929057107,9.080187445436633e-05,0.0003491003236944297,0.0005145442988374643,0.00032553821065171796
CVCL_1495,2,"[('LJI308', 0.05, 'uM')]",40,39.999999999999986,0.0009882775065536288,0.0009635705688897883,0.0009882775065536288,0.000280156828532019,0.0010120882011797857,0.0016706361469039214,0.0008968145142091227
CVCL_1495,2,"[('LY-2584702 (tosylate salt)', 0.05, 'uM')]",40,39.999999999999986,0.0007215496852429336,0.0007035109431118606,0.0007215496852429336,0.00012132460341349715,0.00044015506433354225,0.0006209261456507707,0.0004089985353514206
CVCL_1495,2,"[('LY2090314', 0.05, 'uM')]",40,39.999999999999986,0.0006486177134600416,0.0006324022706235405,0.0006486177134600413,9.367095187817359e-05,0.00042482130934558656,0.0005925586966620304,0.0003917050717504477
CVCL_1495,2,"[('Lapatinib ditosylate', 0.05, 'uM')]",40,39.999999999999986,0.0005498743978207981,0.0005361275378752785,0.000549874397820798,7.474245211986533e-05,0.00044147320396070657,0.000591248858499396,0.00040751841503392004
CVCL_1495,2,"[('Lonafarnib', 0.05, 'uM')]",40,39.999999999999986,0.0005898328381098219,0.0005750870171570764,0.0005898328381098217,0.00011739909243259336,0.0004559546607982492,0.0006798339019179001,0.00042007136138950306
CVCL_1495,2,"[('MK-3903', 0.05, 'uM')]",40,39.999999999999986,0.0007491472183319397,0.0007304185378736413,0.0007491472183319398,0.00013621959925424847,0.0004671485762818286,0.0006827283957790024,0.0004334003425068961
CVCL_1495,2,"[('MK-8353', 0.05, 'uM')]",40,39.999999999999986,0.0005788665343102241,0.0005643948709524687,0.0005788665343102241,0.00010362423050841074,0.0003997124413865643,0.0005509517982722951,0.0003719303950671237
CVCL_1495,2,"[('ML264', 0.05, 'uM')]",40,39.999999999999986,0.0006098890066840557,0.0005946417815169546,0.0006098890066840558,0.00012047089714320306,0.00044119789874990257,0.0006288041326444005,0.0004154642373502181
CVCL_1495,2,"[('Methylprednisolone succinate', 0.05, 'uM')]",22,22.0,0.02252307287874795,0.021499296838804867,0.02252307287874795,0.0012790927108153806,0.051291377458236524,0.051072122253012095,0.05149878127717446
CVCL_1495,2,"[('Minodronic acid', 0.05, 'uM')]",40,39.999999999999986,0.000687089199858009,0.0006699119698615588,0.0006870891998580089,0.00013226516176457204,0.0004840820250502101,0.0007179365451189543,0.0004435348604431439
CVCL_1495,2,"[('NG25', 0.05, 'uM')]",40,39.999999999999986,0.0007359722463799053,0.0007175729402204077,0.0007359722463799051,0.000146828047547863,0.0005661925348894503,0.0008468167311931349,0.0005148795488109932
CVCL_1495,2,"[('NVP-BHG712', 0.05, 'uM')]",40,39.999999999999986,0.0006819948597235236,0.0006649449882304354,0.0006819948597235234,0.00011395777809909977,0.0005297350897029487,0.0007325364441408817,0.000494763720191069
CVCL_1495,2,"[('OTS514', 0.05, 'uM')]",40,39.999999999999986,0.0007081935643308574,0.000690488725222586,0.0007081935643308573,0.00022518037916457784,0.0005277792723723302,0.0009030755657393606,0.00048391699650811846
CVCL_1495,2,"[('Oleic acid', 0.05, 'uM')]",40,39.999999999999986,0.0006442498715331972,0.0006281436247448673,0.000644249871533197,0.00011911699516273117,0.00043599875533047134,0.0006765140071681096,0.00039983354405201556
CVCL_1495,2,"[('Oxaliplatin', 0.05, 'uM')]",40,39.999999999999986,0.0006510846454429761,0.0006348075293069017,0.0006510846454429759,0.00015073819099151203,0.0006209748771079422,0.0009512668687366931,0.0005521576925464983
CVCL_1495,2,"[('PF-06260933', 0.05, 'uM')]",25,25.000000000000007,0.017946513252121238,0.017228652722036383,0.017946513252121234,0.000823240057877493,0.028158486255063415,0.028482902769562373,0.02806532316859404
CVCL_1495,2,"[('PH-797804', 0.05, 'uM')]",40,39.999999999999986,0.0006094740838751197,0.0005942372317782418,0.00060947408387512,8.323392777697603e-05,0.00048478685308941494,0.0006882546329171528,0.0004330789469536016
CVCL_1495,2,"[('Paclitaxel', 0.05, 'uM')]",40,39.999999999999986,0.0005545105933688414,0.0005406478285346204,0.0005545105933688413,0.0001334176098444684,0.00038960541658793874,0.0005906155509315383,0.0003602376469981939
CVCL_1495,2,"[('Pemigatinib', 0.05, 'uM')]",40,39.999999999999986,0.0007908258391354289,0.0007710551931570433,0.0007908258391354289,0.0001461250691054722,0.0004577179535742847,0.0006929727157235832,0.0004276236203484588
CVCL_1495,2,"[('Pimitespib', 0.05, 'uM')]",40,39.999999999999986,0.0006479661939374863,0.0006317670390890496,0.0006479661939374864,0.0001113482978792711,0.00040659284358477197,0.0005688131477953633,0.0003876332464918968
CVCL_1495,2,"[('Pralsetinib', 0.05, 'uM')]",40,39.999999999999986,0.0007477066323814583,0.000729013966571922,0.0007477066323814585,0.00010201538111693593,0.0005434285277071242,0.0007462528225551106,0.0004852426997034465
CVCL_1495,2,"[('RMC-6236', 0.05, 'uM')]",40,39.999999999999986,0.00075242413652729,0.0007336135331141081,0.0007524241365272899,0.0001501993804633804,0.0004759480805914845,0.0007115612951562978,0.00043092719966094555
CVCL_1495,2,"[('Regorafenib', 0.05, 'uM')]",40,39.999999999999986,0.0006431287952923727,0.0006270505754100638,0.0006431287952923728,0.00010263330206537246,0.00041988657118372923,0.0006125163112895171,0.0003876197268799413
CVCL_1495,2,"[('SBI-0640756', 0.05, 'uM')]",40,39.999999999999986,0.0006159688714501606,0.0006005696496639068,0.0006159688714501608,8.628997674324488e-05,0.0004973697939606584,0.0006732489369294458,0.00045146300675152586
CVCL_1495,2,"[('Sapanisertib', 0.05, 'uM')]",40,39.999999999999986,0.0008590320959377341,0.0008375562935392911,0.0008590320959377341,0.00019606276942631533,0.00047239543675366944,0.0007608373852502699,0.00045030901684696054
CVCL_1495,2,"[('Sonidegib', 0.05, 'uM')]",39,39.000000000000014,0.00782578116494933,0.007625120109437808,0.00782578116494933,0.000562273611027242,0.005073826849630747,0.005909350664316359,0.005115006123256417
CVCL_1495,2,"[('TAK-733', 0.05, 'uM')]",40,39.999999999999986,0.0006908249717127635,0.0006735543474199445,0.0006908249717127635,0.00013506669266583946,0.0006434215421468023,0.0008981090949433199,0.0005958826299820506
CVCL_1495,2,"[('TAK-901', 0.05, 'uM')]",40,39.999999999999986,0.0013144754895534501,0.0012816136023146142,0.0013144754895534501,0.00025508377121023085,0.0007188612597845152,0.000932091662601113,0.0006804095498117138
CVCL_1495,2,"[('Temuterkib', 0.05, 'uM')]",40,39.999999999999986,0.0006111735890703851,0.0005958942493436256,0.000611173589070385,0.0001214756311966478,0.0003989151874654421,0.0005855673229704329,0.00036607169966859665
CVCL_1495,2,"[('Tomivosertib', 0.05, 'uM')]",40,39.999999999999986,0.0006718746101290515,0.0006550777448758255,0.0006718746101290516,0.0001439594939511298,0.0005919639041899549,0.0008626707434588257,0.0005430458507503717
CVCL_1495,2,"[('Torkinib', 0.05, 'uM')]",40,39.999999999999986,0.0006480946035692064,0.0006318922384799765,0.0006480946035692067,0.00012629032059295993,0.00043131146003447707,0.000612764984188902,0.0004059521575616657
CVCL_1495,2,"[('Trametinib', 0.05, 'uM')]",40,39.999999999999986,0.0008618152052585941,0.0008402698251271298,0.0008618152052585941,0.00017896937962828745,0.0006497576771620192,0.0009610166103872924,0.0005854967910609792
CVCL_1495,2,"[('Tubulin inhibitor 6', 0.05, 'uM')]",40,39.999999999999986,0.0005565953813913445,0.0005426804968565609,0.0005565953813913445,8.343246913270277e-05,0.00036316895905507107,0.00048492750080972487,0.00033827083158363415
CVCL_1495,2,"[('Tucatinib', 0.05, 'uM')]",40,39.999999999999986,0.0006409002049509494,0.0006248776998271758,0.0006409002049509495,0.00011140759537299545,0.0004624319958810781,0.0006602990711751089,0.0004169422032791678
CVCL_1495,2,"[('ULK-101', 0.05, 'uM')]",40,39.999999999999986,0.0008946285045991324,0.0008722627919841544,0.0008946285045991324,0.00018315514554149813,0.0005625840044157426,0.000892609753102708,0.0004908224498049836
CVCL_1495,2,"[('Vemurafenib', 0.05, 'uM')]",40,39.999999999999986,0.0005693774768709332,0.0005551430399491598,0.0005693774768709331,9.268492968783264e-05,0.00040033301177828305,0.0005662547871680946,0.0003626237444099282
CVCL_1495,2,"[('Volasertib', 0.05, 'uM')]",40,39.999999999999986,0.0005356564113115051,0.0005222650010287174,0.0005356564113115047,8.886216738910388e-05,0.00036151418277484957,0.0005105739461776531,0.0003335650213674772
CVCL_1495,2,"[('XRK3F2', 0.05, 'uM')]",40,39.999999999999986,0.0006018787368454179,0.0005868317684242828,0.000601878736845418,0.00010540470041447419,0.0005002832551341862,0.0007184517562719838,0.00045466006227736535
CVCL_1495,2,"[('palbociclib', 0.05, 'uM')]",40,39.999999999999986,0.0007834438228837316,0.0007638577273116385,0.0007834438228837318,0.0001505462055724903,0.0005863070994711698,0.0008934408145018744,0.0005256253919865786
CVCL_1495,2,"[('venetoclax', 0.05, 'uM')]",40,39.999999999999986,0.0009520131874348475,0.0009282128577489764,0.0009520131874348476,0.00024281222317369788,0.0008848527953162425,0.0013441238631746923,0.000798966573924403
CVCL_1495,2,"[('vincristine', 0.05, 'uM')]",40,39.999999999999986,0.0010591885948477732,0.0010327088799765795,0.0010591885948477734,0.00014842446930961385,0.0004806047849367024,0.0006990964550705046,0.00044408025125412245
CVCL_1531,2,"[('4EGI-1', 0.05, 'uM')]",40,39.999999999999986,0.0006712920390934952,0.0006545097381161578,0.000671292039093495,8.528394807017212e-05,0.004318463503103377,0.004246299511598075,0.004334423066359188
CVCL_1531,2,"[('9-ING-41', 0.05, 'uM')]",40,39.999999999999986,0.0010013117058996167,0.0009762789132521263,0.0010013117058996167,0.00010640966995553016,0.002597246847999619,0.0026506935816597767,0.0026794137009618613
CVCL_1531,2,"[('APTO-253', 0.05, 'uM')]",40,39.999999999999986,0.0005335559377951223,0.0005202170393502443,0.0005335559377951221,0.00011872367816047525,0.0040100946801925,0.004129335409468225,0.003981526062114661
CVCL_1531,2,"[('AT7519', 0.05, 'uM')]",40,39.999999999999986,0.0005006213789922445,0.0004881058445174383,0.0005006213789922443,0.00010144878806254989,0.002974603736621512,0.003091235126188433,0.0029705603608067292
CVCL_1531,2,"[('AZD-7648', 0.05, 'uM')]",40,39.999999999999986,0.0006348129982527476,0.000618942673296429,0.0006348129982527474,0.00012243983098517622,0.004598842720284207,0.004701984616773594,0.004636201109664606
CVCL_1531,2,"[('AZD-8055', 0.05, 'uM')]",40,39.999999999999986,0.0006982520105712914,0.0006807957103070093,0.0006982520105712916,0.0001306437892266604,0.003874509158479526,0.0038915294929332,0.003895579490592854
CVCL_1531,2,"[('AZD1390', 0.05, 'uM')]",40,39.999999999999986,0.0005438494899751889,0.0005302532527258094,0.000543849489975189,0.00010159479934025037,0.00374690130061639,0.0036867958525669655,0.003798533741012439
CVCL_1531,2,"[('AZD2858', 0.05, 'uM')]",40,39.999999999999986,0.0006041781405866288,0.0005890736870719631,0.0006041781405866287,0.0001071688825803933,0.0028540498825942715,0.0030371561745941886,0.0028050030885986513
CVCL_1531,2,"[('Adagrasib', 0.05, 'uM')]",40,39.999999999999986,0.0005187403540329351,0.0005057718451821119,0.000518740354032935,5.0681903887893886e-05,0.003582659626545672,0.003655908968019912,0.0036117091674105328
CVCL_1531,2,"[('Afatinib', 0.05, 'uM')]",40,39.999999999999986,0.0007792188620482478,0.0007597383904970417,0.000779218862048248,9.271350721231232e-05,0.002344574589924192,0.0025647961451673515,0.0022973381890090245
CVCL_1531,2,"[('Alpelisib', 0.05, 'uM')]",40,39.999999999999986,0.0006936907056638798,0.000676348438022283,0.0006936907056638796,0.00012013465142262728,0.004163054976605509,0.004127759377931959,0.004174165167861857
CVCL_1531,2,"[('Anastrozole', 0.05, 'uM')]",40,39.999999999999986,0.0005938431399821202,0.0005789970614825672,0.0005938431399821203,0.00010622269018850529,0.003224060188870173,0.003291527934968723,0.0032659228694687306
CVCL_1531,2,"[('BAY1125976', 0.05, 'uM')]",40,39.999999999999986,0.0006636335436439598,0.000647042705052861,0.0006636335436439598,0.00010500055916703004,0.002101170132953327,0.0021664033958938714,0.0021579446498104496
CVCL_1531,2,"[('BI-3406', 0.05, 'uM')]",40,39.999999999999986,0.0007524138008521918,0.000733603455830887,0.0007524138008521916,0.00011126663018344632,0.0030104113305940094,0.0031093941603010915,0.003029512145494547
CVCL_1531,2,"[('BI-78D3', 0.05, 'uM')]",40,39.999999999999986,0.0006775885773227384,0.0006606488628896701,0.0006775885773227386,0.00010545295806120993,0.0034728839348790058,0.003569971727303362,0.0035349102005559777
CVCL_1531,2,"[('Belumosudil (mesylate)', 0.05, 'uM')]",40,39.999999999999986,0.0008009995673139229,0.0007809745781310748,0.0008009995673139228,0.0001135209091427576,0.003033565566963601,0.003342414002609086,0.003077565261059005
CVCL_1531,2,"[('Bentamapimod', 0.05, 'uM')]",40,39.999999999999986,0.0007732155841881903,0.0007538851945834858,0.0007732155841881902,0.00013409762104855794,0.003789955077937225,0.003997264896969629,0.0037700008522233053
CVCL_1531,2,"[('Bimiralisib', 0.05, 'uM')]",40,39.999999999999986,0.0008581861763234994,0.000836731521915412,0.0008581861763234992,0.00017562558539345843,0.0025558513291172725,0.0026653199978660595,0.0025428519685205156
CVCL_1531,2,"[('Binimetinib', 0.05, 'uM')]",40,39.999999999999986,0.001318393699944898,0.0012854338574462762,0.001318393699944898,0.00032028833906260775,0.0036432588870501854,0.004080009733395736,0.003578877983863266
CVCL_1531,2,"[('Bortezomib', 0.05, 'uM')]",40,39.999999999999986,0.003990154338278333,0.003890400479821374,0.003990154338278333,0.0020288212313032414,0.0034612541986219353,0.004502385906106799,0.0033433410407428406
CVCL_1531,2,"[('Brivudine', 0.05, 'uM')]",40,39.999999999999986,0.0006075738960163855,0.0005923845486159758,0.0006075738960163854,9.850981615191011e-05,0.00504899938419406,0.00499416019641623,0.005065807370933585
CVCL_1531,2,"[('CP21R7', 0.05, 'uM')]",40,39.999999999999986,0.0005952213721663811,0.0005803408378622215,0.0005952213721663808,7.889858850624115e-05,0.00388263875536404,0.0040761047347629325,0.0038737410084034715
CVCL_1531,2,"[('Capivasertib', 0.05, 'uM')]",40,39.999999999999986,0.0006046734285022466,0.0005895565927896905,0.0006046734285022467,9.787626052181266e-05,0.003159913655283937,0.003228857528826804,0.0031838921495821104
CVCL_1531,2,"[('Capmatinib', 0.05, 'uM')]",40,39.999999999999986,0.0007934958868100351,0.0007736584896397841,0.0007934958868100349,8.831789425490884e-05,0.002921003859546916,0.002992108675065793,0.002983641173423814
CVCL_1531,2,"[('Celecoxib', 0.05, 'uM')]",40,39.999999999999986,0.0007290973734507943,0.0007108699391145247,0.0007290973734507941,0.00011260745091073945,0.0051802618842807105,0.005364101507283197,0.00518971174951977
CVCL_1531,2,"[('DT-061', 0.05, 'uM')]",40,39.999999999999986,0.0008072291520566076,0.0007870484232551928,0.0008072291520566079,8.906040718602462e-05,0.00405042204135354,0.004264229111271483,0.004096854192326291
CVCL_1531,2,"[('Dabrafenib', 0.05, 'uM')]",40,39.999999999999986,0.0007975168075361364,0.0007775788873477332,0.0007975168075361364,0.00012202259690958952,0.0031157041150373546,0.003010100819903407,0.0031446392336146006
CVCL_1531,2,"[('ERK5-IN-2', 0.05, 'uM')]",40,39.999999999999986,0.0006875774688264383,0.0006703880321057772,0.0006875774688264382,0.00013153315461918646,0.0029011519077374605,0.002887625471788157,0.002895966584503529
CVCL_1531,2,"[('ETC-206', 0.05, 'uM')]",40,39.999999999999986,0.0004699636507688049,0.0004582145594995849,0.00046996365076880495,7.9062632425009e-05,0.002822196668814738,0.0028560523159392205,0.0028505633191710238
CVCL_1531,2,"[('EX229', 0.05, 'uM')]",40,39.999999999999986,0.0011333580677519708,0.001105024116058172,0.0011333580677519712,0.00019873868584530896,0.00414093709014538,0.004365355713143622,0.0041562991221154475
CVCL_1531,2,"[('Elimusertib hydrochloride', 0.05, 'uM')]",40,39.999999999999986,0.0017463746190824387,0.0017027152536053785,0.0017463746190824383,0.00039297211847072423,0.0043649311943548905,0.00493369988516663,0.0043474324031360576
CVCL_1531,2,"[('Encorafenib', 0.05, 'uM')]",40,39.999999999999986,0.0005754193547096865,0.0005610338708419445,0.0005754193547096864,0.00010904973106237667,0.002521532015142772,0.002470828768508117,0.002558379356730651
CVCL_1531,2,"[('Erdafitinib ', 0.05, 'uM')]",40,39.999999999999986,0.0005794480760338597,0.0005649618741330134,0.0005794480760338597,9.378849503604044e-05,0.003666945980193716,0.0038061233469828763,0.003651872914024464
CVCL_1531,2,"[('Everolimus', 0.05, 'uM')]",40,39.999999999999986,0.0005899261243698235,0.0005751779712605781,0.0005899261243698234,8.042802790804019e-05,0.002616157236770822,0.0026896080276363255,0.002628183363831328
CVCL_1531,2,"[('Futibatinib', 0.05, 'uM')]",40,39.999999999999986,0.0006122768033757697,0.0005969698832913758,0.0006122768033757697,0.00017162498262684022,0.004291334849503577,0.004467467626843936,0.004338422476453608
CVCL_1531,2,"[('GSK1059615', 0.05, 'uM')]",40,39.999999999999986,0.0007055038743685733,0.000687866277509359,0.000705503874368573,0.00013049842299063535,0.0023879095917065623,0.0024657276702076663,0.0024222392803002744
CVCL_1531,2,"[('Gemcitabine', 0.05, 'uM')]",40,39.999999999999986,0.0006312523807697531,0.0006154710712505095,0.0006312523807697531,0.00012323671320741848,0.0019771694264459926,0.002079065464305857,0.001983266975996401
CVCL_1531,2,"[('HI-TOPK-032', 0.05, 'uM')]",40,39.999999999999986,0.0008961199994638216,0.0008737169994772262,0.0008961199994638217,0.0001445368232208464,0.005012163067136029,0.005360045567211314,0.005019464956142708
CVCL_1531,2,"[('IQ 1', 0.05, 'uM')]",40,39.999999999999986,0.0006172916594710763,0.0006018593679842996,0.0006172916594710761,0.00013151646439119995,0.0020637573613619528,0.0021634045648114874,0.002082503590650953
CVCL_1531,2,"[('Infigratinib', 0.05, 'uM')]",40,39.999999999999986,0.0006506275040732018,0.0006343618164713719,0.0006506275040732019,0.00017122352900700825,0.002811543737353291,0.0030894763651977443,0.002798757696468036
CVCL_1531,2,"[('Ipatasertib', 0.05, 'uM')]",40,39.999999999999986,0.0008140771432714575,0.0007937252146896713,0.0008140771432714576,0.00013803776586279005,0.0035145766306782684,0.0037914750945283386,0.0035600380400508556
CVCL_1531,2,"[('Irinotecan', 0.05, 'uM')]",40,39.999999999999986,0.0005551572874532311,0.0005412783552669002,0.000555157287453231,9.346930849385356e-05,0.002916540701971646,0.002998487117369677,0.0029134359751728078
CVCL_1531,2,"[('Ixazomib', 0.05, 'uM')]",40,39.999999999999986,0.0009246696975824758,0.0009015529551429139,0.0009246696975824759,0.00011736716511694327,0.004419993781659155,0.004491422774851725,0.004452632719582591
CVCL_1531,2,"[('LB-100', 0.05, 'uM')]",40,39.999999999999986,0.00047118435929057107,0.0004594047503083069,0.00047118435929057107,9.080187445436633e-05,0.0025677124789172316,0.00267912615437618,0.00259285910750801
CVCL_1531,2,"[('LJI308', 0.05, 'uM')]",40,39.999999999999986,0.0009882775065536288,0.0009635705688897883,0.0009882775065536288,0.000280156828532019,0.002876686043731777,0.003319182313782638,0.0028726354650224026
CVCL_1531,2,"[('LY-2584702 (tosylate salt)', 0.05, 'uM')]",40,39.999999999999986,0.0007215496852429336,0.0007035109431118606,0.0007215496852429336,0.00012132460341349715,0.003094800852075863,0.0031094140020022382,0.0031141725377198475
CVCL_1531,2,"[('LY2090314', 0.05, 'uM')]",40,39.999999999999986,0.0006486177134600416,0.0006324022706235405,0.0006486177134600413,9.367095187817359e-05,0.005488996120281824,0.0056416280830686154,0.005555993045885495
CVCL_1531,2,"[('Lapatinib ditosylate', 0.05, 'uM')]",40,39.999999999999986,0.0005498743978207981,0.0005361275378752785,0.000549874397820798,7.474245211986533e-05,0.003372980572803748,0.0034964053244822837,0.0033514972163799506
CVCL_1531,2,"[('Lonafarnib', 0.05, 'uM')]",40,39.999999999999986,0.0005898328381098219,0.0005750870171570764,0.0005898328381098217,0.00011739909243259336,0.0036632687737663213,0.0037352755932780943,0.0037421051253475604
CVCL_1531,2,"[('MK-3903', 0.05, 'uM')]",40,39.999999999999986,0.0007491472183319397,0.0007304185378736413,0.0007491472183319398,0.00013621959925424847,0.0037155149586076152,0.0037281003332680952,0.00375066193153617
CVCL_1531,2,"[('MK-8353', 0.05, 'uM')]",40,39.999999999999986,0.0005788665343102241,0.0005643948709524687,0.0005788665343102241,0.00010362423050841074,0.0040334149590944505,0.0041428840061259005,0.004026627288920014
CVCL_1531,2,"[('ML264', 0.05, 'uM')]",40,39.999999999999986,0.0006098890066840557,0.0005946417815169546,0.0006098890066840558,0.00012047089714320306,0.0035274458868507362,0.0037457112832177506,0.003520537991388516
CVCL_1531,2,"[('Minodronic acid', 0.05, 'uM')]",40,39.999999999999986,0.000687089199858009,0.0006699119698615588,0.0006870891998580089,0.00013226516176457204,0.007629169597951199,0.007718804776531229,0.007620505636968215
CVCL_1531,2,"[('NG25', 0.05, 'uM')]",40,39.999999999999986,0.0007359722463799053,0.0007175729402204077,0.0007359722463799051,0.000146828047547863,0.0027060743809161265,0.0027608508625597042,0.0027307604704074244
CVCL_1531,2,"[('NVP-BHG712', 0.05, 'uM')]",40,39.999999999999986,0.0006819948597235236,0.0006649449882304354,0.0006819948597235234,0.00011395777809909977,0.003670774780960459,0.003779221730324647,0.0037184347286870595
CVCL_1531,2,"[('OTS514', 0.05, 'uM')]",40,39.999999999999986,0.0007081935643308574,0.000690488725222586,0.0007081935643308573,0.00022518037916457784,0.004171861221047923,0.004396515868042414,0.004184225291851777
CVCL_1531,2,"[('Oleic acid', 0.05, 'uM')]",40,39.999999999999986,0.0006442498715331972,0.0006281436247448673,0.000644249871533197,0.00011911699516273117,0.006098219160899751,0.006032293039323644,0.0061713349746753896
CVCL_1531,2,"[('Oxaliplatin', 0.05, 'uM')]",40,39.999999999999986,0.0006510846454429761,0.0006348075293069017,0.0006510846454429759,0.00015073819099151203,0.003124766345554139,0.0033207423339035114,0.003135079204520146
CVCL_1531,2,"[('PH-797804', 0.05, 'uM')]",40,39.999999999999986,0.0006094740838751197,0.0005942372317782418,0.00060947408387512,8.323392777697603e-05,0.004810561197191018,0.0049715894664654585,0.004889607737033297
CVCL_1531,2,"[('Paclitaxel', 0.05, 'uM')]",40,39.999999999999986,0.0005545105933688414,0.0005406478285346204,0.0005545105933688413,0.0001334176098444684,0.002820701010545642,0.0028708339221369798,0.002839332901621674
CVCL_1531,2,"[('Pemigatinib', 0.05, 'uM')]",40,39.999999999999986,0.0007908258391354289,0.0007710551931570433,0.0007908258391354289,0.0001461250691054722,0.002989764706304748,0.0030744868401475414,0.0029963837438622956
CVCL_1531,2,"[('Pimitespib', 0.05, 'uM')]",40,39.999999999999986,0.0006479661939374863,0.0006317670390890496,0.0006479661939374864,0.0001113482978792711,0.0035882362740912747,0.0037311374560187877,0.003593283864875493
CVCL_1531,2,"[('Pralsetinib', 0.05, 'uM')]",40,39.999999999999986,0.0007477066323814583,0.000729013966571922,0.0007477066323814585,0.00010201538111693593,0.0028830290852764995,0.0029410342672101623,0.0028783074166210945
CVCL_1531,2,"[('RMC-6236', 0.05, 'uM')]",40,39.999999999999986,0.00075242413652729,0.0007336135331141081,0.0007524241365272899,0.0001501993804633804,0.0052149903214134576,0.005530244028437724,0.005254790666449753
CVCL_1531,2,"[('Regorafenib', 0.05, 'uM')]",40,39.999999999999986,0.0006431287952923727,0.0006270505754100638,0.0006431287952923728,0.00010263330206537246,0.002595484290119866,0.002591161726071991,0.0026339214643706682
CVCL_1531,2,"[('SBI-0640756', 0.05, 'uM')]",40,39.999999999999986,0.0006159688714501606,0.0006005696496639068,0.0006159688714501608,8.628997674324488e-05,0.002583871066175512,0.002685433153025207,0.0026013319876236345
CVCL_1531,2,"[('Sapanisertib', 0.05, 'uM')]",40,39.999999999999986,0.0008590320959377341,0.0008375562935392911,0.0008590320959377341,0.00019606276942631533,0.00236633892619134,0.0024508009657905677,0.002402289301203327
CVCL_1531,2,"[('Sonidegib', 0.05, 'uM')]",39,39.000000000000014,0.00782578116494933,0.007625120109437808,0.00782578116494933,0.000562273611027242,0.03406111055017752,0.03482138101343574,0.03401423595160617
CVCL_1531,2,"[('TAK-733', 0.05, 'uM')]",40,39.999999999999986,0.0006908249717127635,0.0006735543474199445,0.0006908249717127635,0.00013506669266583946,0.002397022001400331,0.0025506572845826916,0.0024079512054486713
CVCL_1531,2,"[('TAK-901', 0.05, 'uM')]",40,39.999999999999986,0.0013144754895534501,0.0012816136023146142,0.0013144754895534501,0.00025508377121023085,0.003127765982434994,0.003215535970202959,0.0031699076040175747
CVCL_1531,2,"[('Temuterkib', 0.05, 'uM')]",40,39.999999999999986,0.0006111735890703851,0.0005958942493436256,0.000611173589070385,0.0001214756311966478,0.0029134342287504018,0.0029990152985741193,0.002943854660722078
CVCL_1531,2,"[('Tomivosertib', 0.05, 'uM')]",40,39.999999999999986,0.0006718746101290515,0.0006550777448758255,0.0006718746101290516,0.0001439594939511298,0.003393409553620673,0.003408861535117218,0.0033810980403540924
CVCL_1531,2,"[('Torkinib', 0.05, 'uM')]",40,39.999999999999986,0.0006480946035692064,0.0006318922384799765,0.0006480946035692067,0.00012629032059295993,0.003684347441305459,0.0037567050847705286,0.003695230665831748
CVCL_1531,2,"[('Trametinib', 0.05, 'uM')]",40,39.999999999999986,0.0008618152052585941,0.0008402698251271298,0.0008618152052585941,0.00017896937962828745,0.003238322303525142,0.0037851420921851254,0.0032126479740573017
CVCL_1531,2,"[('Tubulin inhibitor 6', 0.05, 'uM')]",40,39.999999999999986,0.0005565953813913445,0.0005426804968565609,0.0005565953813913445,8.343246913270277e-05,0.006270411786936649,0.006548756772334108,0.00627643300146246
CVCL_1531,2,"[('Tucatinib', 0.05, 'uM')]",40,39.999999999999986,0.0006409002049509494,0.0006248776998271758,0.0006409002049509495,0.00011140759537299545,0.00275741102664553,0.0027411679264094315,0.002796345466931074
CVCL_1531,2,"[('ULK-101', 0.05, 'uM')]",40,39.999999999999986,0.0008946285045991324,0.0008722627919841544,0.0008946285045991324,0.00018315514554149813,0.002693792318959026,0.0027040093547617775,0.002708268107962752
CVCL_1531,2,"[('Vemurafenib', 0.05, 'uM')]",40,39.999999999999986,0.0005693774768709332,0.0005551430399491598,0.0005693774768709331,9.268492968783264e-05,0.003252267390870041,0.0032718660082499645,0.0032409150939861106
CVCL_1531,2,"[('Volasertib', 0.05, 'uM')]",40,39.999999999999986,0.0005356564113115051,0.0005222650010287174,0.0005356564113115047,8.886216738910388e-05,0.004326484210474755,0.004317913617444034,0.004331426153272603
CVCL_1531,2,"[('XRK3F2', 0.05, 'uM')]",40,39.999999999999986,0.0006018787368454179,0.0005868317684242828,0.000601878736845418,0.00010540470041447419,0.0027429257551966975,0.0028982598615304197,0.0027837822595736137
CVCL_1531,2,"[('palbociclib', 0.05, 'uM')]",40,39.999999999999986,0.0007834438228837316,0.0007638577273116385,0.0007834438228837318,0.0001505462055724903,0.004553211383955963,0.004540735058097211,0.0045632793440135945
CVCL_1531,2,"[('venetoclax', 0.05, 'uM')]",40,39.999999999999986,0.0009520131874348475,0.0009282128577489764,0.0009520131874348476,0.00024281222317369788,0.003264833662019214,0.0036390287508225212,0.0032255471556930635
CVCL_1531,2,"[('vincristine', 0.05, 'uM')]",40,39.999999999999986,0.0010591885948477732,0.0010327088799765795,0.0010591885948477734,0.00014842446930961385,0.0032983287312091498,0.003446298479650691,0.0033680916389873866
CVCL_1550,2,"[('4EGI-1', 0.05, 'uM')]",40,39.999999999999986,0.0006712920390934952,0.0006545097381161578,0.000671292039093495,8.528394807017212e-05,0.0002021827312449526,0.0002254704309138112,0.00021863369884945035
CVCL_1550,2,"[('9-ING-41', 0.05, 'uM')]",40,39.999999999999986,0.0010013117058996167,0.0009762789132521263,0.0010013117058996167,0.00010640966995553016,0.00023269425681987548,0.00027755688914964625,0.00022873637499025475
CVCL_1550,2,"[('APTO-253', 0.05, 'uM')]",40,39.999999999999986,0.0005335559377951223,0.0005202170393502443,0.0005335559377951221,0.00011872367816047525,0.0002335403344346917,0.00038948857224454055,0.00022651818890705207
CVCL_1550,2,"[('AT7519', 0.05, 'uM')]",40,39.999999999999986,0.0005006213789922445,0.0004881058445174383,0.0005006213789922443,0.00010144878806254989,0.00018508574833593872,0.00023126975380366493,0.00017609240152024352
CVCL_1550,2,"[('AZD-7648', 0.05, 'uM')]",40,39.999999999999986,0.0006348129982527476,0.000618942673296429,0.0006348129982527474,0.00012243983098517622,0.00018853281612425015,0.0003078990722721315,0.00018593477334478931
CVCL_1550,2,"[('AZD-8055', 0.05, 'uM')]",40,39.999999999999986,0.0006982520105712914,0.0006807957103070093,0.0006982520105712916,0.0001306437892266604,0.0003059058242926125,0.00040172291136958914,0.0002928847056262055
CVCL_1550,2,"[('AZD1390', 0.05, 'uM')]",40,39.999999999999986,0.0005438494899751889,0.0005302532527258094,0.000543849489975189,0.00010159479934025037,0.00026934323564186893,0.00033082544266797474,0.0002524135168041579
CVCL_1550,2,"[('AZD2858', 0.05, 'uM')]",40,39.999999999999986,0.0006041781405866288,0.0005890736870719631,0.0006041781405866287,0.0001071688825803933,0.00016503108590849362,0.00021809426139775606,0.00017719346181227716
CVCL_1550,2,"[('Adagrasib', 0.05, 'uM')]",40,39.999999999999986,0.0005187403540329351,0.0005057718451821119,0.000518740354032935,5.0681903887893886e-05,0.00010397273143699207,0.00012404030023606467,9.91091675986075e-05
CVCL_1550,2,"[('Afatinib', 0.05, 'uM')]",40,39.999999999999986,0.0007792188620482478,0.0007597383904970417,0.000779218862048248,9.271350721231232e-05,0.00030246500765439196,0.0003689691191242209,0.0002997337841779066
CVCL_1550,2,"[('Alpelisib', 0.05, 'uM')]",40,39.999999999999986,0.0006936907056638798,0.000676348438022283,0.0006936907056638796,0.00012013465142262728,0.00021346596168250588,0.00025388201973094765,0.00021019022128474223
CVCL_1550,2,"[('Anastrozole', 0.05, 'uM')]",40,39.999999999999986,0.0005938431399821202,0.0005789970614825672,0.0005938431399821203,0.00010622269018850529,0.00023753355206005756,0.00035628637581652887,0.00020618385157655266
CVCL_1550,2,"[('BAY1125976', 0.05, 'uM')]",40,39.999999999999986,0.0006636335436439598,0.000647042705052861,0.0006636335436439598,0.00010500055916703004,0.0002437052686412005,0.000287949860921768,0.00025286246517531766
CVCL_1550,2,"[('BI-3406', 0.05, 'uM')]",40,39.999999999999986,0.0007524138008521918,0.000733603455830887,0.0007524138008521916,0.00011126663018344632,0.00025772121762070567,0.0003109628177310879,0.0002599184413935261
CVCL_1550,2,"[('BI-78D3', 0.05, 'uM')]",40,39.999999999999986,0.0006775885773227384,0.0006606488628896701,0.0006775885773227386,0.00010545295806120993,0.00028378342140792946,0.00034924931032042814,0.0002797684202806526
CVCL_1550,2,"[('Belumosudil (mesylate)', 0.05, 'uM')]",40,39.999999999999986,0.0008009995673139229,0.0007809745781310748,0.0008009995673139228,0.0001135209091427576,0.0002004507302859325,0.00019181851546838817,0.00023642725659249266
CVCL_1550,2,"[('Belzutifan', 0.05, 'uM')]",39,39.000000000000014,0.004177825750830477,0.004070702013629697,0.004177825750830478,0.0001788737759420706,0.0008433077489811501,0.0008703156717482747,0.0010044062103318342
CVCL_1550,2,"[('Bentamapimod', 0.05, 'uM')]",40,39.999999999999986,0.0007732155841881903,0.0007538851945834858,0.0007732155841881902,0.00013409762104855794,0.0002219840589415374,0.00027232116533884376,0.00025776304821260973
CVCL_1550,2,"[('Bimiralisib', 0.05, 'uM')]",40,39.999999999999986,0.0008581861763234994,0.000836731521915412,0.0008581861763234992,0.00017562558539345843,0.0004138125328723115,0.0005395134988504807,0.0003776354943930764
CVCL_1550,2,"[('Binimetinib', 0.05, 'uM')]",40,39.999999999999986,0.001318393699944898,0.0012854338574462762,0.001318393699944898,0.00032028833906260775,0.0007056552578370408,0.0010208910629397527,0.0006120077403624991
CVCL_1550,2,"[('Bortezomib', 0.05, 'uM')]",40,39.999999999999986,0.003990154338278333,0.003890400479821374,0.003990154338278333,0.0020288212313032414,0.0022290537053819225,0.004738628877047828,0.0019066103457653788
CVCL_1550,2,"[('Brivudine', 0.05, 'uM')]",40,39.999999999999986,0.0006075738960163855,0.0005923845486159758,0.0006075738960163854,9.850981615191011e-05,0.00023862832185778484,0.0003043667561642929,0.00024363957466627757
CVCL_1550,2,"[('CP21R7', 0.05, 'uM')]",40,39.999999999999986,0.0005952213721663811,0.0005803408378622215,0.0005952213721663808,7.889858850624115e-05,0.00018915808177057852,0.00023680203750015144,0.00020181000232528628
CVCL_1550,2,"[('Capivasertib', 0.05, 'uM')]",40,39.999999999999986,0.0006046734285022466,0.0005895565927896905,0.0006046734285022467,9.787626052181266e-05,0.00023422584788791766,0.0002645489204313092,0.00023204293838719798
CVCL_1550,2,"[('Capmatinib', 0.05, 'uM')]",40,39.999999999999986,0.0007934958868100351,0.0007736584896397841,0.0007934958868100349,8.831789425490884e-05,0.0002803779302855647,0.0003306156774850432,0.0002554529541547962
CVCL_1550,2,"[('Celecoxib', 0.05, 'uM')]",40,39.999999999999986,0.0007290973734507943,0.0007108699391145247,0.0007290973734507941,0.00011260745091073945,0.00016480778119604445,0.00024287777906331526,0.00017165002404419868
CVCL_1550,2,"[('DT-061', 0.05, 'uM')]",40,39.999999999999986,0.0008072291520566076,0.0007870484232551928,0.0008072291520566079,8.906040718602462e-05,0.00017435388829899168,0.00023729281377368608,0.00017798328927786197
CVCL_1550,2,"[('DTP3', 0.05, 'uM')]",25,25.000000000000007,0.018017508742656445,0.017296808392950187,0.018017508742656445,0.000743799300500709,0.009580573306586572,0.00858330791865741,0.010250975910903489
CVCL_1550,2,"[('Dabrafenib', 0.05, 'uM')]",40,39.999999999999986,0.0007975168075361364,0.0007775788873477332,0.0007975168075361364,0.00012202259690958952,0.0002994376731394794,0.000375321745131491,0.0002999472059419297
CVCL_1550,2,"[('ERK5-IN-2', 0.05, 'uM')]",40,39.999999999999986,0.0006875774688264383,0.0006703880321057772,0.0006875774688264382,0.00013153315461918646,0.0003798678087920744,0.0004783755805900534,0.00035021474512424313
CVCL_1550,2,"[('ETC-206', 0.05, 'uM')]",40,39.999999999999986,0.0004699636507688049,0.0004582145594995849,0.00046996365076880495,7.9062632425009e-05,0.00018451044808074932,0.00025262991763005916,0.00018035102450235813
CVCL_1550,2,"[('EX229', 0.05, 'uM')]",40,39.999999999999986,0.0011333580677519708,0.001105024116058172,0.0011333580677519712,0.00019873868584530896,0.0003787087050664102,0.000462868356719969,0.0004000239642878319
CVCL_1550,2,"[('Elimusertib hydrochloride', 0.05, 'uM')]",40,39.999999999999986,0.0017463746190824387,0.0017027152536053785,0.0017463746190824383,0.00039297211847072423,0.0009338581731296795,0.0012726985734265006,0.0008575219458719458
CVCL_1550,2,"[('Encorafenib', 0.05, 'uM')]",40,39.999999999999986,0.0005754193547096865,0.0005610338708419445,0.0005754193547096864,0.00010904973106237667,0.0002569464345546024,0.0002936812573247577,0.0002684048691898581
CVCL_1550,2,"[('Erdafitinib ', 0.05, 'uM')]",40,39.999999999999986,0.0005794480760338597,0.0005649618741330134,0.0005794480760338597,9.378849503604044e-05,0.00020513775440202076,0.0002819298671232714,0.0002074138848633269
CVCL_1550,2,"[('Everolimus', 0.05, 'uM')]",40,39.999999999999986,0.0005899261243698235,0.0005751779712605781,0.0005899261243698234,8.042802790804019e-05,0.00017609984482630593,0.00021065747998022416,0.0001871605761641528
CVCL_1550,2,"[('Futibatinib', 0.05, 'uM')]",40,39.999999999999986,0.0006122768033757697,0.0005969698832913758,0.0006122768033757697,0.00017162498262684022,0.0002186991311183023,0.0002877965187940181,0.00021621953159920554
CVCL_1550,2,"[('GSK1059615', 0.05, 'uM')]",40,39.999999999999986,0.0007055038743685733,0.000687866277509359,0.000705503874368573,0.00013049842299063535,0.00024237975263284898,0.00027275373305587494,0.00024852484145812797
CVCL_1550,2,"[('Gemcitabine', 0.05, 'uM')]",40,39.999999999999986,0.0006312523807697531,0.0006154710712505095,0.0006312523807697531,0.00012323671320741848,0.00027225479411079604,0.0003410976518243133,0.00025505267750891515
CVCL_1550,2,"[('HI-TOPK-032', 0.05, 'uM')]",40,39.999999999999986,0.0008961199994638216,0.0008737169994772262,0.0008961199994638217,0.0001445368232208464,0.0002866469996822773,0.0004419338911867252,0.00030611289194074754
CVCL_1550,2,"[('Hydroxyfasudil', 0.05, 'uM')]",38,38.0,0.0033294271348194657,0.0032418106312715853,0.0033294271348194653,0.0002640176398589715,0.002501544172517077,0.0027403241347256613,0.00255627282061742
CVCL_1550,2,"[('IQ 1', 0.05, 'uM')]",40,39.999999999999986,0.0006172916594710763,0.0006018593679842996,0.0006172916594710761,0.00013151646439119995,0.0002894618748369876,0.00036612861427068186,0.00030018156261259074
CVCL_1550,2,"[('Infigratinib', 0.05, 'uM')]",40,39.999999999999986,0.0006506275040732018,0.0006343618164713719,0.0006506275040732019,0.00017122352900700825,0.0003832502707931155,0.0005853347419505577,0.00039151594503546936
CVCL_1550,2,"[('Ipatasertib', 0.05, 'uM')]",40,39.999999999999986,0.0008140771432714575,0.0007937252146896713,0.0008140771432714576,0.00013803776586279005,0.00021980389558504576,0.00027924396513709636,0.00025406244848914463
CVCL_1550,2,"[('Irinotecan', 0.05, 'uM')]",40,39.999999999999986,0.0005551572874532311,0.0005412783552669002,0.000555157287453231,9.346930849385356e-05,0.00019921970374184883,0.0002482980671687014,0.00020222962497488562
CVCL_1550,2,"[('Ixazomib', 0.05, 'uM')]",40,39.999999999999986,0.0009246696975824758,0.0009015529551429139,0.0009246696975824759,0.00011736716511694327,0.000281490961565107,0.0003420272900647994,0.000296127132547993
CVCL_1550,2,"[('LB-100', 0.05, 'uM')]",40,39.999999999999986,0.00047118435929057107,0.0004594047503083069,0.00047118435929057107,9.080187445436633e-05,0.00017466159233443896,0.00027314954852345315,0.00016220359619209418
CVCL_1550,2,"[('LJI308', 0.05, 'uM')]",40,39.999999999999986,0.0009882775065536288,0.0009635705688897883,0.0009882775065536288,0.000280156828532019,0.0003493953490197137,0.0004402435246062304,0.00036798124412326357
CVCL_1550,2,"[('LY-2584702 (tosylate salt)', 0.05, 'uM')]",40,39.999999999999986,0.0007215496852429336,0.0007035109431118606,0.0007215496852429336,0.00012132460341349715,0.00022756430565051917,0.00025598305858871937,0.00023376416334070028
CVCL_1550,2,"[('LY2090314', 0.05, 'uM')]",40,39.999999999999986,0.0006486177134600416,0.0006324022706235405,0.0006486177134600413,9.367095187817359e-05,0.00020070449479083115,0.0002735630825175098,0.00019946370067777701
CVCL_1550,2,"[('Lapatinib ditosylate', 0.05, 'uM')]",40,39.999999999999986,0.0005498743978207981,0.0005361275378752785,0.000549874397820798,7.474245211986533e-05,0.00017804216814276954,0.00020234519354234476,0.0001801665395222325
CVCL_1550,2,"[('Lonafarnib', 0.05, 'uM')]",40,39.999999999999986,0.0005898328381098219,0.0005750870171570764,0.0005898328381098217,0.00011739909243259336,0.0003197839790718789,0.00046876115241317983,0.00029138320085382894
CVCL_1550,2,"[('MK-3903', 0.05, 'uM')]",40,39.999999999999986,0.0007491472183319397,0.0007304185378736413,0.0007491472183319398,0.00013621959925424847,0.0003152133490446444,0.00040577340683497376,0.0002855960229125347
CVCL_1550,2,"[('MK-8353', 0.05, 'uM')]",40,39.999999999999986,0.0005788665343102241,0.0005643948709524687,0.0005788665343102241,0.00010362423050841074,0.00018136510312770381,0.0002572479959600131,0.00018244685100365923
CVCL_1550,2,"[('ML264', 0.05, 'uM')]",40,39.999999999999986,0.0006098890066840557,0.0005946417815169546,0.0006098890066840558,0.00012047089714320306,0.00031962393997832906,0.0003977086396527232,0.0003049391943142855
CVCL_1550,2,"[('Methylprednisolone succinate', 0.05, 'uM')]",22,22.0,0.02252307287874795,0.021499296838804867,0.02252307287874795,0.0012790927108153806,0.010945934241904204,0.010008295776768256,0.01251370602363475
CVCL_1550,2,"[('Minodronic acid', 0.05, 'uM')]",40,39.999999999999986,0.000687089199858009,0.0006699119698615588,0.0006870891998580089,0.00013226516176457204,0.00025159117893826965,0.00038972181914393735,0.00023606521112317833
CVCL_1550,2,"[('NG25', 0.05, 'uM')]",40,39.999999999999986,0.0007359722463799053,0.0007175729402204077,0.0007359722463799051,0.000146828047547863,0.0002479613614397798,0.0003067095955354302,0.00024381577360222116
CVCL_1550,2,"[('NVP-BHG712', 0.05, 'uM')]",40,39.999999999999986,0.0006819948597235236,0.0006649449882304354,0.0006819948597235234,0.00011395777809909977,0.0002846769529758819,0.0003546670258004937,0.00026800764988511074
CVCL_1550,2,"[('OTS514', 0.05, 'uM')]",40,39.999999999999986,0.0007081935643308574,0.000690488725222586,0.0007081935643308573,0.00022518037916457784,0.0002828714884624008,0.00039147244286996,0.0002612989932620672
CVCL_1550,2,"[('Oleic acid', 0.05, 'uM')]",40,39.999999999999986,0.0006442498715331972,0.0006281436247448673,0.000644249871533197,0.00011911699516273117,0.00020193899015292195,0.00032843626680671505,0.00019500341094155326
CVCL_1550,2,"[('Oxaliplatin', 0.05, 'uM')]",40,39.999999999999986,0.0006510846454429761,0.0006348075293069017,0.0006510846454429759,0.00015073819099151203,0.0002529653682934376,0.0003382096709511243,0.0002501460029353203
CVCL_1550,2,"[('PH-797804', 0.05, 'uM')]",40,39.999999999999986,0.0006094740838751197,0.0005942372317782418,0.00060947408387512,8.323392777697603e-05,0.00019494564962503353,0.000256819235669306,0.00019387353960671462
CVCL_1550,2,"[('Paclitaxel', 0.05, 'uM')]",40,39.999999999999986,0.0005545105933688414,0.0005406478285346204,0.0005545105933688413,0.0001334176098444684,0.0002457203905803416,0.00036654601542591704,0.00022833867596235217
CVCL_1550,2,"[('Pemigatinib', 0.05, 'uM')]",40,39.999999999999986,0.0007908258391354289,0.0007710551931570433,0.0007908258391354289,0.0001461250691054722,0.00018401685342652054,0.00021732240215746246,0.0002022651960027197
CVCL_1550,2,"[('Pimitespib', 0.05, 'uM')]",40,39.999999999999986,0.0006479661939374863,0.0006317670390890496,0.0006479661939374864,0.0001113482978792711,0.00020045123510892322,0.00022850408626876696,0.00022403999071633185
CVCL_1550,2,"[('Pralsetinib', 0.05, 'uM')]",40,39.999999999999986,0.0007477066323814583,0.000729013966571922,0.0007477066323814585,0.00010201538111693593,0.0002386692515398707,0.000281954417700287,0.00022209549565047263
CVCL_1550,2,"[('RMC-6236', 0.05, 'uM')]",40,39.999999999999986,0.00075242413652729,0.0007336135331141081,0.0007524241365272899,0.0001501993804633804,0.0003466565490637176,0.000469551397609993,0.00031997397123179516
CVCL_1550,2,"[('Regorafenib', 0.05, 'uM')]",40,39.999999999999986,0.0006431287952923727,0.0006270505754100638,0.0006431287952923728,0.00010263330206537246,0.00022639864315915326,0.0003281397697548391,0.00023196415969519913
CVCL_1550,2,"[('SBI-0640756', 0.05, 'uM')]",40,39.999999999999986,0.0006159688714501606,0.0006005696496639068,0.0006159688714501608,8.628997674324488e-05,0.00017570849710429675,0.00022033200031339485,0.0001897720948548121
CVCL_1550,2,"[('Sapanisertib', 0.05, 'uM')]",40,39.999999999999986,0.0008590320959377341,0.0008375562935392911,0.0008590320959377341,0.00019606276942631533,0.000410582227753399,0.0006043571275331865,0.0004195604317625624
CVCL_1550,2,"[('Sonidegib', 0.05, 'uM')]",39,39.000000000000014,0.00782578116494933,0.007625120109437808,0.00782578116494933,0.000562273611027242,0.0019749070739941512,0.001998950487144013,0.002128805024391669
CVCL_1550,2,"[('TAK-733', 0.05, 'uM')]",40,39.999999999999986,0.0006908249717127635,0.0006735543474199445,0.0006908249717127635,0.00013506669266583946,0.00030394138389677695,0.00038923446639929665,0.0002814034977499185
CVCL_1550,2,"[('TAK-901', 0.05, 'uM')]",40,39.999999999999986,0.0013144754895534501,0.0012816136023146142,0.0013144754895534501,0.00025508377121023085,0.0010180714492725796,0.0013354040946582269,0.0009033910554993443
CVCL_1550,2,"[('Temuterkib', 0.05, 'uM')]",40,39.999999999999986,0.0006111735890703851,0.0005958942493436256,0.000611173589070385,0.0001214756311966478,0.00022169756740895945,0.0003204536966040493,0.00022120635510760553
CVCL_1550,2,"[('Tomivosertib', 0.05, 'uM')]",40,39.999999999999986,0.0006718746101290515,0.0006550777448758255,0.0006718746101290516,0.0001439594939511298,0.00023048921057062152,0.000283593941029732,0.00023770843172416783
CVCL_1550,2,"[('Torkinib', 0.05, 'uM')]",40,39.999999999999986,0.0006480946035692064,0.0006318922384799765,0.0006480946035692067,0.00012629032059295993,0.0003891693762992542,0.0005096344818515298,0.00035251659391488297
CVCL_1550,2,"[('Trametinib', 0.05, 'uM')]",40,39.999999999999986,0.0008618152052585941,0.0008402698251271298,0.0008618152052585941,0.00017896937962828745,0.00039185074930909287,0.0005135687316802071,0.0003568177807598147
CVCL_1550,2,"[('Tubulin inhibitor 6', 0.05, 'uM')]",40,39.999999999999986,0.0005565953813913445,0.0005426804968565609,0.0005565953813913445,8.343246913270277e-05,0.00017537769935911811,0.00022513529555004473,0.0001770111268131463
CVCL_1550,2,"[('Tucatinib', 0.05, 'uM')]",40,39.999999999999986,0.0006409002049509494,0.0006248776998271758,0.0006409002049509495,0.00011140759537299545,0.00026966671005778926,0.00031678031632807844,0.00026636246931001324
CVCL_1550,2,"[('ULK-101', 0.05, 'uM')]",40,39.999999999999986,0.0008946285045991324,0.0008722627919841544,0.0008946285045991324,0.00018315514554149813,0.0002734846876745689,0.000373737109864085,0.0003011210115165465
CVCL_1550,2,"[('Vemurafenib', 0.05, 'uM')]",40,39.999999999999986,0.0005693774768709332,0.0005551430399491598,0.0005693774768709331,9.268492968783264e-05,0.00022237293938065953,0.0002793332472867625,0.0002090562931932557
CVCL_1550,2,"[('Volasertib', 0.05, 'uM')]",40,39.999999999999986,0.0005356564113115051,0.0005222650010287174,0.0005356564113115047,8.886216738910388e-05,0.00015604759695197524,0.00021637124731829153,0.00016626104647897856
CVCL_1550,2,"[('XRK3F2', 0.05, 'uM')]",40,39.999999999999986,0.0006018787368454179,0.0005868317684242828,0.000601878736845418,0.00010540470041447419,0.00026499851954301545,0.0003268528604903776,0.00025635000728947715
CVCL_1550,2,"[('palbociclib', 0.05, 'uM')]",40,39.999999999999986,0.0007834438228837316,0.0007638577273116385,0.0007834438228837318,0.0001505462055724903,0.00024865489491645513,0.00030359701528390583,0.0002622957025004723
CVCL_1550,2,"[('venetoclax', 0.05, 'uM')]",40,39.999999999999986,0.0009520131874348475,0.0009282128577489764,0.0009520131874348476,0.00024281222317369788,0.0005086919518740305,0.0007616412731651669,0.00044091657810663333
CVCL_1550,2,"[('vincristine', 0.05, 'uM')]",40,39.999999999999986,0.0010591885948477732,0.0010327088799765795,0.0010591885948477734,0.00014842446930961385,0.00024114632621412635,0.0002604253192164776,0.0002496582610988898
CVCL_1724,2,"[('4EGI-1', 0.05, 'uM')]",40,39.999999999999986,0.0006712920390934952,0.0006545097381161578,0.000671292039093495,8.528394807017212e-05,0.0003340051688500892,0.00033689807751742474,0.00029929280525195224
CVCL_1724,2,"[('9-ING-41', 0.05, 'uM')]",40,39.999999999999986,0.0010013117058996167,0.0009762789132521263,0.0010013117058996167,0.00010640966995553016,0.00033827117949685896,0.00038073473537115766,0.000327636369227583
CVCL_1724,2,"[('APTO-253', 0.05, 'uM')]",40,39.999999999999986,0.0005335559377951223,0.0005202170393502443,0.0005335559377951221,0.00011872367816047525,0.0003641691294108485,0.000527142510198208,0.0003454618080722534
CVCL_1724,2,"[('AT7519', 0.05, 'uM')]",40,39.999999999999986,0.0005006213789922445,0.0004881058445174383,0.0005006213789922443,0.00010144878806254989,0.0003733427611311135,0.00042205338193903675,0.00034349392465576764
CVCL_1724,2,"[('AZD-7648', 0.05, 'uM')]",40,39.999999999999986,0.0006348129982527476,0.000618942673296429,0.0006348129982527474,0.00012243983098517622,0.00038594544135482,0.0005107482471362661,0.0003696017928088524
CVCL_1724,2,"[('AZD-8055', 0.05, 'uM')]",40,39.999999999999986,0.0006982520105712914,0.0006807957103070093,0.0006982520105712916,0.0001306437892266604,0.000389552358133456,0.0004753756725956788,0.0003553199854748631
CVCL_1724,2,"[('AZD1390', 0.05, 'uM')]",40,39.999999999999986,0.0005438494899751889,0.0005302532527258094,0.000543849489975189,0.00010159479934025037,0.00037371857733627394,0.000447499516171011,0.0003510504407697521
CVCL_1724,2,"[('AZD2858', 0.05, 'uM')]",40,39.999999999999986,0.0006041781405866288,0.0005890736870719631,0.0006041781405866287,0.0001071688825803933,0.00039960688334176475,0.000423078013626359,0.0003588373080320309
CVCL_1724,2,"[('Adagrasib', 0.05, 'uM')]",40,39.999999999999986,0.0005187403540329351,0.0005057718451821119,0.000518740354032935,5.0681903887893886e-05,0.00021527243838308406,0.0002326332392571664,0.00020456748267454682
CVCL_1724,2,"[('Afatinib', 0.05, 'uM')]",40,39.999999999999986,0.0007792188620482478,0.0007597383904970417,0.000779218862048248,9.271350721231232e-05,0.0005720273616256329,0.0005885022271081481,0.0005163978982706569
CVCL_1724,2,"[('Alpelisib', 0.05, 'uM')]",40,39.999999999999986,0.0006936907056638798,0.000676348438022283,0.0006936907056638796,0.00012013465142262728,0.00036775431652005266,0.00042145963169511105,0.000352117640001385
CVCL_1724,2,"[('Anastrozole', 0.05, 'uM')]",40,39.999999999999986,0.0005938431399821202,0.0005789970614825672,0.0005938431399821203,0.00010622269018850529,0.00042604223300215306,0.0005490421454820917,0.0004044185004340132
CVCL_1724,2,"[('BAY1125976', 0.05, 'uM')]",40,39.999999999999986,0.0006636335436439598,0.000647042705052861,0.0006636335436439598,0.00010500055916703004,0.0004463526331508523,0.0004837666442327927,0.00040328310910827845
CVCL_1724,2,"[('BI-3406', 0.05, 'uM')]",40,39.999999999999986,0.0007524138008521918,0.000733603455830887,0.0007524138008521916,0.00011126663018344632,0.0004519179225613782,0.000505421855408814,0.00042307589883659724
CVCL_1724,2,"[('BI-78D3', 0.05, 'uM')]",40,39.999999999999986,0.0006775885773227384,0.0006606488628896701,0.0006775885773227386,0.00010545295806120993,0.00043366632269633957,0.00046271677103772613,0.0003870380679837361
CVCL_1724,2,"[('Belumosudil (mesylate)', 0.05, 'uM')]",40,39.999999999999986,0.0008009995673139229,0.0007809745781310748,0.0008009995673139228,0.0001135209091427576,0.0003577121281525069,0.00037380932564079814,0.00031716123901955555
CVCL_1724,2,"[('Belzutifan', 0.05, 'uM')]",39,39.000000000000014,0.004177825750830477,0.004070702013629697,0.004177825750830478,0.0001788737759420706,0.0013887899290075819,0.001410818845121059,0.001315576630022371
CVCL_1724,2,"[('Bentamapimod', 0.05, 'uM')]",40,39.999999999999986,0.0007732155841881903,0.0007538851945834858,0.0007732155841881902,0.00013409762104855794,0.0007431300310261951,0.0008238610387366732,0.0006816528581597409
CVCL_1724,2,"[('Bimiralisib', 0.05, 'uM')]",40,39.999999999999986,0.0008581861763234994,0.000836731521915412,0.0008581861763234992,0.00017562558539345843,0.0006385531561495904,0.0007993536279608922,0.0005725474452037119
CVCL_1724,2,"[('Binimetinib', 0.05, 'uM')]",40,39.999999999999986,0.001318393699944898,0.0012854338574462762,0.001318393699944898,0.00032028833906260775,0.0011367556531098686,0.00125408694933751,0.0010304879202910585
CVCL_1724,2,"[('Bortezomib', 0.05, 'uM')]",40,39.999999999999986,0.003990154338278333,0.003890400479821374,0.003990154338278333,0.0020288212313032414,0.004230609224853208,0.005111183942189869,0.0037159311087003465
CVCL_1724,2,"[('Brivudine', 0.05, 'uM')]",40,39.999999999999986,0.0006075738960163855,0.0005923845486159758,0.0006075738960163854,9.850981615191011e-05,0.0005153416484720146,0.0005454031221487868,0.000492662934555206
CVCL_1724,2,"[('CP21R7', 0.05, 'uM')]",40,39.999999999999986,0.0005952213721663811,0.0005803408378622215,0.0005952213721663808,7.889858850624115e-05,0.0003306149918172267,0.00036940229127558504,0.00031063694787847275
CVCL_1724,2,"[('Capivasertib', 0.05, 'uM')]",40,39.999999999999986,0.0006046734285022466,0.0005895565927896905,0.0006046734285022467,9.787626052181266e-05,0.0003354755663650538,0.0003338223088718323,0.00031219190210795194
CVCL_1724,2,"[('Capmatinib', 0.05, 'uM')]",40,39.999999999999986,0.0007934958868100351,0.0007736584896397841,0.0007934958868100349,8.831789425490884e-05,0.0006699471379027751,0.0006979780901109576,0.0006197357555465053
CVCL_1724,2,"[('Celecoxib', 0.05, 'uM')]",40,39.999999999999986,0.0007290973734507943,0.0007108699391145247,0.0007290973734507941,0.00011260745091073945,0.0003364090435169793,0.0004075014109104187,0.00031991962854760464
CVCL_1724,2,"[('DT-061', 0.05, 'uM')]",40,39.999999999999986,0.0008072291520566076,0.0007870484232551928,0.0008072291520566079,8.906040718602462e-05,0.0003900518901919159,0.0004461929942013203,0.00037026330067047486
CVCL_1724,2,"[('Dabrafenib', 0.05, 'uM')]",40,39.999999999999986,0.0007975168075361364,0.0007775788873477332,0.0007975168075361364,0.00012202259690958952,0.00043501083735004986,0.00049993066015797,0.00041134169399934683
CVCL_1724,2,"[('ERK5-IN-2', 0.05, 'uM')]",40,39.999999999999986,0.0006875774688264383,0.0006703880321057772,0.0006875774688264382,0.00013153315461918646,0.0003984681986979351,0.00047874608698605784,0.00036129247087577905
CVCL_1724,2,"[('ETC-206', 0.05, 'uM')]",40,39.999999999999986,0.0004699636507688049,0.0004582145594995849,0.00046996365076880495,7.9062632425009e-05,0.0003478529890160893,0.0004204589686520166,0.00033046262257534355
CVCL_1724,2,"[('EX229', 0.05, 'uM')]",40,39.999999999999986,0.0011333580677519708,0.001105024116058172,0.0011333580677519712,0.00019873868584530896,0.0010733176005494039,0.0012747709060573825,0.0009882268899229143
CVCL_1724,2,"[('Elimusertib hydrochloride', 0.05, 'uM')]",40,39.999999999999986,0.0017463746190824387,0.0017027152536053785,0.0017463746190824383,0.00039297211847072423,0.001734204769363247,0.002218209370986976,0.001653708987214149
CVCL_1724,2,"[('Encorafenib', 0.05, 'uM')]",40,39.999999999999986,0.0005754193547096865,0.0005610338708419445,0.0005754193547096864,0.00010904973106237667,0.0003678881015884359,0.00040034239027011265,0.00033128836620980576
CVCL_1724,2,"[('Erdafitinib ', 0.05, 'uM')]",40,39.999999999999986,0.0005794480760338597,0.0005649618741330134,0.0005794480760338597,9.378849503604044e-05,0.0003375101647326489,0.0003559460102906929,0.00030282743024316535
CVCL_1724,2,"[('Everolimus', 0.05, 'uM')]",40,39.999999999999986,0.0005899261243698235,0.0005751779712605781,0.0005899261243698234,8.042802790804019e-05,0.00040011547405645505,0.00039810812351995196,0.00034985469956659435
CVCL_1724,2,"[('Futibatinib', 0.05, 'uM')]",40,39.999999999999986,0.0006122768033757697,0.0005969698832913758,0.0006122768033757697,0.00017162498262684022,0.000353367807554555,0.0004236465477128533,0.00031894989167035757
CVCL_1724,2,"[('GSK1059615', 0.05, 'uM')]",40,39.999999999999986,0.0007055038743685733,0.000687866277509359,0.000705503874368573,0.00013049842299063535,0.0004286381829871714,0.00040938577697584863,0.0003742658081540127
CVCL_1724,2,"[('Gemcitabine', 0.05, 'uM')]",40,39.999999999999986,0.0006312523807697531,0.0006154710712505095,0.0006312523807697531,0.00012323671320741848,0.0005011021304186552,0.0005338759700448674,0.00045266202868869736
CVCL_1724,2,"[('HI-TOPK-032', 0.05, 'uM')]",40,39.999999999999986,0.0008961199994638216,0.0008737169994772262,0.0008961199994638217,0.0001445368232208464,0.0006128952772802972,0.0007129535941076908,0.0005784068040125045
CVCL_1724,2,"[('Hydroxyfasudil', 0.05, 'uM')]",38,38.0,0.0033294271348194657,0.0032418106312715853,0.0033294271348194653,0.0002640176398589715,0.0026084175772434505,0.002795092324273466,0.0025804183058957815
CVCL_1724,2,"[('IQ 1', 0.05, 'uM')]",40,39.999999999999986,0.0006172916594710763,0.0006018593679842996,0.0006172916594710761,0.00013151646439119995,0.00035085979354264254,0.00037850910252018366,0.0003229613000490185
CVCL_1724,2,"[('Infigratinib', 0.05, 'uM')]",40,39.999999999999986,0.0006506275040732018,0.0006343618164713719,0.0006506275040732019,0.00017122352900700825,0.0004669555919957051,0.0004879765279908609,0.0004214862320660205
CVCL_1724,2,"[('Ipatasertib', 0.05, 'uM')]",40,39.999999999999986,0.0008140771432714575,0.0007937252146896713,0.0008140771432714576,0.00013803776586279005,0.0005418665379987559,0.0005999149383923069,0.0004942860699017787
CVCL_1724,2,"[('Irinotecan', 0.05, 'uM')]",40,39.999999999999986,0.0005551572874532311,0.0005412783552669002,0.000555157287453231,9.346930849385356e-05,0.0003872744378819651,0.00044370762621768865,0.0003482816264347377
CVCL_1724,2,"[('Ixazomib', 0.05, 'uM')]",40,39.999999999999986,0.0009246696975824758,0.0009015529551429139,0.0009246696975824759,0.00011736716511694327,0.0004515865888652869,0.0004776221019509267,0.00039658356971264744
CVCL_1724,2,"[('LB-100', 0.05, 'uM')]",40,39.999999999999986,0.00047118435929057107,0.0004594047503083069,0.00047118435929057107,9.080187445436633e-05,0.0003389661339591128,0.0004465658670413409,0.0003215313560187876
CVCL_1724,2,"[('LJI308', 0.05, 'uM')]",40,39.999999999999986,0.0009882775065536288,0.0009635705688897883,0.0009882775065536288,0.000280156828532019,0.000477114934160795,0.00048083379261671554,0.0004002458249327793
CVCL_1724,2,"[('LY-2584702 (tosylate salt)', 0.05, 'uM')]",40,39.999999999999986,0.0007215496852429336,0.0007035109431118606,0.0007215496852429336,0.00012132460341349715,0.00036953770582196654,0.0004113662134348114,0.0003475156325678788
CVCL_1724,2,"[('LY2090314', 0.05, 'uM')]",40,39.999999999999986,0.0006486177134600416,0.0006324022706235405,0.0006486177134600413,9.367095187817359e-05,0.0004033822678645955,0.0004766389738615069,0.00038341771986266513
CVCL_1724,2,"[('Lapatinib ditosylate', 0.05, 'uM')]",40,39.999999999999986,0.0005498743978207981,0.0005361275378752785,0.000549874397820798,7.474245211986533e-05,0.0003234674836095614,0.00034854361047698834,0.00030602264979383943
CVCL_1724,2,"[('Lonafarnib', 0.05, 'uM')]",40,39.999999999999986,0.0005898328381098219,0.0005750870171570764,0.0005898328381098217,0.00011739909243259336,0.0005223141348328766,0.0005557772828341255,0.0004966925617965993
CVCL_1724,2,"[('MK-3903', 0.05, 'uM')]",40,39.999999999999986,0.0007491472183319397,0.0007304185378736413,0.0007491472183319398,0.00013621959925424847,0.0005044997549061043,0.000569252595362613,0.00045011937222428933
CVCL_1724,2,"[('MK-8353', 0.05, 'uM')]",40,39.999999999999986,0.0005788665343102241,0.0005643948709524687,0.0005788665343102241,0.00010362423050841074,0.0003390348305250456,0.0003788564854879067,0.0003038705246765129
CVCL_1724,2,"[('ML264', 0.05, 'uM')]",40,39.999999999999986,0.0006098890066840557,0.0005946417815169546,0.0006098890066840558,0.00012047089714320306,0.0003884985554780726,0.0004835813898555055,0.00035731578201584534
CVCL_1724,2,"[('Methylprednisolone succinate', 0.05, 'uM')]",22,22.0,0.02252307287874795,0.021499296838804867,0.02252307287874795,0.0012790927108153806,0.02781132064115697,0.025951574521236392,0.028160289984856125
CVCL_1724,2,"[('Minodronic acid', 0.05, 'uM')]",40,39.999999999999986,0.000687089199858009,0.0006699119698615588,0.0006870891998580089,0.00013226516176457204,0.0004050103007448971,0.0005183430350361102,0.000383532727849
CVCL_1724,2,"[('NG25', 0.05, 'uM')]",40,39.999999999999986,0.0007359722463799053,0.0007175729402204077,0.0007359722463799051,0.000146828047547863,0.0005448011272900261,0.0005619653733841504,0.0004913777098499027
CVCL_1724,2,"[('NVP-BHG712', 0.05, 'uM')]",40,39.999999999999986,0.0006819948597235236,0.0006649449882304354,0.0006819948597235234,0.00011395777809909977,0.00045868551681971156,0.0005495777913637194,0.0004342034678572127
CVCL_1724,2,"[('OTS514', 0.05, 'uM')]",40,39.999999999999986,0.0007081935643308574,0.000690488725222586,0.0007081935643308573,0.00022518037916457784,0.0003526039929673399,0.00041499359438057476,0.0003112276422187222
CVCL_1724,2,"[('Oleic acid', 0.05, 'uM')]",40,39.999999999999986,0.0006442498715331972,0.0006281436247448673,0.000644249871533197,0.00011911699516273117,0.0003777550740071875,0.0005064765297778436,0.00036385588568760453
CVCL_1724,2,"[('Oxaliplatin', 0.05, 'uM')]",40,39.999999999999986,0.0006510846454429761,0.0006348075293069017,0.0006510846454429759,0.00015073819099151203,0.0004491686603627821,0.000430506503897305,0.0004085930256849992
CVCL_1724,2,"[('PH-797804', 0.05, 'uM')]",40,39.999999999999986,0.0006094740838751197,0.0005942372317782418,0.00060947408387512,8.323392777697603e-05,0.000489554788193014,0.0005399697692359709,0.0004625165032684662
CVCL_1724,2,"[('Paclitaxel', 0.05, 'uM')]",40,39.999999999999986,0.0005545105933688414,0.0005406478285346204,0.0005545105933688413,0.0001334176098444684,0.0003973440498822969,0.0005085216184143955,0.0003745033055170379
CVCL_1724,2,"[('Pemigatinib', 0.05, 'uM')]",40,39.999999999999986,0.0007908258391354289,0.0007710551931570433,0.0007908258391354289,0.0001461250691054722,0.0003666005666405828,0.0003620555845131922,0.000324350804454152
CVCL_1724,2,"[('Pimitespib', 0.05, 'uM')]",40,39.999999999999986,0.0006479661939374863,0.0006317670390890496,0.0006479661939374864,0.0001113482978792711,0.00035138088724523067,0.0003277130905207248,0.0003062547453793867
CVCL_1724,2,"[('Pralsetinib', 0.05, 'uM')]",40,39.999999999999986,0.0007477066323814583,0.000729013966571922,0.0007477066323814585,0.00010201538111693593,0.0005100915454859322,0.0005450053047172854,0.0004411887463212333
CVCL_1724,2,"[('RMC-6236', 0.05, 'uM')]",40,39.999999999999986,0.00075242413652729,0.0007336135331141081,0.0007524241365272899,0.0001501993804633804,0.000456183558385106,0.0005704336253564312,0.00043669834939487107
CVCL_1724,2,"[('Regorafenib', 0.05, 'uM')]",40,39.999999999999986,0.0006431287952923727,0.0006270505754100638,0.0006431287952923728,0.00010263330206537246,0.0003488294657099905,0.00041006190547312587,0.0003293068966370162
CVCL_1724,2,"[('SBI-0640756', 0.05, 'uM')]",40,39.999999999999986,0.0006159688714501606,0.0006005696496639068,0.0006159688714501608,8.628997674324488e-05,0.00040321703714757444,0.0004259472938452189,0.0003512971235924142
CVCL_1724,2,"[('Sapanisertib', 0.05, 'uM')]",40,39.999999999999986,0.0008590320959377341,0.0008375562935392911,0.0008590320959377341,0.00019606276942631533,0.0004886785653403857,0.0006249103579127086,0.0004375818617082396
CVCL_1724,2,"[('Sonidegib', 0.05, 'uM')]",39,39.000000000000014,0.00782578116494933,0.007625120109437808,0.00782578116494933,0.000562273611027242,0.003745627378626577,0.003666539820587035,0.003695731265512247
CVCL_1724,2,"[('TAK-733', 0.05, 'uM')]",40,39.999999999999986,0.0006908249717127635,0.0006735543474199445,0.0006908249717127635,0.00013506669266583946,0.0006316010328403303,0.0007115136877601986,0.0005857282181606319
CVCL_1724,2,"[('TAK-901', 0.05, 'uM')]",40,39.999999999999986,0.0013144754895534501,0.0012816136023146142,0.0013144754895534501,0.00025508377121023085,0.004033504403172543,0.004196489887499354,0.00391061102563412
CVCL_1724,2,"[('Temuterkib', 0.05, 'uM')]",40,39.999999999999986,0.0006111735890703851,0.0005958942493436256,0.000611173589070385,0.0001214756311966478,0.0004227446895677168,0.0005470629551213329,0.0003966176833385145
CVCL_1724,2,"[('Tomivosertib', 0.05, 'uM')]",40,39.999999999999986,0.0006718746101290515,0.0006550777448758255,0.0006718746101290516,0.0001439594939511298,0.0004118191638817005,0.0004289742343110044,0.0003617384131361756
CVCL_1724,2,"[('Torkinib', 0.05, 'uM')]",40,39.999999999999986,0.0006480946035692064,0.0006318922384799765,0.0006480946035692067,0.00012629032059295993,0.00042094026844555834,0.0004971073225303123,0.00038477380644818025
CVCL_1724,2,"[('Trametinib', 0.05, 'uM')]",40,39.999999999999986,0.0008618152052585941,0.0008402698251271298,0.0008618152052585941,0.00017896937962828745,0.0005070175978021996,0.0006422454449069386,0.00047342437847687664
CVCL_1724,2,"[('Tubulin inhibitor 6', 0.05, 'uM')]",40,39.999999999999986,0.0005565953813913445,0.0005426804968565609,0.0005565953813913445,8.343246913270277e-05,0.0003148667455590428,0.00035040989326372594,0.0003012108543684621
CVCL_1724,2,"[('Tucatinib', 0.05, 'uM')]",40,39.999999999999986,0.0006409002049509494,0.0006248776998271758,0.0006409002049509495,0.00011140759537299545,0.00039010408545546107,0.0004237659641447743,0.00035775957626014727
CVCL_1724,2,"[('ULK-101', 0.05, 'uM')]",40,39.999999999999986,0.0008946285045991324,0.0008722627919841544,0.0008946285045991324,0.00018315514554149813,0.000531321430306936,0.0005161536483965316,0.0004404558165706243
CVCL_1724,2,"[('Vemurafenib', 0.05, 'uM')]",40,39.999999999999986,0.0005693774768709332,0.0005551430399491598,0.0005693774768709331,9.268492968783264e-05,0.0004120168593344362,0.0004804030217435978,0.00037894572919584845
CVCL_1724,2,"[('Volasertib', 0.05, 'uM')]",40,39.999999999999986,0.0005356564113115051,0.0005222650010287174,0.0005356564113115047,8.886216738910388e-05,0.0003224577170569904,0.0004000442353241781,0.00029673912722462034
CVCL_1724,2,"[('XRK3F2', 0.05, 'uM')]",40,39.999999999999986,0.0006018787368454179,0.0005868317684242828,0.000601878736845418,0.00010540470041447419,0.0003224281377279281,0.000352020440348893,0.00030721022326598066
CVCL_1724,2,"[('olaparib', 0.05, 'uM')]",34,34.0,0.026016995359289523,0.025251789613428062,0.026016995359289516,0.000847839124871685,0.014798550000860762,0.013680078346069309,0.014545851927329781
CVCL_1724,2,"[('palbociclib', 0.05, 'uM')]",40,39.999999999999986,0.0007834438228837316,0.0007638577273116385,0.0007834438228837318,0.0001505462055724903,0.00042335879177670944,0.0004160982075322049,0.00037828778314953924
CVCL_1724,2,"[('venetoclax', 0.05, 'uM')]",40,39.999999999999986,0.0009520131874348475,0.0009282128577489764,0.0009520131874348476,0.00024281222317369788,0.0015222465664937023,0.0018201587573809922,0.001403947063186887
CVCL_1724,2,"[('vincristine', 0.05, 'uM')]",40,39.999999999999986,0.0010591885948477732,0.0010327088799765795,0.0010591885948477734,0.00014842446930961385,0.0005428776393502427,0.0006251346764416546,0.0005091893005563807
CVCL_0028,3,"[('4EGI-1', 0.05, 'uM')]",40,35.995101155601894,0.0005504427564998906,0.0005309256159678965,0.0005445390933004065,7.447793255962529e-05,0.00031212040743752414,0.0002909006682500817,0.00030193357346849735
CVCL_0028,3,"[('9-ING-41', 0.05, 'uM')]",40,35.995101155601894,0.00045681010543650315,0.0004324874344678933,0.0004435768558645059,9.398942079121906e-05,0.00029971889202756274,0.00025255320031918727,0.0002856127440724961
CVCL_0028,3,"[('APTO-253', 0.05, 'uM')]",40,35.995101155601894,0.0004419802522859441,0.0004099183619895816,0.0004204290892200835,0.00012120683439747762,0.00023911406270124653,0.00026181319061092685,0.00023619289577394661
CVCL_0028,3,"[('AT7519', 0.05, 'uM')]",40,35.995101155601894,0.0004291956921389681,0.0003959415150108729,0.0004060938615496132,9.44695135207608e-05,0.0004052782351394162,0.00038944375840917477,0.0003979645696600166
CVCL_0028,3,"[('AZD-7648', 0.05, 'uM')]",40,35.995101155601894,0.0004901103865506511,0.00045461085291213527,0.00046626754144834387,0.00012328971441517289,0.0002408688896665369,0.00024088562678774444,0.00023491668320678655
CVCL_0028,3,"[('AZD-8055', 0.05, 'uM')]",40,35.995101155601894,0.0006090530970636351,0.000575197008720195,0.0005899456499694306,0.00012208501615928734,0.0003662768174914045,0.0002858190529637298,0.0003350903237564009
CVCL_0028,3,"[('AZD1390', 0.05, 'uM')]",40,35.995101155601894,0.00046125984644978775,0.00043052141945850234,0.0004415604302138485,9.819928735349279e-05,0.00028661064205096694,0.00028101943304953197,0.00028287019500118925
CVCL_0028,3,"[('AZD2858', 0.05, 'uM')]",40,35.995101155601894,0.0005010348033005612,0.00047144590746385533,0.0004835342640654926,9.42512442953287e-05,0.00036961849925102236,0.000348895286605393,0.0003577114064543785
CVCL_0028,3,"[('Adagrasib', 0.05, 'uM')]",40,35.995101155601894,0.0004078203808653581,0.00038185099788224974,0.0003916420491099996,4.521650844243631e-05,0.00022316399071037896,0.00021100488154901495,0.0002263541963160082
CVCL_0028,3,"[('Afatinib', 0.05, 'uM')]",40,35.995101155601894,0.0006401678639340672,0.0006099813777964704,0.0006256219259450975,8.807677037301839e-05,0.0005488082735286857,0.00047171455916674365,0.0005070830251868383
CVCL_0028,3,"[('Alpelisib', 0.05, 'uM')]",40,35.995101155601894,0.0005318450698821427,0.0004954285028953258,0.0005081317978413597,0.000108431432827481,0.000383923217904952,0.0003429319998924213,0.00038074566909992866
CVCL_0028,3,"[('Anastrozole', 0.05, 'uM')]",40,35.995101155601894,0.00042064103690778794,0.0003873549917322978,0.0003972871710074849,0.00010732024683568038,0.00021467456724343458,0.00019747130340206653,0.00020664620196053873
CVCL_0028,3,"[('BAY1125976', 0.05, 'uM')]",40,35.995101155601894,0.0004965644834127502,0.0004697410768483476,0.00048178571984445914,9.645436475568041e-05,0.0007131266793701216,0.0006619467212361338,0.0006885281417432032
CVCL_0028,3,"[('BI-3406', 0.05, 'uM')]",40,35.995101155601894,0.0005762639060806491,0.0005558984024457401,0.0005701522076366562,0.00010430501384223401,0.0007171801756977932,0.000646112737088002,0.0006752158999607994
CVCL_0028,3,"[('BI-78D3', 0.05, 'uM')]",40,35.995101155601894,0.0005460298425728603,0.0005336512148805478,0.0005473345793646645,9.23435626026052e-05,0.00028457546689828205,0.00023878315842889403,0.00027418599014600374
CVCL_0028,3,"[('Belumosudil (mesylate)', 0.05, 'uM')]",40,35.995101155601894,0.0006009463469233013,0.0005810267346874548,0.0005959248560896974,9.508189935711132e-05,0.00039572308597005833,0.00034205088786933425,0.00037449909148310335
CVCL_0028,3,"[('Belzutifan', 0.05, 'uM')]",39,35.04551818174577,0.0023952026306492797,0.002729517631734671,0.0028013470430961096,0.00014550149653410545,0.0018383437675972135,0.001719763464837368,0.00188527815852285
CVCL_0028,3,"[('Bentamapimod', 0.05, 'uM')]",40,35.995101155601894,0.0006419231659897226,0.0006117147046949084,0.000627399697122983,0.0001253446229904245,0.0004917627407624847,0.0004240707882517051,0.00047291636272657185
CVCL_0028,3,"[('Bimiralisib', 0.05, 'uM')]",40,35.995101155601894,0.0007381734658606463,0.0006937268305438777,0.0007115146979937202,0.00016491955619590376,0.0005906676329772265,0.0004998363186770286,0.0005422556985749525
CVCL_0028,3,"[('Binimetinib', 0.05, 'uM')]",40,35.995101155601894,0.001219435654880517,0.0011309894635955593,0.0011599891934313427,0.00030065833888667055,0.0007018500004113542,0.00048033538199311073,0.0006386943912313871
CVCL_0028,3,"[('Bortezomib', 0.05, 'uM')]",40,35.995101155601894,0.003949093844799209,0.003809986612662475,0.003907678577089719,0.0019358543800389522,0.004788084964707375,0.0045601100062921006,0.0043998049621431345
CVCL_0028,3,"[('Brivudine', 0.05, 'uM')]",40,35.995101155601894,0.0005656923891222118,0.0005304259612783838,0.0005440266269521885,9.189821468347096e-05,0.00037229021230123573,0.0002859536585682727,0.00035354816428060396
CVCL_0028,3,"[('CP21R7', 0.05, 'uM')]",40,35.995101155601894,0.00046574439309460204,0.00044527299763388417,0.00045669025398347086,7.212977144481219e-05,0.00040970828611906225,0.00039242301784238743,0.0004018058538704434
CVCL_0028,3,"[('Capivasertib', 0.05, 'uM')]",40,35.995101155601894,0.00047585604932944714,0.0004466903199035242,0.0004581439178497681,8.772190230237779e-05,0.0004175856944701941,0.0003807542529247123,0.00040506766155425143
CVCL_0028,3,"[('Capmatinib', 0.05, 'uM')]",40,35.995101155601894,0.000597725445840363,0.0005731900329363209,0.0005878872132680215,8.912902743221163e-05,0.0005742353930960454,0.0005067263701504731,0.0005474331059169646
CVCL_0028,3,"[('Celecoxib', 0.05, 'uM')]",40,35.995101155601894,0.0005009519131083455,0.00045920976185080355,0.00047098437112902923,0.00010370592943857956,0.0003554987865662219,0.0003462397094502082,0.00035828325211595337
CVCL_0028,3,"[('DT-061', 0.05, 'uM')]",40,35.995101155601894,0.0004965726630783626,0.0004681233720698376,0.00048012653545624357,8.455583019309902e-05,0.00031637365955920836,0.0002955704753005355,0.00031243539661959444
CVCL_0028,3,"[('DTP3', 0.05, 'uM')]",26,24.058317325379353,0.0182488129934825,0.017107314974835967,0.0177916075738294,0.0006610147944741823,0.03338102014574079,0.03314671695350944,0.033714691731900774
CVCL_0028,3,"[('Dabrafenib', 0.05, 'uM')]",40,35.995101155601894,0.000628880854725292,0.0005798968956779154,0.0005947660468491437,0.00011116733765534268,0.00031143302021359036,0.00028387238455686867,0.00030647572077417587
CVCL_0028,3,"[('ERK5-IN-2', 0.05, 'uM')]",40,35.995101155601894,0.0005318040438768371,0.0005228169695860322,0.0005362225329087508,0.00012378916001426086,0.00039455377324731434,0.0003964364517855659,0.00037685195530416936
CVCL_0028,3,"[('ETC-206', 0.05, 'uM')]",40,35.995101155601894,0.0003916685190952269,0.0003667553839111511,0.000376159368114001,7.552879430229177e-05,0.0002298220321444484,0.0001970063115464476,0.0002259089922289842
CVCL_0028,3,"[('EX229', 0.05, 'uM')]",40,35.995101155601894,0.0008797001230471365,0.0008391910601447292,0.0008607087796356196,0.00019703595686450815,0.00048695684192952477,0.0004178532631113829,0.000458566283467665
CVCL_0028,3,"[('Elimusertib hydrochloride', 0.05, 'uM')]",40,35.995101155601894,0.0017053961455139,0.0016047078821093102,0.0016458542380608308,0.00040845536072110284,0.0005716776471895976,0.00030291663466301444,0.000524028830340017
CVCL_0028,3,"[('Encorafenib', 0.05, 'uM')]",40,35.995101155601894,0.0004944235315364239,0.0004617297749336355,0.0004735689999319337,9.84312121933565e-05,0.00048129591463223173,0.00041622731135498116,0.0004652477972175848
CVCL_0028,3,"[('Erdafitinib ', 0.05, 'uM')]",40,35.995101155601894,0.000509817685716543,0.0004943121176681038,0.0005069867873519013,9.12133464280683e-05,0.0004780920447776773,0.00045391338228440857,0.00046754917713477716
CVCL_0028,3,"[('Everolimus', 0.05, 'uM')]",40,35.995101155601894,0.0004984581920052928,0.00047780172177839104,0.0004900530479778369,6.845356322987198e-05,0.0005900503190189307,0.0005632561841503738,0.0005637349988399765
CVCL_0028,3,"[('Futibatinib', 0.05, 'uM')]",40,35.995101155601894,0.000537043642282148,0.0004978854585472099,0.0005106517523561125,0.00016484340157677557,0.000383333616629496,0.0003501019828168958,0.00037286947704819696
CVCL_0028,3,"[('GSK1059615', 0.05, 'uM')]",40,35.995101155601894,0.0005724632821255876,0.0005412593577691964,0.0005551378028402014,0.00010529452877121434,0.0007514250665910844,0.0006717680703394734,0.0007099589418576539
CVCL_0028,3,"[('Gemcitabine', 0.05, 'uM')]",40,35.995101155601894,0.0005732973058713718,0.0005389992876791557,0.0005528197822350315,0.00011932323136626216,0.0004781686089736695,0.0004102480151513025,0.00045102855139129603
CVCL_0028,3,"[('HI-TOPK-032', 0.05, 'uM')]",40,35.995101155601894,0.0006498646252725356,0.000639790432509146,0.0006561953153939959,0.0001485642685803427,0.0004188432600395162,0.0004483894571026493,0.0004247269232277162
CVCL_0028,3,"[('Hydroxyfasudil', 0.05, 'uM')]",38,34.577440389741106,0.0026513173991026835,0.002551972122817245,0.0026209443423528466,0.0002636481567240368,0.003613356074015703,0.0034584578243075665,0.003608662975982006
CVCL_0028,3,"[('IQ 1', 0.05, 'uM')]",40,35.995101155601894,0.00048629340397410287,0.0004659294596153178,0.00047787636883622335,0.00011924040915647155,0.0004952680945554983,0.0003783547996505883,0.000482121527807409
CVCL_0028,3,"[('Infigratinib', 0.05, 'uM')]",40,35.995101155601894,0.0005754452579595848,0.0005417108639831053,0.0005556008861365181,0.00016593237978960898,0.000345107410266795,0.00033466003545227265,0.00033179288985271405
CVCL_0028,3,"[('Ipatasertib', 0.05, 'uM')]",40,35.995101155601894,0.0006417178811554938,0.0006094155144726543,0.0006250415533052865,0.00013336140232201327,0.000501769115492259,0.0004275730853222911,0.0004697078725828291
CVCL_0028,3,"[('Irinotecan', 0.05, 'uM')]",40,35.995101155601894,0.0004773540787173559,0.0004552862486983381,0.00046696025507521864,8.356395891190172e-05,0.0005973954470216206,0.0006062075314445066,0.0005761650254760116
CVCL_0028,3,"[('Ixazomib', 0.05, 'uM')]",40,35.995101155601894,0.0007014227795396396,0.0006849477020682635,0.0007025104636597573,0.0001051952923637267,0.0004768849921273592,0.0003801351316878259,0.00044447350261411843
CVCL_0028,3,"[('LB-100', 0.05, 'uM')]",40,35.995101155601894,0.0003653656579594473,0.00033853061597709304,0.00034721088818163396,9.28404487943694e-05,0.00029151419549519435,0.00028613182350676133,0.0002817340050843488
CVCL_0028,3,"[('LJI308', 0.05, 'uM')]",40,35.995101155601894,0.0008808567821364927,0.0008553462679942752,0.0008772782235838718,0.00026202460509986493,0.0012765433892419577,0.0010143745499229802,0.001212042924104092
CVCL_0028,3,"[('LY-2584702 (tosylate salt)', 0.05, 'uM')]",40,35.995101155601894,0.0005114754361849043,0.0005088295682848673,0.0005218764802921716,0.00010007410620626892,0.00037456681258522286,0.0003409600838351957,0.00037413960312773623
CVCL_0028,3,"[('LY2090314', 0.05, 'uM')]",40,35.995101155601894,0.0005266971530647025,0.00048156238278543567,0.0004939101361901901,9.328162234587964e-05,0.00030998308805101673,0.00030444684609387166,0.00031237665494173524
CVCL_0028,3,"[('Lapatinib ditosylate', 0.05, 'uM')]",40,35.995101155601894,0.000459793790304505,0.0004277841870585283,0.0004387530123677212,6.707294888856227e-05,0.00041415326902519525,0.00038681452549233506,0.00040271245725592697
CVCL_0028,3,"[('Lonafarnib', 0.05, 'uM')]",40,35.995101155601894,0.0004889833362100816,0.00045149423906052836,0.0004630710144210543,0.00010896607009614375,0.00020611696411845475,0.00016208027118890273,0.00019080291116430913
CVCL_0028,3,"[('MK-3903', 0.05, 'uM')]",40,35.995101155601894,0.0006123219763896756,0.000590974630478231,0.0006061278261315188,0.00012389889200492866,0.0006085601166000984,0.0005985837737068682,0.0005725939567803643
CVCL_0028,3,"[('MK-8353', 0.05, 'uM')]",40,35.995101155601894,0.0004925881639580077,0.0004618960395298595,0.00047373952772293267,9.331910762058788e-05,0.0006084645231408936,0.0005400648943661483,0.0005895539130456205
CVCL_0028,3,"[('ML264', 0.05, 'uM')]",40,35.995101155601894,0.0005139026299069763,0.0004857310787910378,0.0004981857218369616,0.00011355875534540773,0.0003792956475076652,0.00030891626121645,0.0003722634066985058
CVCL_0028,3,"[('Minodronic acid', 0.05, 'uM')]",40,35.995101155601894,0.0006102434842810405,0.00054980074953997,0.0005638982046563794,0.00013289383522399782,0.0003126453137011224,0.00030495915542691574,0.00031620711472679777
CVCL_0028,3,"[('NG25', 0.05, 'uM')]",40,35.995101155601894,0.0005890860431619906,0.0005572116217167367,0.0005714990991966529,0.0001270439682797779,0.0005490335708218879,0.0004870107426066154,0.0005289417785569059
CVCL_0028,3,"[('NVP-BHG712', 0.05, 'uM')]",40,35.995101155601894,0.0005150899259350222,0.0004786662801435802,0.000490939774506236,0.00011557895286233286,0.00025451110413584076,0.00023690220358882805,0.00024508741375330837
CVCL_0028,3,"[('OTS514', 0.05, 'uM')]",40,35.995101155601894,0.0005868436872524071,0.0005484504686747024,0.0005625133012048226,0.00019866807354405509,0.00035129633802191473,0.0003204778914130332,0.00033251299466808637
CVCL_0028,3,"[('Oleic acid', 0.05, 'uM')]",40,35.995101155601894,0.0005154072418534211,0.00046411223777489215,0.000476012551563992,0.00012048132832873117,0.0002575798502552512,0.00024381036158397344,0.00025809709359191877
CVCL_0028,3,"[('Oxaliplatin', 0.05, 'uM')]",40,35.995101155601894,0.0005585157968771553,0.000520615750773053,0.0005339648725877466,0.00014493725428506993,0.0005049966768155929,0.0004674838461214261,0.0004829661328462095
CVCL_0028,3,"[('PH-797804', 0.05, 'uM')]",40,35.995101155601894,0.0005190439943748484,0.00047248435502365084,0.0004845993384857956,8.609512446472444e-05,0.0003410718725996335,0.00030573812166181935,0.00033341744401082574
CVCL_0028,3,"[('Paclitaxel', 0.05, 'uM')]",40,35.995101155601894,0.00048233534885002566,0.00045266958964037667,0.00046427650219525815,0.00013585183594953722,0.00033773917261001985,0.00034581704703371855,0.0003177328544112348
CVCL_0028,3,"[('Pemigatinib', 0.05, 'uM')]",40,35.995101155601894,0.0005404466148907754,0.0005095246378792081,0.000522589372183803,0.00012712833315998856,0.0007908479924752303,0.0006547379246839782,0.0007654320817479142
CVCL_0028,3,"[('Pimitespib', 0.05, 'uM')]",40,35.995101155601894,0.0005640245128137049,0.0005392459783624448,0.000553072798320456,9.835734221424294e-05,0.0003200160196432197,0.00025615980250678124,0.00030861534932160716
CVCL_0028,3,"[('Pralsetinib', 0.05, 'uM')]",40,35.995101155601894,0.0006139582812623041,0.0005696920481417053,0.0005842995365555949,9.446149356879222e-05,0.0011143436287911269,0.0011530269977799376,0.0010729094875152078
CVCL_0028,3,"[('RMC-6236', 0.05, 'uM')]",40,35.995101155601894,0.0006390975071071411,0.0005918286196748912,0.0006070037124870678,0.00015177800529495535,0.00035928828930470224,0.0003139893007252212,0.00034737551538478105
CVCL_0028,3,"[('Regorafenib', 0.05, 'uM')]",40,35.995101155601894,0.0004464294355727718,0.0004246830797924825,0.0004355723895307511,9.31652556937962e-05,0.0004593909074094598,0.00048789206358000034,0.0004553264473269847
CVCL_0028,3,"[('SBI-0640756', 0.05, 'uM')]",40,35.995101155601894,0.0005146364765617448,0.0005009562251079104,0.0005138012565209335,7.776146487647479e-05,0.0005942107877128685,0.0006395879759513863,0.0005656292888495632
CVCL_0028,3,"[('Sapanisertib', 0.05, 'uM')]",40,35.995101155601894,0.0006871839038519219,0.0006683328256573246,0.0006854695647767427,0.00018785306403599111,0.0007475363275622499,0.0007314674645912458,0.0007268896034768741
CVCL_0028,3,"[('Sonidegib', 0.05, 'uM')]",40,35.995101155601894,0.005881868047463346,0.006369347729875062,0.006532664338333395,0.0005146607367840435,0.004641450451381546,0.004243928279766827,0.004962596509213231
CVCL_0028,3,"[('TAK-733', 0.05, 'uM')]",40,35.995101155601894,0.0005655198813845939,0.0005339043956229468,0.000547594251920971,0.00013500884751069893,0.00040039015248962486,0.00040165552767796925,0.0003865397845944222
CVCL_0028,3,"[('TAK-901', 0.05, 'uM')]",40,35.995101155601894,0.001163387711662649,0.0011304685795430031,0.0011594549533774387,0.00023798511487851698,0.0015049345905709256,0.0014367503150421656,0.0014585411215958415
CVCL_0028,3,"[('Temuterkib', 0.05, 'uM')]",40,35.995101155601894,0.000477141212101573,0.0004541973413500323,0.00046584342702567385,0.00011841638410721066,0.0003683851913597935,0.00041021512535820127,0.0003564825203031744
CVCL_0028,3,"[('Tomivosertib', 0.05, 'uM')]",40,35.995101155601894,0.0005760911891659877,0.0005481050578254523,0.0005621590336671305,0.00012181957576236394,0.00047670962778806726,0.00033588067487187316,0.0004436903383321683
CVCL_0028,3,"[('Torkinib', 0.05, 'uM')]",40,35.995101155601894,0.000531835787537156,0.0005076108059165853,0.0005206264676067542,0.00011689470718856356,0.00042245852237708924,0.00037324858135322393,0.00039453627699685776
CVCL_0028,3,"[('Trametinib', 0.05, 'uM')]",40,35.995101155601894,0.0006709192705656096,0.0006341009792046324,0.0006503599786714177,0.0001837654669588096,0.00045755350192055734,0.00039385736808794105,0.000439868610264594
CVCL_0028,3,"[('Tubulin inhibitor 6', 0.05, 'uM')]",40,35.995101155601894,0.0005056934802774998,0.00045512958650747976,0.0004667995759051074,8.275360254442702e-05,0.00030088669972243797,0.00026888474999166523,0.00029514529824489934
CVCL_0028,3,"[('Tucatinib', 0.05, 'uM')]",40,35.995101155601894,0.0005144276826461448,0.0004814293163790968,0.0004937736578247145,0.00010143961345181364,0.00039346049809007054,0.0003442438683285858,0.00037955272453179075
CVCL_0028,3,"[('ULK-101', 0.05, 'uM')]",40,35.995101155601894,0.0007131655976001394,0.0006880874670966695,0.0007057307354837634,0.00015521669900870453,0.0009264087422979942,0.0008680248952265111,0.0008739309140255387
CVCL_0028,3,"[('Vemurafenib', 0.05, 'uM')]",40,35.995101155601894,0.0004798635753132715,0.000454167387315234,0.00046581270493870134,8.860432538902819e-05,0.00040088901669064147,0.000411846375537147,0.00039267311901049396
CVCL_0028,3,"[('Volasertib', 0.05, 'uM')]",40,35.995101155601894,0.0004702135039598663,0.0004504194172179032,0.000461968633044003,8.139934268057883e-05,0.00033142784690403857,0.0003670144960845959,0.00032449133814311154
CVCL_0028,3,"[('XRK3F2', 0.05, 'uM')]",40,35.995101155601894,0.0005204797745863203,0.000489897524560803,0.0005024589995495413,0.00010836690612377208,0.0003111029701943128,0.00024061042537736995,0.0003039409561166211
CVCL_0028,3,"[('olaparib', 0.05, 'uM')]",32,29.4799192907093,0.02674971506515142,0.026832436918397214,0.027697999399635822,0.0009735714546109722,0.010682287996406243,0.00967663235129718,0.010928298030079208
CVCL_0028,3,"[('palbociclib', 0.05, 'uM')]",40,35.995101155601894,0.000655988948455556,0.0006474792112101507,0.0006640812422668209,0.0001385506965520185,0.0005290518542814367,0.0004942730509600018,0.0005175655280561022
CVCL_0028,3,"[('venetoclax', 0.05, 'uM')]",40,35.995101155601894,0.0009158647744064001,0.0008680801549444774,0.0008903386204558742,0.0002312883264375023,0.00040770111294915665,0.00023960263441912902,0.00036292154055659546
CVCL_0028,3,"[('vincristine', 0.05, 'uM')]",40,35.995101155601894,0.0007425669184398156,0.000699741246424662,0.0007176833296663198,0.00014263392305565088,0.0006372583433258947,0.0006039783111184151,0.0006326746017837351
CVCL_0292,3,"[('4EGI-1', 0.05, 'uM')]",40,36.121398828250996,0.0005483036378128806,0.0005309256159678965,0.0005445390933004065,7.447793255962529e-05,0.00025514399308242873,0.00022023807034691093,0.00024123658882998096
CVCL_0292,3,"[('9-ING-41', 0.05, 'uM')]",40,36.121398828250996,0.0004578833990608929,0.0004324874344678933,0.0004435768558645059,9.398942079121906e-05,0.0002709987119998832,0.00027788747455651376,0.00026609134676334
CVCL_0292,3,"[('APTO-253', 0.05, 'uM')]",40,36.121398828250996,0.0004429835065480205,0.0004099183619895816,0.0004204290892200835,0.00012120683439747762,0.000117979280987924,0.00014089269862417397,0.00011376036118460132
CVCL_0292,3,"[('AT7519', 0.05, 'uM')]",40,36.121398828250996,0.00042855041009861537,0.0003959415150108729,0.0004060938615496132,9.44695135207608e-05,0.00017344021405888167,0.00017138431025187794,0.00016665845672795187
CVCL_0292,3,"[('AZD-7648', 0.05, 'uM')]",40,36.121398828250996,0.0004914524880006759,0.00045461085291213527,0.00046626754144834387,0.00012328971441517289,0.00018164281840258827,0.00019892208034437425,0.00018885346073595693
CVCL_0292,3,"[('AZD-8055', 0.05, 'uM')]",40,36.121398828250996,0.0006098161325177162,0.000575197008720195,0.0005899456499694306,0.00012208501615928734,0.0002930624822837447,0.0003110750362121516,0.00027690023129363925
CVCL_0292,3,"[('AZD1390', 0.05, 'uM')]",40,36.121398828250996,0.00046123654281627165,0.00043052141945850234,0.0004415604302138485,9.819928735349279e-05,0.00015459158928800225,0.00014866943745328205,0.00015133665844822814
CVCL_0292,3,"[('AZD2858', 0.05, 'uM')]",40,36.121398828250996,0.0004997117497043127,0.00047144590746385533,0.0004835342640654926,9.42512442953287e-05,0.00019515110768785805,0.00017754861904624583,0.00018238579178087393
CVCL_0292,3,"[('Adagrasib', 0.05, 'uM')]",40,36.121398828250996,0.00040395235144158754,0.00038185099788224974,0.0003916420491099996,4.521650844243631e-05,9.874415333235044e-05,8.023585096211006e-05,9.790793269115343e-05
CVCL_0292,3,"[('Afatinib', 0.05, 'uM')]",40,36.121398828250996,0.0006394078325491032,0.0006099813777964704,0.0006256219259450975,8.807677037301839e-05,0.00040670827048899983,0.00036902965529536755,0.00038120468794632296
CVCL_0292,3,"[('Alpelisib', 0.05, 'uM')]",40,36.121398828250996,0.0005306616997217622,0.0004954285028953258,0.0005081317978413597,0.000108431432827481,0.00020341279971297036,0.00017964103254667363,0.00019275424006163358
CVCL_0292,3,"[('Anastrozole', 0.05, 'uM')]",40,36.121398828250996,0.0004214024555614037,0.0003873549917322978,0.0003972871710074849,0.00010732024683568038,0.00017849105540267563,0.00016128371577431321,0.0001786369321836781
CVCL_0292,3,"[('BAY1125976', 0.05, 'uM')]",40,36.121398828250996,0.0004972069173797497,0.0004697410768483476,0.00048178571984445914,9.645436475568041e-05,0.00028094562925541416,0.00022659918561542718,0.0002700762839304185
CVCL_0292,3,"[('BI-3406', 0.05, 'uM')]",40,36.121398828250996,0.000574604633084963,0.0005558984024457401,0.0005701522076366562,0.00010430501384223401,0.0002804250863528574,0.00024227467414370826,0.0002667079624584938
CVCL_0292,3,"[('BI-78D3', 0.05, 'uM')]",40,36.121398828250996,0.000543982639741527,0.0005336512148805478,0.0005473345793646645,9.23435626026052e-05,0.0002840318800731232,0.00025446158300622857,0.00027098411112621955
CVCL_0292,3,"[('Belumosudil (mesylate)', 0.05, 'uM')]",40,36.121398828250996,0.0006014754869797962,0.0005810267346874548,0.0005959248560896974,9.508189935711132e-05,0.00021365060662737194,0.00020327751358994634,0.0002011206674425892
CVCL_0292,3,"[('Belzutifan', 0.05, 'uM')]",39,35.18126743788037,0.002324280590728471,0.002729517631734671,0.0028013470430961096,0.00014550149653410545,0.00043298120787150466,0.00039242035016497524,0.00041954717289315236
CVCL_0292,3,"[('Bentamapimod', 0.05, 'uM')]",40,36.121398828250996,0.0006452383861838937,0.0006117147046949084,0.000627399697122983,0.0001253446229904245,0.0002693923491058803,0.00023648259794992017,0.0002539235086298455
CVCL_0292,3,"[('Bimiralisib', 0.05, 'uM')]",40,36.121398828250996,0.000741355486039867,0.0006937268305438777,0.0007115146979937202,0.00016491955619590376,0.00044272018943376237,0.0004948637465894579,0.00042570841112554725
CVCL_0292,3,"[('Binimetinib', 0.05, 'uM')]",40,36.121398828250996,0.0012178391761262935,0.0011309894635955593,0.0011599891934313427,0.00030065833888667055,0.0005498538412567016,0.000509074038365045,0.000521877705008519
CVCL_0292,3,"[('Bortezomib', 0.05, 'uM')]",40,36.121398828250996,0.003944786251465972,0.003809986612662475,0.003907678577089719,0.0019358543800389522,0.002120716144303859,0.002087698732354901,0.001764785616850775
CVCL_0292,3,"[('Brivudine', 0.05, 'uM')]",40,36.121398828250996,0.0005663458841328585,0.0005304259612783838,0.0005440266269521885,9.189821468347096e-05,0.00019112480292649199,0.00016032556576569407,0.0001806192617198189
CVCL_0292,3,"[('CP21R7', 0.05, 'uM')]",40,36.121398828250996,0.00046453512848076495,0.00044527299763388417,0.00045669025398347086,7.212977144481219e-05,0.00016333393374038922,0.00014245935209554207,0.00016098354421821407
CVCL_0292,3,"[('Capivasertib', 0.05, 'uM')]",40,36.121398828250996,0.0004751688366344164,0.0004466903199035242,0.0004581439178497681,8.772190230237779e-05,0.00022926080022992847,0.00020906514274521282,0.00021931761614339183
CVCL_0292,3,"[('Capmatinib', 0.05, 'uM')]",40,36.121398828250996,0.0005968506792725921,0.0005731900329363209,0.0005878872132680215,8.912902743221163e-05,0.00032955214300504156,0.0002901953438341722,0.0003192042198306447
CVCL_0292,3,"[('Celecoxib', 0.05, 'uM')]",40,36.121398828250996,0.0005013999925625692,0.00045920976185080355,0.00047098437112902923,0.00010370592943857956,0.0002039882591722234,0.0002208252918699531,0.00020822098635231274
CVCL_0292,3,"[('DT-061', 0.05, 'uM')]",40,36.121398828250996,0.0004957813752256723,0.0004681233720698376,0.00048012653545624357,8.455583019309902e-05,0.0002788289919450615,0.00024715576599794984,0.0002760460607533433
CVCL_0292,3,"[('DTP3', 0.05, 'uM')]",26,24.3322939149994,0.0181132316016826,0.017107314974835967,0.0177916075738294,0.0006610147944741823,0.004948822952517765,0.004482621492946827,0.005296180293597441
CVCL_0292,3,"[('Dabrafenib', 0.05, 'uM')]",40,36.121398828250996,0.0006284733690413302,0.0005798968956779154,0.0005947660468491437,0.00011116733765534268,0.00021165253859790672,0.00020949016959750965,0.00021088779422425544
CVCL_0292,3,"[('ERK5-IN-2', 0.05, 'uM')]",40,36.121398828250996,0.0005315644104666424,0.0005228169695860322,0.0005362225329087508,0.00012378916001426086,0.00022186825914559565,0.00020835383265952799,0.00020877962001026373
CVCL_0292,3,"[('ETC-206', 0.05, 'uM')]",40,36.121398828250996,0.00039104424120553076,0.0003667553839111511,0.000376159368114001,7.552879430229177e-05,0.00013272284308309118,0.00011242055529696967,0.00012757836145918373
CVCL_0292,3,"[('EX229', 0.05, 'uM')]",40,36.121398828250996,0.0008793083387882169,0.0008391910601447292,0.0008607087796356196,0.00019703595686450815,0.00040109981298862177,0.00036310484084912394,0.00038035666640795176
CVCL_0292,3,"[('Elimusertib hydrochloride', 0.05, 'uM')]",40,36.121398828250996,0.0017047286205454993,0.0016047078821093102,0.0016458542380608308,0.00040845536072110284,0.0005358213663114963,0.000526832420285064,0.0005068171489978876
CVCL_0292,3,"[('Encorafenib', 0.05, 'uM')]",40,36.121398828250996,0.0004932252655174695,0.0004617297749336355,0.0004735689999319337,9.84312121933565e-05,0.0002915640514577668,0.0002622307494539507,0.0002784286735486353
CVCL_0292,3,"[('Erdafitinib ', 0.05, 'uM')]",40,36.121398828250996,0.0005065207900223996,0.0004943121176681038,0.0005069867873519013,9.12133464280683e-05,0.0002309912946149357,0.0001906526535462501,0.0002196635164020194
CVCL_0292,3,"[('Everolimus', 0.05, 'uM')]",40,36.121398828250996,0.0004958330624919553,0.00047780172177839104,0.0004900530479778369,6.845356322987198e-05,0.00029607420019419256,0.0002603022173688626,0.00027233498666694823
CVCL_0292,3,"[('Futibatinib', 0.05, 'uM')]",40,36.121398828250996,0.0005360165505479437,0.0004978854585472099,0.0005106517523561125,0.00016484340157677557,0.00015752271902018568,0.00016749800269477157,0.0001482180292128371
CVCL_0292,3,"[('GSK1059615', 0.05, 'uM')]",40,36.121398828250996,0.0005724731916526666,0.0005412593577691964,0.0005551378028402014,0.00010529452877121434,0.0003364978022346768,0.00030733817614336323,0.0003152134405423581
CVCL_0292,3,"[('Gemcitabine', 0.05, 'uM')]",40,36.121398828250996,0.0005719024805736139,0.0005389992876791557,0.0005528197822350315,0.00011932323136626216,0.0002870669393644448,0.0002267342243149258,0.0002654282498094614
CVCL_0292,3,"[('HI-TOPK-032', 0.05, 'uM')]",40,36.121398828250996,0.0006479953594871726,0.000639790432509146,0.0006561953153939959,0.0001485642685803427,0.00019820137428990013,0.0002671219452501995,0.00018938271634954556
CVCL_0292,3,"[('Hydroxyfasudil', 0.05, 'uM')]",38,34.81212543345319,0.0026276074360917097,0.002551972122817245,0.0026209443423528466,0.0002636481567240368,0.0011291093132599452,0.0011234139763876794,0.0011731339255633233
CVCL_0292,3,"[('IQ 1', 0.05, 'uM')]",40,36.121398828250996,0.0004851492184421547,0.0004659294596153178,0.00047787636883622335,0.00011924040915647155,0.0002432240453632212,0.000219208889250599,0.0002341925812527768
CVCL_0292,3,"[('Infigratinib', 0.05, 'uM')]",40,36.121398828250996,0.0005747735662631488,0.0005417108639831053,0.0005556008861365181,0.00016593237978960898,0.00020207460174515547,0.0002213229024824131,0.0001867865501859693
CVCL_0292,3,"[('Ipatasertib', 0.05, 'uM')]",40,36.121398828250996,0.0006418191697237564,0.0006094155144726543,0.0006250415533052865,0.00013336140232201327,0.0002658461133171174,0.00022368307379066972,0.0002573766635012622
CVCL_0292,3,"[('Irinotecan', 0.05, 'uM')]",40,36.121398828250996,0.0004764675161536123,0.0004552862486983381,0.00046696025507521864,8.356395891190172e-05,0.00026749798580526983,0.0002716768563030037,0.0002501628327432317
CVCL_0292,3,"[('Ixazomib', 0.05, 'uM')]",40,36.121398828250996,0.0006972559475427348,0.0006849477020682635,0.0007025104636597573,0.0001051952923637267,0.00029393610290339426,0.00023292367087576605,0.0002680139741540261
CVCL_0292,3,"[('LB-100', 0.05, 'uM')]",40,36.121398828250996,0.0003654342203681148,0.00033853061597709304,0.00034721088818163396,9.28404487943694e-05,0.0001034267629507661,0.00010972156322505511,0.00010054344921916766
CVCL_0292,3,"[('LJI308', 0.05, 'uM')]",40,36.121398828250996,0.0008769333058636941,0.0008553462679942752,0.0008772782235838718,0.00026202460509986493,0.0003700417458330623,0.00029644499871602544,0.0003258868978794332
CVCL_0292,3,"[('LY-2584702 (tosylate salt)', 0.05, 'uM')]",40,36.121398828250996,0.0005077374003057972,0.0005088295682848673,0.0005218764802921716,0.00010007410620626892,0.00022105804639742816,0.00020671487148272224,0.00021233579532420717
CVCL_0292,3,"[('LY2090314', 0.05, 'uM')]",40,36.121398828250996,0.00052772853766396,0.00048156238278543567,0.0004939101361901901,9.328162234587964e-05,0.00020549947070388355,0.00018324542715974113,0.00020490827852930266
CVCL_0292,3,"[('Lapatinib ditosylate', 0.05, 'uM')]",40,36.121398828250996,0.00045953828683907685,0.0004277841870585283,0.0004387530123677212,6.707294888856227e-05,0.00021588961345033478,0.00019003384579285656,0.00021516195533329114
CVCL_0292,3,"[('Lonafarnib', 0.05, 'uM')]",40,36.121398828250996,0.0004897327692200964,0.00045149423906052836,0.0004630710144210543,0.00010896607009614375,0.0001372498416384344,0.00013049243488634166,0.00013081728667435128
CVCL_0292,3,"[('MK-3903', 0.05, 'uM')]",40,36.121398828250996,0.0006122395984125376,0.000590974630478231,0.0006061278261315188,0.00012389889200492866,0.00039093357125446793,0.00039003438744478474,0.0003671901385048745
CVCL_0292,3,"[('MK-8353', 0.05, 'uM')]",40,36.121398828250996,0.0004923619202428192,0.0004618960395298595,0.00047373952772293267,9.331910762058788e-05,0.00025973343598509314,0.0002607003893439965,0.0002544624329288182
CVCL_0292,3,"[('ML264', 0.05, 'uM')]",40,36.121398828250996,0.0005148332208636522,0.0004857310787910378,0.0004981857218369616,0.00011355875534540773,0.0002778223549299043,0.0002569472078292317,0.00027116176453533675
CVCL_0292,3,"[('Methylprednisolone succinate', 0.05, 'uM')]",24,22.161552346330417,0.025136679006693453,0.0235363993266222,0.02455972103647533,0.0012174933931028999,0.014201194222791503,0.013103053339329295,0.014819114792303715
CVCL_0292,3,"[('Minodronic acid', 0.05, 'uM')]",40,36.121398828250996,0.0006112549534913323,0.00054980074953997,0.0005638982046563794,0.00013289383522399782,0.00015714421338221444,0.0001639301136648033,0.00016274435233669518
CVCL_0292,3,"[('NG25', 0.05, 'uM')]",40,36.121398828250996,0.0005854880717277544,0.0005572116217167367,0.0005714990991966529,0.0001270439682797779,0.0003490254281961354,0.0002930157970067435,0.00033135470416867716
CVCL_0292,3,"[('NVP-BHG712', 0.05, 'uM')]",40,36.121398828250996,0.0005163403869063685,0.0004786662801435802,0.000490939774506236,0.00011557895286233286,0.0001811756848156058,0.00015001606015703633,0.0001757672673874555
CVCL_0292,3,"[('OTS514', 0.05, 'uM')]",40,36.121398828250996,0.0005851745243342885,0.0005484504686747024,0.0005625133012048226,0.00019866807354405509,0.00020868669033834617,0.0002451685773715083,0.00018911154463922624
CVCL_0292,3,"[('Oleic acid', 0.05, 'uM')]",40,36.121398828250996,0.0005170980334886894,0.00046411223777489215,0.000476012551563992,0.00012048132832873117,0.00015562816701433796,0.0001921932919075114,0.00015924402420924164
CVCL_0292,3,"[('Oxaliplatin', 0.05, 'uM')]",40,36.121398828250996,0.0005577442647751701,0.000520615750773053,0.0005339648725877466,0.00014493725428506993,0.000244295371685364,0.00022697740410195435,0.00023740290395611238
CVCL_0292,3,"[('PF-06260933', 0.05, 'uM')]",25,22.840233394667187,0.02006302325315773,0.019412593486055545,0.02022145154797453,0.0009188374368728048,0.009237325644038627,0.008587357799725606,0.009965334948034815
CVCL_0292,3,"[('PH-797804', 0.05, 'uM')]",40,36.121398828250996,0.00052022489637584,0.00047248435502365084,0.0004845993384857956,8.609512446472444e-05,0.00013390171778852178,0.00010750902879797966,0.0001331623406848757
CVCL_0292,3,"[('Paclitaxel', 0.05, 'uM')]",40,36.121398828250996,0.00048414921467602827,0.00045266958964037667,0.00046427650219525815,0.00013585183594953722,0.00027263660453605477,0.0003059707878369532,0.0002654867877643334
CVCL_0292,3,"[('Pemigatinib', 0.05, 'uM')]",40,36.121398828250996,0.000538036859363605,0.0005095246378792081,0.000522589372183803,0.00012712833315998856,0.0002473268015013696,0.00022314378208749768,0.00023368719737936557
CVCL_0292,3,"[('Pimitespib', 0.05, 'uM')]",40,36.121398828250996,0.0005613534665207267,0.0005392459783624448,0.000553072798320456,9.835734221424294e-05,0.00019144436874110642,0.00015136722166080052,0.00017400001666373476
CVCL_0292,3,"[('Pralsetinib', 0.05, 'uM')]",40,36.121398828250996,0.0006110798214976149,0.0005696920481417053,0.0005842995365555949,9.446149356879222e-05,0.00042438353775396356,0.00041115631464675015,0.0003949526343394095
CVCL_0292,3,"[('RMC-6236', 0.05, 'uM')]",40,36.121398828250996,0.0006420820409819031,0.0005918286196748912,0.0006070037124870678,0.00015177800529495535,0.00029775010924528225,0.000330001926474021,0.0002993914843477959
CVCL_0292,3,"[('Ralimetinib dimesylate', 0.05, 'uM')]",19,17.60326152361246,0.023687082075400236,0.02181355929425461,0.023025423699490982,0.0013730097552522547,0.008433152580750707,0.007396450352868589,0.009450786959416918
CVCL_0292,3,"[('Regorafenib', 0.05, 'uM')]",40,36.121398828250996,0.00044571656810386785,0.0004246830797924825,0.0004355723895307511,9.31652556937962e-05,0.00024220171279987858,0.0002412391230708272,0.00023790418840845934
CVCL_0292,3,"[('SBI-0640756', 0.05, 'uM')]",40,36.121398828250996,0.000513635227028449,0.0005009562251079104,0.0005138012565209335,7.776146487647479e-05,0.00021119414070857977,0.00020601679549803664,0.0001961601728075526
CVCL_0292,3,"[('Sapanisertib', 0.05, 'uM')]",40,36.121398828250996,0.0006883335323097904,0.0006683328256573246,0.0006854695647767427,0.00018785306403599111,0.0003090059621069261,0.0002835551759661229,0.0002934918867560221
CVCL_0292,3,"[('Sonidegib', 0.05, 'uM')]",40,36.121398828250996,0.0057524713435556235,0.006369347729875062,0.006532664338333395,0.0005146607367840435,0.0014370626725599296,0.0012249715971968539,0.0014067252279249076
CVCL_0292,3,"[('TAK-733', 0.05, 'uM')]",40,36.121398828250996,0.0005655348838955015,0.0005339043956229468,0.000547594251920971,0.00013500884751069893,0.00032460335735361477,0.0002991920839984422,0.0003243591317434948
CVCL_0292,3,"[('TAK-901', 0.05, 'uM')]",40,36.121398828250996,0.0011658938002242923,0.0011304685795430031,0.0011594549533774387,0.00023798511487851698,0.0002744255193585781,0.0002316952246427052,0.0002677598226132704
CVCL_0292,3,"[('Temuterkib', 0.05, 'uM')]",40,36.121398828250996,0.0004768246765263509,0.0004541973413500323,0.00046584342702567385,0.00011841638410721066,0.0001792936292222172,0.00017806989044944155,0.00017286457302817147
CVCL_0292,3,"[('Tomivosertib', 0.05, 'uM')]",40,36.121398828250996,0.0005745599229505874,0.0005481050578254523,0.0005621590336671305,0.00012181957576236394,0.00023976473435775603,0.00023482244779015314,0.00022037768868373312
CVCL_0292,3,"[('Torkinib', 0.05, 'uM')]",40,36.121398828250996,0.0005325335458045422,0.0005076108059165853,0.0005206264676067542,0.00011689470718856356,0.00026008682844921155,0.00023803055124480655,0.0002477884642706179
CVCL_0292,3,"[('Trametinib', 0.05, 'uM')]",40,36.121398828250996,0.0006726435684041003,0.0006341009792046324,0.0006503599786714177,0.0001837654669588096,0.00025939252681966835,0.00029852100516393,0.0002543280563613081
CVCL_0292,3,"[('Tubulin inhibitor 6', 0.05, 'uM')]",40,36.121398828250996,0.0005068534382190884,0.00045512958650747976,0.0004667995759051074,8.275360254442702e-05,0.00020861658380763758,0.00018608033348364923,0.0002127600923801241
CVCL_0292,3,"[('Tucatinib', 0.05, 'uM')]",40,36.121398828250996,0.0005135778917887782,0.0004814293163790968,0.0004937736578247145,0.00010143961345181364,0.000272143748232359,0.00025876387012822985,0.0002636517608967538
CVCL_0292,3,"[('ULK-101', 0.05, 'uM')]",40,36.121398828250996,0.0007099582296770487,0.0006880874670966695,0.0007057307354837634,0.00015521669900870453,0.0003626272105125902,0.0003462753567695861,0.00033256594332775505
CVCL_0292,3,"[('Vemurafenib', 0.05, 'uM')]",40,36.121398828250996,0.0004790855837158123,0.000454167387315234,0.00046581270493870134,8.860432538902819e-05,0.0003102821325798979,0.00030917474191465385,0.0003031218225642686
CVCL_0292,3,"[('Volasertib', 0.05, 'uM')]",40,36.121398828250996,0.0004698352436694527,0.0004504194172179032,0.000461968633044003,8.139934268057883e-05,0.00020036554922625582,0.00022007757777856767,0.0001949000868370408
CVCL_0292,3,"[('XRK3F2', 0.05, 'uM')]",40,36.121398828250996,0.0005212292273917328,0.000489897524560803,0.0005024589995495413,0.00010836690612377208,0.0002542130720429806,0.0002459143671488337,0.00024618396278972275
CVCL_0292,3,"[('c-Kit-IN-1', 0.05, 'uM')]",19,16.887143395328824,0.01606182870121395,0.015222668132158838,0.016068371917278775,0.0012155489305940182,0.008126925743490821,0.006683935579766061,0.008421174482236289
CVCL_0292,3,"[('olaparib', 0.05, 'uM')]",32,29.699581989744992,0.026473227712025177,0.026832436918397214,0.027697999399635822,0.0009735714546109722,0.0050992349899920235,0.0039900837265694575,0.005383436334797473
CVCL_0292,3,"[('palbociclib', 0.05, 'uM')]",40,36.121398828250996,0.0006506907337727699,0.0006474792112101507,0.0006640812422668209,0.0001385506965520185,0.00025452231273636016,0.0002460415017224916,0.00023511271760972983
CVCL_0292,3,"[('venetoclax', 0.05, 'uM')]",40,36.121398828250996,0.0009173587907941503,0.0008680801549444774,0.0008903386204558742,0.0002312883264375023,0.0003960586001658653,0.00038847360374900887,0.0003786757095323675
CVCL_0292,3,"[('vincristine', 0.05, 'uM')]",40,36.121398828250996,0.0007427327911894879,0.000699741246424662,0.0007176833296663198,0.00014263392305565088,0.00022229865409927876,0.00018614472614176164,0.00022407496113565953
CVCL_0334,3,"[('4EGI-1', 0.05, 'uM')]",40,37.356199131138034,0.0005439863178739582,0.0005309256159678965,0.0005445390933004065,7.447793255962529e-05,0.0005101080272318029,0.0006109287678338968,0.0005096919822411285
CVCL_0334,3,"[('9-ING-41', 0.05, 'uM')]",40,37.356199131138034,0.00045452470425233645,0.0004324874344678933,0.0004435768558645059,9.398942079121906e-05,0.0005834791346538701,0.0006919354237488373,0.000580118053697941
CVCL_0334,3,"[('APTO-253', 0.05, 'uM')]",40,37.356199131138034,0.00043664036003637465,0.0004099183619895816,0.0004204290892200835,0.00012120683439747762,0.0002641779031636383,0.00034784194770602113,0.000268729330149798
CVCL_0334,3,"[('AT7519', 0.05, 'uM')]",40,37.356199131138034,0.00042313219494773715,0.0003959415150108729,0.0004060938615496132,9.44695135207608e-05,0.00038073522723985664,0.0005054293995030026,0.0003779126140048541
CVCL_0334,3,"[('AZD-7648', 0.05, 'uM')]",40,37.356199131138034,0.0004831763776128354,0.00045461085291213527,0.00046626754144834387,0.00012328971441517289,0.0004375619567517916,0.0005508395456784263,0.00043951311386630364
CVCL_0334,3,"[('AZD-8055', 0.05, 'uM')]",40,37.356199131138034,0.0006063678015819945,0.000575197008720195,0.0005899456499694306,0.00012208501615928734,0.0008797006416358611,0.0011130265391747355,0.0008572771865745287
CVCL_0334,3,"[('AZD1390', 0.05, 'uM')]",40,37.356199131138034,0.00045567164660941385,0.00043052141945850234,0.0004415604302138485,9.819928735349279e-05,0.0003596348555663936,0.0004840560981813675,0.0003698606474451982
CVCL_0334,3,"[('AZD2858', 0.05, 'uM')]",40,37.356199131138034,0.0004939056774927577,0.00047144590746385533,0.0004835342640654926,9.42512442953287e-05,0.0004981138211199212,0.0006242312214527441,0.0004957406064114689
CVCL_0334,3,"[('Abemaciclib', 0.05, 'uM')]",18,17.27735288927295,0.018790035696276547,0.018004419241157033,0.019063502725930978,0.001070029900424177,0.04175912506382525,0.0406284460574404,0.04319902772052227
CVCL_0334,3,"[('Adagrasib', 0.05, 'uM')]",40,37.356199131138034,0.00040243886584019644,0.00038185099788224974,0.0003916420491099996,4.521650844243631e-05,0.00023946445782475534,0.0002820576231756677,0.0002450662459825147
CVCL_0334,3,"[('Afatinib', 0.05, 'uM')]",40,37.356199131138034,0.0006346078490463636,0.0006099813777964704,0.0006256219259450975,8.807677037301839e-05,0.0008550566656161876,0.0009862139812099248,0.0008271940957233433
CVCL_0334,3,"[('Alpelisib', 0.05, 'uM')]",40,37.356199131138034,0.0005236432054873581,0.0004954285028953258,0.0005081317978413597,0.000108431432827481,0.0005347272164270058,0.0006935195363626762,0.0005345176716407092
CVCL_0334,3,"[('Anastrozole', 0.05, 'uM')]",40,37.356199131138034,0.0004151832726494,0.0003873549917322978,0.0003972871710074849,0.00010732024683568038,0.00027695814005517785,0.0003575125389356845,0.00028179378906126405
CVCL_0334,3,"[('BAY1125976', 0.05, 'uM')]",40,37.356199131138034,0.0004943217598569834,0.0004697410768483476,0.00048178571984445914,9.645436475568041e-05,0.0007133768128265417,0.0008418235902257928,0.0007071835496854035
CVCL_0334,3,"[('BI-3406', 0.05, 'uM')]",40,37.356199131138034,0.000571070399896892,0.0005558984024457401,0.0005701522076366562,0.00010430501384223401,0.0006952995953747671,0.0008508106488865239,0.0006791728434944072
CVCL_0334,3,"[('BI-78D3', 0.05, 'uM')]",40,37.356199131138034,0.0005384610566373821,0.0005336512148805478,0.0005473345793646645,9.23435626026052e-05,0.0006206927559997548,0.0007261366030929647,0.0006193750771968268
CVCL_0334,3,"[('Belumosudil (mesylate)', 0.05, 'uM')]",40,37.356199131138034,0.0006015001038903776,0.0005810267346874548,0.0005959248560896974,9.508189935711132e-05,0.0004364565468773798,0.0005244166971472354,0.0004387118714408111
CVCL_0334,3,"[('Belzutifan', 0.05, 'uM')]",39,36.39700485251393,0.002349766320094026,0.002729517631734671,0.0028013470430961096,0.00014550149653410545,0.0047141328349923585,0.004781923468209492,0.004751972392134664
CVCL_0334,3,"[('Bentamapimod', 0.05, 'uM')]",40,37.356199131138034,0.0006407686159240529,0.0006117147046949084,0.000627399697122983,0.0001253446229904245,0.0006001959568165199,0.0007058258464751455,0.0005956543753122234
CVCL_0334,3,"[('Bimiralisib', 0.05, 'uM')]",40,37.356199131138034,0.0007367689881452417,0.0006937268305438777,0.0007115146979937202,0.00016491955619590376,0.0011301931269472514,0.0013819106147856782,0.001092843975346435
CVCL_0334,3,"[('Binimetinib', 0.05, 'uM')]",40,37.356199131138034,0.0012103606575444466,0.0011309894635955593,0.0011599891934313427,0.00030065833888667055,0.0018817223728262418,0.002531096808936407,0.0018090252811375366
CVCL_0334,3,"[('Bortezomib', 0.05, 'uM')]",40,37.356199131138034,0.003936830454381908,0.003809986612662475,0.003907678577089719,0.0019358543800389522,0.003041672814545595,0.004820216164954453,0.0029869190413751826
CVCL_0334,3,"[('Brivudine', 0.05, 'uM')]",40,37.356199131138034,0.0005594243202711374,0.0005304259612783838,0.0005440266269521885,9.189821468347096e-05,0.0004430513629194295,0.00054627057099543,0.00045702733494663395
CVCL_0334,3,"[('CP21R7', 0.05, 'uM')]",40,37.356199131138034,0.00045798692390454235,0.00044527299763388417,0.00045669025398347086,7.212977144481219e-05,0.0004272973800489563,0.0005337483892612063,0.0004382306042491208
CVCL_0334,3,"[('Capivasertib', 0.05, 'uM')]",40,37.356199131138034,0.00047032741320809506,0.0004466903199035242,0.0004581439178497681,8.772190230237779e-05,0.0004466922059858011,0.000555788342226243,0.00045121069602759354
CVCL_0334,3,"[('Capmatinib', 0.05, 'uM')]",40,37.356199131138034,0.0005912833942470002,0.0005731900329363209,0.0005878872132680215,8.912902743221163e-05,0.0007372732702071361,0.0008901472361658337,0.0007272150085984708
CVCL_0334,3,"[('Celecoxib', 0.05, 'uM')]",40,37.356199131138034,0.0004922331539475367,0.00045920976185080355,0.00047098437112902923,0.00010370592943857956,0.0003457272226882478,0.00042209843257189707,0.00035652187395286385
CVCL_0334,3,"[('DT-061', 0.05, 'uM')]",40,37.356199131138034,0.0004885985795735058,0.0004681233720698376,0.00048012653545624357,8.455583019309902e-05,0.0003908466234958003,0.0004608042331039506,0.00039593216239036585
CVCL_0334,3,"[('Dabrafenib', 0.05, 'uM')]",40,37.356199131138034,0.0006182375033253894,0.0005798968956779154,0.0005947660468491437,0.00011116733765534268,0.0007715306511982762,0.0009722220079919554,0.0007677932551975316
CVCL_0334,3,"[('ERK5-IN-2', 0.05, 'uM')]",40,37.356199131138034,0.0005290967997112045,0.0005228169695860322,0.0005362225329087508,0.00012378916001426086,0.0005201139898998355,0.0006803243523566633,0.000523988107932942
CVCL_0334,3,"[('ETC-206', 0.05, 'uM')]",40,37.356199131138034,0.00038639150423818824,0.0003667553839111511,0.000376159368114001,7.552879430229177e-05,0.0003035001953350896,0.0003854582949280392,0.000307404172624526
CVCL_0334,3,"[('EX229', 0.05, 'uM')]",40,37.356199131138034,0.0008718325363749546,0.0008391910601447292,0.0008607087796356196,0.00019703595686450815,0.0009814317013790077,0.0012591808294696288,0.0009649921128753911
CVCL_0334,3,"[('Elimusertib hydrochloride', 0.05, 'uM')]",40,37.356199131138034,0.0016962596520341553,0.0016047078821093102,0.0016458542380608308,0.00040845536072110284,0.0024528170931277906,0.003186585075204646,0.0023519831220717258
CVCL_0334,3,"[('Encorafenib', 0.05, 'uM')]",40,37.356199131138034,0.0004873630480168137,0.0004617297749336355,0.0004735689999319337,9.84312121933565e-05,0.0004210273101480903,0.0005240012339951055,0.00041942894717114535
CVCL_0334,3,"[('Erdafitinib ', 0.05, 'uM')]",40,37.356199131138034,0.000501183236695759,0.0004943121176681038,0.0005069867873519013,9.12133464280683e-05,0.0004920023841507551,0.0005964867316611793,0.0004912314383773449
CVCL_0334,3,"[('Everolimus', 0.05, 'uM')]",40,37.356199131138034,0.0004911877150678267,0.00047780172177839104,0.0004900530479778369,6.845356322987198e-05,0.0004826561217169892,0.0005556853358776109,0.00047937011712823323
CVCL_0334,3,"[('Futibatinib', 0.05, 'uM')]",40,37.356199131138034,0.0005298056586985305,0.0004978854585472099,0.0005106517523561125,0.00016484340157677557,0.00044027848425741114,0.0006306089186532324,0.00043298902799930605
CVCL_0334,3,"[('GSK1059615', 0.05, 'uM')]",40,37.356199131138034,0.0005695956058986609,0.0005412593577691964,0.0005551378028402014,0.00010529452877121434,0.0007001839067525582,0.0008973661852141311,0.0006863128011728848
CVCL_0334,3,"[('Gemcitabine', 0.05, 'uM')]",40,37.356199131138034,0.0005698464651093349,0.0005389992876791557,0.0005528197822350315,0.00011932323136626216,0.0004829384597718428,0.000552240533734827,0.00048339975942406077
CVCL_0334,3,"[('HI-TOPK-032', 0.05, 'uM')]",40,37.356199131138034,0.0006425144485258962,0.000639790432509146,0.0006561953153939959,0.0001485642685803427,0.00043049715651302466,0.0005571786313493221,0.0004285380608910847
CVCL_0334,3,"[('Hydroxyfasudil', 0.05, 'uM')]",38,36.00471808380528,0.0026362123498092772,0.002551972122817245,0.0026209443423528466,0.0002636481567240368,0.0029298954390790826,0.003003140927295466,0.0029286581067969886
CVCL_0334,3,"[('IQ 1', 0.05, 'uM')]",40,37.356199131138034,0.0004842556571666881,0.0004659294596153178,0.00047787636883622335,0.00011924040915647155,0.0005656047374666184,0.0007680365048689756,0.0005618136061128818
CVCL_0334,3,"[('Infigratinib', 0.05, 'uM')]",40,37.356199131138034,0.0005715463260770561,0.0005417108639831053,0.0005556008861365181,0.00016593237978960898,0.0005490455206745618,0.0007480786572783284,0.0005398913343077074
CVCL_0334,3,"[('Ipatasertib', 0.05, 'uM')]",40,37.356199131138034,0.0006383224672986197,0.0006094155144726543,0.0006250415533052865,0.00013336140232201327,0.00047982131240643033,0.0006047472966369165,0.00047932825446094586
CVCL_0334,3,"[('Irinotecan', 0.05, 'uM')]",40,37.356199131138034,0.0004719420804398636,0.0004552862486983381,0.00046696025507521864,8.356395891190172e-05,0.00043173006380728814,0.0005251512569487221,0.00042824076780388046
CVCL_0334,3,"[('Ixazomib', 0.05, 'uM')]",40,37.356199131138034,0.0006922475102615693,0.0006849477020682635,0.0007025104636597573,0.0001051952923637267,0.0006442463314869349,0.0007860927246376181,0.0006294654969058364
CVCL_0334,3,"[('LB-100', 0.05, 'uM')]",40,37.356199131138034,0.00036114078342083653,0.00033853061597709304,0.00034721088818163396,9.28404487943694e-05,0.000288093941684937,0.00038278573349865663,0.00029393341827392593
CVCL_0334,3,"[('LJI308', 0.05, 'uM')]",40,37.356199131138034,0.0008766826561738149,0.0008553462679942752,0.0008772782235838718,0.00026202460509986493,0.0007430089887767433,0.001096195253420324,0.0007298838780233714
CVCL_0334,3,"[('LY-2584702 (tosylate salt)', 0.05, 'uM')]",40,37.356199131138034,0.0005021400659743975,0.0005088295682848673,0.0005218764802921716,0.00010007410620626892,0.00045950608545447183,0.000611409980464062,0.0004634801523372675
CVCL_0334,3,"[('LY2090314', 0.05, 'uM')]",40,37.356199131138034,0.0005186703945985022,0.00048156238278543567,0.0004939101361901901,9.328162234587964e-05,0.0004425512163263109,0.0005159717968054578,0.00045437152665941976
CVCL_0334,3,"[('Lapatinib ditosylate', 0.05, 'uM')]",40,37.356199131138034,0.0004537979244011055,0.0004277841870585283,0.0004387530123677212,6.707294888856227e-05,0.0005183251510110778,0.0006246252395914031,0.0005131026414298452
CVCL_0334,3,"[('Lonafarnib', 0.05, 'uM')]",40,37.356199131138034,0.00048388566935041925,0.00045149423906052836,0.0004630710144210543,0.00010896607009614375,0.00037594531602941865,0.00048441352463648736,0.0003726706993892455
CVCL_0334,3,"[('MK-3903', 0.05, 'uM')]",40,37.356199131138034,0.000609111930817178,0.000590974630478231,0.0006061278261315188,0.00012389889200492866,0.000537924553972023,0.0006372403703321122,0.0005341414133121867
CVCL_0334,3,"[('MK-8353', 0.05, 'uM')]",40,37.356199131138034,0.00048639009869174896,0.0004618960395298595,0.00047373952772293267,9.331910762058788e-05,0.0005288246545141007,0.0006744664072754423,0.0005217743568520554
CVCL_0334,3,"[('ML264', 0.05, 'uM')]",40,37.356199131138034,0.0005105388202056288,0.0004857310787910378,0.0004981857218369616,0.00011355875534540773,0.000620317201536027,0.000768783939430624,0.0006243363742909149
CVCL_0334,3,"[('Minodronic acid', 0.05, 'uM')]",40,37.356199131138034,0.000599714605339229,0.00054980074953997,0.0005638982046563794,0.00013289383522399782,0.00037131384318776317,0.0005341837614889569,0.0003764479619440653
CVCL_0334,3,"[('NG25', 0.05, 'uM')]",40,37.356199131138034,0.0005794555290885674,0.0005572116217167367,0.0005714990991966529,0.0001270439682797779,0.0005633587369614785,0.0007515714566109413,0.0005600605841682697
CVCL_0334,3,"[('NVP-BHG712', 0.05, 'uM')]",40,37.356199131138034,0.0005109916516408053,0.0004786662801435802,0.000490939774506236,0.00011557895286233286,0.0004016943252307713,0.0005201526485454953,0.0004003939738748614
CVCL_0334,3,"[('OTS514', 0.05, 'uM')]",40,37.356199131138034,0.0005800867132915493,0.0005484504686747024,0.0005625133012048226,0.00019866807354405509,0.0005151751618634864,0.0007272263807067681,0.0005147668568373478
CVCL_0334,3,"[('Oleic acid', 0.05, 'uM')]",40,37.356199131138034,0.0005068795936666708,0.00046411223777489215,0.000476012551563992,0.00012048132832873117,0.0003642073870545133,0.000519950809551397,0.00037082090153747163
CVCL_0334,3,"[('Oxaliplatin', 0.05, 'uM')]",40,37.356199131138034,0.0005530806327894009,0.000520615750773053,0.0005339648725877466,0.00014493725428506993,0.0005864704509883969,0.0008098061100726466,0.0005787401502491903
CVCL_0334,3,"[('PF-06260933', 0.05, 'uM')]",25,23.51237092860377,0.020249223788553206,0.019412593486055545,0.02022145154797453,0.0009188374368728048,0.04106820729771508,0.039967742478196795,0.04168268057778254
CVCL_0334,3,"[('PH-797804', 0.05, 'uM')]",40,37.356199131138034,0.0005116219209352036,0.00047248435502365084,0.0004845993384857956,8.609512446472444e-05,0.00036860860036312025,0.0004785137205438545,0.0003772604639143046
CVCL_0334,3,"[('Paclitaxel', 0.05, 'uM')]",40,37.356199131138034,0.0004799121237955219,0.00045266958964037667,0.00046427650219525815,0.00013585183594953722,0.0005019749152427332,0.000615640661393537,0.0004988570391406769
CVCL_0334,3,"[('Pemigatinib', 0.05, 'uM')]",40,37.356199131138034,0.0005320806531342101,0.0005095246378792081,0.000522589372183803,0.00012712833315998856,0.0006046062963797321,0.0008047300178915355,0.0005991011532422534
CVCL_0334,3,"[('Pimitespib', 0.05, 'uM')]",40,37.356199131138034,0.0005597353719559318,0.0005392459783624448,0.000553072798320456,9.835734221424294e-05,0.00047152570929706345,0.0005850931790629354,0.00047673090682641525
CVCL_0334,3,"[('Pralsetinib', 0.05, 'uM')]",40,37.356199131138034,0.0006034181744629999,0.0005696920481417053,0.0005842995365555949,9.446149356879222e-05,0.0006094931834544873,0.0006850011863619943,0.0005991476574426222
CVCL_0334,3,"[('RMC-6236', 0.05, 'uM')]",40,37.356199131138034,0.0006350886438596852,0.0005918286196748912,0.0006070037124870678,0.00015177800529495535,0.0007765805037862093,0.000962302701971944,0.0007659354875126115
CVCL_0334,3,"[('Regorafenib', 0.05, 'uM')]",40,37.356199131138034,0.0004414070992254162,0.0004246830797924825,0.0004355723895307511,9.31652556937962e-05,0.00042246587026209634,0.0005552284709397833,0.0004268126433680104
CVCL_0334,3,"[('SBI-0640756', 0.05, 'uM')]",40,37.356199131138034,0.0005096179306754713,0.0005009562251079104,0.0005138012565209335,7.776146487647479e-05,0.0004647342719031662,0.0005664707013648723,0.0004587996647541069
CVCL_0334,3,"[('Sapanisertib', 0.05, 'uM')]",40,37.356199131138034,0.0006898964984938266,0.0006683328256573246,0.0006854695647767427,0.00018785306403599111,0.0010005195771339457,0.0011317064247419629,0.00100300984897477
CVCL_0334,3,"[('Sonidegib', 0.05, 'uM')]",40,37.356199131138034,0.005705484308351401,0.006369347729875062,0.006532664338333395,0.0005146607367840435,0.004490267404908224,0.004415683205776089,0.004625376295544336
CVCL_0334,3,"[('TAK-733', 0.05, 'uM')]",40,37.356199131138034,0.0005613718821594228,0.0005339043956229468,0.000547594251920971,0.00013500884751069893,0.000602700067024654,0.0007648605437726055,0.0006014764544323926
CVCL_0334,3,"[('TAK-901', 0.05, 'uM')]",40,37.356199131138034,0.0011593786799115125,0.0011304685795430031,0.0011594549533774387,0.00023798511487851698,0.000698408387435921,0.0009495338899256651,0.0007035821814362937
CVCL_0334,3,"[('Temuterkib', 0.05, 'uM')]",40,37.356199131138034,0.00047220297775652236,0.0004541973413500323,0.00046584342702567385,0.00011841638410721066,0.00048140086901808725,0.0006290657135248827,0.0004831834873017796
CVCL_0334,3,"[('Tomivosertib', 0.05, 'uM')]",40,37.356199131138034,0.0005713277353657134,0.0005481050578254523,0.0005621590336671305,0.00012181957576236394,0.0005555049160121403,0.0006994544192204608,0.0005518534318355555
CVCL_0334,3,"[('Torkinib', 0.05, 'uM')]",40,37.356199131138034,0.0005290842675661871,0.0005076108059165853,0.0005206264676067542,0.00011689470718856356,0.0004805245964300306,0.0005853353016271952,0.000482217174152271
CVCL_0334,3,"[('Trametinib', 0.05, 'uM')]",40,37.356199131138034,0.0006691329602557488,0.0006341009792046324,0.0006503599786714177,0.0001837654669588096,0.0009315505298342633,0.0012046775417107493,0.000904829467167588
CVCL_0334,3,"[('Tubulin inhibitor 6', 0.05, 'uM')]",40,37.356199131138034,0.0004967576300186062,0.00045512958650747976,0.0004667995759051074,8.275360254442702e-05,0.000385438076101989,0.0004748144714409744,0.0003908868222587071
CVCL_0334,3,"[('Tucatinib', 0.05, 'uM')]",40,37.356199131138034,0.0005085780178429,0.0004814293163790968,0.0004937736578247145,0.00010143961345181364,0.0005096216092367749,0.0006334057030488618,0.0005133803494339128
CVCL_0334,3,"[('ULK-101', 0.05, 'uM')]",40,37.356199131138034,0.0007084448344393743,0.0006880874670966695,0.0007057307354837634,0.00015521669900870453,0.0010600814844509295,0.0012549782192678653,0.0010491094028553648
CVCL_0334,3,"[('Vemurafenib', 0.05, 'uM')]",40,37.356199131138034,0.0004732468841490889,0.000454167387315234,0.00046581270493870134,8.860432538902819e-05,0.0004454680480689605,0.0005328229727403521,0.0004468936716226782
CVCL_0334,3,"[('Volasertib', 0.05, 'uM')]",40,37.356199131138034,0.00046356636290496335,0.0004504194172179032,0.000461968633044003,8.139934268057883e-05,0.0004937814099986915,0.0006113745373743379,0.0004947486073895312
CVCL_0334,3,"[('XRK3F2', 0.05, 'uM')]",40,37.356199131138034,0.0005172797824392652,0.000489897524560803,0.0005024589995495413,0.00010836690612377208,0.0008000948207852268,0.0009878045176043347,0.0007801196814411695
CVCL_0334,3,"[('c-Kit-IN-1', 0.05, 'uM')]",19,17.61930576208414,0.016001742534397727,0.015222668132158838,0.016068371917278775,0.0012155489305940182,0.01976228536787603,0.019605289613362505,0.019770124053284044
CVCL_0334,3,"[('olaparib', 0.05, 'uM')]",32,30.450230176749994,0.02673646850141013,0.026832436918397214,0.027697999399635822,0.0009735714546109722,0.018915534206582492,0.017778893666779615,0.019276024611371716
CVCL_0334,3,"[('palbociclib', 0.05, 'uM')]",40,37.356199131138034,0.0006434204236200173,0.0006474792112101507,0.0006640812422668209,0.0001385506965520185,0.00048431751953847616,0.0006701287429502379,0.0004862587750764141
CVCL_0334,3,"[('venetoclax', 0.05, 'uM')]",40,37.356199131138034,0.000909766337373149,0.0008680801549444774,0.0008903386204558742,0.0002312883264375023,0.0012652634163633524,0.0017188372403951848,0.0012334005520825478
CVCL_0334,3,"[('vincristine', 0.05, 'uM')]",40,37.356199131138034,0.0007305737412979855,0.000699741246424662,0.0007176833296663198,0.00014263392305565088,0.00038566952167590153,0.0004957947829923076,0.00038792828585811154
CVCL_1285,3,"[('4EGI-1', 0.05, 'uM')]",40,37.78453022603103,0.0005307377022219219,0.0005309256159678965,0.0005445390933004065,7.447793255962529e-05,0.00041208501057435175,0.0005404616996196164,0.00036268132636388015
CVCL_1285,3,"[('9-ING-41', 0.05, 'uM')]",40,37.78453022603103,0.00044205055736611256,0.0004324874344678933,0.0004435768558645059,9.398942079121906e-05,0.0005024175452257529,0.0006634101609864364,0.0004367587809984013
CVCL_1285,3,"[('APTO-253', 0.05, 'uM')]",40,37.78453022603103,0.00041696000415315104,0.0004099183619895816,0.0004204290892200835,0.00012120683439747762,0.00038251240076188543,0.000571083282631096,0.0003324955735903533
CVCL_1285,3,"[('AT7519', 0.05, 'uM')]",40,37.78453022603103,0.0004096475377814103,0.0003959415150108729,0.0004060938615496132,9.44695135207608e-05,0.00039750304068638753,0.0005865986222694959,0.00033654369160038706
CVCL_1285,3,"[('AZD-7648', 0.05, 'uM')]",40,37.78453022603103,0.0004585431171562685,0.00045461085291213527,0.00046626754144834387,0.00012328971441517289,0.00035841816467862555,0.0005144314670575413,0.00031459254608070755
CVCL_1285,3,"[('AZD-8055', 0.05, 'uM')]",40,37.78453022603103,0.0005880029431568242,0.000575197008720195,0.0005899456499694306,0.00012208501615928734,0.0008296896481267754,0.0010852156646670567,0.0007358525599588826
CVCL_1285,3,"[('AZD1390', 0.05, 'uM')]",40,37.78453022603103,0.0004393589930544259,0.00043052141945850234,0.0004415604302138485,9.819928735349279e-05,0.0003210125011915922,0.00043354164315332206,0.0002800953052378487
CVCL_1285,3,"[('AZD2858', 0.05, 'uM')]",40,37.78453022603103,0.0004802850955555175,0.00047144590746385533,0.0004835342640654926,9.42512442953287e-05,0.00052781829214248,0.0007433566081008516,0.00045031158172908933
CVCL_1285,3,"[('Abemaciclib', 0.05, 'uM')]",18,17.414341712319228,0.019124845906678414,0.018004419241157033,0.019063502725930978,0.001070029900424177,0.018225784141980686,0.017125860685669417,0.019318436563354913
CVCL_1285,3,"[('Adagrasib', 0.05, 'uM')]",40,37.78453022603103,0.0003943147009698931,0.00038185099788224974,0.0003916420491099996,4.521650844243631e-05,0.0012237229356708674,0.0013753492647970433,0.0011964871218494357
CVCL_1285,3,"[('Afatinib', 0.05, 'uM')]",40,37.78453022603103,0.0006209170141091979,0.0006099813777964704,0.0006256219259450975,8.807677037301839e-05,0.0006907836793921487,0.0008479087636010181,0.0005908287782147338
CVCL_1285,3,"[('Alpelisib', 0.05, 'uM')]",40,37.78453022603103,0.0005045551305345084,0.0004954285028953258,0.0005081317978413597,0.000108431432827481,0.0005225607049940169,0.0007440701434267495,0.0004693314366760919
CVCL_1285,3,"[('Anastrozole', 0.05, 'uM')]",40,37.78453022603103,0.0003984733057853914,0.0003873549917322978,0.0003972871710074849,0.00010732024683568038,0.0003356473154853245,0.0004709402435970888,0.0002956969940530609
CVCL_1285,3,"[('BAY1125976', 0.05, 'uM')]",40,37.78453022603103,0.00048507340330775843,0.0004697410768483476,0.00048178571984445914,9.645436475568041e-05,0.00045878612427234636,0.0006201836622717524,0.0004043470764506028
CVCL_1285,3,"[('BI-3406', 0.05, 'uM')]",40,37.78453022603103,0.0005576402155507417,0.0005558984024457401,0.0005701522076366562,0.00010430501384223401,0.0007593139941016669,0.0009897377670078623,0.0006599797430607985
CVCL_1285,3,"[('BI-78D3', 0.05, 'uM')]",40,37.78453022603103,0.0005245671506698406,0.0005336512148805478,0.0005473345793646645,9.23435626026052e-05,0.0006414316300312318,0.0008652054871508978,0.0005355132654002459
CVCL_1285,3,"[('Belumosudil (mesylate)', 0.05, 'uM')]",40,37.78453022603103,0.0006017408636389017,0.0005810267346874548,0.0005959248560896974,9.508189935711132e-05,0.0008087732432286631,0.0010765028029023698,0.0006614109770556986
CVCL_1285,3,"[('Belzutifan', 0.05, 'uM')]",39,36.78693717180463,0.002457526079309798,0.002729517631734671,0.0028013470430961096,0.00014550149653410545,0.0024203297973274594,0.002478996214596818,0.002456383145230026
CVCL_1285,3,"[('Bentamapimod', 0.05, 'uM')]",40,37.78453022603103,0.000620237267039655,0.0006117147046949084,0.000627399697122983,0.0001253446229904245,0.0005551912845755307,0.0006956765758707169,0.0004890025677100807
CVCL_1285,3,"[('Bimiralisib', 0.05, 'uM')]",40,37.78453022603103,0.0007176714120009762,0.0006937268305438777,0.0007115146979937202,0.00016491955619590376,0.0008561589898447833,0.0011504484113759952,0.0007360226128402971
CVCL_1285,3,"[('Binimetinib', 0.05, 'uM')]",40,37.78453022603103,0.0011804717134208224,0.0011309894635955593,0.0011599891934313427,0.00030065833888667055,0.0016195051817116323,0.0022251417584146947,0.0014398226094589285
CVCL_1285,3,"[('Bortezomib', 0.05, 'uM')]",40,37.78453022603103,0.003944827864359578,0.003809986612662475,0.003907678577089719,0.0019358543800389522,0.0056074894961563775,0.009066622609331526,0.004694907592769127
CVCL_1285,3,"[('Brivudine', 0.05, 'uM')]",40,37.78453022603103,0.0005365918537582993,0.0005304259612783838,0.0005440266269521885,9.189821468347096e-05,0.0005375225707663361,0.0007200159403835567,0.0004748750235721321
CVCL_1285,3,"[('CP21R7', 0.05, 'uM')]",40,37.78453022603103,0.0004414795458943636,0.00044527299763388417,0.00045669025398347086,7.212977144481219e-05,0.0004023412980723075,0.0005456823765999626,0.00034853139148751213
CVCL_1285,3,"[('Capivasertib', 0.05, 'uM')]",40,37.78453022603103,0.00045702037763898886,0.0004466903199035242,0.0004581439178497681,8.772190230237779e-05,0.0003525580295811399,0.0004638238697700783,0.0003191138739762364
CVCL_1285,3,"[('Capmatinib', 0.05, 'uM')]",40,37.78453022603103,0.0005761938082818089,0.0005731900329363209,0.0005878872132680215,8.912902743221163e-05,0.0005632623662003849,0.0007349378696761583,0.0004720419647197476
CVCL_1285,3,"[('Celecoxib', 0.05, 'uM')]",40,37.78453022603103,0.00046658224814264565,0.00045920976185080355,0.00047098437112902923,0.00010370592943857956,0.0003657323279384639,0.0005041525317188273,0.00032773393075107883
CVCL_1285,3,"[('DT-061', 0.05, 'uM')]",40,37.78453022603103,0.0004699589291541225,0.0004681233720698376,0.00048012653545624357,8.455583019309902e-05,0.0003915897841607308,0.0005437538006585883,0.0003419817631576188
CVCL_1285,3,"[('Dabrafenib', 0.05, 'uM')]",40,37.78453022603103,0.0005998005269546464,0.0005798968956779154,0.0005947660468491437,0.00011116733765534268,0.0005694771542674118,0.0007398603801311586,0.0005286941711411138
CVCL_1285,3,"[('ERK5-IN-2', 0.05, 'uM')]",40,37.78453022603103,0.0005188109769865451,0.0005228169695860322,0.0005362225329087508,0.00012378916001426086,0.00041936013323591587,0.000581224078986255,0.0003827703260000723
CVCL_1285,3,"[('ETC-206', 0.05, 'uM')]",40,37.78453022603103,0.00037471801709928164,0.0003667553839111511,0.000376159368114001,7.552879430229177e-05,0.00039443594428696064,0.0005516098541495167,0.000341243952300923
CVCL_1285,3,"[('EX229', 0.05, 'uM')]",40,37.78453022603103,0.000847919504888054,0.0008391910601447292,0.0008607087796356196,0.00019703595686450815,0.0006534727480607501,0.0008930780488839968,0.0005752020411517126
CVCL_1285,3,"[('Elimusertib hydrochloride', 0.05, 'uM')]",40,37.78453022603103,0.0016581235822692524,0.0016047078821093102,0.0016458542380608308,0.00040845536072110284,0.002280799959264933,0.0031469633482899373,0.0020719872827833614
CVCL_1285,3,"[('Encorafenib', 0.05, 'uM')]",40,37.78453022603103,0.0004750687547114221,0.0004617297749336355,0.0004735689999319337,9.84312121933565e-05,0.0004520647306017713,0.0006290805846637983,0.0003933214717868654
CVCL_1285,3,"[('Erdafitinib ', 0.05, 'uM')]",40,37.78453022603103,0.0004884304284568209,0.0004943121176681038,0.0005069867873519013,9.12133464280683e-05,0.0004671778828253158,0.0006408316668601393,0.0003949001594967927
CVCL_1285,3,"[('Everolimus', 0.05, 'uM')]",40,37.78453022603103,0.0004815446834666334,0.00047780172177839104,0.0004900530479778369,6.845356322987198e-05,0.0004774912218913193,0.0006193499267984442,0.00040211591682890515
CVCL_1285,3,"[('Futibatinib', 0.05, 'uM')]",40,37.78453022603103,0.000513542448087681,0.0004978854585472099,0.0005106517523561125,0.00016484340157677557,0.00042072838148072856,0.0006901608993917622,0.00035364737344297024
CVCL_1285,3,"[('GSK1059615', 0.05, 'uM')]",40,37.78453022603103,0.0005619253168243573,0.0005412593577691964,0.0005551378028402014,0.00010529452877121434,0.0007536825055168969,0.001023469026122763,0.000639983219970575
CVCL_1285,3,"[('Gemcitabine', 0.05, 'uM')]",40,37.78453022603103,0.0005630369049132728,0.0005389992876791557,0.0005528197822350315,0.00011932323136626216,0.0004904623402379985,0.0006467903818137714,0.00043564806080850283
CVCL_1285,3,"[('HI-TOPK-032', 0.05, 'uM')]",40,37.78453022603103,0.000625514999874936,0.000639790432509146,0.0006561953153939959,0.0001485642685803427,0.0009497315600273375,0.00116603839541804,0.0008596056821710609
CVCL_1285,3,"[('Hydroxyfasudil', 0.05, 'uM')]",38,36.341832496116915,0.0026715195432241256,0.002551972122817245,0.0026209443423528466,0.0002636481567240368,0.0031610364525850557,0.0032649840338701795,0.0032130679943347842
CVCL_1285,3,"[('IQ 1', 0.05, 'uM')]",40,37.78453022603103,0.0004799125901258993,0.0004659294596153178,0.00047787636883622335,0.00011924040915647155,0.00047514172775147974,0.0006601077813154767,0.00042337344736160176
CVCL_1285,3,"[('Infigratinib', 0.05, 'uM')]",40,37.78453022603103,0.0005621880448218909,0.0005417108639831053,0.0005556008861365181,0.00016593237978960898,0.0007903186087613047,0.0010704386383352858,0.0006824495062691415
CVCL_1285,3,"[('Ipatasertib', 0.05, 'uM')]",40,37.78453022603103,0.0006255307940249506,0.0006094155144726543,0.0006250415533052865,0.00013336140232201327,0.0005945427766866813,0.0008288505633225045,0.0005058580588002734
CVCL_1285,3,"[('Irinotecan', 0.05, 'uM')]",40,37.78453022603103,0.00045964530388942356,0.0004552862486983381,0.00046696025507521864,8.356395891190172e-05,0.00048183473942065415,0.0006423150693401197,0.0004173813688340866
CVCL_1285,3,"[('Ixazomib', 0.05, 'uM')]",40,37.78453022603103,0.0006807924292080497,0.0006849477020682635,0.0007025104636597573,0.0001051952923637267,0.0006490496513077283,0.0008334911693999937,0.000566166585418872
CVCL_1285,3,"[('LB-100', 0.05, 'uM')]",40,37.78453022603103,0.0003489974275624491,0.00033853061597709304,0.00034721088818163396,9.28404487943694e-05,0.0003495176798083567,0.0004945879543938709,0.0003062011003093661
CVCL_1285,3,"[('LJI308', 0.05, 'uM')]",40,37.78453022603103,0.0008826025401808543,0.0008553462679942752,0.0008772782235838718,0.00026202460509986493,0.0009818468726780771,0.0015342673019887558,0.000801563689340874
CVCL_1285,3,"[('LY-2584702 (tosylate salt)', 0.05, 'uM')]",40,37.78453022603103,0.0004897493160154268,0.0005088295682848673,0.0005218764802921716,0.00010007410620626892,0.00039620716984924007,0.0005529409137606045,0.00034955029500321745
CVCL_1285,3,"[('LY2090314', 0.05, 'uM')]",40,37.78453022603103,0.0004907751378723899,0.00048156238278543567,0.0004939101361901901,9.328162234587964e-05,0.00039809287115593353,0.0005067003256717802,0.00035710604177455684
CVCL_1285,3,"[('Lapatinib ditosylate', 0.05, 'uM')]",40,37.78453022603103,0.0004378387099680172,0.0004277841870585283,0.0004387530123677212,6.707294888856227e-05,0.00042539957491163823,0.0005495767620263295,0.0003761728660463381
CVCL_1285,3,"[('Lonafarnib', 0.05, 'uM')]",40,37.78453022603103,0.0004657696525925333,0.00045149423906052836,0.0004630710144210543,0.00010896607009614375,0.00045605907035658956,0.0006860085651987265,0.00037523409495888966
CVCL_1285,3,"[('MK-3903', 0.05, 'uM')]",40,37.78453022603103,0.0005970074386742452,0.000590974630478231,0.0006061278261315188,0.00012389889200492866,0.0005435173957952519,0.000726480314996719,0.0004823445260763673
CVCL_1285,3,"[('MK-8353', 0.05, 'uM')]",40,37.78453022603103,0.00046855709304904805,0.0004618960395298595,0.00047373952772293267,9.331910762058788e-05,0.0004672818150333644,0.0006649749132531681,0.00039526581270548565
CVCL_1285,3,"[('ML264', 0.05, 'uM')]",40,37.78453022603103,0.0004947774221731396,0.0004857310787910378,0.0004981857218369616,0.00011355875534540773,0.0004972007686391004,0.000680089536584575,0.00044626677528598327
CVCL_1285,3,"[('Methylprednisolone succinate', 0.05, 'uM')]",24,23.042818350872093,0.0251173800001335,0.0235363993266222,0.02455972103647533,0.0012174933931028999,0.023359718291006734,0.023051327803327915,0.024222492207814115
CVCL_1285,3,"[('Minodronic acid', 0.05, 'uM')]",40,37.78453022603103,0.0005650371336590346,0.00054980074953997,0.0005638982046563794,0.00013289383522399782,0.00044375932631302077,0.0006190805941991358,0.0003787893991247798
CVCL_1285,3,"[('NG25', 0.05, 'uM')]",40,37.78453022603103,0.0005696294696468824,0.0005572116217167367,0.0005714990991966529,0.0001270439682797779,0.000614146156053677,0.0009072396109412058,0.0005284806808706452
CVCL_1285,3,"[('NVP-BHG712', 0.05, 'uM')]",40,37.78453022603103,0.0004934767364302113,0.0004786662801435802,0.000490939774506236,0.00011557895286233286,0.00036843681714612825,0.0004952206996057964,0.0003333239025593109
CVCL_1285,3,"[('OTS514', 0.05, 'uM')]",40,37.78453022603103,0.0005674248405839738,0.0005484504686747024,0.0005625133012048226,0.00019866807354405509,0.0006029569980052812,0.0010556015981654596,0.0004719444386928312
CVCL_1285,3,"[('Oleic acid', 0.05, 'uM')]",40,37.78453022603103,0.00047574865225264974,0.00046411223777489215,0.000476012551563992,0.00012048132832873117,0.0003204941758966586,0.0005003481217864873,0.00027828850696015237
CVCL_1285,3,"[('Oxaliplatin', 0.05, 'uM')]",40,37.78453022603103,0.0005407293430976753,0.000520615750773053,0.0005339648725877466,0.00014493725428506993,0.00044542891201669,0.0006637985409541872,0.00037496549555713856
CVCL_1285,3,"[('PF-06260933', 0.05, 'uM')]",25,23.925852049512407,0.020497808761285975,0.019412593486055545,0.02022145154797453,0.0009188374368728048,0.01285419302825037,0.012399129410473848,0.012909139879364623
CVCL_1285,3,"[('PH-797804', 0.05, 'uM')]",40,37.78453022603103,0.0004858653153081065,0.00047248435502365084,0.0004845993384857956,8.609512446472444e-05,0.00042830528061210546,0.0005569884234605753,0.0003749712051622834
CVCL_1285,3,"[('Paclitaxel', 0.05, 'uM')]",40,37.78453022603103,0.0004641313593911449,0.00045266958964037667,0.00046427650219525815,0.00013585183594953722,0.0004643231336286172,0.0006167396952984925,0.00042189024417451813
CVCL_1285,3,"[('Pemigatinib', 0.05, 'uM')]",40,37.78453022603103,0.0005197749806552385,0.0005095246378792081,0.000522589372183803,0.00012712833315998856,0.0005550515990533769,0.0008302727126393855,0.0004632852181257811
CVCL_1285,3,"[('Pimitespib', 0.05, 'uM')]",40,37.78453022603103,0.0005530776144218642,0.0005392459783624448,0.000553072798320456,9.835734221424294e-05,0.0008930623171221566,0.0011964715595577675,0.0007809798848385178
CVCL_1285,3,"[('Pralsetinib', 0.05, 'uM')]",40,37.78453022603103,0.0005894376542179313,0.0005696920481417053,0.0005842995365555949,9.446149356879222e-05,0.0005975928178597944,0.0007740910231389287,0.0004913215847677241
CVCL_1285,3,"[('RMC-6236', 0.05, 'uM')]",40,37.78453022603103,0.0006064398331533342,0.0005918286196748912,0.0006070037124870678,0.00015177800529495535,0.0007272881367624854,0.0009588203871697867,0.0006573853911276993
CVCL_1285,3,"[('Ralimetinib dimesylate', 0.05, 'uM')]",19,18.489092741179327,0.02306768678820721,0.02181355929425461,0.023025423699490982,0.0013730097552522547,0.02597944773761885,0.025263601057797784,0.02624830393575437
CVCL_1285,3,"[('Regorafenib', 0.05, 'uM')]",40,37.78453022603103,0.00042962035511409007,0.0004246830797924825,0.0004355723895307511,9.31652556937962e-05,0.0004302354957932494,0.0006183189287476511,0.00038566509886149374
CVCL_1285,3,"[('SBI-0640756', 0.05, 'uM')]",40,37.78453022603103,0.000499033336325582,0.0005009562251079104,0.0005138012565209335,7.776146487647479e-05,0.000504635407602625,0.0006697329787393073,0.00042342021115138466
CVCL_1285,3,"[('Sapanisertib', 0.05, 'uM')]",40,37.78453022603103,0.0006885563765872426,0.0006683328256573246,0.0006854695647767427,0.00018785306403599111,0.000552612938514961,0.0007995136518208726,0.0004735053825648935
CVCL_1285,3,"[('Sonidegib', 0.05, 'uM')]",40,37.78453022603103,0.005687831556512423,0.006369347729875062,0.006532664338333395,0.0005146607367840435,0.00446345714720237,0.004951443395137407,0.004182692558778173
CVCL_1285,3,"[('TAK-733', 0.05, 'uM')]",40,37.78453022603103,0.0005497400716979042,0.0005339043956229468,0.000547594251920971,0.00013500884751069893,0.0004162959866900641,0.0005576174616840499,0.0003716917119125874
CVCL_1285,3,"[('TAK-901', 0.05, 'uM')]",40,37.78453022603103,0.0011574049349292424,0.0011304685795430031,0.0011594549533774387,0.00023798511487851698,0.0009139860579710462,0.0013149885352076232,0.0007823571484108125
CVCL_1285,3,"[('Temuterkib', 0.05, 'uM')]",40,37.78453022603103,0.0004595623730112447,0.0004541973413500323,0.00046584342702567385,0.00011841638410721066,0.0004845407764524667,0.0006556584085202543,0.0004347096630772472
CVCL_1285,3,"[('Tomivosertib', 0.05, 'uM')]",40,37.78453022603103,0.0005609092473853178,0.0005481050578254523,0.0005621590336671305,0.00012181957576236394,0.0006738578354341067,0.0009432837848479231,0.0005619737427019288
CVCL_1285,3,"[('Torkinib', 0.05, 'uM')]",40,37.78453022603103,0.0005145328953338913,0.0005076108059165853,0.0005206264676067542,0.00011689470718856356,0.00043012515832315754,0.0005766739273411796,0.00038335898585100205
CVCL_1285,3,"[('Trametinib', 0.05, 'uM')]",40,37.78453022603103,0.0006499047954011266,0.0006341009792046324,0.0006503599786714177,0.0001837654669588096,0.000806435278733949,0.0010895471727459265,0.0007225647227740598
CVCL_1285,3,"[('Tubulin inhibitor 6', 0.05, 'uM')]",40,37.78453022603103,0.0004664468717864701,0.00045512958650747976,0.0004667995759051074,8.275360254442702e-05,0.0003365943558006379,0.0004574059799229345,0.0003018704185345141
CVCL_1285,3,"[('Tucatinib', 0.05, 'uM')]",40,37.78453022603103,0.0004959115279392252,0.0004814293163790968,0.0004937736578247145,0.00010143961345181364,0.0005236755550405063,0.0007054059805239593,0.0004607917210779605
CVCL_1285,3,"[('ULK-101', 0.05, 'uM')]",40,37.78453022603103,0.0007060140334997814,0.0006880874670966695,0.0007057307354837634,0.00015521669900870453,0.000757095835528753,0.0010926501999425303,0.0006158457305021161
CVCL_1285,3,"[('Vemurafenib', 0.05, 'uM')]",40,37.78453022603103,0.0004572584781234834,0.000454167387315234,0.00046581270493870134,8.860432538902819e-05,0.0004731484401381278,0.000597287915983866,0.00042332802363852473
CVCL_1285,3,"[('Volasertib', 0.05, 'uM')]",40,37.78453022603103,0.00044386423886329186,0.0004504194172179032,0.000461968633044003,8.139934268057883e-05,0.0004385403222004497,0.0005955730020782115,0.0003828203192204608
CVCL_1285,3,"[('XRK3F2', 0.05, 'uM')]",40,37.78453022603103,0.0005023266080214691,0.000489897524560803,0.0005024589995495413,0.00010836690612377208,0.0005698637934783901,0.0007447166950299395,0.000509564455526796
CVCL_1285,3,"[('c-Kit-IN-1', 0.05, 'uM')]",19,17.92650693531216,0.01593091892625035,0.015222668132158838,0.016068371917278775,0.0012155489305940182,0.005687658304741946,0.0057320518668599425,0.005778316418647148
CVCL_1285,3,"[('olaparib', 0.05, 'uM')]",32,30.68409604178426,0.027950309803971965,0.026832436918397214,0.027697999399635822,0.0009735714546109722,0.03784173016398874,0.03699033700325107,0.03701705957903406
CVCL_1285,3,"[('palbociclib', 0.05, 'uM')]",40,37.78453022603103,0.0006270429591516027,0.0006474792112101507,0.0006640812422668209,0.0001385506965520185,0.0006141574833188022,0.0009070446161113135,0.0005077245168867602
CVCL_1285,3,"[('venetoclax', 0.05, 'uM')]",40,37.78453022603103,0.0008829973739863388,0.0008680801549444774,0.0008903386204558742,0.0002312883264375023,0.0012587596615914304,0.0017329841654021175,0.001098220431830824
CVCL_1285,3,"[('vincristine', 0.05, 'uM')]",40,37.78453022603103,0.0007112343250773349,0.000699741246424662,0.0007176833296663198,0.00014263392305565088,0.0005130638389766016,0.0007050513394971796,0.000453932383468777
CVCL_1571,3,"[('4EGI-1', 0.05, 'uM')]",40,34.51463512779652,0.0005697807833874382,0.0005309256159678965,0.0005445390933004065,7.447793255962529e-05,0.00773613037952106,0.0076637174088918575,0.007814938945999711
CVCL_1571,3,"[('9-ING-41', 0.05, 'uM')]",40,34.51463512779652,0.00047129339336958914,0.0004324874344678933,0.0004435768558645059,9.398942079121906e-05,0.023281085922653866,0.023264210342234647,0.023324875139718117
CVCL_1571,3,"[('APTO-253', 0.05, 'uM')]",40,34.51463512779652,0.0004619879596388597,0.0004099183619895816,0.0004204290892200835,0.00012120683439747762,0.008274528743808188,0.008451914932009778,0.008250899063289463
CVCL_1571,3,"[('AT7519', 0.05, 'uM')]",40,34.51463512779652,0.0004445527636403895,0.0003959415150108729,0.0004060938615496132,9.44695135207608e-05,0.005951676805412644,0.006044394971489158,0.005975982001129145
CVCL_1571,3,"[('AZD-7648', 0.05, 'uM')]",40,34.51463512779652,0.0005124165862476205,0.00045461085291213527,0.00046626754144834387,0.00012328971441517289,0.011342643646865916,0.011600700353996287,0.011395917932324197
CVCL_1571,3,"[('AZD-8055', 0.05, 'uM')]",40,34.51463512779652,0.0006293439559241419,0.000575197008720195,0.0005899456499694306,0.00012208501615928734,0.007177199056289371,0.007299796614029813,0.007255581985479537
CVCL_1571,3,"[('AZD1390', 0.05, 'uM')]",40,34.51463512779652,0.0004802422983280851,0.00043052141945850234,0.0004415604302138485,9.819928735349279e-05,0.0075708444055104665,0.007624841568560817,0.0075732118180935875
CVCL_1571,3,"[('AZD2858', 0.05, 'uM')]",40,34.51463512779652,0.0005160653537758882,0.00047144590746385533,0.0004835342640654926,9.42512442953287e-05,0.005661990114210175,0.005800066883750973,0.005660614690261268
CVCL_1571,3,"[('Adagrasib', 0.05, 'uM')]",40,34.51463512779652,0.0004216205363500315,0.00038185099788224974,0.0003916420491099996,4.521650844243631e-05,0.008293438294313853,0.008408343187235072,0.008329684262839702
CVCL_1571,3,"[('Afatinib', 0.05, 'uM')]",40,34.51463512779652,0.0006539019103053809,0.0006099813777964704,0.0006256219259450975,8.807677037301839e-05,0.007111793658351971,0.007202747670160862,0.00709932159855094
CVCL_1571,3,"[('Alpelisib', 0.05, 'uM')]",40,34.51463512779652,0.000553080419928904,0.0004954285028953258,0.0005081317978413597,0.000108431432827481,0.010636660746104002,0.010628172268683319,0.010701196045324686
CVCL_1571,3,"[('Anastrozole', 0.05, 'uM')]",40,34.51463512779652,0.00043751326146499435,0.0003873549917322978,0.0003972871710074849,0.00010732024683568038,0.010978901742827377,0.01109953538188818,0.01101125705341965
CVCL_1571,3,"[('BAY1125976', 0.05, 'uM')]",40,34.51463512779652,0.0005087199878297515,0.0004697410768483476,0.00048178571984445914,9.645436475568041e-05,0.007704185050676541,0.007700333997102605,0.007765124905560908
CVCL_1571,3,"[('BI-3406', 0.05, 'uM')]",40,34.51463512779652,0.0005910363825248762,0.0005558984024457401,0.0005701522076366562,0.00010430501384223401,0.008621716132648926,0.00862004167752077,0.008682931737832906
CVCL_1571,3,"[('BI-78D3', 0.05, 'uM')]",40,34.51463512779652,0.0005604725585134949,0.0005336512148805478,0.0005473345793646645,9.23435626026052e-05,0.007047689013431729,0.007147734178035341,0.007134362802115191
CVCL_1571,3,"[('Belumosudil (mesylate)', 0.05, 'uM')]",40,34.51463512779652,0.0006151492838999339,0.0005810267346874548,0.0005959248560896974,9.508189935711132e-05,0.008671796300173486,0.008855579465712441,0.008685296876719564
CVCL_1571,3,"[('Belzutifan', 0.05, 'uM')]",39,33.689657205543654,0.0023286590490028064,0.002729517631734671,0.0028013470430961096,0.00014550149653410545,0.03357009281499616,0.03368361249946363,0.033872241008685
CVCL_1571,3,"[('Bentamapimod', 0.05, 'uM')]",40,34.51463512779652,0.0006614261212688125,0.0006117147046949084,0.000627399697122983,0.0001253446229904245,0.008802295489832577,0.009110759116266616,0.008764088102160932
CVCL_1571,3,"[('Bimiralisib', 0.05, 'uM')]",40,34.51463512779652,0.0007576939901266497,0.0006937268305438777,0.0007115146979937202,0.00016491955619590376,0.0059427271605839785,0.0060586077916515045,0.005944282955147875
CVCL_1571,3,"[('Binimetinib', 0.05, 'uM')]",40,34.51463512779652,0.001251420609925513,0.0011309894635955593,0.0011599891934313427,0.00030065833888667055,0.006376543366594679,0.006695775284263957,0.0064347205858409215
CVCL_1571,3,"[('Bortezomib', 0.05, 'uM')]",40,34.51463512779652,0.003998997287371378,0.003809986612662475,0.003907678577089719,0.0019358543800389522,0.00717901235325714,0.007842088512906084,0.007032610231925891
CVCL_1571,3,"[('Brivudine', 0.05, 'uM')]",40,34.51463512779652,0.0005887541568532122,0.0005304259612783838,0.0005440266269521885,9.189821468347096e-05,0.00668662376549855,0.006606610829182998,0.006700079851626804
CVCL_1571,3,"[('CP21R7', 0.05, 'uM')]",40,34.51463512779652,0.00048206363263355255,0.00044527299763388417,0.00045669025398347086,7.212977144481219e-05,0.008077680829746942,0.008104613203522746,0.008067542710965648
CVCL_1571,3,"[('Capivasertib', 0.05, 'uM')]",40,34.51463512779652,0.0004913200123443229,0.0004466903199035242,0.0004581439178497681,8.772190230237779e-05,0.008029935874400025,0.008108269831292305,0.008031857584009055
CVCL_1571,3,"[('Capmatinib', 0.05, 'uM')]",40,34.51463512779652,0.0006102800640177204,0.0005731900329363209,0.0005878872132680215,8.912902743221163e-05,0.00992799105217338,0.009553588817826504,0.010006102673520605
CVCL_1571,3,"[('Celecoxib', 0.05, 'uM')]",40,34.51463512779652,0.0005259795283889974,0.00045920976185080355,0.00047098437112902923,0.00010370592943857956,0.014421909099268857,0.0147186178147304,0.014380816447085828
CVCL_1571,3,"[('DT-061', 0.05, 'uM')]",40,34.51463512779652,0.0005154015292066021,0.0004681233720698376,0.00048012653545624357,8.455583019309902e-05,0.01552399435716993,0.01560373790060604,0.015595987486122335
CVCL_1571,3,"[('Dabrafenib', 0.05, 'uM')]",40,34.51463512779652,0.0006505899834398224,0.0005798968956779154,0.0005947660468491437,0.00011116733765534268,0.010661228681747473,0.010715120402764684,0.010643486918341862
CVCL_1571,3,"[('ERK5-IN-2', 0.05, 'uM')]",40,34.51463512779652,0.0005443013477582806,0.0005228169695860322,0.0005362225329087508,0.00012378916001426086,0.007963014959984213,0.00799334317149441,0.008021628307764194
CVCL_1571,3,"[('ETC-206', 0.05, 'uM')]",40,34.51463512779652,0.0004054364023583448,0.0003667553839111511,0.000376159368114001,7.552879430229177e-05,0.006119038966043078,0.006159979891360274,0.0061801212646416205
CVCL_1571,3,"[('EX229', 0.05, 'uM')]",40,34.51463512779652,0.0008997877584095383,0.0008391910601447292,0.0008607087796356196,0.00019703595686450815,0.014705167716707067,0.014555505562057853,0.01474929130718321
CVCL_1571,3,"[('Elimusertib hydrochloride', 0.05, 'uM')]",40,34.51463512779652,0.0017422855316051966,0.0016047078821093102,0.0016458542380608308,0.00040845536072110284,0.009766674598203046,0.00974135545780558,0.009873564646875586
CVCL_1571,3,"[('Encorafenib', 0.05, 'uM')]",40,34.51463512779652,0.000509549708166558,0.0004617297749336355,0.0004735689999319337,9.84312121933565e-05,0.005424710852854356,0.005471066264007704,0.005435250763601027
CVCL_1571,3,"[('Erdafitinib ', 0.05, 'uM')]",40,34.51463512779652,0.0005231925173436629,0.0004943121176681038,0.0005069867873519013,9.12133464280683e-05,0.005179842651844671,0.0051846582336116855,0.005196794173528831
CVCL_1571,3,"[('Everolimus', 0.05, 'uM')]",40,34.51463512779652,0.0005097821218175657,0.00047780172177839104,0.0004900530479778369,6.845356322987198e-05,0.004847721102684099,0.004965315541053275,0.004852462735224158
CVCL_1571,3,"[('Futibatinib', 0.05, 'uM')]",40,34.51463512779652,0.0005577461141190681,0.0004978854585472099,0.0005106517523561125,0.00016484340157677557,0.007747570984219778,0.007732977521889417,0.007816194584609694
CVCL_1571,3,"[('GSK1059615', 0.05, 'uM')]",40,34.51463512779652,0.0005861108885158676,0.0005412593577691964,0.0005551378028402014,0.00010529452877121434,0.0056759505242318644,0.0058921130234466206,0.005701836544064845
CVCL_1571,3,"[('Gemcitabine', 0.05, 'uM')]",40,34.51463512779652,0.0005868729237825479,0.0005389992876791557,0.0005528197822350315,0.00011932323136626216,0.004331638500392294,0.004401115843340826,0.004337287321159227
CVCL_1571,3,"[('HI-TOPK-032', 0.05, 'uM')]",40,34.51463512779652,0.0006682385474472319,0.000639790432509146,0.0006561953153939959,0.0001485642685803427,0.01293067170337823,0.012965488323950057,0.012922006536789392
CVCL_1571,3,"[('IQ 1', 0.05, 'uM')]",40,34.51463512779652,0.0004972834945238529,0.0004659294596153178,0.00047787636883622335,0.00011924040915647155,0.006351537225367038,0.006272397357478803,0.00640633116678006
CVCL_1571,3,"[('Infigratinib', 0.05, 'uM')]",40,34.51463512779652,0.0005901722404717492,0.0005417108639831053,0.0005556008861365181,0.00016593237978960898,0.004961468240945827,0.005163136312864403,0.005019890201288575
CVCL_1571,3,"[('Ipatasertib', 0.05, 'uM')]",40,34.51463512779652,0.0006595819610233859,0.0006094155144726543,0.0006250415533052865,0.00013336140232201327,0.009943693085985517,0.009851882698702526,0.009984626112560513
CVCL_1571,3,"[('Irinotecan', 0.05, 'uM')]",40,34.51463512779652,0.0004909983162161613,0.0004552862486983381,0.00046696025507521864,8.356395891190172e-05,0.00476690793130561,0.004897979786007184,0.00480204546244483
CVCL_1571,3,"[('Ixazomib', 0.05, 'uM')]",40,34.51463512779652,0.0007170219251905528,0.0006849477020682635,0.0007025104636597573,0.0001051952923637267,0.011070048157588793,0.011181194552616599,0.011109417532755097
CVCL_1571,3,"[('LB-100', 0.05, 'uM')]",40,34.51463512779652,0.00037902167361625067,0.00033853061597709304,0.00034721088818163396,9.28404487943694e-05,0.007065286690974252,0.007088378872192635,0.007078253115164014
CVCL_1571,3,"[('LJI308', 0.05, 'uM')]",40,34.51463512779652,0.0008927322458264362,0.0008553462679942752,0.0008772782235838718,0.00026202460509986493,0.004519090524145422,0.004684716585131651,0.004532886437779101
CVCL_1571,3,"[('LY-2584702 (tosylate salt)', 0.05, 'uM')]",40,34.51463512779652,0.0005221298164541321,0.0005088295682848673,0.0005218764802921716,0.00010007410620626892,0.00998999810079274,0.010221416188485953,0.00995960077309124
CVCL_1571,3,"[('LY2090314', 0.05, 'uM')]",40,34.51463512779652,0.0005543561611399288,0.00048156238278543567,0.0004939101361901901,9.328162234587964e-05,0.01064775427230158,0.010761756827011791,0.01071828580112571
CVCL_1571,3,"[('Lapatinib ditosylate', 0.05, 'uM')]",40,34.51463512779652,0.0004766879873014351,0.0004277841870585283,0.0004387530123677212,6.707294888856227e-05,0.006827959584640212,0.00698442627477773,0.006840760676282077
CVCL_1571,3,"[('Lonafarnib', 0.05, 'uM')]",40,34.51463512779652,0.000508300417816344,0.00045149423906052836,0.0004630710144210543,0.00010896607009614375,0.00854491228424877,0.008825300666270311,0.008625225282048262
CVCL_1571,3,"[('MK-3903', 0.05, 'uM')]",40,34.51463512779652,0.0006289474741589034,0.000590974630478231,0.0006061278261315188,0.00012389889200492866,0.007315236436672547,0.0074891490036343876,0.007349405702417302
CVCL_1571,3,"[('MK-8353', 0.05, 'uM')]",40,34.51463512779652,0.0005117271283132989,0.0004618960395298595,0.00047373952772293267,9.331910762058788e-05,0.006666765815852188,0.006723315438430486,0.006675683920139786
CVCL_1571,3,"[('ML264', 0.05, 'uM')]",40,34.51463512779652,0.0005310388552461786,0.0004857310787910378,0.0004981857218369616,0.00011355875534540773,0.006991931901406558,0.007202897118854617,0.006992785892290804
CVCL_1571,3,"[('Minodronic acid', 0.05, 'uM')]",40,34.51463512779652,0.0006475438098853046,0.00054980074953997,0.0005638982046563794,0.00013289383522399782,0.01227468138263711,0.012447884388847641,0.01224502019295828
CVCL_1571,3,"[('NG25', 0.05, 'uM')]",40,34.51463512779652,0.0006023614388794565,0.0005572116217167367,0.0005714990991966529,0.0001270439682797779,0.007415123188976065,0.0075489843751271124,0.007423829372826436
CVCL_1571,3,"[('NVP-BHG712', 0.05, 'uM')]",40,34.51463512779652,0.000534745123363643,0.0004786662801435802,0.000490939774506236,0.00011557895286233286,0.010925525491963677,0.010891747722426324,0.010935560745488978
CVCL_1571,3,"[('OTS514', 0.05, 'uM')]",40,34.51463512779652,0.0006071549977823751,0.0005484504686747024,0.0005625133012048226,0.00019866807354405509,0.00866140970360466,0.008898375139672073,0.008691341493101025
CVCL_1571,3,"[('Oleic acid', 0.05, 'uM')]",40,34.51463512779652,0.0005456647029333225,0.00046411223777489215,0.000476012551563992,0.00012048132832873117,0.012337381824807179,0.012281746076194092,0.012394414216179584
CVCL_1571,3,"[('Oxaliplatin', 0.05, 'uM')]",40,34.51463512779652,0.0005756207332953942,0.000520615750773053,0.0005339648725877466,0.00014493725428506993,0.006819004908803485,0.006670919175252839,0.006887303003196545
CVCL_1571,3,"[('PH-797804', 0.05, 'uM')]",40,34.51463512779652,0.0005449511212114804,0.00047248435502365084,0.0004845993384857956,8.609512446472444e-05,0.010218645633060016,0.01020910298729719,0.010289759743289875
CVCL_1571,3,"[('Paclitaxel', 0.05, 'uM')]",40,34.51463512779652,0.0004981240647818249,0.00045266958964037667,0.00046427650219525815,0.00013585183594953722,0.005480589521327504,0.005570064819273099,0.005539702994957269
CVCL_1571,3,"[('Pemigatinib', 0.05, 'uM')]",40,34.51463512779652,0.0005545461907651628,0.0005095246378792081,0.000522589372183803,0.00012712833315998856,0.011481847918557796,0.011386914800921499,0.011483514469575169
CVCL_1571,3,"[('Pimitespib', 0.05, 'uM')]",40,34.51463512779652,0.0005796345053867204,0.0005392459783624448,0.000553072798320456,9.835734221424294e-05,0.005734075617606303,0.005778345447359088,0.005753961734093505
CVCL_1571,3,"[('Pralsetinib', 0.05, 'uM')]",40,34.51463512779652,0.0006312656453763688,0.0005696920481417053,0.0005842995365555949,9.446149356879222e-05,0.005928126778257425,0.005831779885202135,0.0059861267570498495
CVCL_1571,3,"[('RMC-6236', 0.05, 'uM')]",40,34.51463512779652,0.0006667217072119079,0.0005918286196748912,0.0006070037124870678,0.00015177800529495535,0.010444043407277536,0.01063986323416586,0.010516520425868182
CVCL_1571,3,"[('Regorafenib', 0.05, 'uM')]",40,34.51463512779652,0.00045892729434039877,0.0004246830797924825,0.0004355723895307511,9.31652556937962e-05,0.009581987276958111,0.009719643018697358,0.009573194753244309
CVCL_1571,3,"[('SBI-0640756', 0.05, 'uM')]",40,34.51463512779652,0.0005259456520026062,0.0005009562251079104,0.0005138012565209335,7.776146487647479e-05,0.005076450780984642,0.005149751268599111,0.0051335539569556
CVCL_1571,3,"[('Sapanisertib', 0.05, 'uM')]",40,34.51463512779652,0.0007008822852934286,0.0006683328256573246,0.0006854695647767427,0.00018785306403599111,0.0072621692423762325,0.007499995345800726,0.0072648648962734316
CVCL_1571,3,"[('TAK-733', 0.05, 'uM')]",40,34.51463512779652,0.0005792750162088066,0.0005339043956229468,0.000547594251920971,0.00013500884751069893,0.007940521127606926,0.007980005417469101,0.007930564556545894
CVCL_1571,3,"[('TAK-901', 0.05, 'uM')]",40,34.51463512779652,0.0011689710023850938,0.0011304685795430031,0.0011594549533774387,0.00023798511487851698,0.010791128933452961,0.01133906076509783,0.010797889953174603
CVCL_1571,3,"[('Temuterkib', 0.05, 'uM')]",40,34.51463512779652,0.0004910122386919777,0.0004541973413500323,0.00046584342702567385,0.00011841638410721066,0.007860671866890292,0.007967725795334174,0.007914211253058795
CVCL_1571,3,"[('Tomivosertib', 0.05, 'uM')]",40,34.51463512779652,0.0005918835711204492,0.0005481050578254523,0.0005621590336671305,0.00012181957576236394,0.005837309789792353,0.006011929607666842,0.00589032167239416
CVCL_1571,3,"[('Torkinib', 0.05, 'uM')]",40,34.51463512779652,0.0005496385328873395,0.0005076108059165853,0.0005206264676067542,0.00011689470718856356,0.007443031442384044,0.007636323612012739,0.007435572626242116
CVCL_1571,3,"[('Trametinib', 0.05, 'uM')]",40,34.51463512779652,0.0006903947472713155,0.0006341009792046324,0.0006503599786714177,0.0001837654669588096,0.011338042514086821,0.011410518882443951,0.011325836787980374
CVCL_1571,3,"[('Tubulin inhibitor 6', 0.05, 'uM')]",40,34.51463512779652,0.0005354423737052775,0.00045512958650747976,0.0004667995759051074,8.275360254442702e-05,0.009069465229463407,0.009172969374572076,0.009109404609099245
CVCL_1571,3,"[('Tucatinib', 0.05, 'uM')]",40,34.51463512779652,0.0005306072885887856,0.0004814293163790968,0.0004937736578247145,0.00010143961345181364,0.007378228208282418,0.007346572744834771,0.007396531769188797
CVCL_1571,3,"[('ULK-101', 0.05, 'uM')]",40,34.51463512779652,0.0007284193348033778,0.0006880874670966695,0.0007057307354837634,0.00015521669900870453,0.005846079845399041,0.0057937536690917295,0.005887706626715705
CVCL_1571,3,"[('Vemurafenib', 0.05, 'uM')]",40,34.51463512779652,0.0004956002417998632,0.000454167387315234,0.00046581270493870134,8.860432538902819e-05,0.006393916982683892,0.006518110290300953,0.006412412746292667
CVCL_1571,3,"[('Volasertib', 0.05, 'uM')]",40,34.51463512779652,0.0004890179811133213,0.0004504194172179032,0.000461968633044003,8.139934268057883e-05,0.005929328693671397,0.006039255160827363,0.005976223815852393
CVCL_1571,3,"[('XRK3F2', 0.05, 'uM')]",40,34.51463512779652,0.0005371660664279239,0.000489897524560803,0.0005024589995495413,0.00010836690612377208,0.0059650142316281865,0.005787012431869181,0.0060110418986341445
CVCL_1571,3,"[('palbociclib', 0.05, 'uM')]",40,34.51463512779652,0.000672321181967196,0.0006474792112101507,0.0006640812422668209,0.0001385506965520185,0.008050237020989585,0.008042766816470643,0.008123867251206274
CVCL_1571,3,"[('venetoclax', 0.05, 'uM')]",40,34.51463512779652,0.0009343790966701447,0.0008680801549444774,0.0008903386204558742,0.0002312883264375023,0.005535185633994943,0.006127142047606841,0.0055379246600641505
CVCL_1571,3,"[('vincristine', 0.05, 'uM')]",40,34.51463512779652,0.0007579151181793519,0.000699741246424662,0.0007176833296663198,0.00014263392305565088,0.017803221583406536,0.017916400083498183,0.01775457095725931
CVCL_1666,3,"[('4EGI-1', 0.05, 'uM')]",40,36.49986688814806,0.0005533744118978636,0.0005309256159678965,0.0005445390933004065,7.447793255962529e-05,0.0007337688487165264,0.0009126844048883904,0.0006241819605011656
CVCL_1666,3,"[('9-ING-41', 0.05, 'uM')]",40,36.49986688814806,0.00045834346670027646,0.0004324874344678933,0.0004435768558645059,9.398942079121906e-05,0.0005345537564806675,0.0007065066215176028,0.0004563732252392732
CVCL_1666,3,"[('APTO-253', 0.05, 'uM')]",40,36.49986688814806,0.00044000885942582985,0.0004099183619895816,0.0004204290892200835,0.00012120683439747762,0.0003545060292564145,0.0004997110621544703,0.0003170003379119787
CVCL_1666,3,"[('AT7519', 0.05, 'uM')]",40,36.49986688814806,0.00042845436448496135,0.0003959415150108729,0.0004060938615496132,9.44695135207608e-05,0.00040712645156720963,0.0005632744917679827,0.0003532107278177677
CVCL_1666,3,"[('AZD-7648', 0.05, 'uM')]",40,36.49986688814806,0.0004853217597355833,0.00045461085291213527,0.00046626754144834387,0.00012328971441517289,0.00036109675901380833,0.0004950798490062035,0.00031337208824376567
CVCL_1666,3,"[('AZD-8055', 0.05, 'uM')]",40,36.49986688814806,0.0006103464801551382,0.000575197008720195,0.0005899456499694306,0.00012208501615928734,0.00046499206504871447,0.000644883263551221,0.00038924294263639785
CVCL_1666,3,"[('AZD1390', 0.05, 'uM')]",40,36.49986688814806,0.00046139208079376494,0.00043052141945850234,0.0004415604302138485,9.819928735349279e-05,0.0004030997957125486,0.0005655462617299864,0.0003589569793034931
CVCL_1666,3,"[('AZD2858', 0.05, 'uM')]",40,36.49986688814806,0.0004998685759283485,0.00047144590746385533,0.0004835342640654926,9.42512442953287e-05,0.0006125425426536219,0.0008161770873846068,0.0005097310065911642
CVCL_1666,3,"[('Abemaciclib', 0.05, 'uM')]",18,16.992373163227047,0.01898572249177305,0.018004419241157033,0.019063502725930978,0.001070029900424177,0.05951825255903494,0.05977955631882226,0.0600580918646148
CVCL_1666,3,"[('Adagrasib', 0.05, 'uM')]",40,36.49986688814806,0.0004087799509650869,0.00038185099788224974,0.0003916420491099996,4.521650844243631e-05,0.0002440220979647089,0.0003000509541207064,0.00021736796664709548
CVCL_1666,3,"[('Afatinib', 0.05, 'uM')]",40,36.49986688814806,0.0006395213324925793,0.0006099813777964704,0.0006256219259450975,8.807677037301839e-05,0.000562095388618028,0.0006778663422473929,0.0004716113058725503
CVCL_1666,3,"[('Alpelisib', 0.05, 'uM')]",40,36.49986688814806,0.0005303629669926433,0.0004954285028953258,0.0005081317978413597,0.000108431432827481,0.00048619550689655585,0.0006861198710483973,0.0004312793287804947
CVCL_1666,3,"[('Anastrozole', 0.05, 'uM')]",40,36.49986688814806,0.00041871645680856154,0.0003873549917322978,0.0003972871710074849,0.00010732024683568038,0.0004012457061090576,0.0005420223404300908,0.0003478652248008208
CVCL_1666,3,"[('BAY1125976', 0.05, 'uM')]",40,36.49986688814806,0.0004990668752553858,0.0004697410768483476,0.00048178571984445914,9.645436475568041e-05,0.0006181533820051088,0.000824926931148052,0.0005273580493202002
CVCL_1666,3,"[('BI-3406', 0.05, 'uM')]",40,36.49986688814806,0.0005761081491856492,0.0005558984024457401,0.0005701522076366562,0.00010430501384223401,0.0006775329781904538,0.0008720981380756502,0.0005730833438987415
CVCL_1666,3,"[('BI-78D3', 0.05, 'uM')]",40,36.49986688814806,0.0005440147798179742,0.0005336512148805478,0.0005473345793646645,9.23435626026052e-05,0.0006199840141805571,0.0008366647367971718,0.0005024019129579815
CVCL_1666,3,"[('Belumosudil (mesylate)', 0.05, 'uM')]",40,36.49986688814806,0.0006153453347206913,0.0005810267346874548,0.0005959248560896974,9.508189935711132e-05,0.0006145704472691427,0.0008503527663701365,0.0004991888489947476
CVCL_1666,3,"[('Belzutifan', 0.05, 'uM')]",39,35.53632100998875,0.00240849690456442,0.002729517631734671,0.0028013470430961096,0.00014550149653410545,0.0016682192681006906,0.0017362072854952375,0.0016561360715600629
CVCL_1666,3,"[('Bentamapimod', 0.05, 'uM')]",40,36.49986688814806,0.0006417092004498665,0.0006117147046949084,0.000627399697122983,0.0001253446229904245,0.0005936603298694014,0.0007974104948256355,0.00049486449505482
CVCL_1666,3,"[('Bimiralisib', 0.05, 'uM')]",40,36.49986688814806,0.0007403746573961935,0.0006937268305438777,0.0007115146979937202,0.00016491955619590376,0.0007789343388581481,0.0010430087702372585,0.0006178981254707512
CVCL_1666,3,"[('Binimetinib', 0.05, 'uM')]",40,36.49986688814806,0.0012202911919756909,0.0011309894635955593,0.0011599891934313427,0.00030065833888667055,0.0009370590657533939,0.0013551521892236833,0.0007989316296263809
CVCL_1666,3,"[('Bortezomib', 0.05, 'uM')]",40,36.49986688814806,0.004008372285616426,0.003809986612662475,0.003907678577089719,0.0019358543800389522,0.0037210901382447913,0.006010609667621003,0.003023941243630434
CVCL_1666,3,"[('Brivudine', 0.05, 'uM')]",40,36.49986688814806,0.0005631600599794509,0.0005304259612783838,0.0005440266269521885,9.189821468347096e-05,0.0004882089050065656,0.0006545360284568596,0.00042930767194220633
CVCL_1666,3,"[('CP21R7', 0.05, 'uM')]",40,36.49986688814806,0.0004625163231487781,0.00044527299763388417,0.00045669025398347086,7.212977144481219e-05,0.0005382023853921871,0.0006766364202381225,0.00046591333617847653
CVCL_1666,3,"[('Capivasertib', 0.05, 'uM')]",40,36.49986688814806,0.00047571384656213767,0.0004466903199035242,0.0004581439178497681,8.772190230237779e-05,0.0004028997952323673,0.0005584208637765366,0.0003485663345087483
CVCL_1666,3,"[('Capmatinib', 0.05, 'uM')]",40,36.49986688814806,0.0005935680662874862,0.0005731900329363209,0.0005878872132680215,8.912902743221163e-05,0.0005302541959971977,0.0006746485030786666,0.00044755034089807155
CVCL_1666,3,"[('Celecoxib', 0.05, 'uM')]",40,36.49986688814806,0.0004966736918205167,0.00045920976185080355,0.00047098437112902923,0.00010370592943857956,0.0004454940207298622,0.0006029587020263803,0.0003916885663400219
CVCL_1666,3,"[('DT-061', 0.05, 'uM')]",40,36.49986688814806,0.0004937715052114592,0.0004681233720698376,0.00048012653545624357,8.455583019309902e-05,0.0005528276405624503,0.0007163219495698554,0.0004762845246479106
CVCL_1666,3,"[('DTP3', 0.05, 'uM')]",26,24.46799045712396,0.01827793579973612,0.017107314974835967,0.0177916075738294,0.0006610147944741823,0.018982134124907683,0.018748799981495947,0.019118097650604536
CVCL_1666,3,"[('Dabrafenib', 0.05, 'uM')]",40,36.49986688814806,0.0006296633028687771,0.0005798968956779154,0.0005947660468491437,0.00011116733765534268,0.0005920893735257411,0.0007389091038793043,0.0005288584394846391
CVCL_1666,3,"[('ERK5-IN-2', 0.05, 'uM')]",40,36.49986688814806,0.0005327213096442288,0.0005228169695860322,0.0005362225329087508,0.00012378916001426086,0.0005067432490322909,0.000743287143767537,0.0004272218685044649
CVCL_1666,3,"[('ETC-206', 0.05, 'uM')]",40,36.49986688814806,0.0003914626379093514,0.0003667553839111511,0.000376159368114001,7.552879430229177e-05,0.0003520282379303108,0.00047779029467672005,0.0003178982462179257
CVCL_1666,3,"[('EX229', 0.05, 'uM')]",40,36.49986688814806,0.0008741713286283244,0.0008391910601447292,0.0008607087796356196,0.00019703595686450815,0.0008074512292708584,0.0011099777736711504,0.0006825738464947907
CVCL_1666,3,"[('Elimusertib hydrochloride', 0.05, 'uM')]",40,36.49986688814806,0.0017061825188691248,0.0016047078821093102,0.0016458542380608308,0.00040845536072110284,0.000801969508237889,0.001128340463098316,0.0006981802135641857
CVCL_1666,3,"[('Encorafenib', 0.05, 'uM')]",40,36.49986688814806,0.0004946972124753337,0.0004617297749336355,0.0004735689999319337,9.84312121933565e-05,0.000540454163876255,0.0007393158134230737,0.000469648441783751
CVCL_1666,3,"[('Erdafitinib ', 0.05, 'uM')]",40,36.49986688814806,0.0005068838956665834,0.0004943121176681038,0.0005069867873519013,9.12133464280683e-05,0.0005509296286640874,0.0007155630834162178,0.0004738239093930482
CVCL_1666,3,"[('Everolimus', 0.05, 'uM')]",40,36.49986688814806,0.0004975409932370821,0.00047780172177839104,0.0004900530479778369,6.845356322987198e-05,0.000566603502825846,0.0007227550420786521,0.0004731231313340809
CVCL_1666,3,"[('Futibatinib', 0.05, 'uM')]",40,36.49986688814806,0.0005378157416567494,0.0004978854585472099,0.0005106517523561125,0.00016484340157677557,0.0004312675721717728,0.0006670619230421314,0.0003837464851674004
CVCL_1666,3,"[('GSK1059615', 0.05, 'uM')]",40,36.49986688814806,0.0005774313376684672,0.0005412593577691964,0.0005551378028402014,0.00010529452877121434,0.0006791629931027328,0.0009037703144962465,0.0005616522206082845
CVCL_1666,3,"[('Gemcitabine', 0.05, 'uM')]",40,36.49986688814806,0.0005786676473611737,0.0005389992876791557,0.0005528197822350315,0.00011932323136626216,0.0006844870780471925,0.0009147377098744547,0.0005648460314238279
CVCL_1666,3,"[('HI-TOPK-032', 0.05, 'uM')]",40,36.49986688814806,0.0006475536903515126,0.000639790432509146,0.0006561953153939959,0.0001485642685803427,0.0005646286382585319,0.0007890591079291458,0.0004982795939855321
CVCL_1666,3,"[('Hydroxyfasudil', 0.05, 'uM')]",38,35.18700836643521,0.002695339914912217,0.002551972122817245,0.0026209443423528466,0.0002636481567240368,0.0022444388690835903,0.00254234904168878,0.0022606398172596446
CVCL_1666,3,"[('IQ 1', 0.05, 'uM')]",40,36.49986688814806,0.0004915133713658226,0.0004659294596153178,0.00047787636883622335,0.00011924040915647155,0.0005042694871718219,0.0007238527897772986,0.0004433502789830113
CVCL_1666,3,"[('Infigratinib', 0.05, 'uM')]",40,36.49986688814806,0.0005785572394561599,0.0005417108639831053,0.0005556008861365181,0.00016593237978960898,0.0006392179406940026,0.0008810179969543166,0.0005437378046457226
CVCL_1666,3,"[('Ipatasertib', 0.05, 'uM')]",40,36.49986688814806,0.0006453069627762243,0.0006094155144726543,0.0006250415533052865,0.00013336140232201327,0.0006579754144631324,0.00089695615289672,0.0005509820953536249
CVCL_1666,3,"[('Irinotecan', 0.05, 'uM')]",40,36.49986688814806,0.0004769582483237624,0.0004552862486983381,0.00046696025507521864,8.356395891190172e-05,0.0005146157245124958,0.000673184412383385,0.00042019675828263147
CVCL_1666,3,"[('Ixazomib', 0.05, 'uM')]",40,36.49986688814806,0.0007013511672574411,0.0006849477020682635,0.0007025104636597573,0.0001051952923637267,0.0005257690354185779,0.0006909841272784175,0.000444148829914326
CVCL_1666,3,"[('LB-100', 0.05, 'uM')]",40,36.49986688814806,0.0003650417885179612,0.00033853061597709304,0.00034721088818163396,9.28404487943694e-05,0.00035732032688231576,0.0004627647693443737,0.00031654352571322596
CVCL_1666,3,"[('LJI308', 0.05, 'uM')]",40,36.49986688814806,0.0008961714453395004,0.0008553462679942752,0.0008772782235838718,0.00026202460509986493,0.0006761635525497861,0.0011114389197886072,0.0005593616054687245
CVCL_1666,3,"[('LY-2584702 (tosylate salt)', 0.05, 'uM')]",40,36.49986688814806,0.0005066849578062112,0.0005088295682848673,0.0005218764802921716,0.00010007410620626892,0.0003896118468012816,0.0005475496337913655,0.0003436764186763771
CVCL_1666,3,"[('LY2090314', 0.05, 'uM')]",40,36.49986688814806,0.0005230694732876337,0.00048156238278543567,0.0004939101361901901,9.328162234587964e-05,0.0005444754104307943,0.0007049572701620709,0.00047176393433971003
CVCL_1666,3,"[('Lapatinib ditosylate', 0.05, 'uM')]",40,36.49986688814806,0.0004583634241523971,0.0004277841870585283,0.0004387530123677212,6.707294888856227e-05,0.000376937052751658,0.000497519506043017,0.0003294087462746362
CVCL_1666,3,"[('Lonafarnib', 0.05, 'uM')]",40,36.49986688814806,0.00048791386318635754,0.00045149423906052836,0.0004630710144210543,0.00010896607009614375,0.00047831199440681214,0.0006702079172529447,0.00041477082656790246
CVCL_1666,3,"[('MK-3903', 0.05, 'uM')]",40,36.49986688814806,0.0006153539190698489,0.000590974630478231,0.0006061278261315188,0.00012389889200492866,0.0008064713898496701,0.0010710299020227235,0.0006631326073032792
CVCL_1666,3,"[('MK-8353', 0.05, 'uM')]",40,36.49986688814806,0.0004915008080659479,0.0004618960395298595,0.00047373952772293267,9.331910762058788e-05,0.0005756211668708709,0.0008015797667661764,0.00047175617445533824
CVCL_1666,3,"[('ML264', 0.05, 'uM')]",40,36.49986688814806,0.0005138077315303836,0.0004857310787910378,0.0004981857218369616,0.00011355875534540773,0.0005652977072139934,0.0007909377370088054,0.0004888747249594213
CVCL_1666,3,"[('Minodronic acid', 0.05, 'uM')]",40,36.49986688814806,0.000607274477512613,0.00054980074953997,0.0005638982046563794,0.00013289383522399782,0.0004194197510285222,0.0005907894722922517,0.0003787689180377618
CVCL_1666,3,"[('NG25', 0.05, 'uM')]",40,36.49986688814806,0.0005887321032614938,0.0005572116217167367,0.0005714990991966529,0.0001270439682797779,0.0005965336711574372,0.0008349586344326051,0.0005065947556128613
CVCL_1666,3,"[('NVP-BHG712', 0.05, 'uM')]",40,36.49986688814806,0.0005154487106277452,0.0004786662801435802,0.000490939774506236,0.00011557895286233286,0.0005480455357938914,0.0007415054325528508,0.0004804999946528458
CVCL_1666,3,"[('OTS514', 0.05, 'uM')]",40,36.49986688814806,0.0005905353953505756,0.0005484504686747024,0.0005625133012048226,0.00019866807354405509,0.0004713391264287429,0.0007939874213980508,0.00040162876850749116
CVCL_1666,3,"[('Oleic acid', 0.05, 'uM')]",40,36.49986688814806,0.0005109095002964188,0.00046411223777489215,0.000476012551563992,0.00012048132832873117,0.00041882822466810817,0.0005417521367352505,0.00038482780967012854
CVCL_1666,3,"[('Oxaliplatin', 0.05, 'uM')]",40,36.49986688814806,0.0005608332264208755,0.000520615750773053,0.0005339648725877466,0.00014493725428506993,0.0006520249696798102,0.0009295892038687974,0.0005551635498069099
CVCL_1666,3,"[('PH-797804', 0.05, 'uM')]",40,36.49986688814806,0.0005161840084890551,0.00047248435502365084,0.0004845993384857956,8.609512446472444e-05,0.0003920327975380195,0.000525112705473719,0.00034519703514030125
CVCL_1666,3,"[('Paclitaxel', 0.05, 'uM')]",40,36.49986688814806,0.0004820232694316075,0.00045266958964037667,0.00046427650219525815,0.00013585183594953722,0.0005137331520309931,0.0006978452542763507,0.00044224818702561473
CVCL_1666,3,"[('Pemigatinib', 0.05, 'uM')]",40,36.49986688814806,0.0005390925397854571,0.0005095246378792081,0.000522589372183803,0.00012712833315998856,0.0006066876109045052,0.0008661068217605808,0.0005243778329247655
CVCL_1666,3,"[('Pimitespib', 0.05, 'uM')]",40,36.49986688814806,0.0005687425781977463,0.0005392459783624448,0.000553072798320456,9.835734221424294e-05,0.0006879602451694921,0.0009090445344278784,0.0006031367327617246
CVCL_1666,3,"[('Pralsetinib', 0.05, 'uM')]",40,36.49986688814806,0.0006137075809663861,0.0005696920481417053,0.0005842995365555949,9.446149356879222e-05,0.0008884793153442945,0.001078322464296464,0.0007313996197046939
CVCL_1666,3,"[('RMC-6236', 0.05, 'uM')]",40,36.49986688814806,0.000636620150670998,0.0005918286196748912,0.0006070037124870678,0.00015177800529495535,0.0005174372035368567,0.0007156577832633886,0.0004386516232345259
CVCL_1666,3,"[('Regorafenib', 0.05, 'uM')]",40,36.49986688814806,0.00044544182289667526,0.0004246830797924825,0.0004355723895307511,9.31652556937962e-05,0.000489864053920998,0.0006211215331655946,0.000434403364492625
CVCL_1666,3,"[('SBI-0640756', 0.05, 'uM')]",40,36.49986688814806,0.0005140221489584201,0.0005009562251079104,0.0005138012565209335,7.776146487647479e-05,0.0006058816443424082,0.0007752092395872777,0.0004978857411796837
CVCL_1666,3,"[('Sapanisertib', 0.05, 'uM')]",40,36.49986688814806,0.0006996509623314033,0.0006683328256573246,0.0006854695647767427,0.00018785306403599111,0.0014322126963917054,0.0018394734027420067,0.0012079825100369459
CVCL_1666,3,"[('Sonidegib', 0.05, 'uM')]",40,36.49986688814806,0.0058182968190193364,0.006369347729875062,0.006532664338333395,0.0005146607367840435,0.006412022951856729,0.006724435755721693,0.006403487063558918
CVCL_1666,3,"[('TAK-733', 0.05, 'uM')]",40,36.49986688814806,0.0005662823396334822,0.0005339043956229468,0.000547594251920971,0.00013500884751069893,0.0006515452687320902,0.0009009773294630805,0.0005757449316194987
CVCL_1666,3,"[('TAK-901', 0.05, 'uM')]",40,36.49986688814806,0.0011663434826990355,0.0011304685795430031,0.0011594549533774387,0.00023798511487851698,0.0011718176228603773,0.0015383150731588422,0.0010687723140024555
CVCL_1666,3,"[('Temuterkib', 0.05, 'uM')]",40,36.49986688814806,0.00047675179761349893,0.0004541973413500323,0.00046584342702567385,0.00011841638410721066,0.0004900368468722577,0.0006494914505641665,0.00042315057368484216
CVCL_1666,3,"[('Tomivosertib', 0.05, 'uM')]",40,36.49986688814806,0.0005790779634486339,0.0005481050578254523,0.0005621590336671305,0.00012181957576236394,0.0006727866688077122,0.0009286575915573404,0.0005647139329093267
CVCL_1666,3,"[('Torkinib', 0.05, 'uM')]",40,36.49986688814806,0.0005339053235204818,0.0005076108059165853,0.0005206264676067542,0.00011689470718856356,0.0006078011432839876,0.0008681377012939194,0.0005040602889285253
CVCL_1666,3,"[('Trametinib', 0.05, 'uM')]",40,36.49986688814806,0.000671324091958565,0.0006341009792046324,0.0006503599786714177,0.0001837654669588096,0.00043724455253197253,0.00063903111420744,0.0003699513523696459
CVCL_1666,3,"[('Tubulin inhibitor 6', 0.05, 'uM')]",40,36.49986688814806,0.0005009344732420554,0.00045512958650747976,0.0004667995759051074,8.275360254442702e-05,0.00040188621339653407,0.0005311095467516135,0.000359577239486238
CVCL_1666,3,"[('Tucatinib', 0.05, 'uM')]",40,36.49986688814806,0.0005155245847646043,0.0004814293163790968,0.0004937736578247145,0.00010143961345181364,0.000609483002777347,0.000796689794761012,0.000524084264554182
CVCL_1666,3,"[('ULK-101', 0.05, 'uM')]",40,36.49986688814806,0.0007235898413202634,0.0006880874670966695,0.0007057307354837634,0.00015521669900870453,0.0012565936503399105,0.001723922997584197,0.001002904536670022
CVCL_1666,3,"[('Vemurafenib', 0.05, 'uM')]",40,36.49986688814806,0.0004774274804999033,0.000454167387315234,0.00046581270493870134,8.860432538902819e-05,0.0004905344922184531,0.0006269576509762238,0.0004222848049623604
CVCL_1666,3,"[('Volasertib', 0.05, 'uM')]",40,36.49986688814806,0.000467074609460858,0.0004504194172179032,0.000461968633044003,8.139934268057883e-05,0.0004930021208790215,0.0006317762556254235,0.0004213054698103543
CVCL_1666,3,"[('XRK3F2', 0.05, 'uM')]",40,36.49986688814806,0.0005216383957305597,0.000489897524560803,0.0005024589995495413,0.00010836690612377208,0.00041902754792663905,0.0005598330030420519,0.0003632742622855213
CVCL_1666,3,"[('c-Kit-IN-1', 0.05, 'uM')]",19,17.269028717610723,0.015932662771247143,0.015222668132158838,0.016068371917278775,0.0012155489305940182,0.01407216668143996,0.013884062094421572,0.014299573962143684
CVCL_1666,3,"[('olaparib', 0.05, 'uM')]",32,29.652704003623725,0.02757244029659682,0.026832436918397214,0.027697999399635822,0.0009735714546109722,0.02253024711197675,0.022308605642162943,0.02300592012224282
CVCL_1666,3,"[('palbociclib', 0.05, 'uM')]",40,36.49986688814806,0.000651189094429868,0.0006474792112101507,0.0006640812422668209,0.0001385506965520185,0.0005746987319736319,0.0008104630778815419,0.0004943198409698706
CVCL_1666,3,"[('venetoclax', 0.05, 'uM')]",40,36.49986688814806,0.0009080221008418347,0.0008680801549444774,0.0008903386204558742,0.0002312883264375023,0.0009211013860423947,0.0013232127695576334,0.0007653763904015784
CVCL_1666,3,"[('vincristine', 0.05, 'uM')]",40,36.49986688814806,0.0007351593363276302,0.000699741246424662,0.0007176833296663198,0.00014263392305565088,0.0005224308152534876,0.0007599861139919463,0.00045022201731960345
CVCL_1715,3,"[('4EGI-1', 0.05, 'uM')]",40,37.21787774771312,0.0005420963358243818,0.0005309256159678965,0.0005445390933004065,7.447793255962529e-05,0.0011120086564518697,0.001334774671421401,0.0009650416575459567
CVCL_1715,3,"[('9-ING-41', 0.05, 'uM')]",40,37.21787774771312,0.00045019011986240304,0.0004324874344678933,0.0004435768558645059,9.398942079121906e-05,0.0007380768189544453,0.0009489860295809111,0.0006355847770532579
CVCL_1715,3,"[('APTO-253', 0.05, 'uM')]",40,37.21787774771312,0.0004273908508374604,0.0004099183619895816,0.0004204290892200835,0.00012120683439747762,0.000762529307035465,0.000929394201698208,0.000699076900914233
CVCL_1715,3,"[('AT7519', 0.05, 'uM')]",40,37.21787774771312,0.0004180647412251997,0.0003959415150108729,0.0004060938615496132,9.44695135207608e-05,0.000821522713018537,0.0010110664757608024,0.0007494612087504553
CVCL_1715,3,"[('AZD-7648', 0.05, 'uM')]",40,37.21787774771312,0.00047050821053554247,0.00045461085291213527,0.00046626754144834387,0.00012328971441517289,0.000476375779725144,0.0006043660161146313,0.0004366768467071297
CVCL_1715,3,"[('AZD-8055', 0.05, 'uM')]",40,37.21787774771312,0.0005988400021178237,0.000575197008720195,0.0005899456499694306,0.00012208501615928734,0.0007305328286560797,0.0009510314986782388,0.0006038647533926555
CVCL_1715,3,"[('AZD1390', 0.05, 'uM')]",40,37.21787774771312,0.00044969104398882257,0.00043052141945850234,0.0004415604302138485,9.819928735349279e-05,0.0005948294173446458,0.0007359262147085963,0.0005358145736402682
CVCL_1715,3,"[('AZD2858', 0.05, 'uM')]",40,37.21787774771312,0.0004892479860151508,0.00047144590746385533,0.0004835342640654926,9.42512442953287e-05,0.0018059334772561827,0.002054618423492265,0.0016295575923282273
CVCL_1715,3,"[('Abemaciclib', 0.05, 'uM')]",18,17.217062943810344,0.019078517751630733,0.018004419241157033,0.019063502725930978,0.001070029900424177,0.0364582982805983,0.03603983016968998,0.03698061952348407
CVCL_1715,3,"[('Adagrasib', 0.05, 'uM')]",40,37.21787774771312,0.0004003139255492128,0.00038185099788224974,0.0003916420491099996,4.521650844243631e-05,0.0005815560861158705,0.0006630727606702023,0.0005419087315057181
CVCL_1715,3,"[('Afatinib', 0.05, 'uM')]",40,37.21787774771312,0.000629784788354503,0.0006099813777964704,0.0006256219259450975,8.807677037301839e-05,0.0010446065638723158,0.0012339742091110795,0.0008897203531546762
CVCL_1715,3,"[('Alpelisib', 0.05, 'uM')]",40,37.21787774771312,0.0005164050696951879,0.0004954285028953258,0.0005081317978413597,0.000108431432827481,0.0006041895922760881,0.0007704270096416127,0.0005531561964173355
CVCL_1715,3,"[('Anastrozole', 0.05, 'uM')]",40,37.21787774771312,0.00040762048641013383,0.0003873549917322978,0.0003972871710074849,0.00010732024683568038,0.000628137951342666,0.0007337872077095749,0.0005764614829388644
CVCL_1715,3,"[('BAY1125976', 0.05, 'uM')]",40,37.21787774771312,0.0004921503865742364,0.0004697410768483476,0.00048178571984445914,9.645436475568041e-05,0.0009108530671193729,0.0011423400077386879,0.0007795216950544098
CVCL_1715,3,"[('BI-3406', 0.05, 'uM')]",40,37.21787774771312,0.000566942886902307,0.0005558984024457401,0.0005701522076366562,0.00010430501384223401,0.0008794472761800737,0.0010716199870569852,0.000755107620769083
CVCL_1715,3,"[('BI-78D3', 0.05, 'uM')]",40,37.21787774771312,0.0005339301788094947,0.0005336512148805478,0.0005473345793646645,9.23435626026052e-05,0.0010552541108648757,0.0013021284241662122,0.0008984224296959358
CVCL_1715,3,"[('Belumosudil (mesylate)', 0.05, 'uM')]",40,37.21787774771312,0.0006114445214606143,0.0005810267346874548,0.0005959248560896974,9.508189935711132e-05,0.0021100813332827015,0.00251236118661088,0.0017943443021883616
CVCL_1715,3,"[('Belzutifan', 0.05, 'uM')]",39,36.22087256944073,0.002442016089248688,0.002729517631734671,0.0028013470430961096,0.00014550149653410545,0.017990611347347907,0.01795557039768675,0.017981956834778223
CVCL_1715,3,"[('Bentamapimod', 0.05, 'uM')]",40,37.21787774771312,0.0006312525182537585,0.0006117147046949084,0.000627399697122983,0.0001253446229904245,0.0011234102033791259,0.0014148064859998328,0.0009665682655513493
CVCL_1715,3,"[('Bimiralisib', 0.05, 'uM')]",40,37.21787774771312,0.0007290202375406948,0.0006937268305438777,0.0007115146979937202,0.00016491955619590376,0.0020664453873098926,0.0024453140692598557,0.0017583634511843629
CVCL_1715,3,"[('Binimetinib', 0.05, 'uM')]",40,37.21787774771312,0.0011981336479862372,0.0011309894635955593,0.0011599891934313427,0.00030065833888667055,0.0035327431319541677,0.004206616386579745,0.003160000784493521
CVCL_1715,3,"[('Bortezomib', 0.05, 'uM')]",40,37.21787774771312,0.003986189003041314,0.003809986612662475,0.003907678577089719,0.0019358543800389522,0.004009630854664361,0.006853095192742147,0.0031122062266736635
CVCL_1715,3,"[('Brivudine', 0.05, 'uM')]",40,37.21787774771312,0.0005489109836152112,0.0005304259612783838,0.0005440266269521885,9.189821468347096e-05,0.0008868913579003797,0.0011307266827804898,0.0007906561430933874
CVCL_1715,3,"[('CP21R7', 0.05, 'uM')]",40,37.21787774771312,0.0004509990113662759,0.00044527299763388417,0.00045669025398347086,7.212977144481219e-05,0.0010207586383922927,0.0011921660080402372,0.0009113015572640713
CVCL_1715,3,"[('Capivasertib', 0.05, 'uM')]",40,37.21787774771312,0.0004656799000994232,0.0004466903199035242,0.0004581439178497681,8.772190230237779e-05,0.0008643982204451902,0.0010823651609023384,0.0007728167978944618
CVCL_1715,3,"[('Capmatinib', 0.05, 'uM')]",40,37.21787774771312,0.0005840190062611145,0.0005731900329363209,0.0005878872132680215,8.912902743221163e-05,0.0011142421556821552,0.0012769012328942412,0.000982689402106915
CVCL_1715,3,"[('Celecoxib', 0.05, 'uM')]",40,37.21787774771312,0.0004799616706489773,0.00045920976185080355,0.00047098437112902923,0.00010370592943857956,0.0008802587509969641,0.0010250230405353152,0.0008104366306625979
CVCL_1715,3,"[('DT-061', 0.05, 'uM')]",40,37.21787774771312,0.00048081669310967156,0.0004681233720698376,0.00048012653545624357,8.455583019309902e-05,0.0009244261005829558,0.0011287042997363992,0.0008206565251903538
CVCL_1715,3,"[('DTP3', 0.05, 'uM')]",26,24.817286174929407,0.018214188671969424,0.017107314974835967,0.0177916075738294,0.0006610147944741823,0.01919923177112672,0.018562798317382626,0.020337819334333155
CVCL_1715,3,"[('Dabrafenib', 0.05, 'uM')]",40,37.21787774771312,0.0006125981130832166,0.0005798968956779154,0.0005947660468491437,0.00011116733765534268,0.0007645057447159255,0.00093404130541958,0.0006724952876205722
CVCL_1715,3,"[('ERK5-IN-2', 0.05, 'uM')]",40,37.21787774771312,0.0005261150886404015,0.0005228169695860322,0.0005362225329087508,0.00012378916001426086,0.0011213141940369029,0.0013871792162414858,0.0009989787026165908
CVCL_1715,3,"[('ETC-206', 0.05, 'uM')]",40,37.21787774771312,0.00038243560893411513,0.0003667553839111511,0.000376159368114001,7.552879430229177e-05,0.0006273640735986669,0.0007801472221990809,0.0005611129237998337
CVCL_1715,3,"[('EX229', 0.05, 'uM')]",40,37.21787774771312,0.0008605549604263771,0.0008391910601447292,0.0008607087796356196,0.00019703595686450815,0.0016105932982205758,0.002018070729031129,0.0014236484149487824
CVCL_1715,3,"[('Elimusertib hydrochloride', 0.05, 'uM')]",40,37.21787774771312,0.0016788855463241267,0.0016047078821093102,0.0016458542380608308,0.00040845536072110284,0.0012469714544563982,0.0014554719519605985,0.001104140972973258
CVCL_1715,3,"[('Encorafenib', 0.05, 'uM')]",40,37.21787774771312,0.00048410604392366396,0.0004617297749336355,0.0004735689999319337,9.84312121933565e-05,0.0009371508462267221,0.0011577416636665426,0.0008236397923602959
CVCL_1715,3,"[('Erdafitinib ', 0.05, 'uM')]",40,37.21787774771312,0.0004970351478256581,0.0004943121176681038,0.0005069867873519013,9.12133464280683e-05,0.001005411910943395,0.0012236659938400978,0.000866785591737595
CVCL_1715,3,"[('Everolimus', 0.05, 'uM')]",40,37.21787774771312,0.0004891702137942482,0.00047780172177839104,0.0004900530479778369,6.845356322987198e-05,0.0012521847363475911,0.0014556251082206786,0.0010754098916258917
CVCL_1715,3,"[('Futibatinib', 0.05, 'uM')]",40,37.21787774771312,0.0005248071482320891,0.0004978854585472099,0.0005106517523561125,0.00016484340157677557,0.0008065767758054357,0.0011208969803602872,0.0007290175653675757
CVCL_1715,3,"[('GSK1059615', 0.05, 'uM')]",40,37.21787774771312,0.0005699628600604708,0.0005412593577691964,0.0005551378028402014,0.00010529452877121434,0.0014950598420555262,0.0017863984265810656,0.001294861089107385
CVCL_1715,3,"[('Gemcitabine', 0.05, 'uM')]",40,37.21787774771312,0.0005713900396576039,0.0005389992876791557,0.0005528197822350315,0.00011932323136626216,0.0010083911868652123,0.0013065330383570351,0.0008414520544270269
CVCL_1715,3,"[('HI-TOPK-032', 0.05, 'uM')]",40,37.21787774771312,0.0006362084907489905,0.000639790432509146,0.0006561953153939959,0.0001485642685803427,0.0013713030717232627,0.001576269134425102,0.0012887783250388845
CVCL_1715,3,"[('Hydroxyfasudil', 0.05, 'uM')]",38,35.8142693991605,0.0026882352221404963,0.002551972122817245,0.0026209443423528466,0.0002636481567240368,0.015097006300484963,0.015215474168777417,0.015014236009997116
CVCL_1715,3,"[('IQ 1', 0.05, 'uM')]",40,37.21787774771312,0.00048630960090972745,0.0004659294596153178,0.00047787636883622335,0.00011924040915647155,0.0008191960389522416,0.0011187985828779341,0.0007288518488499847
CVCL_1715,3,"[('Infigratinib', 0.05, 'uM')]",40,37.21787774771312,0.0005697731515752662,0.0005417108639831053,0.0005556008861365181,0.00016593237978960898,0.0014659863026479205,0.0016905472610209348,0.0013190559612903975
CVCL_1715,3,"[('Ipatasertib', 0.05, 'uM')]",40,37.21787774771312,0.000635915711913749,0.0006094155144726543,0.0006250415533052865,0.00013336140232201327,0.0010873448125947025,0.0014311007480167046,0.0009297763512828395
CVCL_1715,3,"[('Irinotecan', 0.05, 'uM')]",40,37.21787774771312,0.0004679713842373346,0.0004552862486983381,0.00046696025507521864,8.356395891190172e-05,0.00113689444079531,0.0013312870888849972,0.0009863142525294575
CVCL_1715,3,"[('Ixazomib', 0.05, 'uM')]",40,37.21787774771312,0.0006910875864766456,0.0006849477020682635,0.0007025104636597573,0.0001051952923637267,0.0017245455213056953,0.0019696686867490035,0.0015369609248176903
CVCL_1715,3,"[('LB-100', 0.05, 'uM')]",40,37.21787774771312,0.00035630052700249713,0.00033853061597709304,0.00034721088818163396,9.28404487943694e-05,0.0006846324562797025,0.0007685212610283445,0.0006434971399707623
CVCL_1715,3,"[('LJI308', 0.05, 'uM')]",40,37.21787774771312,0.0008923836725896222,0.0008553462679942752,0.0008772782235838718,0.00026202460509986493,0.0019925462056965253,0.002590562056392396,0.0016761907823690614
CVCL_1715,3,"[('LY-2584702 (tosylate salt)', 0.05, 'uM')]",40,37.21787774771312,0.0004975942268927715,0.0005088295682848673,0.0005218764802921716,0.00010007410620626892,0.0007893044110566599,0.0009898194021405536,0.0007305617364343329
CVCL_1715,3,"[('LY2090314', 0.05, 'uM')]",40,37.21787774771312,0.0005054145528371875,0.00048156238278543567,0.0004939101361901901,9.328162234587964e-05,0.0009139976134400108,0.0010745729294485086,0.0008278103970110909
CVCL_1715,3,"[('Lapatinib ditosylate', 0.05, 'uM')]",40,37.21787774771312,0.00044714251706509125,0.0004277841870585283,0.0004387530123677212,6.707294888856227e-05,0.0006689940111163767,0.000791401103092263,0.000605364237309801
CVCL_1715,3,"[('Lonafarnib', 0.05, 'uM')]",40,37.21787774771312,0.0004755558448380173,0.00045149423906052836,0.0004630710144210543,0.00010896607009614375,0.0006227611935069156,0.0007190773089193644,0.0005946956109232099
CVCL_1715,3,"[('MK-3903', 0.05, 'uM')]",40,37.21787774771312,0.000606831875952271,0.000590974630478231,0.0006061278261315188,0.00012389889200492866,0.0013634153592404481,0.0016542745831022714,0.0011575452339921551
CVCL_1715,3,"[('MK-8353', 0.05, 'uM')]",40,37.21787774771312,0.0004793756287397538,0.0004618960395298595,0.00047373952772293267,9.331910762058788e-05,0.0007693547640739598,0.0009739077788907355,0.0006701901033127131
CVCL_1715,3,"[('ML264', 0.05, 'uM')]",40,37.21787774771312,0.0005039209406687885,0.0004857310787910378,0.0004981857218369616,0.00011355875534540773,0.0007945202208709081,0.001029971415030408,0.000710233095992044
CVCL_1715,3,"[('Minodronic acid', 0.05, 'uM')]",40,37.21787774771312,0.0005841525633734415,0.00054980074953997,0.0005638982046563794,0.00013289383522399782,0.0007433622230934933,0.0009056217927159483,0.0006580290759602965
CVCL_1715,3,"[('NG25', 0.05, 'uM')]",40,37.21787774771312,0.0005782795336798136,0.0005572116217167367,0.0005714990991966529,0.0001270439682797779,0.001283183315468074,0.0016243087538511964,0.0011198628124494947
CVCL_1715,3,"[('NVP-BHG712', 0.05, 'uM')]",40,37.21787774771312,0.0005037401492634343,0.0004786662801435802,0.000490939774506236,0.00011557895286233286,0.0010183742219246317,0.0011819529650974041,0.000932057886598036
CVCL_1715,3,"[('OTS514', 0.05, 'uM')]",40,37.21787774771312,0.0005784805354191276,0.0005484504686747024,0.0005625133012048226,0.00019866807354405509,0.0010470434685120027,0.0014874649608184434,0.0009102035035319969
CVCL_1715,3,"[('Oleic acid', 0.05, 'uM')]",40,37.21787774771312,0.0004913572871659523,0.00046411223777489215,0.000476012551563992,0.00012048132832873117,0.0006932414856343653,0.0008213387801064143,0.0006406691937709338
CVCL_1715,3,"[('Oxaliplatin', 0.05, 'uM')]",40,37.21787774771312,0.0005504219389596875,0.000520615750773053,0.0005339648725877466,0.00014493725428506993,0.0010147683536237584,0.0013447518521372706,0.0008852596933992392
CVCL_1715,3,"[('PF-06260933', 0.05, 'uM')]",25,23.543544869434243,0.020634114129249308,0.019412593486055545,0.02022145154797453,0.0009188374368728048,0.026967437426419893,0.02693693695854461,0.027213565642324314
CVCL_1715,3,"[('PH-797804', 0.05, 'uM')]",40,37.21787774771312,0.0004997177773748055,0.00047248435502365084,0.0004845993384857956,8.609512446472444e-05,0.0005415043833545937,0.0006760830511277535,0.0004966912328406984
CVCL_1715,3,"[('Paclitaxel', 0.05, 'uM')]",40,37.21787774771312,0.00047269621269060156,0.00045266958964037667,0.00046427650219525815,0.00013585183594953722,0.0008694159252400129,0.0010571489571622203,0.0007559433561707881
CVCL_1715,3,"[('Pemigatinib', 0.05, 'uM')]",40,37.21787774771312,0.0005285251258432264,0.0005095246378792081,0.000522589372183803,0.00012712833315998856,0.0010519748688812818,0.0013685851877505712,0.0009320817793089175
CVCL_1715,3,"[('Pimitespib', 0.05, 'uM')]",40,37.21787774771312,0.0005616955730622634,0.0005392459783624448,0.000553072798320456,9.835734221424294e-05,0.0017279489832003987,0.002072283808477076,0.0015384070760460723
CVCL_1715,3,"[('Pralsetinib', 0.05, 'uM')]",40,37.21787774771312,0.0006005920699562883,0.0005696920481417053,0.0005842995365555949,9.446149356879222e-05,0.001822007439848532,0.0020206871818197903,0.0015749731276361
CVCL_1715,3,"[('RMC-6236', 0.05, 'uM')]",40,37.21787774771312,0.0006204363808833203,0.0005918286196748912,0.0006070037124870678,0.00015177800529495535,0.0007253867021888267,0.0009372078326066434,0.0006375525508043589
CVCL_1715,3,"[('Regorafenib', 0.05, 'uM')]",40,37.21787774771312,0.0004371966176937073,0.0004246830797924825,0.0004355723895307511,9.31652556937962e-05,0.000980716963598635,0.0011164214500433674,0.0009057831561565341
CVCL_1715,3,"[('SBI-0640756', 0.05, 'uM')]",40,37.21787774771312,0.0005063638061419219,0.0005009562251079104,0.0005138012565209335,7.776146487647479e-05,0.0010111959508164131,0.0011345057686176418,0.0008897237181328066
CVCL_1715,3,"[('Sapanisertib', 0.05, 'uM')]",40,37.21787774771312,0.0006960443337236217,0.0006683328256573246,0.0006854695647767427,0.00018785306403599111,0.001274054018776357,0.0016042250788653022,0.0010506224926900996
CVCL_1715,3,"[('Sonidegib', 0.05, 'uM')]",40,37.21787774771312,0.005756107354501192,0.006369347729875062,0.006532664338333395,0.0005146607367840435,0.054650699961002795,0.055055026114134376,0.05438172620943959
CVCL_1715,3,"[('TAK-733', 0.05, 'uM')]",40,37.21787774771312,0.0005578808380298232,0.0005339043956229468,0.000547594251920971,0.00013500884751069893,0.0011494365002160793,0.001382924723927629,0.0010664601463782372
CVCL_1715,3,"[('TAK-901', 0.05, 'uM')]",40,37.21787774771312,0.0011611272340191245,0.0011304685795430031,0.0011594549533774387,0.00023798511487851698,0.0014199972801903344,0.001771113524470398,0.0013171757467861421
CVCL_1715,3,"[('Temuterkib', 0.05, 'uM')]",40,37.21787774771312,0.0004677224668756145,0.0004541973413500323,0.00046584342702567385,0.00011841638410721066,0.000938381857510382,0.0011047161477312807,0.0008360124546594845
CVCL_1715,3,"[('Tomivosertib', 0.05, 'uM')]",40,37.21787774771312,0.0005701918212951009,0.0005481050578254523,0.0005621590336671305,0.00012181957576236394,0.001403424663754471,0.0018096235387393906,0.0011829247070293879
CVCL_1715,3,"[('Torkinib', 0.05, 'uM')]",40,37.21787774771312,0.0005243741999030729,0.0005076108059165853,0.0005206264676067542,0.00011689470718856356,0.0011843117771606557,0.0014803899956371618,0.001034653069119056
CVCL_1715,3,"[('Trametinib', 0.05, 'uM')]",40,37.21787774771312,0.0006602235602766236,0.0006341009792046324,0.0006503599786714177,0.0001837654669588096,0.0008087265096940246,0.0010954326544733147,0.0007107226440699632
CVCL_1715,3,"[('Tubulin inhibitor 6', 0.05, 'uM')]",40,37.21787774771312,0.00048167545338315414,0.00045512958650747976,0.0004667995759051074,8.275360254442702e-05,0.00070055358456262,0.0008474601814934586,0.000652138673742857
CVCL_1715,3,"[('Tucatinib', 0.05, 'uM')]",40,37.21787774771312,0.0005052389355046553,0.0004814293163790968,0.0004937736578247145,0.00010143961345181364,0.0008661078458368115,0.0010839997215381634,0.0007521508112206026
CVCL_1715,3,"[('ULK-101', 0.05, 'uM')]",40,37.21787774771312,0.0007163356981196305,0.0006880874670966695,0.0007057307354837634,0.00015521669900870453,0.002499602040636371,0.003097436721167458,0.0020849576379838777
CVCL_1715,3,"[('Vemurafenib', 0.05, 'uM')]",40,37.21787774771312,0.00046664903660529467,0.000454167387315234,0.00046581270493870134,8.860432538902819e-05,0.0008262564241847501,0.000980533759055161,0.0007221174261928308
CVCL_1715,3,"[('Volasertib', 0.05, 'uM')]",40,37.21787774771312,0.0004546716097388559,0.0004504194172179032,0.000461968633044003,8.139934268057883e-05,0.000829115685151542,0.0009594120160413349,0.0007478246527567252
CVCL_1715,3,"[('XRK3F2', 0.05, 'uM')]",40,37.21787774771312,0.0005116836539915741,0.000489897524560803,0.0005024589995495413,0.00010836690612377208,0.0006569462984242715,0.000831778278454003,0.0005824017837685802
CVCL_1715,3,"[('olaparib', 0.05, 'uM')]",32,30.24391572933834,0.027843771286874243,0.026832436918397214,0.027697999399635822,0.0009735714546109722,0.01888982681398457,0.018323641594746313,0.02071335776160312
CVCL_1715,3,"[('palbociclib', 0.05, 'uM')]",40,37.21787774771312,0.0006383640050794128,0.0006474792112101507,0.0006640812422668209,0.0001385506965520185,0.0010972269574931889,0.0013747158090010663,0.0009620471385942329
CVCL_1715,3,"[('venetoclax', 0.05, 'uM')]",40,37.21787774771312,0.0008940438892738132,0.0008680801549444774,0.0008903386204558742,0.0002312883264375023,0.0012295535959753075,0.0015094559243788942,0.0010314010589070278
CVCL_1715,3,"[('vincristine', 0.05, 'uM')]",40,37.21787774771312,0.0007203142245959881,0.000699741246424662,0.0007176833296663198,0.00014263392305565088,0.0007394587112329902,0.0008165431972043684,0.0007120132804882298
CVCL_1716,3,"[('4EGI-1', 0.05, 'uM')]",40,36.71464378403418,0.0005491046420822894,0.0005309256159678965,0.0005445390933004065,7.447793255962529e-05,0.0003928361096847891,0.00042896284498180714,0.00039800948938313233
CVCL_1716,3,"[('9-ING-41', 0.05, 'uM')]",40,36.71464378403418,0.00045645407480242805,0.0004324874344678933,0.0004435768558645059,9.398942079121906e-05,0.00038821293523070866,0.0004506488242737141,0.000397338350337242
CVCL_1716,3,"[('APTO-253', 0.05, 'uM')]",40,36.71464378403418,0.0004406743326640318,0.0004099183619895816,0.0004204290892200835,0.00012120683439747762,0.0004171676430716046,0.00042818699491900704,0.0004248737408201829
CVCL_1716,3,"[('AT7519', 0.05, 'uM')]",40,36.71464378403418,0.00042792066567920407,0.0003959415150108729,0.0004060938615496132,9.44695135207608e-05,0.00041026763123040564,0.0004548986276339156,0.00041853506012321526
CVCL_1716,3,"[('AZD-7648', 0.05, 'uM')]",40,36.71464378403418,0.00048744319765059777,0.00045461085291213527,0.00046626754144834387,0.00012328971441517289,0.00042621916723810426,0.0004519861186730114,0.000425401372283148
CVCL_1716,3,"[('AZD-8055', 0.05, 'uM')]",40,36.71464378403418,0.0006093918498099448,0.000575197008720195,0.0005899456499694306,0.00012208501615928734,0.0004910860780080269,0.0006021974819670967,0.0005045824218109773
CVCL_1716,3,"[('AZD1390', 0.05, 'uM')]",40,36.71464378403418,0.00046018281612685236,0.00043052141945850234,0.0004415604302138485,9.819928735349279e-05,0.00040496984828048734,0.00042571112971767275,0.0004044693713006293
CVCL_1716,3,"[('AZD2858', 0.05, 'uM')]",40,36.71464378403418,0.0004988268712002397,0.00047144590746385533,0.0004835342640654926,9.42512442953287e-05,0.0005351505874340847,0.0005798705031693674,0.0005334191370295531
CVCL_1716,3,"[('Adagrasib', 0.05, 'uM')]",40,36.71464378403418,0.0004095742972857597,0.00038185099788224974,0.0003916420491099996,4.521650844243631e-05,0.00038171824393352536,0.0004150951347374131,0.0003855164735743167
CVCL_1716,3,"[('Afatinib', 0.05, 'uM')]",40,36.71464378403418,0.0006382324848058193,0.0006099813777964704,0.0006256219259450975,8.807677037301839e-05,0.0006741143785890721,0.0007157632981416367,0.0006848819436478793
CVCL_1716,3,"[('Alpelisib', 0.05, 'uM')]",40,36.71464378403418,0.0005295644235569585,0.0004954285028953258,0.0005081317978413597,0.000108431432827481,0.0005187488262041789,0.0006323604825560076,0.000523089071617133
CVCL_1716,3,"[('Anastrozole', 0.05, 'uM')]",40,36.71464378403418,0.00041907245873957236,0.0003873549917322978,0.0003972871710074849,0.00010732024683568038,0.0003103498421109674,0.00036699925515792036,0.00031539079292710644
CVCL_1716,3,"[('BAY1125976', 0.05, 'uM')]",40,36.71464378403418,0.0004964944687808068,0.0004697410768483476,0.00048178571984445914,9.645436475568041e-05,0.0003605505541427329,0.00042020646160993935,0.00036036038755219525
CVCL_1716,3,"[('BI-3406', 0.05, 'uM')]",40,36.71464378403418,0.0005743142730164216,0.0005558984024457401,0.0005701522076366562,0.00010430501384223401,0.0004287335898377057,0.000459193434700731,0.0004377706622365514
CVCL_1716,3,"[('BI-78D3', 0.05, 'uM')]",40,36.71464378403418,0.000542457321057081,0.0005336512148805478,0.0005473345793646645,9.23435626026052e-05,0.0005321588218732336,0.0005605453938656643,0.0005377064787708685
CVCL_1716,3,"[('Belumosudil (mesylate)', 0.05, 'uM')]",40,36.71464378403418,0.0006024006599044214,0.0005810267346874548,0.0005959248560896974,9.508189935711132e-05,0.0004187824752406942,0.0004727375023414291,0.00042598226594311273
CVCL_1716,3,"[('Bentamapimod', 0.05, 'uM')]",40,36.71464378403418,0.0006409713966558878,0.0006117147046949084,0.000627399697122983,0.0001253446229904245,0.0006543786801917848,0.0007557317691246759,0.0006569534877714274
CVCL_1716,3,"[('Bimiralisib', 0.05, 'uM')]",40,36.71464378403418,0.0007382289796831352,0.0006937268305438777,0.0007115146979937202,0.00016491955619590376,0.0005481055639228174,0.0006879523855607033,0.0005486693106572349
CVCL_1716,3,"[('Binimetinib', 0.05, 'uM')]",40,36.71464378403418,0.0012198278456677374,0.0011309894635955593,0.0011599891934313427,0.00030065833888667055,0.0011997578509509448,0.0015277992286387469,0.0012054790094111491
CVCL_1716,3,"[('Bortezomib', 0.05, 'uM')]",40,36.71464378403418,0.00395167502755124,0.003809986612662475,0.003907678577089719,0.0019358543800389522,0.001767138816877364,0.004213579543179552,0.0019165803117340567
CVCL_1716,3,"[('Brivudine', 0.05, 'uM')]",40,36.71464378403418,0.0005639418840676875,0.0005304259612783838,0.0005440266269521885,9.189821468347096e-05,0.0005616263627146162,0.0006684069794688264,0.0005842302201195433
CVCL_1716,3,"[('CP21R7', 0.05, 'uM')]",40,36.71464378403418,0.00046259782824454134,0.00044527299763388417,0.00045669025398347086,7.212977144481219e-05,0.00043772063287229255,0.0004684679586199978,0.0004498312583161434
CVCL_1716,3,"[('Capivasertib', 0.05, 'uM')]",40,36.71464378403418,0.00047463305858077697,0.0004466903199035242,0.0004581439178497681,8.772190230237779e-05,0.00038026117933195094,0.0004279858877839812,0.00038849031840955384
CVCL_1716,3,"[('Capmatinib', 0.05, 'uM')]",40,36.71464378403418,0.0005946076157737929,0.0005731900329363209,0.0005878872132680215,8.912902743221163e-05,0.0005334340951810411,0.0005735619069805973,0.0005411584313838389
CVCL_1716,3,"[('Celecoxib', 0.05, 'uM')]",40,36.71464378403418,0.0004982462744808325,0.00045920976185080355,0.00047098437112902923,0.00010370592943857956,0.00047642400232510493,0.0005313458459536437,0.0004873905498011748
CVCL_1716,3,"[('DT-061', 0.05, 'uM')]",40,36.71464378403418,0.000493677913227916,0.0004681233720698376,0.00048012653545624357,8.455583019309902e-05,0.000632711193404826,0.0006585635669356885,0.00064189513179574
CVCL_1716,3,"[('Dabrafenib', 0.05, 'uM')]",40,36.71464378403418,0.000626448332925429,0.0005798968956779154,0.0005947660468491437,0.00011116733765534268,0.00043295342423054075,0.0004946301447731428,0.00044217164527658986
CVCL_1716,3,"[('ERK5-IN-2', 0.05, 'uM')]",40,36.71464378403418,0.0005306624015110767,0.0005228169695860322,0.0005362225329087508,0.00012378916001426086,0.0003754940026585755,0.00044969814199558413,0.0003800414200855922
CVCL_1716,3,"[('ETC-206', 0.05, 'uM')]",40,36.71464378403418,0.00039041409383651625,0.0003667553839111511,0.000376159368114001,7.552879430229177e-05,0.000360257147273875,0.00039480936807521124,0.00036335129367612973
CVCL_1716,3,"[('EX229', 0.05, 'uM')]",40,36.71464378403418,0.0008760993681310162,0.0008391910601447292,0.0008607087796356196,0.00019703595686450815,0.0006340049601343019,0.0008000425621549785,0.0006473054786679974
CVCL_1716,3,"[('Elimusertib hydrochloride', 0.05, 'uM')]",40,36.71464378403418,0.0017068170469559671,0.0016047078821093102,0.0016458542380608308,0.00040845536072110284,0.0010101809619706397,0.0015054558064463357,0.0010132102023358777
CVCL_1716,3,"[('Encorafenib', 0.05, 'uM')]",40,36.71464378403418,0.0004926382840942766,0.0004617297749336355,0.0004735689999319337,9.84312121933565e-05,0.0004867753675630963,0.000532140092561806,0.0004987298180561273
CVCL_1716,3,"[('Erdafitinib ', 0.05, 'uM')]",40,36.71464378403418,0.0005061680235606624,0.0004943121176681038,0.0005069867873519013,9.12133464280683e-05,0.0005810831360741359,0.0006097103048487648,0.000583061257666786
CVCL_1716,3,"[('Everolimus', 0.05, 'uM')]",40,36.71464378403418,0.0004957295259775515,0.00047780172177839104,0.0004900530479778369,6.845356322987198e-05,0.0003375172404955755,0.0003687385465249262,0.0003448930094410613
CVCL_1716,3,"[('Futibatinib', 0.05, 'uM')]",40,36.71464378403418,0.0005359466912670465,0.0004978854585472099,0.0005106517523561125,0.00016484340157677557,0.00037507178130104273,0.0004970869382576515,0.0003914380749831486
CVCL_1716,3,"[('GSK1059615', 0.05, 'uM')]",40,36.71464378403418,0.0005726858415298276,0.0005412593577691964,0.0005551378028402014,0.00010529452877121434,0.0006454144105527296,0.0007669403644098514,0.0006487319944148602
CVCL_1716,3,"[('Gemcitabine', 0.05, 'uM')]",40,36.71464378403418,0.000573920430878388,0.0005389992876791557,0.0005528197822350315,0.00011932323136626216,0.0005312137719682025,0.0006460896043549509,0.0005449338497323366
CVCL_1716,3,"[('HI-TOPK-032', 0.05, 'uM')]",40,36.71464378403418,0.0006465398441271262,0.000639790432509146,0.0006561953153939959,0.0001485642685803427,0.0006945120380810099,0.0006853557375914329,0.0006959837423488106
CVCL_1716,3,"[('Hydroxyfasudil', 0.05, 'uM')]",38,35.39438128557244,0.0026572009457637427,0.002551972122817245,0.0026209443423528466,0.0002636481567240368,0.014249341427910196,0.014397697706265493,0.01426888219677448
CVCL_1716,3,"[('IQ 1', 0.05, 'uM')]",40,36.71464378403418,0.00048694747620086785,0.0004659294596153178,0.00047787636883622335,0.00011924040915647155,0.000527565762304383,0.0006968131395911368,0.000532711418830667
CVCL_1716,3,"[('Infigratinib', 0.05, 'uM')]",40,36.71464378403418,0.0005760186145447055,0.0005417108639831053,0.0005556008861365181,0.00016593237978960898,0.0006325715275492267,0.0006943668379833116,0.0006356299072652584
CVCL_1716,3,"[('Ipatasertib', 0.05, 'uM')]",40,36.71464378403418,0.0006414580823904805,0.0006094155144726543,0.0006250415533052865,0.00013336140232201327,0.0006195133785271898,0.0006880989227878459,0.0006309766881640298
CVCL_1716,3,"[('Irinotecan', 0.05, 'uM')]",40,36.71464378403418,0.0004753980856731756,0.0004552862486983381,0.00046696025507521864,8.356395891190172e-05,0.0003718170648135709,0.0004132938564997578,0.0003763550946954929
CVCL_1716,3,"[('Ixazomib', 0.05, 'uM')]",40,36.71464378403418,0.0006978831369339796,0.0006849477020682635,0.0007025104636597573,0.0001051952923637267,0.0009243156268564915,0.0009648712806753923,0.0009358045611054098
CVCL_1716,3,"[('LB-100', 0.05, 'uM')]",40,36.71464378403418,0.00036474854333385124,0.00033853061597709304,0.00034721088818163396,9.28404487943694e-05,0.0003331870215892362,0.00034210045495088347,0.000343010934745547
CVCL_1716,3,"[('LJI308', 0.05, 'uM')]",40,36.71464378403418,0.0008807925231974861,0.0008553462679942752,0.0008772782235838718,0.00026202460509986493,0.0007029194866922834,0.0009238907339379987,0.0007064076467256221
CVCL_1716,3,"[('LY-2584702 (tosylate salt)', 0.05, 'uM')]",40,36.71464378403418,0.0005065304420836734,0.0005088295682848673,0.0005218764802921716,0.00010007410620626892,0.0005598243794157381,0.0006784939943201146,0.0005649493192552806
CVCL_1716,3,"[('LY2090314', 0.05, 'uM')]",40,36.71464378403418,0.0005245045873479061,0.00048156238278543567,0.0004939101361901901,9.328162234587964e-05,0.0004808496995115508,0.0004857850416799871,0.0004896889193744066
CVCL_1716,3,"[('Lapatinib ditosylate', 0.05, 'uM')]",40,36.71464378403418,0.00045823019166583046,0.0004277841870585283,0.0004387530123677212,6.707294888856227e-05,0.0005886022943925697,0.0006190126245544062,0.0005898146292947632
CVCL_1716,3,"[('Lonafarnib', 0.05, 'uM')]",40,36.71464378403418,0.0004884907910030025,0.00045149423906052836,0.0004630710144210543,0.00010896607009614375,0.0004894006971034302,0.0005017680551120708,0.0005075276232246057
CVCL_1716,3,"[('MK-3903', 0.05, 'uM')]",40,36.71464378403418,0.0006114477132344882,0.000590974630478231,0.0006061278261315188,0.00012389889200492866,0.0004588360480164903,0.0004623311015517332,0.00046669386179421104
CVCL_1716,3,"[('MK-8353', 0.05, 'uM')]",40,36.71464378403418,0.0004907720644943918,0.0004618960395298595,0.00047373952772293267,9.331910762058788e-05,0.00038896131534229867,0.0004573865028994485,0.00039205454021205594
CVCL_1716,3,"[('ML264', 0.05, 'uM')]",40,36.71464378403418,0.000513223216966329,0.0004857310787910378,0.0004981857218369616,0.00011355875534540773,0.0004551018935297028,0.0005357479342438658,0.0004597394760477652
CVCL_1716,3,"[('Minodronic acid', 0.05, 'uM')]",40,36.71464378403418,0.0006083034108701242,0.00054980074953997,0.0005638982046563794,0.00013289383522399782,0.00036772890509063905,0.0003966318673075634,0.0003785232075090884
CVCL_1716,3,"[('NG25', 0.05, 'uM')]",40,36.71464378403418,0.0005862758446108801,0.0005572116217167367,0.0005714990991966529,0.0001270439682797779,0.000655727725445561,0.000743685661506041,0.0006571140016023885
CVCL_1716,3,"[('NVP-BHG712', 0.05, 'uM')]",40,36.71464378403418,0.0005147966889022375,0.0004786662801435802,0.000490939774506236,0.00011557895286233286,0.0004255655072999177,0.00043988456615039634,0.00043512226531370967
CVCL_1716,3,"[('OTS514', 0.05, 'uM')]",40,36.71464378403418,0.0005865137096261012,0.0005484504686747024,0.0005625133012048226,0.00019866807354405509,0.0007193992162864318,0.0008465293256000066,0.0007301168621337305
CVCL_1716,3,"[('Oleic acid', 0.05, 'uM')]",40,36.71464378403418,0.0005133451859315462,0.00046411223777489215,0.000476012551563992,0.00012048132832873117,0.0004997333826452641,0.0005139056981571479,0.0005187544539075671
CVCL_1716,3,"[('Oxaliplatin', 0.05, 'uM')]",40,36.71464378403418,0.0005579389173495831,0.000520615750773053,0.0005339648725877466,0.00014493725428506993,0.0005206643448336711,0.0006312763476270575,0.0005328837404172373
CVCL_1716,3,"[('PH-797804', 0.05, 'uM')]",40,36.71464378403418,0.0005172097986300406,0.00047248435502365084,0.0004845993384857956,8.609512446472444e-05,0.00035982260467565464,0.0003986677746540453,0.00037166607936122965
CVCL_1716,3,"[('Paclitaxel', 0.05, 'uM')]",40,36.71464378403418,0.00048183067529333496,0.00045266958964037667,0.00046427650219525815,0.00013585183594953722,0.00041587026436641015,0.0004662869507182923,0.0004191851295722722
CVCL_1716,3,"[('Pemigatinib', 0.05, 'uM')]",40,36.71464378403418,0.0005378150565319225,0.0005095246378792081,0.000522589372183803,0.00012712833315998856,0.0005819419620150749,0.0007009712601200273,0.0005886130587003034
CVCL_1716,3,"[('Pimitespib', 0.05, 'uM')]",40,36.71464378403418,0.0005641199845330151,0.0005392459783624448,0.000553072798320456,9.835734221424294e-05,0.0005956385409031377,0.0006546602325404944,0.0006163425177812695
CVCL_1716,3,"[('Pralsetinib', 0.05, 'uM')]",40,36.71464378403418,0.0006109708516158058,0.0005696920481417053,0.0005842995365555949,9.446149356879222e-05,0.0005939343854867367,0.0006462122339210252,0.0006039973633982859
CVCL_1716,3,"[('RMC-6236', 0.05, 'uM')]",40,36.71464378403418,0.0006385060114793437,0.0005918286196748912,0.0006070037124870678,0.00015177800529495535,0.0003708533860274478,0.00042758759208582443,0.0003761335262527203
CVCL_1716,3,"[('Regorafenib', 0.05, 'uM')]",40,36.71464378403418,0.00044462794442418313,0.0004246830797924825,0.0004355723895307511,9.31652556937962e-05,0.0004513927864161269,0.0004730819749991016,0.00045681295814090734
CVCL_1716,3,"[('SBI-0640756', 0.05, 'uM')]",40,36.71464378403418,0.0005123778225779174,0.0005009562251079104,0.0005138012565209335,7.776146487647479e-05,0.0007390475611510914,0.0007036211342900319,0.0007522885773091808
CVCL_1716,3,"[('Sapanisertib', 0.05, 'uM')]",40,36.71464378403418,0.0006908691408551799,0.0006683328256573246,0.0006854695647767427,0.00018785306403599111,0.00038256072531903795,0.0004247256905367175,0.0003835493605175274
CVCL_1716,3,"[('Sonidegib', 0.05, 'uM')]",40,36.71464378403418,0.005776847347555098,0.006369347729875062,0.006532664338333395,0.0005146607367840435,0.025498233765971157,0.02583066717822067,0.02559820721382075
CVCL_1716,3,"[('TAK-733', 0.05, 'uM')]",40,36.71464378403418,0.0005645702788306742,0.0005339043956229468,0.000547594251920971,0.00013500884751069893,0.00032862875282373437,0.00033004195709030436,0.0003297047258312733
CVCL_1716,3,"[('TAK-901', 0.05, 'uM')]",40,36.71464378403418,0.0011614514550651633,0.0011304685795430031,0.0011594549533774387,0.00023798511487851698,0.0008127700637066374,0.000844843080385253,0.0008161583625067827
CVCL_1716,3,"[('Temuterkib', 0.05, 'uM')]",40,36.71464378403418,0.0004754667971217598,0.0004541973413500323,0.00046584342702567385,0.00011841638410721066,0.0004225198114494219,0.00048211987095185137,0.00043157218206632276
CVCL_1716,3,"[('Tomivosertib', 0.05, 'uM')]",40,36.71464378403418,0.000575484895339111,0.0005481050578254523,0.0005621590336671305,0.00012181957576236394,0.0005450347694860482,0.0006312870861297941,0.0005548293252893324
CVCL_1716,3,"[('Torkinib', 0.05, 'uM')]",40,36.71464378403418,0.0005314159595966021,0.0005076108059165853,0.0005206264676067542,0.00011689470718856356,0.0004235442969042135,0.0004561768507496682,0.0004279007913084274
CVCL_1716,3,"[('Trametinib', 0.05, 'uM')]",40,36.71464378403418,0.0006713234696360947,0.0006341009792046324,0.0006503599786714177,0.0001837654669588096,0.000515275766405288,0.0006821444546564503,0.0005117162335817456
CVCL_1716,3,"[('Tubulin inhibitor 6', 0.05, 'uM')]",40,36.71464378403418,0.0005034445621095471,0.00045512958650747976,0.0004667995759051074,8.275360254442702e-05,0.0004418095395198861,0.0005109052285461127,0.0004533813755222169
CVCL_1716,3,"[('Tucatinib', 0.05, 'uM')]",40,36.71464378403418,0.0005133148228399962,0.0004814293163790968,0.0004937736578247145,0.00010143961345181364,0.00039416281975938747,0.00044041269489108835,0.00040660538843431926
CVCL_1716,3,"[('ULK-101', 0.05, 'uM')]",40,36.71464378403418,0.0007134812879728852,0.0006880874670966695,0.0007057307354837634,0.00015521669900870453,0.000557206530826893,0.0005864306744850536,0.0005694847018110875
CVCL_1716,3,"[('Vemurafenib', 0.05, 'uM')]",40,36.71464378403418,0.0004772488101537816,0.000454167387315234,0.00046581270493870134,8.860432538902819e-05,0.0003866152264245398,0.0004132610224977119,0.00039680796620682483
CVCL_1716,3,"[('Volasertib', 0.05, 'uM')]",40,36.71464378403418,0.000467449683460468,0.0004504194172179032,0.000461968633044003,8.139934268057883e-05,0.0005823637238414521,0.0005714473607353045,0.0005903409852363116
CVCL_1716,3,"[('XRK3F2', 0.05, 'uM')]",40,36.71464378403418,0.0005200950409670733,0.000489897524560803,0.0005024589995495413,0.00010836690612377208,0.00046907545552752624,0.0005532756174854561,0.00047428908242102484
CVCL_1716,3,"[('palbociclib', 0.05, 'uM')]",40,36.71464378403418,0.0006500809521108181,0.0006474792112101507,0.0006640812422668209,0.0001385506965520185,0.0006156977473168258,0.0006817456655940046,0.0006257372419101228
CVCL_1716,3,"[('venetoclax', 0.05, 'uM')]",40,36.71464378403418,0.0009125745688058381,0.0008680801549444774,0.0008903386204558742,0.0002312883264375023,0.000859047807357361,0.001107510194074206,0.0008665905676761161
CVCL_1716,3,"[('vincristine', 0.05, 'uM')]",40,36.71464378403418,0.0007376142176055588,0.000699741246424662,0.0007176833296663198,0.00014263392305565088,0.0005221171353338612,0.0006443313205440062,0.000534532098798149
CVCL_1717,3,"[('4EGI-1', 0.05, 'uM')]",40,38.04891493100097,0.0005122777448933612,0.0005309256159678965,0.0005445390933004065,7.447793255962529e-05,0.00017004613608403166,0.0001807621752518234,0.00013789969776900957
CVCL_1717,3,"[('9-ING-41', 0.05, 'uM')]",40,38.04891493100097,0.00043449895744617926,0.0004324874344678933,0.0004435768558645059,9.398942079121906e-05,0.00017429768730491552,0.0002473246068046464,0.0001418558108552553
CVCL_1717,3,"[('APTO-253', 0.05, 'uM')]",40,38.04891493100097,0.00040742169611394994,0.0004099183619895816,0.0004204290892200835,0.00012120683439747762,0.00016153906352029096,0.0002702910419378953,0.0001368596530131306
CVCL_1717,3,"[('AT7519', 0.05, 'uM')]",40,38.04891493100097,0.00039743220409211395,0.0003959415150108729,0.0004060938615496132,9.44695135207608e-05,0.00015520568603142386,0.00019232638369860445,0.00011725349157637747
CVCL_1717,3,"[('AZD-7648', 0.05, 'uM')]",40,38.04891493100097,0.00045112929328019243,0.00045461085291213527,0.00046626754144834387,0.00012328971441517289,0.00015659332107914364,0.0002407275385722174,0.00013282028337982044
CVCL_1717,3,"[('AZD-8055', 0.05, 'uM')]",40,38.04891493100097,0.0005767495606980963,0.000575197008720195,0.0005899456499694306,0.00012208501615928734,0.00021171937618580966,0.00029602120079234195,0.00016633453055577328
CVCL_1717,3,"[('AZD1390', 0.05, 'uM')]",40,38.04891493100097,0.00042639074543482293,0.00043052141945850234,0.0004415604302138485,9.819928735349279e-05,0.00014092459200654628,0.00020792546929190292,0.00012208249047618273
CVCL_1717,3,"[('AZD2858', 0.05, 'uM')]",40,38.04891493100097,0.0004682023761262607,0.00047144590746385533,0.0004835342640654926,9.42512442953287e-05,0.0001636000842339469,0.00019521308676295572,0.00013263927844369222
CVCL_1717,3,"[('Adagrasib', 0.05, 'uM')]",40,38.04891493100097,0.00037165126475107655,0.00038185099788224974,0.0003916420491099996,4.521650844243631e-05,8.52362569917812e-05,0.00010017768655300546,7.361368253665496e-05
CVCL_1717,3,"[('Afatinib', 0.05, 'uM')]",40,38.04891493100097,0.0006128156689217511,0.0006099813777964704,0.0006256219259450975,8.807677037301839e-05,0.0002782744626319098,0.00031153306556359374,0.00021416881656560093
CVCL_1717,3,"[('Alpelisib', 0.05, 'uM')]",40,38.04891493100097,0.0004892944916985387,0.0004954285028953258,0.0005081317978413597,0.000108431432827481,0.00015173818188205066,0.0002068893226556039,0.00012494738853017478
CVCL_1717,3,"[('Anastrozole', 0.05, 'uM')]",40,38.04891493100097,0.00038999507446159517,0.0003873549917322978,0.0003972871710074849,0.00010732024683568038,0.00013816927271078567,0.00022704958819928217,0.00012008060506003521
CVCL_1717,3,"[('BAY1125976', 0.05, 'uM')]",40,38.04891493100097,0.00047621457533073605,0.0004697410768483476,0.00048178571984445914,9.645436475568041e-05,0.00020112851776797128,0.00023865815764079746,0.0001693832513848706
CVCL_1717,3,"[('BI-3406', 0.05, 'uM')]",40,38.04891493100097,0.0005463676726462933,0.0005558984024457401,0.0005701522076366562,0.00010430501384223401,0.00017899020867824064,0.00023328839522545298,0.00013680840241552162
CVCL_1717,3,"[('BI-78D3', 0.05, 'uM')]",40,38.04891493100097,0.0005155271467433051,0.0005336512148805478,0.0005473345793646645,9.23435626026052e-05,0.00019715076098878338,0.00022336882331503677,0.0001589443164374213
CVCL_1717,3,"[('Belumosudil (mesylate)', 0.05, 'uM')]",40,38.04891493100097,0.0005815082033649862,0.0005810267346874548,0.0005959248560896974,9.508189935711132e-05,0.00017301954019608784,0.00019993698779435454,0.00013365346850857857
CVCL_1717,3,"[('Belzutifan', 0.05, 'uM')]",39,37.069988947326884,0.0023646580001535503,0.002729517631734671,0.0028013470430961096,0.00014550149653410545,0.0008128712663083251,0.0008518562260668209,0.0007686462124052418
CVCL_1717,3,"[('Bentamapimod', 0.05, 'uM')]",40,38.04891493100097,0.0006168330547981632,0.0006117147046949084,0.000627399697122983,0.0001253446229904245,0.00025945422966569087,0.0003392171896450967,0.00020362848025597724
CVCL_1717,3,"[('Bimiralisib', 0.05, 'uM')]",40,38.04891493100097,0.0007122426553818088,0.0006937268305438777,0.0007115146979937202,0.00016491955619590376,0.00034429513914153775,0.0004862079062941388,0.0002731705176965156
CVCL_1717,3,"[('Binimetinib', 0.05, 'uM')]",40,38.04891493100097,0.0011548137794237892,0.0011309894635955593,0.0011599891934313427,0.00030065833888667055,0.00038595694828939543,0.0004450172524833799,0.00031276677004157984
CVCL_1717,3,"[('Bortezomib', 0.05, 'uM')]",40,38.04891493100097,0.0038633795773148167,0.003809986612662475,0.003907678577089719,0.0019358543800389522,0.0014835820692324232,0.0024990859034660215,0.001138619924064663
CVCL_1717,3,"[('Brivudine', 0.05, 'uM')]",40,38.04891493100097,0.0005250134854471991,0.0005304259612783838,0.0005440266269521885,9.189821468347096e-05,0.00019651751395746936,0.00021573406008003196,0.00016149357417209176
CVCL_1717,3,"[('CP21R7', 0.05, 'uM')]",40,38.04891493100097,0.0004320986649080053,0.00044527299763388417,0.00045669025398347086,7.212977144481219e-05,0.00014918692583501243,0.00017761025221645218,0.00012683393407357597
CVCL_1717,3,"[('Capivasertib', 0.05, 'uM')]",40,38.04891493100097,0.0004453814615984899,0.0004466903199035242,0.0004581439178497681,8.772190230237779e-05,0.00016031772783669233,0.00017456584556900433,0.00013551660165811327
CVCL_1717,3,"[('Capmatinib', 0.05, 'uM')]",40,38.04891493100097,0.0005698660696767385,0.0005731900329363209,0.0005878872132680215,8.912902743221163e-05,0.00022074208295847438,0.00023665093872179244,0.0001795118612896095
CVCL_1717,3,"[('Celecoxib', 0.05, 'uM')]",40,38.04891493100097,0.00045426485476881965,0.00045920976185080355,0.00047098437112902923,0.00010370592943857956,0.00019361582641760233,0.00026221510082266954,0.0001632333637202173
CVCL_1717,3,"[('DT-061', 0.05, 'uM')]",40,38.04891493100097,0.0004588018760029675,0.0004681233720698376,0.00048012653545624357,8.455583019309902e-05,0.00015450563000715488,0.00018237150328761112,0.00012939049385034306
CVCL_1717,3,"[('Dabrafenib', 0.05, 'uM')]",40,38.04891493100097,0.000583424285722273,0.0005798968956779154,0.0005947660468491437,0.00011116733765534268,0.00029968045427032066,0.00030857313152182373,0.0002802422108730881
CVCL_1717,3,"[('ERK5-IN-2', 0.05, 'uM')]",40,38.04891493100097,0.0005118983810979615,0.0005228169695860322,0.0005362225329087508,0.00012378916001426086,0.0001801420236329991,0.0002681791453758611,0.0001544300499509621
CVCL_1717,3,"[('ETC-206', 0.05, 'uM')]",40,38.04891493100097,0.0003639472930920937,0.0003667553839111511,0.000376159368114001,7.552879430229177e-05,0.0001454626867466179,0.0001869372180167044,0.00012330789343496202
CVCL_1717,3,"[('EX229', 0.05, 'uM')]",40,38.04891493100097,0.0008386852208257749,0.0008391910601447292,0.0008607087796356196,0.00019703595686450815,0.0002993411506920304,0.0003944985524989873,0.0002470963687091162
CVCL_1717,3,"[('Elimusertib hydrochloride', 0.05, 'uM')]",40,38.04891493100097,0.0016326230206910788,0.0016047078821093102,0.0016458542380608308,0.00040845536072110284,0.0005098365172880085,0.0006543192729653362,0.00043164021768053897
CVCL_1717,3,"[('Encorafenib', 0.05, 'uM')]",40,38.04891493100097,0.00046172644167314037,0.0004617297749336355,0.0004735689999319337,9.84312121933565e-05,0.00022048748843654753,0.00025239027116502475,0.00018712846511320956
CVCL_1717,3,"[('Erdafitinib ', 0.05, 'uM')]",40,38.04891493100097,0.00047558717762382854,0.0004943121176681038,0.0005069867873519013,9.12133464280683e-05,0.00016262137907123263,0.00015856050107129166,0.0001265491247893887
CVCL_1717,3,"[('Everolimus', 0.05, 'uM')]",40,38.04891493100097,0.00046908760622446893,0.00047780172177839104,0.0004900530479778369,6.845356322987198e-05,0.0001916349629647354,0.0001931622174350437,0.0001488514599907651
CVCL_1717,3,"[('Futibatinib', 0.05, 'uM')]",40,38.04891493100097,0.0004952007508965941,0.0004978854585472099,0.0005106517523561125,0.00016484340157677557,0.00018003935357700408,0.00020379132733292039,0.0001443329610512084
CVCL_1717,3,"[('GSK1059615', 0.05, 'uM')]",40,38.04891493100097,0.0005487206017332759,0.0005412593577691964,0.0005551378028402014,0.00010529452877121434,0.00024310362990233967,0.00029905596599217075,0.00018544999932345436
CVCL_1717,3,"[('Gemcitabine', 0.05, 'uM')]",40,38.04891493100097,0.0005457645229218673,0.0005389992876791557,0.0005528197822350315,0.00011932323136626216,0.00021757234609203575,0.00024224186162466688,0.00017185845027910366
CVCL_1717,3,"[('HI-TOPK-032', 0.05, 'uM')]",40,38.04891493100097,0.0006143184001931991,0.000639790432509146,0.0006561953153939959,0.0001485642685803427,0.0003007696292677062,0.00042797403615839075,0.000269840077532608
CVCL_1717,3,"[('Hydroxyfasudil', 0.05, 'uM')]",38,36.50593675447239,0.002560427801429855,0.002551972122817245,0.0026209443423528466,0.0002636481567240368,0.0015870966177608905,0.0015855681706821254,0.0015788056626085964
CVCL_1717,3,"[('IQ 1', 0.05, 'uM')]",40,38.04891493100097,0.00046519631209183986,0.0004659294596153178,0.00047787636883622335,0.00011924040915647155,0.00018885871720158499,0.00023920164723063254,0.0001654943189675763
CVCL_1717,3,"[('Infigratinib', 0.05, 'uM')]",40,38.04891493100097,0.0005469652180311022,0.0005417108639831053,0.0005556008861365181,0.00016593237978960898,0.00024302273033640433,0.0003554227894083297,0.00019767569225049208
CVCL_1717,3,"[('Ipatasertib', 0.05, 'uM')]",40,38.04891493100097,0.0006106543458561882,0.0006094155144726543,0.0006250415533052865,0.00013336140232201327,0.00026679624927359913,0.00029447240149673093,0.0002088816353798219
CVCL_1717,3,"[('Irinotecan', 0.05, 'uM')]",40,38.04891493100097,0.0004501384895125586,0.0004552862486983381,0.00046696025507521864,8.356395891190172e-05,0.00016387129280300995,0.00021091513979557252,0.0001322091110739569
CVCL_1717,3,"[('Ixazomib', 0.05, 'uM')]",40,38.04891493100097,0.0006623840661393705,0.0006849477020682635,0.0007025104636597573,0.0001051952923637267,0.00024355056499287173,0.0002731136298947252,0.00019235518165626795
CVCL_1717,3,"[('LB-100', 0.05, 'uM')]",40,38.04891493100097,0.0003395751219467997,0.00033853061597709304,0.00034721088818163396,9.28404487943694e-05,0.0001549604587573475,0.00024239963320390573,0.00013301827551973373
CVCL_1717,3,"[('LJI308', 0.05, 'uM')]",40,38.04891493100097,0.0008510911904414636,0.0008553462679942752,0.0008772782235838718,0.00026202460509986493,0.0003099381326954316,0.0003372688840828819,0.00023549492589141396
CVCL_1717,3,"[('LY-2584702 (tosylate salt)', 0.05, 'uM')]",40,38.04891493100097,0.0004823385762459992,0.0005088295682848673,0.0005218764802921716,0.00010007410620626892,0.00018149095024322,0.00023217545578238746,0.00015582847273473173
CVCL_1717,3,"[('LY2090314', 0.05, 'uM')]",40,38.04891493100097,0.0004780301524372092,0.00048156238278543567,0.0004939101361901901,9.328162234587964e-05,0.00015431750940139572,0.00021605931132232033,0.00012986592998854017
CVCL_1717,3,"[('Lapatinib ditosylate', 0.05, 'uM')]",40,38.04891493100097,0.00042723618571337323,0.0004277841870585283,0.0004387530123677212,6.707294888856227e-05,0.00015352753175274195,0.0001790172608216491,0.00012908299602416485
CVCL_1717,3,"[('Lonafarnib', 0.05, 'uM')]",40,38.04891493100097,0.00045447363263349306,0.00045149423906052836,0.0004630710144210543,0.00010896607009614375,0.00016898401987021702,0.00021198235716696196,0.00013954394391159868
CVCL_1717,3,"[('MK-3903', 0.05, 'uM')]",40,38.04891493100097,0.0005842187631674588,0.000590974630478231,0.0006061278261315188,0.00012389889200492866,0.00022079337241518826,0.0003052125605777477,0.00018389638932821421
CVCL_1717,3,"[('MK-8353', 0.05, 'uM')]",40,38.04891493100097,0.0004566582611910254,0.0004618960395298595,0.00047373952772293267,9.331910762058788e-05,0.00016981703330592107,0.00021517973913851113,0.00013166980095196543
CVCL_1717,3,"[('ML264', 0.05, 'uM')]",40,38.04891493100097,0.00048609565948842456,0.0004857310787910378,0.0004981857218369616,0.00011355875534540773,0.00016042582697512153,0.00022518769499984845,0.00013441510815621628
CVCL_1717,3,"[('Methylprednisolone succinate', 0.05, 'uM')]",24,23.035825334650188,0.024590180992580833,0.0235363993266222,0.02455972103647533,0.0012174933931028999,0.01077018573511906,0.010046660373427285,0.01100873021847635
CVCL_1717,3,"[('Minodronic acid', 0.05, 'uM')]",40,38.04891493100097,0.0005433673209881097,0.00054980074953997,0.0005638982046563794,0.00013289383522399782,0.00017883999916399308,0.0002838991338516956,0.00015152926883699506
CVCL_1717,3,"[('NG25', 0.05, 'uM')]",40,38.04891493100097,0.0005518780708126287,0.0005572116217167367,0.0005714990991966529,0.0001270439682797779,0.0002053427661969623,0.0002150924651487288,0.00016281022709596676
CVCL_1717,3,"[('NVP-BHG712', 0.05, 'uM')]",40,38.04891493100097,0.0004824824100646927,0.0004786662801435802,0.000490939774506236,0.00011557895286233286,0.00016276651110669037,0.00026605218265660975,0.00013863277522443884
CVCL_1717,3,"[('OTS514', 0.05, 'uM')]",40,38.04891493100097,0.0005453658066344843,0.0005484504686747024,0.0005625133012048226,0.00019866807354405509,0.00022559239504676005,0.0003106296834417781,0.00018421834737800745
CVCL_1717,3,"[('Oleic acid', 0.05, 'uM')]",40,38.04891493100097,0.0004626574949154773,0.00046411223777489215,0.000476012551563992,0.00012048132832873117,0.00015289543732254545,0.0002569165037190198,0.0001248573101795403
CVCL_1717,3,"[('Oxaliplatin', 0.05, 'uM')]",40,38.04891493100097,0.0005244697025566931,0.000520615750773053,0.0005339648725877466,0.00014493725428506993,0.0001904301157240174,0.00024077809853837852,0.00014933271572730139
CVCL_1717,3,"[('PF-06260933', 0.05, 'uM')]",25,23.852848172879337,0.019847330547824303,0.019412593486055545,0.02022145154797453,0.0009188374368728048,0.01770674337188567,0.01696362312794572,0.01802606660833186
CVCL_1717,3,"[('PH-797804', 0.05, 'uM')]",40,38.04891493100097,0.0004729208230697859,0.00047248435502365084,0.0004845993384857956,8.609512446472444e-05,0.00018175488704517167,0.00022146980918299545,0.00015336771159222962
CVCL_1717,3,"[('Paclitaxel', 0.05, 'uM')]",40,38.04891493100097,0.0004586598975140707,0.00045266958964037667,0.00046427650219525815,0.00013585183594953722,0.0001861321975946353,0.0003147685053942717,0.00015386365914732498
CVCL_1717,3,"[('Pemigatinib', 0.05, 'uM')]",40,38.04891493100097,0.0005056027456357096,0.0005095246378792081,0.000522589372183803,0.00012712833315998856,0.00020284079594099866,0.00021236888135579742,0.00015800626483643965
CVCL_1717,3,"[('Pimitespib', 0.05, 'uM')]",40,38.04891493100097,0.0005314551638014547,0.0005392459783624448,0.000553072798320456,9.835734221424294e-05,0.00019485324038551337,0.00018280156696025545,0.0001588729380190218
CVCL_1717,3,"[('Pralsetinib', 0.05, 'uM')]",40,38.04891493100097,0.0005706649494181377,0.0005696920481417053,0.0005842995365555949,9.446149356879222e-05,0.00020620645954396244,0.0002294051148725751,0.00015281782829651316
CVCL_1717,3,"[('RMC-6236', 0.05, 'uM')]",40,38.04891493100097,0.000597503660197746,0.0005918286196748912,0.0006070037124870678,0.00015177800529495535,0.00021193400203969095,0.00032529981589539414,0.0001708500102549444
CVCL_1717,3,"[('Regorafenib', 0.05, 'uM')]",40,38.04891493100097,0.00042086044145493674,0.0004246830797924825,0.0004355723895307511,9.31652556937962e-05,0.00016380958378831156,0.0001752059286426063,0.00013758350415253885
CVCL_1717,3,"[('SBI-0640756', 0.05, 'uM')]",40,38.04891493100097,0.0004916583196282835,0.0005009562251079104,0.0005138012565209335,7.776146487647479e-05,0.0001945524381769786,0.00021211648318318567,0.00015677328954223806
CVCL_1717,3,"[('Sapanisertib', 0.05, 'uM')]",40,38.04891493100097,0.0006713605189487314,0.0006683328256573246,0.0006854695647767427,0.00018785306403599111,0.00022817674928763193,0.00033297955712792096,0.0001980732988992673
CVCL_1717,3,"[('Sonidegib', 0.05, 'uM')]",40,38.04891493100097,0.005535381986336355,0.006369347729875062,0.006532664338333395,0.0005146607367840435,0.0019794477417924504,0.0017995941400875703,0.0019082205739713034
CVCL_1717,3,"[('TAK-733', 0.05, 'uM')]",40,38.04891493100097,0.0005392776576059575,0.0005339043956229468,0.000547594251920971,0.00013500884751069893,0.00018963696123512763,0.0002719504902674516,0.0001635769568205211
CVCL_1717,3,"[('TAK-901', 0.05, 'uM')]",40,38.04891493100097,0.0011565599500524691,0.0011304685795430031,0.0011594549533774387,0.00023798511487851698,0.0006811047445322345,0.0007680953397015595,0.0005759718853630735
CVCL_1717,3,"[('Temuterkib', 0.05, 'uM')]",40,38.04891493100097,0.0004507973024853531,0.0004541973413500323,0.00046584342702567385,0.00011841638410721066,0.00014865916310061677,0.00024851042417640626,0.00013102851491614376
CVCL_1717,3,"[('Tomivosertib', 0.05, 'uM')]",40,38.04891493100097,0.0005439720964165101,0.0005481050578254523,0.0005621590336671305,0.00012181957576236394,0.0002608114731859956,0.0003222055102809582,0.000201465573734958
CVCL_1717,3,"[('Torkinib', 0.05, 'uM')]",40,38.04891493100097,0.0005038146127895997,0.0005076108059165853,0.0005206264676067542,0.00011689470718856356,0.00015612609052124775,0.00022281563988826237,0.00012975610969716576
CVCL_1717,3,"[('Trametinib', 0.05, 'uM')]",40,38.04891493100097,0.0006416977816266482,0.0006341009792046324,0.0006503599786714177,0.0001837654669588096,0.00022608711114978,0.00032370068770552605,0.00018795123472620048
CVCL_1717,3,"[('Tubulin inhibitor 6', 0.05, 'uM')]",40,38.04891493100097,0.0004520997246869003,0.00045512958650747976,0.0004667995759051074,8.275360254442702e-05,0.0001427288118059719,0.0002038966370288835,0.00011776326874063712
CVCL_1717,3,"[('Tucatinib', 0.05, 'uM')]",40,38.04891493100097,0.00048207368763531454,0.0004814293163790968,0.0004937736578247145,0.00010143961345181364,0.0002023478790764325,0.00027662790571908,0.00016855497765261616
CVCL_1717,3,"[('ULK-101', 0.05, 'uM')]",40,38.04891493100097,0.0006799054979225478,0.0006880874670966695,0.0007057307354837634,0.00015521669900870453,0.0002473555808836523,0.00028975668436704405,0.000179389797149913
CVCL_1717,3,"[('Vemurafenib', 0.05, 'uM')]",40,38.04891493100097,0.0004478436093316825,0.000454167387315234,0.00046581270493870134,8.860432538902819e-05,0.00014745057487958307,0.0002296495624838274,0.00011882483347036152
CVCL_1717,3,"[('Volasertib', 0.05, 'uM')]",40,38.04891493100097,0.0004352809106401216,0.0004504194172179032,0.000461968633044003,8.139934268057883e-05,0.00014131524396605367,0.00020328554997893096,0.00011609631549865668
CVCL_1717,3,"[('XRK3F2', 0.05, 'uM')]",40,38.04891493100097,0.0004930093977507853,0.000489897524560803,0.0005024589995495413,0.00010836690612377208,0.00018010755099172866,0.00023432786672566972,0.0001455734464320249
CVCL_1717,3,"[('olaparib', 0.05, 'uM')]",32,30.79157493279607,0.0268408626813946,0.026832436918397214,0.027697999399635822,0.0009735714546109722,0.006642201184018116,0.005787653454183029,0.006690497737489965
CVCL_1717,3,"[('palbociclib', 0.05, 'uM')]",40,38.04891493100097,0.0006127426373557532,0.0006474792112101507,0.0006640812422668209,0.0001385506965520185,0.0002447687062145433,0.0002602144084201249,0.00018376084272636744
CVCL_1717,3,"[('venetoclax', 0.05, 'uM')]",40,38.04891493100097,0.0008803788653552718,0.0008680801549444774,0.0008903386204558742,0.0002312883264375023,0.00032819284392215416,0.00045173928414315377,0.00026635421364576726
CVCL_1717,3,"[('vincristine', 0.05, 'uM')]",40,38.04891493100097,0.0007045044414395212,0.000699741246424662,0.0007176833296663198,0.00014263392305565088,0.00018262658311339868,0.00022541462033356745,0.0001702891717290975
CVCL_C466,3,"[('4EGI-1', 0.05, 'uM')]",40,36.275972475722675,0.000554928680940384,0.0005309256159678965,0.0005445390933004065,7.447793255962529e-05,0.0006496951171522307,0.0007451071911004821,0.0005968779693693498
CVCL_C466,3,"[('9-ING-41', 0.05, 'uM')]",40,36.275972475722675,0.0004591053761547186,0.0004324874344678933,0.0004435768558645059,9.398942079121906e-05,0.0006236073469577486,0.0007123159884362949,0.0005820555929262277
CVCL_C466,3,"[('APTO-253', 0.05, 'uM')]",40,36.275972475722675,0.00044159807194457413,0.0004099183619895816,0.0004204290892200835,0.00012120683439747762,0.0003789692208246749,0.0005275569867051429,0.00034368492660910853
CVCL_C466,3,"[('AT7519', 0.05, 'uM')]",40,36.275972475722675,0.0004299927177090638,0.0003959415150108729,0.0004060938615496132,9.44695135207608e-05,0.000494448236971558,0.0006368187526924918,0.00044983020977222994
CVCL_C466,3,"[('AZD-7648', 0.05, 'uM')]",40,36.275972475722675,0.00048728183203851144,0.00045461085291213527,0.00046626754144834387,0.00012328971441517289,0.0004202356499016207,0.0005415206862587529,0.0003928313066110256
CVCL_C466,3,"[('AZD-8055', 0.05, 'uM')]",40,36.275972475722675,0.0006121553735473238,0.000575197008720195,0.0005899456499694306,0.00012208501615928734,0.0005724500645645904,0.000651193853012969,0.0005228003939117931
CVCL_C466,3,"[('AZD1390', 0.05, 'uM')]",40,36.275972475722675,0.00046284977074805824,0.00043052141945850234,0.0004415604302138485,9.819928735349279e-05,0.0004996580539644259,0.0005840091377870096,0.00047589045030326985
CVCL_C466,3,"[('AZD2858', 0.05, 'uM')]",40,36.275972475722675,0.0005013191811888689,0.00047144590746385533,0.0004835342640654926,9.42512442953287e-05,0.0005825183833989536,0.0007312130383672766,0.0005125887560610585
CVCL_C466,3,"[('Abemaciclib', 0.05, 'uM')]",18,16.894777784522155,0.01895788144331853,0.018004419241157033,0.019063502725930978,0.001070029900424177,0.0154174525720466,0.014699115921511241,0.01629237207494792
CVCL_C466,3,"[('Adagrasib', 0.05, 'uM')]",40,36.275972475722675,0.0004115425877908806,0.00038185099788224974,0.0003916420491099996,4.521650844243631e-05,0.000264064123279866,0.00029391021618617365,0.0002488108863973729
CVCL_C466,3,"[('Afatinib', 0.05, 'uM')]",40,36.275972475722675,0.0006406119709623829,0.0006099813777964704,0.0006256219259450975,8.807677037301839e-05,0.0008166748157908821,0.0009208018401055622,0.0007282313121664119
CVCL_C466,3,"[('Alpelisib', 0.05, 'uM')]",40,36.275972475722675,0.0005324902149080888,0.0004954285028953258,0.0005081317978413597,0.000108431432827481,0.0005202157817023879,0.0006263848257173319,0.0004916105618456587
CVCL_C466,3,"[('Anastrozole', 0.05, 'uM')]",40,36.275972475722675,0.00042009875032921504,0.0003873549917322978,0.0003972871710074849,0.00010732024683568038,0.00040111720283938465,0.0005021066743250726,0.00037262727086393967
CVCL_C466,3,"[('BAY1125976', 0.05, 'uM')]",40,36.275972475722675,0.0004996998234995694,0.0004697410768483476,0.00048178571984445914,9.645436475568041e-05,0.0008374339193813147,0.0009745890771130342,0.0007761711680707353
CVCL_C466,3,"[('BI-3406', 0.05, 'uM')]",40,36.275972475722675,0.0005777178308520984,0.0005558984024457401,0.0005701522076366562,0.00010430501384223401,0.0007572098594399917,0.0008865707411393346,0.0006768807438372939
CVCL_C466,3,"[('BI-78D3', 0.05, 'uM')]",40,36.275972475722675,0.0005454453173375994,0.0005336512148805478,0.0005473345793646645,9.23435626026052e-05,0.0008341536356401424,0.0009964887030561283,0.0007372411068515097
CVCL_C466,3,"[('Belumosudil (mesylate)', 0.05, 'uM')]",40,36.275972475722675,0.0006150195950782438,0.0005810267346874548,0.0005959248560896974,9.508189935711132e-05,0.0009972196351470317,0.0011828082839790393,0.0008931101446838075
CVCL_C466,3,"[('Belzutifan', 0.05, 'uM')]",39,35.31965368246345,0.0024127859075897284,0.002729517631734671,0.0028013470430961096,0.00014550149653410545,0.002577701353508729,0.0026827393071600226,0.0024734951546895355
CVCL_C466,3,"[('Bentamapimod', 0.05, 'uM')]",40,36.275972475722675,0.0006429122165625712,0.0006117147046949084,0.000627399697122983,0.0001253446229904245,0.0010220149437417494,0.0012016424784995316,0.0009376595019082291
CVCL_C466,3,"[('Bimiralisib', 0.05, 'uM')]",40,36.275972475722675,0.0007413939109463112,0.0006937268305438777,0.0007115146979937202,0.00016491955619590376,0.0010396388009878176,0.0012023507823646134,0.0009135156412325733
CVCL_C466,3,"[('Binimetinib', 0.05, 'uM')]",40,36.275972475722675,0.0012245023998598934,0.0011309894635955593,0.0011599891934313427,0.00030065833888667055,0.0010133005421939772,0.0011941187248071645,0.0009280508076329217
CVCL_C466,3,"[('Bortezomib', 0.05, 'uM')]",40,36.275972475722675,0.0040062810792769795,0.003809986612662475,0.003907678577089719,0.0019358543800389522,0.007301023338560153,0.010137212219968276,0.006463619314549678
CVCL_C466,3,"[('Brivudine', 0.05, 'uM')]",40,36.275972475722675,0.0005653232693834792,0.0005304259612783838,0.0005440266269521885,9.189821468347096e-05,0.0007520231681743259,0.0009020424544730197,0.0007097112639385958
CVCL_C466,3,"[('CP21R7', 0.05, 'uM')]",40,36.275972475722675,0.00046422644456318584,0.00044527299763388417,0.00045669025398347086,7.212977144481219e-05,0.0005087891117812362,0.000627722886083004,0.0004693414650252814
CVCL_C466,3,"[('Capivasertib', 0.05, 'uM')]",40,36.275972475722675,0.0004771720045722216,0.0004466903199035242,0.0004581439178497681,8.772190230237779e-05,0.0006380025789958325,0.0007698017121932541,0.00058920971155294
CVCL_C466,3,"[('Capmatinib', 0.05, 'uM')]",40,36.275972475722675,0.0005953608714428119,0.0005731900329363209,0.0005878872132680215,8.912902743221163e-05,0.0009092502326196512,0.0010544415426401686,0.000821462331091844
CVCL_C466,3,"[('Celecoxib', 0.05, 'uM')]",40,36.275972475722675,0.0004990120315610689,0.00045920976185080355,0.00047098437112902923,0.00010370592943857956,0.00047350170919216515,0.0005845278021435648,0.0004449225871726644
CVCL_C466,3,"[('DT-061', 0.05, 'uM')]",40,36.275972475722675,0.0004956131165785618,0.0004681233720698376,0.00048012653545624357,8.455583019309902e-05,0.0006302462280804527,0.0007381309875490712,0.0005912808713450799
CVCL_C466,3,"[('DTP3', 0.05, 'uM')]",26,24.33194505065882,0.018288839859342935,0.017107314974835967,0.0177916075738294,0.0006610147944741823,0.012480327447568917,0.01227422278974695,0.01267110571361618
CVCL_C466,3,"[('Dabrafenib', 0.05, 'uM')]",40,36.275972475722675,0.0006311275330586983,0.0005798968956779154,0.0005947660468491437,0.00011116733765534268,0.0007111680141265972,0.000847161267918119,0.0006614675602488773
CVCL_C466,3,"[('ERK5-IN-2', 0.05, 'uM')]",40,36.275972475722675,0.0005334863029666658,0.0005228169695860322,0.0005362225329087508,0.00012378916001426086,0.0008024459352325452,0.0009677841900297413,0.0007446493818352184
CVCL_C466,3,"[('ETC-206', 0.05, 'uM')]",40,36.275972475722675,0.00039263392510120927,0.0003667553839111511,0.000376159368114001,7.552879430229177e-05,0.0004087521591413833,0.0005164040391565705,0.0003750502323630612
CVCL_C466,3,"[('EX229', 0.05, 'uM')]",40,36.275972475722675,0.0008772745759286055,0.0008391910601447292,0.0008607087796356196,0.00019703595686450815,0.001003568127693148,0.0011899809383654656,0.0009410368016795814
CVCL_C466,3,"[('Elimusertib hydrochloride', 0.05, 'uM')]",40,36.275972475722675,0.0017113373500359077,0.0016047078821093102,0.0016458542380608308,0.00040845536072110284,0.001279071011922034,0.0014638273555665625,0.001192505597471786
CVCL_C466,3,"[('Encorafenib', 0.05, 'uM')]",40,36.275972475722675,0.0004959755358992526,0.0004617297749336355,0.0004735689999319337,9.84312121933565e-05,0.000690506685250573,0.0008546840818149589,0.0006422580246089487
CVCL_C466,3,"[('Erdafitinib ', 0.05, 'uM')]",40,36.275972475722675,0.000508870887886827,0.0004943121176681038,0.0005069867873519013,9.12133464280683e-05,0.0005915158419803439,0.0007306748781706844,0.000538282301436691
CVCL_C466,3,"[('Everolimus', 0.05, 'uM')]",40,36.275972475722675,0.0004989679394649423,0.00047780172177839104,0.0004900530479778369,6.845356322987198e-05,0.000933466697040822,0.001062764449185375,0.0008472504527619198
CVCL_C466,3,"[('Futibatinib', 0.05, 'uM')]",40,36.275972475722675,0.0005396332181132227,0.0004978854585472099,0.0005106517523561125,0.00016484340157677557,0.0007234564112109863,0.0009502833041688232,0.0006776341953835218
CVCL_C466,3,"[('GSK1059615', 0.05, 'uM')]",40,36.275972475722675,0.0005781259717946303,0.0005412593577691964,0.0005551378028402014,0.00010529452877121434,0.0009750181828992333,0.0011640435979177611,0.0008825306152975105
CVCL_C466,3,"[('Gemcitabine', 0.05, 'uM')]",40,36.275972475722675,0.0005800097198374162,0.0005389992876791557,0.0005528197822350315,0.00011932323136626216,0.0007767848028121989,0.0009130816712052199,0.0007130427358039509
CVCL_C466,3,"[('HI-TOPK-032', 0.05, 'uM')]",40,36.275972475722675,0.0006492905774584147,0.000639790432509146,0.0006561953153939959,0.0001485642685803427,0.0006366515747924006,0.0008378492377762145,0.0006048116997570299
CVCL_C466,3,"[('Hydroxyfasudil', 0.05, 'uM')]",38,34.96810792464825,0.00269896869925069,0.002551972122817245,0.0026209443423528466,0.0002636481567240368,0.0032375315814498185,0.00338214666875516,0.0033159332469014746
CVCL_C466,3,"[('IQ 1', 0.05, 'uM')]",40,36.275972475722675,0.0004922423511727398,0.0004659294596153178,0.00047787636883622335,0.00011924040915647155,0.0007364931247071236,0.0009430408816084641,0.0006866924933134537
CVCL_C466,3,"[('Infigratinib', 0.05, 'uM')]",40,36.275972475722675,0.0005798242563337276,0.0005417108639831053,0.0005556008861365181,0.00016593237978960898,0.0007330748875958745,0.0009584228418484084,0.0006565010209480959
CVCL_C466,3,"[('Ipatasertib', 0.05, 'uM')]",40,36.275972475722675,0.0006466045067892083,0.0006094155144726543,0.0006250415533052865,0.00013336140232201327,0.0010642642837448313,0.0013243066629380828,0.0009634275149298051
CVCL_C466,3,"[('Irinotecan', 0.05, 'uM')]",40,36.275972475722675,0.000478295860675458,0.0004552862486983381,0.00046696025507521864,8.356395891190172e-05,0.0007643450558141737,0.0008832868075582949,0.0007044293624099611
CVCL_C466,3,"[('Ixazomib', 0.05, 'uM')]",40,36.275972475722675,0.0007033888977245596,0.0006849477020682635,0.0007025104636597573,0.0001051952923637267,0.0010812106002598028,0.001244971783358818,0.000982576643028055
CVCL_C466,3,"[('LB-100', 0.05, 'uM')]",40,36.275972475722675,0.00036617831360457595,0.00033853061597709304,0.00034721088818163396,9.28404487943694e-05,0.00036487559419462175,0.0004940197476047929,0.00033831624424768834
CVCL_C466,3,"[('LJI308', 0.05, 'uM')]",40,36.275972475722675,0.0008964880556268024,0.0008553462679942752,0.0008772782235838718,0.00026202460509986493,0.0017391341324540165,0.002263141576090426,0.0015394070005926408
CVCL_C466,3,"[('LY-2584702 (tosylate salt)', 0.05, 'uM')]",40,36.275972475722675,0.0005083153207093606,0.0005088295682848673,0.0005218764802921716,0.00010007410620626892,0.0007333508986371584,0.0008996359828412833,0.0006885263624746603
CVCL_C466,3,"[('LY2090314', 0.05, 'uM')]",40,36.275972475722675,0.0005256230596923468,0.00048156238278543567,0.0004939101361901901,9.328162234587964e-05,0.0005232868775039435,0.0006050365381655391,0.0004886707775515743
CVCL_C466,3,"[('Lapatinib ditosylate', 0.05, 'uM')]",40,36.275972475722675,0.00045995962673896175,0.0004277841870585283,0.0004387530123677212,6.707294888856227e-05,0.00046798625485708014,0.0005727691700729183,0.0004333520557406032
CVCL_C466,3,"[('Lonafarnib', 0.05, 'uM')]",40,36.275972475722675,0.0004896199354743143,0.00045149423906052836,0.0004630710144210543,0.00010896607009614375,0.0005720069093365145,0.0007656361938160503,0.0005185174979668435
CVCL_C466,3,"[('MK-3903', 0.05, 'uM')]",40,36.275972475722675,0.0006164319879371873,0.000590974630478231,0.0006061278261315188,0.00012389889200492866,0.0011698051021706444,0.001337233909622647,0.00108594280132181
CVCL_C466,3,"[('MK-8353', 0.05, 'uM')]",40,36.275972475722675,0.0004931877636167655,0.0004618960395298595,0.00047373952772293267,9.331910762058788e-05,0.000678086546259775,0.0008353428046353706,0.0006127013188663011
CVCL_C466,3,"[('ML264', 0.05, 'uM')]",40,36.275972475722675,0.0005150755080146351,0.0004857310787910378,0.0004981857218369616,0.00011355875534540773,0.0005881297793859337,0.0007231114069474172,0.0005557020677323659
CVCL_C466,3,"[('Methylprednisolone succinate', 0.05, 'uM')]",24,22.263766671829597,0.025475976856950844,0.0235363993266222,0.02455972103647533,0.0012174933931028999,0.008453275969433958,0.007771777499333135,0.009756493239521269
CVCL_C466,3,"[('Minodronic acid', 0.05, 'uM')]",40,36.275972475722675,0.0006106023374866684,0.00054980074953997,0.0005638982046563794,0.00013289383522399782,0.0004864358241142122,0.0005951784079786297,0.00045722416195221894
CVCL_C466,3,"[('NG25', 0.05, 'uM')]",40,36.275972475722675,0.000590594234078544,0.0005572116217167367,0.0005714990991966529,0.0001270439682797779,0.0008379034449769931,0.0010624334739624906,0.0007432440801887797
CVCL_C466,3,"[('NVP-BHG712', 0.05, 'uM')]",40,36.275972475722675,0.0005167801358404672,0.0004786662801435802,0.000490939774506236,0.00011557895286233286,0.0004900807950818495,0.0005995192902339571,0.0004535320541466693
CVCL_C466,3,"[('OTS514', 0.05, 'uM')]",40,36.275972475722675,0.0005922533162923873,0.0005484504686747024,0.0005625133012048226,0.00019866807354405509,0.0008554127945198838,0.0012408722991306008,0.0007455166079324202
CVCL_C466,3,"[('Oleic acid', 0.05, 'uM')]",40,36.275972475722675,0.0005136506488940902,0.00046411223777489215,0.000476012551563992,0.00012048132832873117,0.00040911294231030216,0.0005755392821570236,0.00037913019838904324
CVCL_C466,3,"[('Oxaliplatin', 0.05, 'uM')]",40,36.275972475722675,0.0005622732813097809,0.000520615750773053,0.0005339648725877466,0.00014493725428506993,0.0006545492880854635,0.0008738698807539145,0.0005858702014795032
CVCL_C466,3,"[('PF-06260933', 0.05, 'uM')]",25,23.01317341452534,0.020494420864203194,0.019412593486055545,0.02022145154797453,0.0009188374368728048,0.005615479793862508,0.005520335665255626,0.006150732369898284
CVCL_C466,3,"[('PH-797804', 0.05, 'uM')]",40,36.275972475722675,0.0005183682908101869,0.00047248435502365084,0.0004845993384857956,8.609512446472444e-05,0.0004300950417124202,0.0005238313427048975,0.00040054737507600504
CVCL_C466,3,"[('Paclitaxel', 0.05, 'uM')]",40,36.275972475722675,0.000482975865327731,0.00045266958964037667,0.00046427650219525815,0.00013585183594953722,0.0006312485982287512,0.0007201110091814151,0.0005964193471754778
CVCL_C466,3,"[('Pemigatinib', 0.05, 'uM')]",40,36.275972475722675,0.0005407732928873323,0.0005095246378792081,0.000522589372183803,0.00012712833315998856,0.0007490188104493581,0.0009804456999100925,0.0006631576857830439
CVCL_C466,3,"[('Pimitespib', 0.05, 'uM')]",40,36.275972475722675,0.0005703318014941058,0.0005392459783624448,0.000553072798320456,9.835734221424294e-05,0.0005411543030981096,0.0006947417745146489,0.0004908151194929757
CVCL_C466,3,"[('Pralsetinib', 0.05, 'uM')]",40,36.275972475722675,0.0006157463613974232,0.0005696920481417053,0.0005842995365555949,9.446149356879222e-05,0.001160412336039349,0.0013189473812077297,0.0010294574687909367
CVCL_C466,3,"[('RMC-6236', 0.05, 'uM')]",40,36.275972475722675,0.0006388404359247307,0.0005918286196748912,0.0006070037124870678,0.00015177800529495535,0.0005775992006489641,0.0006672595769988354,0.0005350350085492504
CVCL_C466,3,"[('Ralimetinib dimesylate', 0.05, 'uM')]",19,18.012346891937984,0.023542664198507188,0.02181355929425461,0.023025423699490982,0.0013730097552522547,0.011430147164726416,0.010554948736628418,0.011807967471645532
CVCL_C466,3,"[('Regorafenib', 0.05, 'uM')]",40,36.275972475722675,0.0004465183822702871,0.0004246830797924825,0.0004355723895307511,9.31652556937962e-05,0.000595727365602885,0.0007218246746443361,0.000559017790718945
CVCL_C466,3,"[('SBI-0640756', 0.05, 'uM')]",40,36.275972475722675,0.000514865251802588,0.0005009562251079104,0.0005138012565209335,7.776146487647479e-05,0.0007255407685251984,0.0008590063120100613,0.0006460665272240532
CVCL_C466,3,"[('Sapanisertib', 0.05, 'uM')]",40,36.275972475722675,0.0006990033659258955,0.0006683328256573246,0.0006854695647767427,0.00018785306403599111,0.0009643566933994994,0.0012274074057662472,0.0008620145946731456
CVCL_C466,3,"[('Sonidegib', 0.05, 'uM')]",40,36.275972475722675,0.00583800423582549,0.006369347729875062,0.006532664338333395,0.0005146607367840435,0.007908849078296185,0.008871488065706144,0.007737888514435056
CVCL_C466,3,"[('TAK-733', 0.05, 'uM')]",40,36.275972475722675,0.0005675851994340888,0.0005339043956229468,0.000547594251920971,0.00013500884751069893,0.0005034233180197396,0.0005866436942831458,0.0004758131894498935
CVCL_C466,3,"[('TAK-901', 0.05, 'uM')]",40,36.275972475722675,0.0011662035290134131,0.0011304685795430031,0.0011594549533774387,0.00023798511487851698,0.0018558169892409775,0.002195120680929323,0.0017454595253171524
CVCL_C466,3,"[('Temuterkib', 0.05, 'uM')]",40,36.275972475722675,0.000477825386691917,0.0004541973413500323,0.00046584342702567385,0.00011841638410721066,0.0004755443371081362,0.0006101522916733875,0.000433464131843381
CVCL_C466,3,"[('Tomivosertib', 0.05, 'uM')]",40,36.275972475722675,0.0005805246691425905,0.0005481050578254523,0.0005621590336671305,0.00012181957576236394,0.0009345598028130007,0.0011491781601320429,0.0008371345187898798
CVCL_C466,3,"[('Torkinib', 0.05, 'uM')]",40,36.275972475722675,0.0005350806613065313,0.0005076108059165853,0.0005206264676067542,0.00011689470718856356,0.0007976418139689607,0.0009453999194745625,0.0007351404834173516
CVCL_C466,3,"[('Trametinib', 0.05, 'uM')]",40,36.275972475722675,0.0006727225906423531,0.0006341009792046324,0.0006503599786714177,0.0001837654669588096,0.0005536482309705062,0.0006281053807786305,0.0005162222584555997
CVCL_C466,3,"[('Tubulin inhibitor 6', 0.05, 'uM')]",40,36.275972475722675,0.0005038771364584446,0.00045512958650747976,0.0004667995759051074,8.275360254442702e-05,0.0004290444120062043,0.0005093088103356261,0.00041491643042613314
CVCL_C466,3,"[('Tucatinib', 0.05, 'uM')]",40,36.275972475722675,0.0005169172937993501,0.0004814293163790968,0.0004937736578247145,0.00010143961345181364,0.0007345168769439017,0.0008773307858974344,0.0006744269867268404
CVCL_C466,3,"[('ULK-101', 0.05, 'uM')]",40,36.275972475722675,0.0007241798157107441,0.0006880874670966695,0.0007057307354837634,0.00015521669900870453,0.0013155256504807818,0.0016470739288374134,0.001150769463520683
CVCL_C466,3,"[('Vemurafenib', 0.05, 'uM')]",40,36.275972475722675,0.00047906592814149143,0.000454167387315234,0.00046581270493870134,8.860432538902819e-05,0.0006861568346239216,0.0007600190612360953,0.0006471161088935942
CVCL_C466,3,"[('Volasertib', 0.05, 'uM')]",40,36.275972475722675,0.00046879449546378363,0.0004504194172179032,0.000461968633044003,8.139934268057883e-05,0.00047713701858319004,0.0005901005943469178,0.00043716868208213864
CVCL_C466,3,"[('XRK3F2', 0.05, 'uM')]",40,36.275972475722675,0.0005227235794345507,0.000489897524560803,0.0005024589995495413,0.00010836690612377208,0.0005899008880163851,0.0006754327660434075,0.00055241657903911
CVCL_C466,3,"[('c-Kit-IN-1', 0.05, 'uM')]",19,17.139847890681132,0.015922671144513876,0.015222668132158838,0.016068371917278775,0.0012155489305940182,0.011631069327517706,0.011561725597387199,0.012469878193878133
CVCL_C466,3,"[('olaparib', 0.05, 'uM')]",32,29.477025543889063,0.027474557742917786,0.026832436918397214,0.027697999399635822,0.0009735714546109722,0.025684494611452998,0.02511612722161,0.027994136820639694
CVCL_C466,3,"[('palbociclib', 0.05, 'uM')]",40,36.275972475722675,0.0006536731124387389,0.0006474792112101507,0.0006640812422668209,0.0001385506965520185,0.0007183878886595414,0.000982531903601427,0.000648399851903964
CVCL_C466,3,"[('venetoclax', 0.05, 'uM')]",40,36.275972475722675,0.0009110764603573566,0.0008680801549444774,0.0008903386204558742,0.0002312883264375023,0.0010321402422342068,0.0012044063698784648,0.0009068597153175606
CVCL_C466,3,"[('vincristine', 0.05, 'uM')]",40,36.275972475722675,0.0007366688400087817,0.000699741246424662,0.0007176833296663198,0.00014263392305565088,0.000598809378839587,0.000726415242979234,0.0005623160544852341
CVCL_0152,4,"[('4EGI-1', 0.05, 'uM')]",40,29.215815531335572,0.0007112470603398745,0.0006607185424339065,0.0006776600435219554,7.813646653068909e-05,0.00042235414713958703,0.0004539848476482943,0.00039363576782422584
CVCL_0152,4,"[('9-ING-41', 0.05, 'uM')]",40,29.215815531335572,0.0009602170282241265,0.0009866221709909384,0.0010119201753753205,0.00010605524000387905,0.0005571772097524049,0.000638107105633966,0.0005301841933844293
CVCL_0152,4,"[('APTO-253', 0.05, 'uM')]",40,29.215815531335572,0.0006283424997534973,0.0005921010369135131,0.0006072831147830901,0.0001249124063575756,0.00040312321740840397,0.0004901763656643559,0.0004060637695445674
CVCL_0152,4,"[('AT7519', 0.05, 'uM')]",40,29.215815531335572,0.0005669102730209475,0.0005350257336896355,0.0005487443422457799,0.00010487436403665248,0.00040846829454392906,0.00046128638808452327,0.00038168909698345257
CVCL_0152,4,"[('AZD-7648', 0.05, 'uM')]",40,29.215815531335572,0.0007437692599105292,0.0006964518457580588,0.0007143095853928805,0.0001336571678072209,0.00045988559507830216,0.0005109087521381123,0.0004582012369906229
CVCL_0152,4,"[('AZD-8055', 0.05, 'uM')]",40,29.215815531335572,0.0007746074279778534,0.000710739442859317,0.0007289635311377611,0.00012919503633499057,0.0008368839483914398,0.0009973770688245225,0.0007785608396105022
CVCL_0152,4,"[('AZD1390', 0.05, 'uM')]",40,29.215815531335572,0.0006190166922681776,0.0005813209834679385,0.0005962266497107059,9.90146721452221e-05,0.0004195554641278564,0.0004827750232331172,0.0004142478634500204
CVCL_0152,4,"[('AZD2858', 0.05, 'uM')]",40,29.215815531335572,0.0006446921269877484,0.0006104682881126683,0.0006261213211411982,0.0001093889261236469,0.00048297890945827996,0.0005121782235947861,0.00044381051067125495
CVCL_0152,4,"[('Adagrasib', 0.05, 'uM')]",40,29.215815531335572,0.0006006850328578513,0.0006020027157561187,0.0006174386828267884,5.9542331164935386e-05,0.0002557540642694061,0.00025491726186895497,0.000248881893681189
CVCL_0152,4,"[('Afatinib', 0.05, 'uM')]",40,29.215815531335572,0.0007952541019325085,0.0007526393028836185,0.0007719377465473004,9.339534332854624e-05,0.0007463181496801686,0.00081833849224341,0.0006762472558600517
CVCL_0152,4,"[('Alpelisib', 0.05, 'uM')]",40,29.215815531335572,0.0007628372817798773,0.0007277048549698177,0.0007463639538151975,0.00011322434074871962,0.00043657400916356505,0.0005334493838157138,0.0004024469974394574
CVCL_0152,4,"[('Anastrozole', 0.05, 'uM')]",40,29.215815531335572,0.0006536995850681476,0.0006363709986710464,0.0006526882037651753,0.00011222126895894926,0.0003499518561151805,0.0004187687541450875,0.0003406111254660282
CVCL_0152,4,"[('BAY1125976', 0.05, 'uM')]",40,29.215815531335572,0.0006801474142881203,0.0006525381241906093,0.0006692698709647272,0.00010175400123208536,0.0005575339701275561,0.0006305445736963623,0.0005085428863549266
CVCL_0152,4,"[('BI-3406', 0.05, 'uM')]",40,29.215815531335572,0.0007638505391579131,0.0007248752785845271,0.0007434618241892582,0.0001101245778454561,0.0007123540215730694,0.000821001979832475,0.0006535357516503618
CVCL_0152,4,"[('BI-78D3', 0.05, 'uM')]",40,29.215815531335572,0.0007014800199630363,0.0006574090092091606,0.0006742656504709337,0.00010668164377813585,0.00044271977707499257,0.0004802122389925256,0.00040511732108627663
CVCL_0152,4,"[('Belumosudil (mesylate)', 0.05, 'uM')]",40,29.215815531335572,0.0007536632812411998,0.0007595549370724641,0.0007790307046897064,0.00011945520645838638,0.00041051942415748364,0.00038251970423059024,0.00038484608920185575
CVCL_0152,4,"[('Belzutifan', 0.05, 'uM')]",38,27.257236745777355,0.003029391354386486,0.003216408261111541,0.003303338214114556,0.00016763168757136723,0.0013856835024967388,0.0013325946110198412,0.0014008009551095765
CVCL_0152,4,"[('Bentamapimod', 0.05, 'uM')]",40,29.215815531335572,0.0008595830855225521,0.0007896697698299652,0.0008099177126461183,0.00013529054122755657,0.0007188886283575173,0.0008109530935776476,0.0006707801218509715
CVCL_0152,4,"[('Bimiralisib', 0.05, 'uM')]",40,29.215815531335572,0.0008972163514096636,0.0008237090170880787,0.0008448297611159783,0.00017788973822028585,0.0011809758460135681,0.001374011252004095,0.0010910692688070767
CVCL_0152,4,"[('Binimetinib', 0.05, 'uM')]",40,29.215815531335572,0.0013513226072300155,0.0012519050396301644,0.0012840051688514501,0.0003098202728332637,0.002200802948749302,0.0026550703271327487,0.002071954831022941
CVCL_0152,4,"[('Bortezomib', 0.05, 'uM')]",40,29.215815531335572,0.00379162113750203,0.003680177027374003,0.003774540540896412,0.0018805757929206992,0.002620666040786941,0.004320323882840235,0.002474674259887862
CVCL_0152,4,"[('Brivudine', 0.05, 'uM')]",40,29.215815531335572,0.0007324948257466847,0.0006690888556185106,0.0006862449801215492,9.619115561561855e-05,0.0004617989003327782,0.0004964749949966004,0.0004425406277919246
CVCL_0152,4,"[('CP21R7', 0.05, 'uM')]",40,29.215815531335572,0.0006523975129498012,0.0006121158250448222,0.0006278111026100738,8.227902627493258e-05,0.00035788773911423665,0.0003844431911730567,0.00034119329063172333
CVCL_0152,4,"[('Capivasertib', 0.05, 'uM')]",40,29.215815531335572,0.0006462575376163221,0.0006214466840212097,0.0006373812143807278,9.548243469281614e-05,0.0004107128601903439,0.0004608373306801016,0.00038342430833139985
CVCL_0152,4,"[('Capmatinib', 0.05, 'uM')]",40,29.215815531335572,0.0008308149168726837,0.0007901891231657639,0.0008104503827341166,8.64751793173504e-05,0.0007407278664726411,0.0008228809806935158,0.000687051916206895
CVCL_0152,4,"[('Celecoxib', 0.05, 'uM')]",40,29.215815531335572,0.0008360602698390976,0.0008011386159598756,0.0008216806317537184,0.00011951184659800364,0.0003955862463082552,0.00043440389578111767,0.0003962398007909344
CVCL_0152,4,"[('DT-061', 0.05, 'uM')]",40,29.215815531335572,0.00085117733293444,0.0008330779318839951,0.000854438904496405,9.654950028787691e-05,0.0004410206270561682,0.0004902176300674107,0.0004169237423696136
CVCL_0152,4,"[('DTP3', 0.05, 'uM')]",25,20.032208744440137,0.018564871624123083,0.017886281807886654,0.01863154354988194,0.0008004975767549884,0.014332805448248637,0.013305380980355774,0.014176854300733474
CVCL_0152,4,"[('Dabrafenib', 0.05, 'uM')]",40,29.215815531335572,0.0008158678994282337,0.0007719273695938998,0.0007917203790706667,0.00011795752718270585,0.0006562759714400173,0.0007845431421586906,0.0006187112934603623
CVCL_0152,4,"[('ERK5-IN-2', 0.05, 'uM')]",40,29.215815531335572,0.0006808137503293901,0.0006676598267729259,0.000684779309510693,0.00012824589385807,0.0005349861157940065,0.0006422967318421865,0.0005041038609964089
CVCL_0152,4,"[('ETC-206', 0.05, 'uM')]",40,29.215815531335572,0.0005213884324856354,0.0004970361941503373,0.0005097807119490638,7.943186896785654e-05,0.0003312759570750171,0.00039432479815170894,0.00031623383623065007
CVCL_0152,4,"[('EX229', 0.05, 'uM')]",40,29.215815531335572,0.0012034384086208546,0.001132909412675615,0.0011619583719749888,0.00020331868185565621,0.0008478422403387162,0.0010469876030022667,0.0007817929595789234
CVCL_0152,4,"[('Elimusertib hydrochloride', 0.05, 'uM')]",40,29.215815531335572,0.001719199335796425,0.0015911067839823963,0.0016319043938280986,0.00038627398410634326,0.0035612312495566963,0.004375838462498504,0.0033601911074510648
CVCL_0152,4,"[('Encorafenib', 0.05, 'uM')]",40,29.215815531335572,0.0006099866086188232,0.0005816651748773478,0.0005965796665408694,0.00010269064300551452,0.0003803509086070804,0.00043393177546156435,0.0003482080100422935
CVCL_0152,4,"[('Erdafitinib ', 0.05, 'uM')]",40,29.215815531335572,0.0006302133800945523,0.0005823315843441894,0.0005972631634299378,9.626929167328391e-05,0.00031991035923917255,0.0003532193093686169,0.0003004468775460668
CVCL_0152,4,"[('Everolimus', 0.05, 'uM')]",40,29.215815531335572,0.0006192194827458826,0.0005827111677791049,0.000597652479773441,7.889300009997457e-05,0.0003810480576144211,0.0003898869991368765,0.00033678168604586955
CVCL_0152,4,"[('Futibatinib', 0.05, 'uM')]",40,29.215815531335572,0.0006954423678225376,0.0006625036505118018,0.0006794909236018479,0.0001669007172545966,0.0003560737435541689,0.0004362240055281119,0.0003377203835706522
CVCL_0152,4,"[('GSK1059615', 0.05, 'uM')]",40,29.215815531335572,0.0007250777334246933,0.0006860244775984056,0.0007036148488188774,0.000124691791403539,0.000528096416349838,0.0005558649389837496,0.0004867700879969347
CVCL_0152,4,"[('Gemcitabine', 0.05, 'uM')]",40,29.215815531335572,0.0006606904840788068,0.0006261878545213357,0.000642243953355216,0.00012553589711396178,0.0005201339863057042,0.0005667128113151927,0.00047704261120115377
CVCL_0152,4,"[('HI-TOPK-032', 0.05, 'uM')]",40,29.215815531335572,0.0009168522168303952,0.0008926694942788438,0.0009155584556706092,0.000156750691437723,0.0005713269972306588,0.0006489113062410956,0.0005615058360943944
CVCL_0152,4,"[('Hydroxyfasudil', 0.05, 'uM')]",38,27.390933879192147,0.003232950447115494,0.0031575273869985255,0.0032428659650255115,0.0002667873947551946,0.002193356142364147,0.0024896767852699408,0.0021389237405349
CVCL_0152,4,"[('IQ 1', 0.05, 'uM')]",40,29.215815531335572,0.0006174140072642457,0.0006023424017041789,0.0006177870786709526,0.00012346491050884654,0.00048202585095794947,0.00058837247687593,0.0004486752975561101
CVCL_0152,4,"[('Infigratinib', 0.05, 'uM')]",40,29.215815531335572,0.000686613837597616,0.0006665040530220331,0.0006835939005354184,0.00016995399132110306,0.00048173268812790564,0.0005666463547122882,0.00045323833303629766
CVCL_0152,4,"[('Ipatasertib', 0.05, 'uM')]",40,29.215815531335572,0.0008598831079927742,0.0008205727195288889,0.0008416130456706548,0.0001413387849215473,0.0005229578327043861,0.0005612730345770517,0.000487068873498271
CVCL_0152,4,"[('Irinotecan', 0.05, 'uM')]",40,29.215815531335572,0.0005948550414286832,0.0005528506854085908,0.0005670263440088109,9.586822047976292e-05,0.000456799119862953,0.0005051526459185344,0.0004160648749612817
CVCL_0152,4,"[('Ixazomib', 0.05, 'uM')]",40,29.215815531335572,0.0009438972421674348,0.0009099209663463951,0.0009332522731757897,0.00011768923709417858,0.00044933455920284296,0.0004766166444102785,0.0004187388201521084
CVCL_0152,4,"[('LB-100', 0.05, 'uM')]",40,29.215815531335572,0.0005208746103446313,0.0005035483929088129,0.000516459890162885,9.47816486140029e-05,0.000341874748128135,0.00041939415900276323,0.0003339573859665201
CVCL_0152,4,"[('LJI308', 0.05, 'uM')]",40,29.215815531335572,0.0009159155846424681,0.0009092860251271792,0.0009326010514124916,0.0002644652759062262,0.0005283659779088644,0.0006175479158260367,0.0004788786129208824
CVCL_0152,4,"[('LY-2584702 (tosylate salt)', 0.05, 'uM')]",40,29.215815531335572,0.0006997878167234492,0.0006790368568709574,0.0006964480583291869,0.0001147606848275172,0.0003842214218145356,0.0004290076939902699,0.00036985046539161567
CVCL_0152,4,"[('LY2090314', 0.05, 'uM')]",40,29.215815531335572,0.0007940723444485906,0.0007290208019306845,0.0007477136430058302,0.00010499111937628766,0.00046564013242432733,0.0004909251743592876,0.00046376561482312876
CVCL_0152,4,"[('Lapatinib ditosylate', 0.05, 'uM')]",40,29.215815531335572,0.0006222374498075408,0.0005785457269650532,0.0005933802327846699,7.547579256334161e-05,0.00038971682442212835,0.00044011025387629733,0.00036592832219391023
CVCL_0152,4,"[('Lonafarnib', 0.05, 'uM')]",40,29.215815531335572,0.0006778083063825767,0.0006448393783228746,0.0006613737213567942,0.00011575716024333097,0.0004893014317424114,0.0006077284349117709,0.00047989778444887366
CVCL_0152,4,"[('MK-3903', 0.05, 'uM')]",40,29.215815531335572,0.0007762498241190121,0.000738074675517109,0.0007569996671970349,0.00013543343660304288,0.0006616283687738414,0.0007188244676629316,0.0006112185305082668
CVCL_0152,4,"[('MK-8353', 0.05, 'uM')]",40,29.215815531335572,0.0006675563008474472,0.0006138617568930472,0.0006296018019415867,0.0001031165565365999,0.0003917548987090553,0.0004559822941239627,0.00036398835247845087
CVCL_0152,4,"[('ML264', 0.05, 'uM')]",40,29.215815531335572,0.0006770596089371685,0.0006370805681899443,0.0006534159673743016,0.00012486106630497148,0.000538448454878226,0.0006119821316490799,0.0005134102500094184
CVCL_0152,4,"[('Methylprednisolone succinate', 0.05, 'uM')]",19,15.267429758728177,0.023082552668208703,0.021369450429347583,0.022556642119866896,0.0013511281368317365,0.02730888509327134,0.026917578358791598,0.027162152027121612
CVCL_0152,4,"[('Minodronic acid', 0.05, 'uM')]",40,29.215815531335572,0.0008990896931522063,0.0008249501382857182,0.0008461027059340698,0.00013873679898083574,0.0004158413134967019,0.0005178856465049415,0.0004181206205958347
CVCL_0152,4,"[('NG25', 0.05, 'uM')]",40,29.215815531335572,0.0007540805008192874,0.000724691014528456,0.0007432728354138008,0.0001392892062542605,0.00045961489785888024,0.0004963354682537358,0.0004186312368942422
CVCL_0152,4,"[('NVP-BHG712', 0.05, 'uM')]",40,29.215815531335572,0.0007510435718453909,0.0007248162177914173,0.000743401249016838,0.00011561951182841192,0.0004965080521805274,0.0005981451354866784,0.00047360803404731026
CVCL_0152,4,"[('OTS514', 0.05, 'uM')]",40,29.215815531335572,0.0007731347639155109,0.0007448025060379728,0.0007639000061927926,0.00021411136013185677,0.0003890609243148518,0.0004456164781785482,0.0003743884677052714
CVCL_0152,4,"[('Oleic acid', 0.05, 'uM')]",40,29.215815531335572,0.0008180366975112824,0.000755576896422828,0.0007749506629977721,0.00012402837358456109,0.00036809689909258515,0.0004895827856039849,0.0003617359741755975
CVCL_0152,4,"[('Oxaliplatin', 0.05, 'uM')]",40,29.215815531335572,0.0007138357601893803,0.0006704226493152843,0.0006876129736567017,0.0001478110195139669,0.0005450983233508609,0.0006617142855005701,0.0005022049251674677
CVCL_0152,4,"[('PF-06260933', 0.05, 'uM')]",24,17.140390175281738,0.020899405538451144,0.01928432071319111,0.020122769439851588,0.0009555753805852396,0.015172107653667676,0.014449559281210042,0.015247882517890953
CVCL_0152,4,"[('PH-797804', 0.05, 'uM')]",40,29.215815531335572,0.0007617977421854968,0.000707690056535725,0.0007258359554212562,9.38504675680501e-05,0.00032879071017328794,0.0003699727182108073,0.0003260732002621938
CVCL_0152,4,"[('Paclitaxel', 0.05, 'uM')]",40,29.215815531335572,0.0006027240879273627,0.0005633207921561063,0.0005777649150319038,0.0001347225498917071,0.0006496273058467721,0.0007554692455618878,0.0006029094712243039
CVCL_0152,4,"[('Pemigatinib', 0.05, 'uM')]",40,29.215815531335572,0.0008046114632666919,0.0007880584210869348,0.000808265047268651,0.00013452504942614455,0.00041581655072465105,0.000460499776960015,0.0003867978380277973
CVCL_0152,4,"[('Pimitespib', 0.05, 'uM')]",40,29.215815531335572,0.000703823728764206,0.0006932468941506822,0.0007110224555391613,0.00011954301634394518,0.0004128775472036961,0.00042849200331169314,0.00038702658086708425
CVCL_0152,4,"[('Pralsetinib', 0.05, 'uM')]",40,29.215815531335572,0.000784769072833371,0.0007454729114585507,0.0007645876014959498,0.00010216870837323038,0.0006042157944549693,0.0006454520232942622,0.0005398024472694081
CVCL_0152,4,"[('RMC-6236', 0.05, 'uM')]",40,29.215815531335572,0.0008744183816815718,0.0008115262500298831,0.0008323346154152647,0.00015839410844224516,0.000913664233193005,0.0010813803446619579,0.0008628864767315223
CVCL_0152,4,"[('Regorafenib', 0.05, 'uM')]",40,29.215815531335572,0.0006643202487946639,0.0006457124211436636,0.0006622691498909365,0.00010311488232015225,0.00040256615845242125,0.00047646924051843094,0.0003800665284963678
CVCL_0152,4,"[('SBI-0640756', 0.05, 'uM')]",40,29.215815531335572,0.0006260853626875584,0.000583505223410866,0.0005984668958060161,8.405241716992725e-05,0.0005083278795557164,0.0005340681905152334,0.0004675483236537092
CVCL_0152,4,"[('Sapanisertib', 0.05, 'uM')]",40,29.215815531335572,0.0008304414136021531,0.000811248911553871,0.0008320501656962776,0.0001972883090134519,0.00071042595632655,0.0008560670267959262,0.0006988791592813054
CVCL_0152,4,"[('Sonidegib', 0.05, 'uM')]",39,28.374286614080635,0.0068917146557463446,0.00653514869286349,0.006707126290044112,0.0005354219050814766,0.00246756925194562,0.0024765671047141213,0.002522734004301946
CVCL_0152,4,"[('TAK-733', 0.05, 'uM')]",40,29.215815531335572,0.0007360426483820352,0.0006947443013159825,0.0007125582577599823,0.00013630821305127356,0.0005938266418648266,0.0006844742458354833,0.0005581088840075323
CVCL_0152,4,"[('TAK-901', 0.05, 'uM')]",40,29.215815531335572,0.0013374865867442549,0.0013320222165578367,0.001366176632367012,0.0002569599926511572,0.0006313489856903868,0.0006540105039635829,0.000699666592359434
CVCL_0152,4,"[('Temuterkib', 0.05, 'uM')]",40,29.215815531335572,0.000641740936747624,0.0006150209031454387,0.0006307906698927574,0.00012451678193275175,0.0004709859906806252,0.0005521180430800938,0.0004410565998028716
CVCL_0152,4,"[('Tomivosertib', 0.05, 'uM')]",40,29.215815531335572,0.0007243635516731408,0.0006844464991604734,0.0007019964093953572,0.00013613895265313062,0.0004759186864819458,0.0005443733069786366,0.0004297283784016127
CVCL_0152,4,"[('Torkinib', 0.05, 'uM')]",40,29.215815531335572,0.0006986861203445132,0.0006595828443820114,0.0006764952250071912,0.0001240517278607397,0.0005766906535479321,0.0006756159601957112,0.000539342139875029
CVCL_0152,4,"[('Trametinib', 0.05, 'uM')]",40,29.215815531335572,0.0008951720867941118,0.0008625186023489237,0.0008846344639476141,0.0001863420311544497,0.0011030346349735112,0.0013446554026582205,0.0010417226042882337
CVCL_0152,4,"[('Tubulin inhibitor 6', 0.05, 'uM')]",40,29.215815531335572,0.0007391881874295195,0.0006686129280599058,0.0006857568492922109,9.421070101791243e-05,0.0003662281862287743,0.00039595904087562594,0.0003600021877549731
CVCL_0152,4,"[('Tucatinib', 0.05, 'uM')]",40,29.215815531335572,0.0006720079653358153,0.0006428071150263354,0.0006592893487449593,0.0001049080295441201,0.00044083816099270163,0.0005182763527646581,0.0004058673534699347
CVCL_0152,4,"[('ULK-101', 0.05, 'uM')]",40,29.215815531335572,0.0008844551902889845,0.0008374299643002486,0.0008589025274874339,0.0001728103849287195,0.000575267440921523,0.0006116224350787232,0.0005200064946116576
CVCL_0152,4,"[('Vemurafenib', 0.05, 'uM')]",40,29.215815531335572,0.0006212761874673215,0.000578691272887181,0.0005935295106535189,9.513618288847047e-05,0.0004850506761769602,0.0005564745646820999,0.0004451707962761838
CVCL_0152,4,"[('Volasertib', 0.05, 'uM')]",40,29.215815531335572,0.0006215502372062909,0.0005564112891456066,0.0005706782452775449,8.97698453859419e-05,0.00045417069541123977,0.0005017923662873387,0.0004257500444170808
CVCL_0152,4,"[('XRK3F2', 0.05, 'uM')]",40,29.215815531335572,0.0006483794717517155,0.0005982173531330214,0.0006135562596236115,0.00010311049911649035,0.0007360455301038455,0.0008672017226283385,0.0006840247091773273
CVCL_0152,4,"[('olaparib', 0.05, 'uM')]",32,23.262839880197895,0.01860680392333328,0.023517693836209785,0.024276329121248812,0.0008517836544370551,0.013477045295994949,0.012814802680496758,0.01305112903471321
CVCL_0152,4,"[('palbociclib', 0.05, 'uM')]",40,29.215815531335572,0.0007952879647570055,0.0007483446387310949,0.0007675329628011229,0.00014295340917011402,0.0004936653548911146,0.0005349914451581647,0.0004512480160416304
CVCL_0152,4,"[('venetoclax', 0.05, 'uM')]",40,29.215815531335572,0.0010499526146767772,0.000940597786627749,0.0009647156785925627,0.000251815261877707,0.0016251067777782718,0.00198739932665191,0.001520862089962472
CVCL_0152,4,"[('vincristine', 0.05, 'uM')]",40,29.215815531335572,0.0010738326564261448,0.001085352200254907,0.0011131817438511864,0.0001535857430287316,0.0004895629099357542,0.0005537136732044691,0.0004881310843501966
CVCL_0332,4,"[('4EGI-1', 0.05, 'uM')]",40,13.824074149004524,0.0005501215112435812,0.0006607185424339065,0.0006776600435219554,7.813646653068909e-05,0.0007921050766714062,0.001022035341214675,0.0005905649595675679
CVCL_0332,4,"[('9-ING-41', 0.05, 'uM')]",40,13.824074149004524,0.0005408045469383099,0.0009866221709909384,0.0010119201753753205,0.00010605524000387905,0.0004932463843112521,0.0006215823227046476,0.00036744574748013436
CVCL_0332,4,"[('APTO-253', 0.05, 'uM')]",40,13.824074149004524,0.0004028350458810714,0.0005921010369135131,0.0006072831147830901,0.0001249124063575756,0.00030321217042089633,0.00047433373045484896,0.0002461957619838941
CVCL_0332,4,"[('AT7519', 0.05, 'uM')]",40,13.824074149004524,0.0004429510610567586,0.0005350257336896355,0.0005487443422457799,0.00010487436403665248,0.00031837776858768395,0.0004966014938304127,0.0002412790957571779
CVCL_0332,4,"[('AZD-7648', 0.05, 'uM')]",40,13.824074149004524,0.0004100460517655699,0.0006964518457580588,0.0007143095853928805,0.0001336571678072209,0.0003111123024456446,0.00042169877482922034,0.00026907574589404897
CVCL_0332,4,"[('AZD-8055', 0.05, 'uM')]",40,13.824074149004524,0.0005979868227041527,0.000710739442859317,0.0007289635311377611,0.00012919503633499057,0.000453316225280319,0.0006678465839217847,0.00031331978777111814
CVCL_0332,4,"[('AZD1390', 0.05, 'uM')]",40,13.824074149004524,0.0004195089108575775,0.0005813209834679385,0.0005962266497107059,9.90146721452221e-05,0.00039982837497065454,0.0005188736552874941,0.00034104284108110136
CVCL_0332,4,"[('AZD2858', 0.05, 'uM')]",40,13.824074149004524,0.0005789294710730643,0.0006104682881126683,0.0006261213211411982,0.0001093889261236469,0.0004074400863173834,0.0006314370543814709,0.0002947993360348722
CVCL_0332,4,"[('Abemaciclib', 0.05, 'uM')]",19,8.751778355091691,0.02530620417471919,0.02014576401830614,0.02126497313043426,0.0011296207108217992,0.025956951731746315,0.02565014475912725,0.026726066287094924
CVCL_0332,4,"[('Adagrasib', 0.05, 'uM')]",40,13.824074149004524,0.0005033157119997942,0.0006020027157561187,0.0006174386828267884,5.9542331164935386e-05,0.00026900608284223927,0.00028182091964323397,0.00026157390366188043
CVCL_0332,4,"[('Afatinib', 0.05, 'uM')]",40,13.824074149004524,0.0006647776417399798,0.0007526393028836185,0.0007719377465473004,9.339534332854624e-05,0.0005385597843124944,0.0007415180546283005,0.00036961968163130203
CVCL_0332,4,"[('Alpelisib', 0.05, 'uM')]",40,13.824074149004524,0.0005104056134574795,0.0007277048549698177,0.0007463639538151975,0.00011322434074871962,0.00038435542120121016,0.0005820784489785833,0.0003047512659128517
CVCL_0332,4,"[('Anastrozole', 0.05, 'uM')]",40,13.824074149004524,0.00039592660514936606,0.0006363709986710464,0.0006526882037651753,0.00011222126895894926,0.00035781327483441804,0.0005073642369472612,0.0002944670061247259
CVCL_0332,4,"[('BAY1125976', 0.05, 'uM')]",40,13.824074149004524,0.0005433186045888603,0.0006525381241906093,0.0006692698709647272,0.00010175400123208536,0.000605256778298427,0.0008511656074055258,0.0004525771594283779
CVCL_0332,4,"[('BI-3406', 0.05, 'uM')]",40,13.824074149004524,0.0006100847384433661,0.0007248752785845271,0.0007434618241892582,0.0001101245778454561,0.00045689065972686103,0.0006624904180670584,0.00032801560938285426
CVCL_0332,4,"[('BI-78D3', 0.05, 'uM')]",40,13.824074149004524,0.0005600871714226561,0.0006574090092091606,0.0006742656504709337,0.00010668164377813585,0.0005252651830012481,0.0007885499916383931,0.0003525590604073836
CVCL_0332,4,"[('Belumosudil (mesylate)', 0.05, 'uM')]",40,13.824074149004524,0.0008997615593337111,0.0007595549370724641,0.0007790307046897064,0.00011945520645838638,0.000726253755682412,0.001028342401314925,0.0004957055093024565
CVCL_0332,4,"[('Belzutifan', 0.05, 'uM')]",38,13.327812290873396,0.0038960362704514857,0.003216408261111541,0.003303338214114556,0.00016763168757136723,0.002988496422707284,0.0030153245966829073,0.0031078737970424786
CVCL_0332,4,"[('Bentamapimod', 0.05, 'uM')]",40,13.824074149004524,0.0006562630554327483,0.0007896697698299652,0.0008099177126461183,0.00013529054122755657,0.0005554155221151913,0.0008123098028231872,0.00042784404946194347
CVCL_0332,4,"[('Bimiralisib', 0.05, 'uM')]",40,13.824074149004524,0.0008156158826359607,0.0008237090170880787,0.0008448297611159783,0.00017788973822028585,0.0006709720884077523,0.0008793080481498734,0.0004717746163317547
CVCL_0332,4,"[('Binimetinib', 0.05, 'uM')]",40,13.824074149004524,0.0012931054150295365,0.0012519050396301644,0.0012840051688514501,0.0003098202728332637,0.0007408043800430659,0.0011515245288132752,0.000510751332979453
CVCL_0332,4,"[('Bortezomib', 0.05, 'uM')]",40,13.824074149004524,0.00404667639016276,0.003680177027374003,0.003774540540896412,0.0018805757929206992,0.005595521023992308,0.009845273804422372,0.0037580556931519587
CVCL_0332,4,"[('Brivudine', 0.05, 'uM')]",40,13.824074149004524,0.0005374718230153931,0.0006690888556185106,0.0006862449801215492,9.619115561561855e-05,0.0004487991774477197,0.0006844677667256914,0.00034150650718715544
CVCL_0332,4,"[('CP21R7', 0.05, 'uM')]",40,13.824074149004524,0.0004629567348267381,0.0006121158250448222,0.0006278111026100738,8.227902627493258e-05,0.0003507589539301396,0.000513939764628408,0.0002811497534046885
CVCL_0332,4,"[('Capivasertib', 0.05, 'uM')]",40,13.824074149004524,0.000479558806907429,0.0006214466840212097,0.0006373812143807278,9.548243469281614e-05,0.0004291136148036765,0.0006279627656175508,0.0003458439483754926
CVCL_0332,4,"[('Capmatinib', 0.05, 'uM')]",40,13.824074149004524,0.0006227733593188391,0.0007901891231657639,0.0008104503827341166,8.64751793173504e-05,0.0004907356624788974,0.0006571835687228533,0.00037031958187486625
CVCL_0332,4,"[('Celecoxib', 0.05, 'uM')]",40,13.824074149004524,0.00047680619026784686,0.0008011386159598756,0.0008216806317537184,0.00011951184659800364,0.0003393881253323239,0.0004779872711600922,0.000272874060583441
CVCL_0332,4,"[('DT-061', 0.05, 'uM')]",40,13.824074149004524,0.0005260002407016126,0.0008330779318839951,0.000854438904496405,9.654950028787691e-05,0.0004043480989248657,0.0005530155060841404,0.00028400244508170624
CVCL_0332,4,"[('Dabrafenib', 0.05, 'uM')]",40,13.824074149004524,0.0005412912900784106,0.0007719273695938998,0.0007917203790706667,0.00011795752718270585,0.0005087006960307167,0.0007024458606325297,0.0004063973334316593
CVCL_0332,4,"[('ERK5-IN-2', 0.05, 'uM')]",40,13.824074149004524,0.0005611168076119485,0.0006676598267729259,0.000684779309510693,0.00012824589385807,0.0005933674803525333,0.000804729939645213,0.0004830692193682872
CVCL_0332,4,"[('ETC-206', 0.05, 'uM')]",40,13.824074149004524,0.00038949407749547395,0.0004970361941503373,0.0005097807119490638,7.943186896785654e-05,0.0003219292597951934,0.00048360288867468806,0.0002461358404315357
CVCL_0332,4,"[('EX229', 0.05, 'uM')]",40,13.824074149004524,0.0008798443206608406,0.001132909412675615,0.0011619583719749888,0.00020331868185565621,0.000846009085902619,0.0011457293641153976,0.0006856791771667677
CVCL_0332,4,"[('Elimusertib hydrochloride', 0.05, 'uM')]",40,13.824074149004524,0.0013963617062687618,0.0015911067839823963,0.0016319043938280986,0.00038627398410634326,0.0009597497809123138,0.001462119657401665,0.0006717880791459767
CVCL_0332,4,"[('Encorafenib', 0.05, 'uM')]",40,13.824074149004524,0.0005047612916453051,0.0005816651748773478,0.0005965796665408694,0.00010269064300551452,0.0004584720986039983,0.0006797868565097074,0.00035243515558565575
CVCL_0332,4,"[('Erdafitinib ', 0.05, 'uM')]",40,13.824074149004524,0.0005195799751508836,0.0005823315843441894,0.0005972631634299378,9.626929167328391e-05,0.00042118277772628835,0.0006457628745440134,0.0003195254578395289
CVCL_0332,4,"[('Everolimus', 0.05, 'uM')]",40,13.824074149004524,0.0005644386664224361,0.0005827111677791049,0.000597652479773441,7.889300009997457e-05,0.0004570565135091473,0.0006632402508794082,0.00032207705469152506
CVCL_0332,4,"[('Futibatinib', 0.05, 'uM')]",40,13.824074149004524,0.0005265944970169958,0.0006625036505118018,0.0006794909236018479,0.0001669007172545966,0.0005392964964403188,0.000855767793087424,0.00041257069478579987
CVCL_0332,4,"[('GSK1059615', 0.05, 'uM')]",40,13.824074149004524,0.0006683233157189221,0.0006860244775984056,0.0007036148488188774,0.000124691791403539,0.0007026154775246936,0.001010223824670492,0.0005185352617306445
CVCL_0332,4,"[('Gemcitabine', 0.05, 'uM')]",40,13.824074149004524,0.0006116879685984594,0.0006261878545213357,0.000642243953355216,0.00012553589711396178,0.0006242295025553167,0.0008873029649297315,0.00046956579151750786
CVCL_0332,4,"[('HI-TOPK-032', 0.05, 'uM')]",40,13.824074149004524,0.0006600620183771251,0.0008926694942788438,0.0009155584556706092,0.000156750691437723,0.0005975859980009371,0.0008588003141428733,0.0005105756106896404
CVCL_0332,4,"[('Hydroxyfasudil', 0.05, 'uM')]",38,13.602024731476373,0.004292531057827414,0.0031575273869985255,0.0032428659650255115,0.0002667873947551946,0.002965879296417194,0.0032616275645749003,0.0030406255542103308
CVCL_0332,4,"[('IQ 1', 0.05, 'uM')]",40,13.824074149004524,0.0005535873068944098,0.0006023424017041789,0.0006177870786709526,0.00012346491050884654,0.00065537400386055,0.0009254330720439623,0.0005257782907064382
CVCL_0332,4,"[('Infigratinib', 0.05, 'uM')]",40,13.824074149004524,0.0006554468958414043,0.0006665040530220331,0.0006835939005354184,0.00016995399132110306,0.00046282337099365356,0.0007920455805270859,0.0003474004767699935
CVCL_0332,4,"[('Ipatasertib', 0.05, 'uM')]",40,13.824074149004524,0.0006866317875243983,0.0008205727195288889,0.0008416130456706548,0.0001413387849215473,0.0007349407203816255,0.0010481094864214064,0.0005173791012765537
CVCL_0332,4,"[('Irinotecan', 0.05, 'uM')]",40,13.824074149004524,0.0005084883662809331,0.0005528506854085908,0.0005670263440088109,9.586822047976292e-05,0.0004516679730900443,0.0006559957636524733,0.0003249782606532804
CVCL_0332,4,"[('Ixazomib', 0.05, 'uM')]",40,13.824074149004524,0.0008199848329145414,0.0009099209663463951,0.0009332522731757897,0.00011768923709417858,0.0005643713228148577,0.0007968239942878308,0.00043507955831580814
CVCL_0332,4,"[('LB-100', 0.05, 'uM')]",40,13.824074149004524,0.00036503823667866276,0.0005035483929088129,0.000516459890162885,9.47816486140029e-05,0.0002880328967258152,0.00043002183182756743,0.0002327618330883034
CVCL_0332,4,"[('LJI308', 0.05, 'uM')]",40,13.824074149004524,0.0011671189553382553,0.0009092860251271792,0.0009326010514124916,0.0002644652759062262,0.0010384993196044217,0.0017153084448390974,0.0007591613077455353
CVCL_0332,4,"[('LY-2584702 (tosylate salt)', 0.05, 'uM')]",40,13.824074149004524,0.0004860264899173581,0.0006790368568709574,0.0006964480583291869,0.0001147606848275172,0.0004493404293951755,0.0006289412588203216,0.000373617054353788
CVCL_0332,4,"[('LY2090314', 0.05, 'uM')]",40,13.824074149004524,0.00047967747526680515,0.0007290208019306845,0.0007477136430058302,0.00010499111937628766,0.0003241183319804781,0.00043313238291840795,0.0002760234983819148
CVCL_0332,4,"[('Lapatinib ditosylate', 0.05, 'uM')]",40,13.824074149004524,0.00042996127185898706,0.0005785457269650532,0.0005933802327846699,7.547579256334161e-05,0.00031700887683002213,0.00044424438201071315,0.0002552134787789696
CVCL_0332,4,"[('Lonafarnib', 0.05, 'uM')]",40,13.824074149004524,0.00044958025259327365,0.0006448393783228746,0.0006613737213567942,0.00011575716024333097,0.0003419919755374119,0.000553404151675412,0.00026746674408992445
CVCL_0332,4,"[('MK-3903', 0.05, 'uM')]",40,13.824074149004524,0.0006898785348658783,0.000738074675517109,0.0007569996671970349,0.00013543343660304288,0.0007227904489047688,0.0010111819730034299,0.0004913561510073396
CVCL_0332,4,"[('MK-8353', 0.05, 'uM')]",40,13.824074149004524,0.0004870697974677932,0.0006138617568930472,0.0006296018019415867,0.0001031165565365999,0.00047786658931659983,0.0006976442571959458,0.0003310493420727989
CVCL_0332,4,"[('ML264', 0.05, 'uM')]",40,13.824074149004524,0.0005179044282375041,0.0006370805681899443,0.0006534159673743016,0.00012486106630497148,0.0003925525426979125,0.0005807309678674735,0.00032889396872182565
CVCL_0332,4,"[('Methylprednisolone succinate', 0.05, 'uM')]",19,7.461325948218734,0.028994729053539243,0.021369450429347583,0.022556642119866896,0.0013511281368317365,0.028179695408818546,0.027444626448891625,0.0310625025334086
CVCL_0332,4,"[('Minodronic acid', 0.05, 'uM')]",40,13.824074149004524,0.0004931312350499151,0.0008249501382857182,0.0008461027059340698,0.00013873679898083574,0.0004961049630181226,0.0006943213672909159,0.00036575512439609103
CVCL_0332,4,"[('NG25', 0.05, 'uM')]",40,13.824074149004524,0.0006514855146131953,0.000724691014528456,0.0007432728354138008,0.0001392892062542605,0.0004884660533367386,0.0007778197105536205,0.0003687359888730345
CVCL_0332,4,"[('NVP-BHG712', 0.05, 'uM')]",40,13.824074149004524,0.0005212923569137615,0.0007248162177914173,0.000743401249016838,0.00011561951182841192,0.0004261702577996309,0.0005865195592353745,0.0003467200259818338
CVCL_0332,4,"[('OTS514', 0.05, 'uM')]",40,13.824074149004524,0.0006134159337923137,0.0007448025060379728,0.0007639000061927926,0.00021411136013185677,0.0006158671200188657,0.0010997490226300794,0.000409119026178522
CVCL_0332,4,"[('Oleic acid', 0.05, 'uM')]",40,13.824074149004524,0.00043402084445192404,0.000755576896422828,0.0007749506629977721,0.00012402837358456109,0.00025529504717668275,0.0003989736162637623,0.00020112605647936666
CVCL_0332,4,"[('Oxaliplatin', 0.05, 'uM')]",40,13.824074149004524,0.0005822245796082115,0.0006704226493152843,0.0006876129736567017,0.0001478110195139669,0.0005886672889680584,0.0008771178047174482,0.00045240772059657465
CVCL_0332,4,"[('PF-06260933', 0.05, 'uM')]",24,10.271766902094566,0.02417592593268115,0.01928432071319111,0.020122769439851588,0.0009555753805852396,0.042218697795310824,0.04171217183863189,0.0432167786057817
CVCL_0332,4,"[('PH-797804', 0.05, 'uM')]",40,13.824074149004524,0.00043375860660603804,0.000707690056535725,0.0007258359554212562,9.38504675680501e-05,0.00028976259810977324,0.00042586484289018324,0.0002361690498983966
CVCL_0332,4,"[('Paclitaxel', 0.05, 'uM')]",40,13.824074149004524,0.00047513325868678465,0.0005633207921561063,0.0005777649150319038,0.0001347225498917071,0.0004498719140994967,0.0006289219633390411,0.00034057364810710265
CVCL_0332,4,"[('Pemigatinib', 0.05, 'uM')]",40,13.824074149004524,0.0005889282121632623,0.0007880584210869348,0.000808265047268651,0.00013452504942614455,0.0004838157165114217,0.0007730709888318734,0.0003577908829692706
CVCL_0332,4,"[('Pimitespib', 0.05, 'uM')]",40,13.824074149004524,0.0006932129407403357,0.0006932468941506822,0.0007110224555391613,0.00011954301634394518,0.00040621443976070193,0.0005964122276261374,0.00035074417553524785
CVCL_0332,4,"[('Pralsetinib', 0.05, 'uM')]",40,13.824074149004524,0.0007118310024408821,0.0007454729114585507,0.0007645876014959498,0.00010216870837323038,0.0006037331271354543,0.000833849648406199,0.0003737659969810501
CVCL_0332,4,"[('RMC-6236', 0.05, 'uM')]",40,13.824074149004524,0.0005728747104665429,0.0008115262500298831,0.0008323346154152647,0.00015839410844224516,0.00043604830554674825,0.0006228084230912119,0.00034985383301756347
CVCL_0332,4,"[('Ralimetinib dimesylate', 0.05, 'uM')]",16,5.605453754894746,0.021423916376597605,0.020290775706866635,0.021643494087324414,0.001469817554085215,0.021026436169068005,0.020315604392174058,0.02287923121943306
CVCL_0332,4,"[('Regorafenib', 0.05, 'uM')]",40,13.824074149004524,0.0004854725272934793,0.0006457124211436636,0.0006622691498909365,0.00010311488232015225,0.00046006258458892736,0.0006418769512940925,0.0003627300881414367
CVCL_0332,4,"[('SBI-0640756', 0.05, 'uM')]",40,13.824074149004524,0.000523890265383339,0.000583505223410866,0.0005984668958060161,8.405241716992725e-05,0.0004885282415000958,0.0006742119109480654,0.0003429474689298084
CVCL_0332,4,"[('Sapanisertib', 0.05, 'uM')]",40,13.824074149004524,0.0007385822469483805,0.000811248911553871,0.0008320501656962776,0.0001972883090134519,0.0015174989982790286,0.0019662887616790927,0.001147950104512868
CVCL_0332,4,"[('Sonidegib', 0.05, 'uM')]",39,13.745034499922586,0.010245334594508366,0.00653514869286349,0.006707126290044112,0.0005354219050814766,0.006080933068339716,0.0067055863920661915,0.006437084435107925
CVCL_0332,4,"[('TAK-733', 0.05, 'uM')]",40,13.824074149004524,0.0005903304883302664,0.0006947443013159825,0.0007125582577599823,0.00013630821305127356,0.0005101362927032592,0.0006593858548933429,0.00046576894311365247
CVCL_0332,4,"[('TAK-901', 0.05, 'uM')]",40,13.824074149004524,0.001249127262941709,0.0013320222165578367,0.001366176632367012,0.0002569599926511572,0.0008590526879636912,0.0012896917287046222,0.000639902524682715
CVCL_0332,4,"[('Temuterkib', 0.05, 'uM')]",40,13.824074149004524,0.0004966111274139393,0.0006150209031454387,0.0006307906698927574,0.00012451678193275175,0.0003706260519206895,0.0005659684256224683,0.0002863547937000495
CVCL_0332,4,"[('Tomivosertib', 0.05, 'uM')]",40,13.824074149004524,0.0006631868343265022,0.0006844464991604734,0.0007019964093953572,0.00013613895265313062,0.0006716223558956769,0.0010391721767778863,0.00043936003797049293
CVCL_0332,4,"[('Torkinib', 0.05, 'uM')]",40,13.824074149004524,0.0005677800861859238,0.0006595828443820114,0.0006764952250071912,0.0001240517278607397,0.0006373970505140072,0.0008885479931363612,0.0004933755676861783
CVCL_0332,4,"[('Trametinib', 0.05, 'uM')]",40,13.824074149004524,0.0006472227221746476,0.0008625186023489237,0.0008846344639476141,0.0001863420311544497,0.0004856697543167887,0.0006993853828633415,0.0003902580097089319
CVCL_0332,4,"[('Tubulin inhibitor 6', 0.05, 'uM')]",40,13.824074149004524,0.00043209715516016173,0.0006686129280599058,0.0006857568492922109,9.421070101791243e-05,0.000313224356229508,0.0004482969981616767,0.0002504977815031837
CVCL_0332,4,"[('Tucatinib', 0.05, 'uM')]",40,13.824074149004524,0.0005255839664937255,0.0006428071150263354,0.0006592893487449593,0.0001049080295441201,0.0005508134150737276,0.0007755143482188582,0.00040583994759797515
CVCL_0332,4,"[('ULK-101', 0.05, 'uM')]",40,13.824074149004524,0.0009083304314290008,0.0008374299643002486,0.0008589025274874339,0.0001728103849287195,0.0011915556392477517,0.0017572686655020185,0.0007506085004607737
CVCL_0332,4,"[('Vemurafenib', 0.05, 'uM')]",40,13.824074149004524,0.0004782352402236314,0.000578691272887181,0.0005935295106535189,9.513618288847047e-05,0.0003908970899731504,0.0005228031284758211,0.00031232328101719284
CVCL_0332,4,"[('Volasertib', 0.05, 'uM')]",40,13.824074149004524,0.0004386166956481179,0.0005564112891456066,0.0005706782452775449,8.97698453859419e-05,0.0004024728690965701,0.000539811408529458,0.0003067290502490267
CVCL_0332,4,"[('XRK3F2', 0.05, 'uM')]",40,13.824074149004524,0.0005049464750602241,0.0005982173531330214,0.0006135562596236115,0.00010311049911649035,0.0004562886052124291,0.0006214009289940421,0.00036581904243019014
CVCL_0332,4,"[('c-Kit-IN-1', 0.05, 'uM')]",20,7.522621441830859,0.012485026194614217,0.015215252692866143,0.01601605546617488,0.0011688572758679525,0.008684579810769607,0.008859344346643792,0.008952692744691688
CVCL_0332,4,"[('palbociclib', 0.05, 'uM')]",40,13.824074149004524,0.0006195622950123119,0.0007483446387310949,0.0007675329628011229,0.00014295340917011402,0.0005271157917949883,0.0008450110995946022,0.0003731973146873426
CVCL_0332,4,"[('venetoclax', 0.05, 'uM')]",40,13.824074149004524,0.0008647121420268294,0.000940597786627749,0.0009647156785925627,0.000251815261877707,0.0005532791266755334,0.0008486470979179438,0.0003854878912896807
CVCL_0332,4,"[('vincristine', 0.05, 'uM')]",40,13.824074149004524,0.0006585270721281754,0.001085352200254907,0.0011131817438511864,0.0001535857430287316,0.0006312522310117446,0.0008698500564205097,0.0005388186908775751
CVCL_0366,4,"[('4EGI-1', 0.05, 'uM')]",40,16.957062671990094,0.00046502731990840675,0.0006607185424339065,0.0006776600435219554,7.813646653068909e-05,0.00043382093702243573,0.0006115940389236703,0.00035223320735726913
CVCL_0366,4,"[('9-ING-41', 0.05, 'uM')]",40,16.957062671990094,0.0004530239004859033,0.0009866221709909384,0.0010119201753753205,0.00010605524000387905,0.0003453012585682074,0.0004959811062958939,0.0002765853743729333
CVCL_0366,4,"[('APTO-253', 0.05, 'uM')]",40,16.957062671990094,0.00035106707425120836,0.0005921010369135131,0.0006072831147830901,0.0001249124063575756,0.0003142834336771068,0.0005051754374548653,0.000263654485591155
CVCL_0366,4,"[('AT7519', 0.05, 'uM')]",40,16.957062671990094,0.0003919117691084818,0.0005350257336896355,0.0005487443422457799,0.00010487436403665248,0.0003018818614664404,0.0004810820943470786,0.0002474867014701089
CVCL_0366,4,"[('AZD-7648', 0.05, 'uM')]",40,16.957062671990094,0.00036787945832828184,0.0006964518457580588,0.0007143095853928805,0.0001336571678072209,0.0002890857276924604,0.00043375800850614573,0.00024636882184170185
CVCL_0366,4,"[('AZD-8055', 0.05, 'uM')]",40,16.957062671990094,0.0005338395070174416,0.000710739442859317,0.0007289635311377611,0.00012919503633499057,0.000413127700839529,0.0006485644575390278,0.000342460744285411
CVCL_0366,4,"[('AZD1390', 0.05, 'uM')]",40,16.957062671990094,0.00036982006643135416,0.0005813209834679385,0.0005962266497107059,9.90146721452221e-05,0.0003973825436651218,0.0005565198408294105,0.00035673212677334964
CVCL_0366,4,"[('AZD2858', 0.05, 'uM')]",40,16.957062671990094,0.00047941001874011866,0.0006104682881126683,0.0006261213211411982,0.0001093889261236469,0.00040593012445893305,0.0006140739204863644,0.0003422333326236893
CVCL_0366,4,"[('Abemaciclib', 0.05, 'uM')]",19,11.334833167294724,0.022419261528636564,0.02014576401830614,0.02126497313043426,0.0011296207108217992,0.028780852025278088,0.027397244963625108,0.03013123521697641
CVCL_0366,4,"[('Adagrasib', 0.05, 'uM')]",40,16.957062671990094,0.0004320070748834081,0.0006020027157561187,0.0006174386828267884,5.9542331164935386e-05,0.00018770286137992525,0.0002420939052153587,0.00016500277162071364
CVCL_0366,4,"[('Afatinib', 0.05, 'uM')]",40,16.957062671990094,0.0005950812139912102,0.0007526393028836185,0.0007719377465473004,9.339534332854624e-05,0.0004264092710958232,0.0005864538759680393,0.00034925756816517404
CVCL_0366,4,"[('Alpelisib', 0.05, 'uM')]",40,16.957062671990094,0.000448880958338646,0.0007277048549698177,0.0007463639538151975,0.00011322434074871962,0.0004071412278365208,0.000617176070212086,0.0003497621579084789
CVCL_0366,4,"[('Anastrozole', 0.05, 'uM')]",40,16.957062671990094,0.00034873040279452994,0.0006363709986710464,0.0006526882037651753,0.00011222126895894926,0.0002739204031500431,0.0004323434656987504,0.00023282179156929633
CVCL_0366,4,"[('BAY1125976', 0.05, 'uM')]",40,16.957062671990094,0.00047912293849471213,0.0006525381241906093,0.0006692698709647272,0.00010175400123208536,0.00035088069792861017,0.0005583317110326446,0.0002815506378618147
CVCL_0366,4,"[('BI-3406', 0.05, 'uM')]",40,16.957062671990094,0.0005320752064124895,0.0007248752785845271,0.0007434618241892582,0.0001101245778454561,0.000465421817766053,0.0006738856966229745,0.0003904684788816227
CVCL_0366,4,"[('BI-78D3', 0.05, 'uM')]",40,16.957062671990094,0.0004847987637652904,0.0006574090092091606,0.0006742656504709337,0.00010668164377813585,0.0003365077652219483,0.0005630490921092648,0.0002708071712282941
CVCL_0366,4,"[('Belumosudil (mesylate)', 0.05, 'uM')]",40,16.957062671990094,0.0007233600220408989,0.0007595549370724641,0.0007790307046897064,0.00011945520645838638,0.0006754989556698936,0.0009884549070035625,0.0005589528122460268
CVCL_0366,4,"[('Belzutifan', 0.05, 'uM')]",38,16.499326746076175,0.003009692670679772,0.003216408261111541,0.003303338214114556,0.00016763168757136723,0.003841856892421162,0.0038770041928179,0.0039851048958758194
CVCL_0366,4,"[('Bentamapimod', 0.05, 'uM')]",40,16.957062671990094,0.000571100284704892,0.0007896697698299652,0.0008099177126461183,0.00013529054122755657,0.0004320111484714162,0.0006636143751685879,0.00038125975853549034
CVCL_0366,4,"[('Bimiralisib', 0.05, 'uM')]",40,16.957062671990094,0.0006900313635385587,0.0008237090170880787,0.0008448297611159783,0.00017788973822028585,0.0004348128395823985,0.0006576098567280282,0.0003495654888019212
CVCL_0366,4,"[('Binimetinib', 0.05, 'uM')]",40,16.957062671990094,0.00111094262734907,0.0012519050396301644,0.0012840051688514501,0.0003098202728332637,0.0006955971153920183,0.0010173873015165533,0.0005902515135391889
CVCL_0366,4,"[('Bortezomib', 0.05, 'uM')]",40,16.957062671990094,0.0037214551524958985,0.003680177027374003,0.003774540540896412,0.0018805757929206992,0.003361181279196722,0.006701662468394036,0.0027296133003218244
CVCL_0366,4,"[('Brivudine', 0.05, 'uM')]",40,16.957062671990094,0.0004674433666480847,0.0006690888556185106,0.0006862449801215492,9.619115561561855e-05,0.00036301112066365967,0.0005437436384171451,0.0002904785741394308
CVCL_0366,4,"[('CP21R7', 0.05, 'uM')]",40,16.957062671990094,0.000398338241272387,0.0006121158250448222,0.0006278111026100738,8.227902627493258e-05,0.0003404163326278744,0.000518811067830364,0.00029857033031556137
CVCL_0366,4,"[('Capivasertib', 0.05, 'uM')]",40,16.957062671990094,0.00042493328480488113,0.0006214466840212097,0.0006373812143807278,9.548243469281614e-05,0.0002792953133019854,0.0004331943090039219,0.0002431491157778613
CVCL_0366,4,"[('Capmatinib', 0.05, 'uM')]",40,16.957062671990094,0.0005508494229255319,0.0007901891231657639,0.0008104503827341166,8.64751793173504e-05,0.0003912035494561129,0.0005639753350588139,0.0003072202908200107
CVCL_0366,4,"[('Celecoxib', 0.05, 'uM')]",40,16.957062671990094,0.00040456923243888267,0.0008011386159598756,0.0008216806317537184,0.00011951184659800364,0.00030360908553175603,0.0004462746200484131,0.0002797191871444429
CVCL_0366,4,"[('DT-061', 0.05, 'uM')]",40,16.957062671990094,0.0004419627859143721,0.0008330779318839951,0.000854438904496405,9.654950028787691e-05,0.0003096698912519449,0.0004689708608525885,0.0002590658909731926
CVCL_0366,4,"[('DTP3', 0.05, 'uM')]",25,10.681346984770357,0.02104663114548856,0.017886281807886654,0.01863154354988194,0.0008004975767549884,0.010141694285997196,0.009651398562658696,0.010959260832370775
CVCL_0366,4,"[('Dabrafenib', 0.05, 'uM')]",40,16.957062671990094,0.00048634003052250427,0.0007719273695938998,0.0007917203790706667,0.00011795752718270585,0.0003252945106157787,0.0004887847580550007,0.00028412405997989124
CVCL_0366,4,"[('ERK5-IN-2', 0.05, 'uM')]",40,16.957062671990094,0.00048737195949132884,0.0006676598267729259,0.000684779309510693,0.00012824589385807,0.0003485429626371558,0.0005618058731420863,0.0003046504276704345
CVCL_0366,4,"[('ETC-206', 0.05, 'uM')]",40,16.957062671990094,0.00034629905006554215,0.0004970361941503373,0.0005097807119490638,7.943186896785654e-05,0.00032242141597257603,0.0004764356847090159,0.0002830759936557209
CVCL_0366,4,"[('EX229', 0.05, 'uM')]",40,16.957062671990094,0.0007671466530987148,0.001132909412675615,0.0011619583719749888,0.00020331868185565621,0.0005670537396493028,0.0008516596365702449,0.0004660262491591187
CVCL_0366,4,"[('Elimusertib hydrochloride', 0.05, 'uM')]",40,16.957062671990094,0.0013286945080621154,0.0015911067839823963,0.0016319043938280986,0.00038627398410634326,0.0007327393402565682,0.0011580060670951901,0.0006425744158548064
CVCL_0366,4,"[('Encorafenib', 0.05, 'uM')]",40,16.957062671990094,0.0004446123208748983,0.0005816651748773478,0.0005965796665408694,0.00010269064300551452,0.00032689869688304655,0.0005448207520308184,0.0002718247956008752
CVCL_0366,4,"[('Erdafitinib ', 0.05, 'uM')]",40,16.957062671990094,0.00045845527012030625,0.0005823315843441894,0.0005972631634299378,9.626929167328391e-05,0.0003571889984360505,0.0005326860008188288,0.00029580220878743267
CVCL_0366,4,"[('Everolimus', 0.05, 'uM')]",40,16.957062671990094,0.00048786898072516744,0.0005827111677791049,0.000597652479773441,7.889300009997457e-05,0.00036319224464757225,0.0005344118968836097,0.0002947681541203941
CVCL_0366,4,"[('Futibatinib', 0.05, 'uM')]",40,16.957062671990094,0.00047070875686850864,0.0006625036505118018,0.0006794909236018479,0.0001669007172545966,0.00033910336059850797,0.0006114498930371564,0.00027674537326608493
CVCL_0366,4,"[('GSK1059615', 0.05, 'uM')]",40,16.957062671990094,0.0005772728988360725,0.0006860244775984056,0.0007036148488188774,0.000124691791403539,0.0004833251000386922,0.0007635080645742108,0.0003885611906749538
CVCL_0366,4,"[('Gemcitabine', 0.05, 'uM')]",40,16.957062671990094,0.0005451547131743383,0.0006261878545213357,0.000642243953355216,0.00012553589711396178,0.0003777188668785051,0.0006206872465584504,0.0003098998080197749
CVCL_0366,4,"[('HI-TOPK-032', 0.05, 'uM')]",40,16.957062671990094,0.0005706412998728288,0.0008926694942788438,0.0009155584556706092,0.000156750691437723,0.0006512895919792652,0.0008848729630788159,0.0005762091915139213
CVCL_0366,4,"[('Hydroxyfasudil', 0.05, 'uM')]",38,16.79844764539565,0.0034551396048543123,0.0031575273869985255,0.0032428659650255115,0.0002667873947551946,0.0025623939331635725,0.002682418092182034,0.002591058575834042
CVCL_0366,4,"[('IQ 1', 0.05, 'uM')]",40,16.957062671990094,0.0004909051233635464,0.0006023424017041789,0.0006177870786709526,0.00012346491050884654,0.00034854915465810184,0.0005740213879131201,0.0002905947650029858
CVCL_0366,4,"[('Infigratinib', 0.05, 'uM')]",40,16.957062671990094,0.0005735027686763144,0.0006665040530220331,0.0006835939005354184,0.00016995399132110306,0.0005149648050322611,0.0008418920243057938,0.00042620171680425736
CVCL_0366,4,"[('Ipatasertib', 0.05, 'uM')]",40,16.957062671990094,0.0006015744876167537,0.0008205727195288889,0.0008416130456706548,0.0001413387849215473,0.0005722239934031812,0.000847659834040822,0.0004913270772873449
CVCL_0366,4,"[('Irinotecan', 0.05, 'uM')]",40,16.957062671990094,0.0004371616323806,0.0005528506854085908,0.0005670263440088109,9.586822047976292e-05,0.00030943065055824835,0.0004999206153344239,0.0002600249771854991
CVCL_0366,4,"[('Ixazomib', 0.05, 'uM')]",40,16.957062671990094,0.0007080955014927797,0.0009099209663463951,0.0009332522731757897,0.00011768923709417858,0.000620988490961397,0.000862853268873109,0.0005333228312376685
CVCL_0366,4,"[('LB-100', 0.05, 'uM')]",40,16.957062671990094,0.0003204253749477391,0.0005035483929088129,0.000516459890162885,9.47816486140029e-05,0.0002796334428604616,0.0004134371766986628,0.00023777295813614535
CVCL_0366,4,"[('LJI308', 0.05, 'uM')]",40,16.957062671990094,0.0010107099918358648,0.0009092860251271792,0.0009326010514124916,0.0002644652759062262,0.0009957241844466952,0.0017073783316533721,0.0007779715039869432
CVCL_0366,4,"[('LY-2584702 (tosylate salt)', 0.05, 'uM')]",40,16.957062671990094,0.00042815410558485535,0.0006790368568709574,0.0006964480583291869,0.0001147606848275172,0.00029917893887287695,0.00047126248716386677,0.0002553865452084366
CVCL_0366,4,"[('LY2090314', 0.05, 'uM')]",40,16.957062671990094,0.0004061834604547122,0.0007290208019306845,0.0007477136430058302,0.00010499111937628766,0.0003427437565809036,0.0004847293871994147,0.0002933785062241079
CVCL_0366,4,"[('Lapatinib ditosylate', 0.05, 'uM')]",40,16.957062671990094,0.0003818393858204899,0.0005785457269650532,0.0005933802327846699,7.547579256334161e-05,0.0003927922446001665,0.0005401915276265928,0.00033639174371526614
CVCL_0366,4,"[('Lonafarnib', 0.05, 'uM')]",40,16.957062671990094,0.00040373792328589727,0.0006448393783228746,0.0006613737213567942,0.00011575716024333097,0.00034687220493117877,0.0005553735950759226,0.00026781390307650143
CVCL_0366,4,"[('MK-3903', 0.05, 'uM')]",40,16.957062671990094,0.0005897915751118458,0.000738074675517109,0.0007569996671970349,0.00013543343660304288,0.00044725901051182604,0.000671155191689828,0.00039161506190268176
CVCL_0366,4,"[('MK-8353', 0.05, 'uM')]",40,16.957062671990094,0.0004222522449728607,0.0006138617568930472,0.0006296018019415867,0.0001031165565365999,0.00033853847630668104,0.000533014429154639,0.0002679206847463246
CVCL_0366,4,"[('ML264', 0.05, 'uM')]",40,16.957062671990094,0.0004593822479295741,0.0006370805681899443,0.0006534159673743016,0.00012486106630497148,0.0003621281618513552,0.0005924548397649594,0.0003156812316386932
CVCL_0366,4,"[('Methylprednisolone succinate', 0.05, 'uM')]",19,8.236320437138936,0.026844582754033883,0.021369450429347583,0.022556642119866896,0.0013511281368317365,0.012425310585001018,0.011358420387644674,0.013343305782891961
CVCL_0366,4,"[('Minodronic acid', 0.05, 'uM')]",40,16.957062671990094,0.00042208025702178723,0.0008249501382857182,0.0008461027059340698,0.00013873679898083574,0.0004223729092057904,0.0005972641567756866,0.00034730572145321706
CVCL_0366,4,"[('NG25', 0.05, 'uM')]",40,16.957062671990094,0.0005692010175467845,0.000724691014528456,0.0007432728354138008,0.0001392892062542605,0.00046035210493855185,0.0007436135496796481,0.00037810648358484157
CVCL_0366,4,"[('NVP-BHG712', 0.05, 'uM')]",40,16.957062671990094,0.0004522034993172938,0.0007248162177914173,0.000743401249016838,0.00011561951182841192,0.00038088716653142846,0.0005959612390812946,0.0003346162892232532
CVCL_0366,4,"[('OTS514', 0.05, 'uM')]",40,16.957062671990094,0.0005389748281100839,0.0007448025060379728,0.0007639000061927926,0.00021411136013185677,0.0004927561237088577,0.0009395672705692146,0.000379918446126242
CVCL_0366,4,"[('Oleic acid', 0.05, 'uM')]",40,16.957062671990094,0.0003729355388123869,0.000755576896422828,0.0007749506629977721,0.00012402837358456109,0.00027637457499380313,0.00044025246532871336,0.00023374594428525645
CVCL_0366,4,"[('Oxaliplatin', 0.05, 'uM')]",40,16.957062671990094,0.0005124417901921772,0.0006704226493152843,0.0006876129736567017,0.0001478110195139669,0.0004856997647535456,0.00078683231132669,0.00039284736623635736
CVCL_0366,4,"[('PF-06260933', 0.05, 'uM')]",24,12.191847351769136,0.024631289216421978,0.01928432071319111,0.020122769439851588,0.0009555753805852396,0.003694142533970834,0.003389317717048631,0.004836038827847302
CVCL_0366,4,"[('PH-797804', 0.05, 'uM')]",40,16.957062671990094,0.00038700668526311444,0.000707690056535725,0.0007258359554212562,9.38504675680501e-05,0.00034535910832166625,0.0004892905226656243,0.00031156943371982626
CVCL_0366,4,"[('Paclitaxel', 0.05, 'uM')]",40,16.957062671990094,0.0004190633236510603,0.0005633207921561063,0.0005777649150319038,0.0001347225498917071,0.00031515673287945567,0.0005103130355394997,0.00027062954856376113
CVCL_0366,4,"[('Pemigatinib', 0.05, 'uM')]",40,16.957062671990094,0.0005121323101371079,0.0007880584210869348,0.000808265047268651,0.00013452504942614455,0.00042386022180886953,0.0006772973478715108,0.000330214700940812
CVCL_0366,4,"[('Pimitespib', 0.05, 'uM')]",40,16.957062671990094,0.0006018901018456725,0.0006932468941506822,0.0007110224555391613,0.00011954301634394518,0.00045507435531189213,0.000695097349577302,0.0003730861746914269
CVCL_0366,4,"[('Pralsetinib', 0.05, 'uM')]",40,16.957062671990094,0.000591879615438912,0.0007454729114585507,0.0007645876014959498,0.00010216870837323038,0.0003555684197386739,0.0005356012976287086,0.00026195666342101825
CVCL_0366,4,"[('RMC-6236', 0.05, 'uM')]",40,16.957062671990094,0.0005093782489731961,0.0008115262500298831,0.0008323346154152647,0.00015839410844224516,0.0004255684766325581,0.0006390824745996102,0.0003760297335344749
CVCL_0366,4,"[('Ralimetinib dimesylate', 0.05, 'uM')]",16,6.9599935367422265,0.019863750080969706,0.020290775706866635,0.021643494087324414,0.001469817554085215,0.011380346385263114,0.009994993568701907,0.01404653248856907
CVCL_0366,4,"[('Regorafenib', 0.05, 'uM')]",40,16.957062671990094,0.00041783940057758394,0.0006457124211436636,0.0006622691498909365,0.00010311488232015225,0.0003450209243740261,0.0004989411108590565,0.0002955380839617663
CVCL_0366,4,"[('SBI-0640756', 0.05, 'uM')]",40,16.957062671990094,0.00045948294538045224,0.000583505223410866,0.0005984668958060161,8.405241716992725e-05,0.00048709640943093595,0.0006570391874190078,0.00039657344919334734
CVCL_0366,4,"[('Sapanisertib', 0.05, 'uM')]",40,16.957062671990094,0.0006449600673046498,0.000811248911553871,0.0008320501656962776,0.0001972883090134519,0.0006091443517853432,0.0009539969513579827,0.0005229336044897907
CVCL_0366,4,"[('Sonidegib', 0.05, 'uM')]",39,16.90714960436787,0.007344913367017941,0.00653514869286349,0.006707126290044112,0.0005354219050814766,0.0036334430388381663,0.004274749333548669,0.0035151026613207325
CVCL_0366,4,"[('TAK-733', 0.05, 'uM')]",40,16.957062671990094,0.0005194204279479156,0.0006947443013159825,0.0007125582577599823,0.00013630821305127356,0.0005352849951635616,0.0007740208892279427,0.00045904759724449884
CVCL_0366,4,"[('TAK-901', 0.05, 'uM')]",40,16.957062671990094,0.0011986018812268498,0.0013320222165578367,0.001366176632367012,0.0002569599926511572,0.0007914763269798393,0.001122466520137434,0.0007060724607399243
CVCL_0366,4,"[('Temuterkib', 0.05, 'uM')]",40,16.957062671990094,0.0004383748524881342,0.0006150209031454387,0.0006307906698927574,0.00012451678193275175,0.0003801732990296538,0.0005821707407858466,0.0003496698203556601
CVCL_0366,4,"[('Tomivosertib', 0.05, 'uM')]",40,16.957062671990094,0.0005722638898128584,0.0006844464991604734,0.0007019964093953572,0.00013613895265313062,0.0003628943878793075,0.0006051862403796252,0.0002908637193866517
CVCL_0366,4,"[('Torkinib', 0.05, 'uM')]",40,16.957062671990094,0.0004842609813761468,0.0006595828443820114,0.0006764952250071912,0.0001240517278607397,0.00033859312206085555,0.0005740314987457151,0.0002818712784982912
CVCL_0366,4,"[('Trametinib', 0.05, 'uM')]",40,16.957062671990094,0.0005878678260475362,0.0008625186023489237,0.0008846344639476141,0.0001863420311544497,0.00047086052730598753,0.000729844469063936,0.00039564695316651543
CVCL_0366,4,"[('Tubulin inhibitor 6', 0.05, 'uM')]",40,16.957062671990094,0.0003734781779148241,0.0006686129280599058,0.0006857568492922109,9.421070101791243e-05,0.0002268872176673073,0.0003657834548010993,0.00020436405872337142
CVCL_0366,4,"[('Tucatinib', 0.05, 'uM')]",40,16.957062671990094,0.00046045849564659236,0.0006428071150263354,0.0006592893487449593,0.0001049080295441201,0.00037722505109553955,0.0005839699036718573,0.00031707113102953427
CVCL_0366,4,"[('ULK-101', 0.05, 'uM')]",40,16.957062671990094,0.0007449665872732061,0.0008374299643002486,0.0008589025274874339,0.0001728103849287195,0.0006751468633450561,0.0011141498510207888,0.0005048511758661391
CVCL_0366,4,"[('Vemurafenib', 0.05, 'uM')]",40,16.957062671990094,0.00041804335558246695,0.000578691272887181,0.0005935295106535189,9.513618288847047e-05,0.00027467421374614007,0.0004251260735436205,0.0002403028806826285
CVCL_0366,4,"[('Volasertib', 0.05, 'uM')]",40,16.957062671990094,0.00037656234236066525,0.0005564112891456066,0.0005706782452775449,8.97698453859419e-05,0.00026142555502400345,0.00039541631000041276,0.00022178558608225722
CVCL_0366,4,"[('XRK3F2', 0.05, 'uM')]",40,16.957062671990094,0.0004521287202286859,0.0005982173531330214,0.0006135562596236115,0.00010311049911649035,0.00035074425155766804,0.0005131613061329956,0.00029540534616238765
CVCL_0366,4,"[('c-Kit-IN-1', 0.05, 'uM')]",20,8.357550059024316,0.014163867165825536,0.015215252692866143,0.01601605546617488,0.0011688572758679525,0.010565264669021829,0.010564115507428671,0.011144818786052951
CVCL_0366,4,"[('olaparib', 0.05, 'uM')]",32,14.164794105057322,0.03306766075998721,0.023517693836209785,0.024276329121248812,0.0008517836544370551,0.03370239795200897,0.03389843627911509,0.03353779651306147
CVCL_0366,4,"[('palbociclib', 0.05, 'uM')]",40,16.957062671990094,0.0005445934691156746,0.0007483446387310949,0.0007675329628011229,0.00014295340917011402,0.0005441750739623503,0.0008455934642085428,0.00043630058717694263
CVCL_0366,4,"[('venetoclax', 0.05, 'uM')]",40,16.957062671990094,0.0007851208497184424,0.000940597786627749,0.0009647156785925627,0.000251815261877707,0.0005289806304430699,0.0008067026059506274,0.0004221567544552172
CVCL_0366,4,"[('vincristine', 0.05, 'uM')]",40,16.957062671990094,0.0006142808812719532,0.001085352200254907,0.0011131817438511864,0.0001535857430287316,0.0005021632088288748,0.0007390086252315788,0.0004478143681091014
CVCL_0371,4,"[('4EGI-1', 0.05, 'uM')]",40,22.189388875140615,0.0005508320904780973,0.0006607185424339065,0.0006776600435219554,7.813646653068909e-05,0.0004997080384857417,0.0005239562627890582,0.00043282179158128013
CVCL_0371,4,"[('9-ING-41', 0.05, 'uM')]",40,22.189388875140615,0.0007245260456038471,0.0009866221709909384,0.0010119201753753205,0.00010605524000387905,0.0005144394221948544,0.0005845844336667315,0.00044448363642377167
CVCL_0371,4,"[('APTO-253', 0.05, 'uM')]",40,22.189388875140615,0.0005001365482227266,0.0005921010369135131,0.0006072831147830901,0.0001249124063575756,0.00036043156559039427,0.000503201504018158,0.000307979147682009
CVCL_0371,4,"[('AT7519', 0.05, 'uM')]",40,22.189388875140615,0.0004581716813094244,0.0005350257336896355,0.0005487443422457799,0.00010487436403665248,0.00036033072706375107,0.0003859497256897122,0.0002942062927190915
CVCL_0371,4,"[('AZD-7648', 0.05, 'uM')]",40,22.189388875140615,0.0005907128010385529,0.0006964518457580588,0.0007143095853928805,0.0001336571678072209,0.00037388773394362283,0.0005109208217739851,0.00032042995501474166
CVCL_0371,4,"[('AZD-8055', 0.05, 'uM')]",40,22.189388875140615,0.0006318245186112103,0.000710739442859317,0.0007289635311377611,0.00012919503633499057,0.0005221714359209351,0.0005946251581802461,0.000440976812330957
CVCL_0371,4,"[('AZD1390', 0.05, 'uM')]",40,22.189388875140615,0.000491450261820488,0.0005813209834679385,0.0005962266497107059,9.90146721452221e-05,0.0004275918578731746,0.000535038141413784,0.0003683419931660538
CVCL_0371,4,"[('AZD2858', 0.05, 'uM')]",40,22.189388875140615,0.0005262466170355132,0.0006104682881126683,0.0006261213211411982,0.0001093889261236469,0.00042342520351417546,0.0004260108593161193,0.0003410279699265659
CVCL_0371,4,"[('Adagrasib', 0.05, 'uM')]",40,22.189388875140615,0.0004317237813186705,0.0006020027157561187,0.0006174386828267884,5.9542331164935386e-05,0.000257670838948092,0.0002635156122636768,0.00021150757404692164
CVCL_0371,4,"[('Afatinib', 0.05, 'uM')]",40,22.189388875140615,0.0006875748067922258,0.0007526393028836185,0.0007719377465473004,9.339534332854624e-05,0.0005498039354353775,0.0005687017804002838,0.0004408464349313785
CVCL_0371,4,"[('Alpelisib', 0.05, 'uM')]",40,22.189388875140615,0.0005968062252671089,0.0007277048549698177,0.0007463639538151975,0.00011322434074871962,0.00042290013347119935,0.000456934716190567,0.0003663245831436302
CVCL_0371,4,"[('Anastrozole', 0.05, 'uM')]",40,22.189388875140615,0.0005185908516337242,0.0006363709986710464,0.0006526882037651753,0.00011222126895894926,0.00042133240050095923,0.0005375358195027235,0.0003570871608990264
CVCL_0371,4,"[('BAY1125976', 0.05, 'uM')]",40,22.189388875140615,0.0005668138807373848,0.0006525381241906093,0.0006692698709647272,0.00010175400123208536,0.0005588819176764461,0.000613065047931931,0.0004782857930061695
CVCL_0371,4,"[('BI-3406', 0.05, 'uM')]",40,22.189388875140615,0.000620744074915321,0.0007248752785845271,0.0007434618241892582,0.0001101245778454561,0.0005638831584719571,0.0006290114620102537,0.00047608461024249596
CVCL_0371,4,"[('BI-78D3', 0.05, 'uM')]",40,22.189388875140615,0.00056980934441938,0.0006574090092091606,0.0006742656504709337,0.00010668164377813585,0.0005070236738491614,0.0005190472156144551,0.0004247444635820926
CVCL_0371,4,"[('Belumosudil (mesylate)', 0.05, 'uM')]",40,22.189388875140615,0.0005700527801407042,0.0007595549370724641,0.0007790307046897064,0.00011945520645838638,0.0023368406061571884,0.002474136132419887,0.0022065529075005435
CVCL_0371,4,"[('Belzutifan', 0.05, 'uM')]",38,20.648646122912467,0.002168499366394257,0.003216408261111541,0.003303338214114556,0.00016763168757136723,0.0009813681316214581,0.0010451103754414224,0.0009136418555916676
CVCL_0371,4,"[('Bentamapimod', 0.05, 'uM')]",40,22.189388875140615,0.000735530902701455,0.0007896697698299652,0.0008099177126461183,0.00013529054122755657,0.0006596817882610065,0.0007364031380115547,0.0005445183279272207
CVCL_0371,4,"[('Bimiralisib', 0.05, 'uM')]",40,22.189388875140615,0.0007913325039095012,0.0008237090170880787,0.0008448297611159783,0.00017788973822028585,0.0007649005749691129,0.0008581192487556572,0.0006173869097059186
CVCL_0371,4,"[('Binimetinib', 0.05, 'uM')]",40,22.189388875140615,0.001153412923873999,0.0012519050396301644,0.0012840051688514501,0.0003098202728332637,0.0006693335671457596,0.0006401112297931032,0.0005386899980322568
CVCL_0371,4,"[('Bortezomib', 0.05, 'uM')]",40,22.189388875140615,0.0037244741922601047,0.003680177027374003,0.003774540540896412,0.0018805757929206992,0.004251246567328909,0.006180770914552729,0.003419004044657085
CVCL_0371,4,"[('Brivudine', 0.05, 'uM')]",40,22.189388875140615,0.000588218751789099,0.0006690888556185106,0.0006862449801215492,9.619115561561855e-05,0.0005201983127564687,0.0005306582400432165,0.000452423436165453
CVCL_0371,4,"[('CP21R7', 0.05, 'uM')]",40,22.189388875140615,0.0005157123142657616,0.0006121158250448222,0.0006278111026100738,8.227902627493258e-05,0.0004385757252426558,0.00046201315131905396,0.0003762118294582177
CVCL_0371,4,"[('Capivasertib', 0.05, 'uM')]",40,22.189388875140615,0.0005200646516212147,0.0006214466840212097,0.0006373812143807278,9.548243469281614e-05,0.0003949862889330872,0.00039653916172941,0.0003295214498289752
CVCL_0371,4,"[('Capmatinib', 0.05, 'uM')]",40,22.189388875140615,0.0006924849981513432,0.0007901891231657639,0.0008104503827341166,8.64751793173504e-05,0.0004348264150817377,0.00044678559662242844,0.0003607005246528451
CVCL_0371,4,"[('Celecoxib', 0.05, 'uM')]",40,22.189388875140615,0.0006373412726099445,0.0008011386159598756,0.0008216806317537184,0.00011951184659800364,0.00035366325981441325,0.000419930018425969,0.00030381666734707224
CVCL_0371,4,"[('DT-061', 0.05, 'uM')]",40,22.189388875140615,0.0006483724156451443,0.0008330779318839951,0.000854438904496405,9.654950028787691e-05,0.00037904815562952846,0.00041287589985056786,0.0003215800604316038
CVCL_0371,4,"[('DTP3', 0.05, 'uM')]",25,14.901452461733918,0.017098493584887887,0.017886281807886654,0.01863154354988194,0.0008004975767549884,0.009199241128380675,0.008786146228632137,0.009843092416847832
CVCL_0371,4,"[('Dabrafenib', 0.05, 'uM')]",40,22.189388875140615,0.0006891009786877924,0.0007719273695938998,0.0007917203790706667,0.00011795752718270585,0.0005029711580100099,0.0005750975419545263,0.0004397271316932099
CVCL_0371,4,"[('ERK5-IN-2', 0.05, 'uM')]",40,22.189388875140615,0.0005587194640116078,0.0006676598267729259,0.000684779309510693,0.00012824589385807,0.0005675105871767283,0.000671477537811421,0.00048080767100962236
CVCL_0371,4,"[('ETC-206', 0.05, 'uM')]",40,22.189388875140615,0.00041958921324089434,0.0004970361941503373,0.0005097807119490638,7.943186896785654e-05,0.0003430280820860286,0.0004060841707619415,0.0003002506577320342
CVCL_0371,4,"[('EX229', 0.05, 'uM')]",40,22.189388875140615,0.001001142445645117,0.001132909412675615,0.0011619583719749888,0.00020331868185565621,0.0006751304955661969,0.0007535942000550401,0.0005605146729676452
CVCL_0371,4,"[('Elimusertib hydrochloride', 0.05, 'uM')]",40,22.189388875140615,0.0015345077810010597,0.0015911067839823963,0.0016319043938280986,0.00038627398410634326,0.0009304329705625994,0.0009614446799541403,0.0007643029380330346
CVCL_0371,4,"[('Encorafenib', 0.05, 'uM')]",40,22.189388875140615,0.0005127443372463416,0.0005816651748773478,0.0005965796665408694,0.00010269064300551452,0.0004772109865739208,0.000509270019810595,0.0004037262810401567
CVCL_0371,4,"[('Erdafitinib ', 0.05, 'uM')]",40,22.189388875140615,0.0005084509712449894,0.0005823315843441894,0.0005972631634299378,9.626929167328391e-05,0.00040988523048542417,0.0004206400820943753,0.00033987637291023895
CVCL_0371,4,"[('Everolimus', 0.05, 'uM')]",40,22.189388875140615,0.0005199093956623459,0.0005827111677791049,0.000597652479773441,7.889300009997457e-05,0.00041401306909804756,0.00040522643097836076,0.00031914224209144744
CVCL_0371,4,"[('Futibatinib', 0.05, 'uM')]",40,22.189388875140615,0.0005493395792537989,0.0006625036505118018,0.0006794909236018479,0.0001669007172545966,0.00045415940329909127,0.00048241508290897285,0.00038359394391368744
CVCL_0371,4,"[('GSK1059615', 0.05, 'uM')]",40,22.189388875140615,0.0006170070152050519,0.0006860244775984056,0.0007036148488188774,0.000124691791403539,0.0006216362905103163,0.0006636685905231399,0.0004950207876547836
CVCL_0371,4,"[('Gemcitabine', 0.05, 'uM')]",40,22.189388875140615,0.0005653713971493775,0.0006261878545213357,0.000642243953355216,0.00012553589711396178,0.0005668047006616221,0.0005878186802800574,0.00045432384571859966
CVCL_0371,4,"[('HI-TOPK-032', 0.05, 'uM')]",40,22.189388875140615,0.0007360676753168414,0.0008926694942788438,0.0009155584556706092,0.000156750691437723,0.00044265888201913353,0.0005096118940939211,0.0003839636543818058
CVCL_0371,4,"[('Hydroxyfasudil', 0.05, 'uM')]",38,20.928405088521593,0.00249267087177059,0.0031575273869985255,0.0032428659650255115,0.0002667873947551946,0.0045225146912852504,0.004698568280977888,0.0042992173047253016
CVCL_0371,4,"[('IQ 1', 0.05, 'uM')]",40,22.189388875140615,0.0005101134334187361,0.0006023424017041789,0.0006177870786709526,0.00012346491050884654,0.00043036751832290946,0.000450275346185513,0.00036215053878287904
CVCL_0371,4,"[('Infigratinib', 0.05, 'uM')]",40,22.189388875140615,0.0005744119951089688,0.0006665040530220331,0.0006835939005354184,0.00016995399132110306,0.00048765394324047,0.0006297782729459325,0.0003966161421061077
CVCL_0371,4,"[('Ipatasertib', 0.05, 'uM')]",40,22.189388875140615,0.0007066036465413874,0.0008205727195288889,0.0008416130456706548,0.0001413387849215473,0.0007040236547522769,0.0007330244938085496,0.0005753549106672305
CVCL_0371,4,"[('Irinotecan', 0.05, 'uM')]",40,22.189388875140615,0.0004962117136819864,0.0005528506854085908,0.0005670263440088109,9.586822047976292e-05,0.0004106086292970377,0.000448493006793971,0.0003364161492424907
CVCL_0371,4,"[('Ixazomib', 0.05, 'uM')]",40,22.189388875140615,0.0007513201673920796,0.0009099209663463951,0.0009332522731757897,0.00011768923709417858,0.0007416269431191109,0.0007236429777020905,0.0006244355299217379
CVCL_0371,4,"[('LB-100', 0.05, 'uM')]",40,22.189388875140615,0.00041723715731611054,0.0005035483929088129,0.000516459890162885,9.47816486140029e-05,0.0003318649655562851,0.0004407071760727743,0.0002941370513334596
CVCL_0371,4,"[('LJI308', 0.05, 'uM')]",40,22.189388875140615,0.0007527798907329222,0.0009092860251271792,0.0009326010514124916,0.0002644652759062262,0.0025464701086232557,0.0026821694600821836,0.00239341012127048
CVCL_0371,4,"[('LY-2584702 (tosylate salt)', 0.05, 'uM')]",40,22.189388875140615,0.0005575926066277937,0.0006790368568709574,0.0006964480583291869,0.0001147606848275172,0.0004264165123120094,0.00046848738573907226,0.0003674922077624739
CVCL_0371,4,"[('LY2090314', 0.05, 'uM')]",40,22.189388875140615,0.000613790727944585,0.0007290208019306845,0.0007477136430058302,0.00010499111937628766,0.0004102410081655469,0.0004901594194588628,0.00035126393812473646
CVCL_0371,4,"[('Lapatinib ditosylate', 0.05, 'uM')]",40,22.189388875140615,0.0005021272752752888,0.0005785457269650532,0.0005933802327846699,7.547579256334161e-05,0.000357404467921761,0.00038532586374477606,0.0003109247325749148
CVCL_0371,4,"[('Lonafarnib', 0.05, 'uM')]",40,22.189388875140615,0.0005431551291610786,0.0006448393783228746,0.0006613737213567942,0.00011575716024333097,0.0003941079230840081,0.0004863603145869526,0.00033360146834950994
CVCL_0371,4,"[('MK-3903', 0.05, 'uM')]",40,22.189388875140615,0.0006400632685193776,0.000738074675517109,0.0007569996671970349,0.00013543343660304288,0.0005461288258756942,0.0006149549701967316,0.0004409598985996084
CVCL_0371,4,"[('MK-8353', 0.05, 'uM')]",40,22.189388875140615,0.0005349944504808044,0.0006138617568930472,0.0006296018019415867,0.0001031165565365999,0.0004186714000706503,0.0004633851840620849,0.0003511459439170916
CVCL_0371,4,"[('ML264', 0.05, 'uM')]",40,22.189388875140615,0.0005553261665195757,0.0006370805681899443,0.0006534159673743016,0.00012486106630497148,0.0004578075901889295,0.0004962886230373254,0.00038092500917439405
CVCL_0371,4,"[('Methylprednisolone succinate', 0.05, 'uM')]",19,10.436530708691054,0.020267487893200712,0.021369450429347583,0.022556642119866896,0.0013511281368317365,0.025907107420329853,0.025946272843552172,0.02601212660835783
CVCL_0371,4,"[('Minodronic acid', 0.05, 'uM')]",40,22.189388875140615,0.0006792758089601766,0.0008249501382857182,0.0008461027059340698,0.00013873679898083574,0.0004297422743772784,0.0005971157598935619,0.00035610297973648873
CVCL_0371,4,"[('NG25', 0.05, 'uM')]",40,22.189388875140615,0.0006205571279598098,0.000724691014528456,0.0007432728354138008,0.0001392892062542605,0.0005299944642707652,0.0005483866544953298,0.0004383475154366009
CVCL_0371,4,"[('NVP-BHG712', 0.05, 'uM')]",40,22.189388875140615,0.0005975690867652215,0.0007248162177914173,0.000743401249016838,0.00011561951182841192,0.000524496881173846,0.0006202793647048315,0.0004538442772380564
CVCL_0371,4,"[('OTS514', 0.05, 'uM')]",40,22.189388875140615,0.0006093700379918855,0.0007448025060379728,0.0007639000061927926,0.00021411136013185677,0.0005323297936022241,0.0005727087889032414,0.00043699674838279274
CVCL_0371,4,"[('Oleic acid', 0.05, 'uM')]",40,22.189388875140615,0.0006210452103508519,0.000755576896422828,0.0007749506629977721,0.00012402837358456109,0.00043081430233043116,0.0006252559080216886,0.00036839127106553794
CVCL_0371,4,"[('Oxaliplatin', 0.05, 'uM')]",40,22.189388875140615,0.0005869064382469419,0.0006704226493152843,0.0006876129736567017,0.0001478110195139669,0.0005313112336081471,0.0005861141068051863,0.00044423097667835434
CVCL_0371,4,"[('PH-797804', 0.05, 'uM')]",40,22.189388875140615,0.000610844068624131,0.000707690056535725,0.0007258359554212562,9.38504675680501e-05,0.0003980713668944049,0.00042184972523369603,0.0003352260187198928
CVCL_0371,4,"[('Paclitaxel', 0.05, 'uM')]",40,22.189388875140615,0.0005091644765140444,0.0005633207921561063,0.0005777649150319038,0.0001347225498917071,0.0005267441188221675,0.0006944982703795832,0.0004435514899542289
CVCL_0371,4,"[('Pemigatinib', 0.05, 'uM')]",40,22.189388875140615,0.0006426143978883983,0.0007880584210869348,0.000808265047268651,0.00013452504942614455,0.0004922446205509964,0.0005111706103929219,0.00040987759505904295
CVCL_0371,4,"[('Pimitespib', 0.05, 'uM')]",40,22.189388875140615,0.0005704114225826045,0.0006932468941506822,0.0007110224555391613,0.00011954301634394518,0.0003769900442068398,0.00033751761127246213,0.0003041178618482725
CVCL_0371,4,"[('Pralsetinib', 0.05, 'uM')]",40,22.189388875140615,0.0006524038928814173,0.0007454729114585507,0.0007645876014959498,0.00010216870837323038,0.0005099902316483725,0.0005282715197622955,0.0004097335408478908
CVCL_0371,4,"[('RMC-6236', 0.05, 'uM')]",40,22.189388875140615,0.000703874567418983,0.0008115262500298831,0.0008323346154152647,0.00015839410844224516,0.0005884610699283154,0.0007003058365361979,0.0005032801790032337
CVCL_0371,4,"[('Regorafenib', 0.05, 'uM')]",40,22.189388875140615,0.0005345122113679599,0.0006457124211436636,0.0006622691498909365,0.00010311488232015225,0.0004280752907997063,0.0005005361524099978,0.000367402071986805
CVCL_0371,4,"[('SBI-0640756', 0.05, 'uM')]",40,22.189388875140615,0.0005278515526381348,0.000583505223410866,0.0005984668958060161,8.405241716992725e-05,0.0005751620674191354,0.0006279626035695731,0.00048820151840022
CVCL_0371,4,"[('Sapanisertib', 0.05, 'uM')]",40,22.189388875140615,0.0007002985782679421,0.000811248911553871,0.0008320501656962776,0.0001972883090134519,0.000853004254304518,0.0009981515912610137,0.0007325090907277745
CVCL_0371,4,"[('Sonidegib', 0.05, 'uM')]",39,21.69586098425413,0.004843609383452658,0.00653514869286349,0.006707126290044112,0.0005354219050814766,0.0050392089807331205,0.004966839313186755,0.0048767533605992884
CVCL_0371,4,"[('TAK-733', 0.05, 'uM')]",40,22.189388875140615,0.0006240572492952763,0.0006947443013159825,0.0007125582577599823,0.00013630821305127356,0.0005080259606965846,0.0005796973573296628,0.0004254757102141453
CVCL_0371,4,"[('TAK-901', 0.05, 'uM')]",40,22.189388875140615,0.0012684609956948576,0.0013320222165578367,0.001366176632367012,0.0002569599926511572,0.0009098275276525674,0.0010674908475052493,0.0008585800884914638
CVCL_0371,4,"[('Temuterkib', 0.05, 'uM')]",40,22.189388875140615,0.0005241547826501896,0.0006150209031454387,0.0006307906698927574,0.00012451678193275175,0.000464807553933673,0.0005638779939189726,0.0003933960996697121
CVCL_0371,4,"[('Tomivosertib', 0.05, 'uM')]",40,22.189388875140615,0.0005957219604755949,0.0006844464991604734,0.0007019964093953572,0.00013613895265313062,0.0005473698972564371,0.0005936209670078627,0.0004391412295703592
CVCL_0371,4,"[('Torkinib', 0.05, 'uM')]",40,22.189388875140615,0.0005614628862234449,0.0006595828443820114,0.0006764952250071912,0.0001240517278607397,0.0005333635331190523,0.000602147829730214,0.00045596565361280176
CVCL_0371,4,"[('Trametinib', 0.05, 'uM')]",40,22.189388875140615,0.0007425057250622305,0.0008625186023489237,0.0008846344639476141,0.0001863420311544497,0.0006111377990212538,0.0006963902652205171,0.0005253774531735997
CVCL_0371,4,"[('Tubulin inhibitor 6', 0.05, 'uM')]",40,22.189388875140615,0.0005608502266300162,0.0006686129280599058,0.0006857568492922109,9.421070101791243e-05,0.0003439168634494717,0.0003872795926386022,0.0002936239417176505
CVCL_0371,4,"[('Tucatinib', 0.05, 'uM')]",40,22.189388875140615,0.0005504660422391875,0.0006428071150263354,0.0006592893487449593,0.0001049080295441201,0.00045746303462271097,0.00052061279221667,0.0003802524109759234
CVCL_0371,4,"[('ULK-101', 0.05, 'uM')]",40,22.189388875140615,0.0007313267035191401,0.0008374299643002486,0.0008589025274874339,0.0001728103849287195,0.0006723384510417627,0.0007039461383360401,0.0005273091305820585
CVCL_0371,4,"[('Vemurafenib', 0.05, 'uM')]",40,22.189388875140615,0.0005074968486654366,0.000578691272887181,0.0005935295106535189,9.513618288847047e-05,0.0004745352305838876,0.0005692673588887547,0.00040548784306136334
CVCL_0371,4,"[('Volasertib', 0.05, 'uM')]",40,22.189388875140615,0.0004910794208806772,0.0005564112891456066,0.0005706782452775449,8.97698453859419e-05,0.0003910700412684954,0.000501191609838262,0.000335779881881102
CVCL_0371,4,"[('XRK3F2', 0.05, 'uM')]",40,22.189388875140615,0.0005418040894652717,0.0005982173531330214,0.0006135562596236115,0.00010311049911649035,0.00048736432515483454,0.0005319671059438898,0.0004223816501538454
CVCL_0371,4,"[('olaparib', 0.05, 'uM')]",32,18.177725602273224,0.015604126227016402,0.023517693836209785,0.024276329121248812,0.0008517836544370551,0.052698221386659146,0.050667341402091275,0.05111083094025444
CVCL_0371,4,"[('palbociclib', 0.05, 'uM')]",40,22.189388875140615,0.0006392181382920164,0.0007483446387310949,0.0007675329628011229,0.00014295340917011402,0.0004524172224393173,0.00046786706570105154,0.0003584548110695479
CVCL_0371,4,"[('venetoclax', 0.05, 'uM')]",40,22.189388875140615,0.0009506779285263755,0.000940597786627749,0.0009647156785925627,0.000251815261877707,0.000604210704719567,0.0006505160381620853,0.0004734915645595863
CVCL_0371,4,"[('vincristine', 0.05, 'uM')]",40,22.189388875140615,0.000921531950187175,0.001085352200254907,0.0011131817438511864,0.0001535857430287316,0.000516698573536693,0.0005499591296839294,0.0004329781724524995
CVCL_0397,4,"[('4EGI-1', 0.05, 'uM')]",40,17.756918689717185,0.0004359806688531189,0.0006607185424339065,0.0006776600435219554,7.813646653068909e-05,0.0005110491503807895,0.0005553110249164577,0.00044164150006954496
CVCL_0397,4,"[('9-ING-41', 0.05, 'uM')]",40,17.756918689717185,0.0005008200531036115,0.0009866221709909384,0.0010119201753753205,0.00010605524000387905,0.0005947694539498434,0.0007133833824174709,0.0004989287715827107
CVCL_0397,4,"[('APTO-253', 0.05, 'uM')]",40,17.756918689717185,0.0003795857783439714,0.0005921010369135131,0.0006072831147830901,0.0001249124063575756,0.0003492645432609187,0.00044375511959594496,0.00029245006144457754
CVCL_0397,4,"[('AT7519', 0.05, 'uM')]",40,17.756918689717185,0.000368050624728889,0.0005350257336896355,0.0005487443422457799,0.00010487436403665248,0.00042973811224833214,0.0004921117335834282,0.0003690706052105236
CVCL_0397,4,"[('AZD-7648', 0.05, 'uM')]",40,17.756918689717185,0.0004388742460259648,0.0006964518457580588,0.0007143095853928805,0.0001336571678072209,0.000511185225684353,0.0005942239468919748,0.00042736568298912616
CVCL_0397,4,"[('AZD-8055', 0.05, 'uM')]",40,17.756918689717185,0.0005268493522873583,0.000710739442859317,0.0007289635311377611,0.00012919503633499057,0.0007302973391777625,0.0008724706072101908,0.0006123862270370125
CVCL_0397,4,"[('AZD1390', 0.05, 'uM')]",40,17.756918689717185,0.0003811161847713387,0.0005813209834679385,0.0005962266497107059,9.90146721452221e-05,0.00038530227927144247,0.0004890980823800475,0.0003261264733518886
CVCL_0397,4,"[('AZD2858', 0.05, 'uM')]",40,17.756918689717185,0.0004338172574104305,0.0006104682881126683,0.0006261213211411982,0.0001093889261236469,0.0004988486171450896,0.0005116591963075875,0.00041705111297474104
CVCL_0397,4,"[('Abemaciclib', 0.05, 'uM')]",19,9.75907931111164,0.016491795899008503,0.02014576401830614,0.02126497313043426,0.0011296207108217992,0.04159220438385646,0.041349516673482425,0.04183186374378165
CVCL_0397,4,"[('Adagrasib', 0.05, 'uM')]",40,17.756918689717185,0.000324916427758257,0.0006020027157561187,0.0006174386828267884,5.9542331164935386e-05,0.0002060368376119427,0.0002230247864940647,0.00016984852601505942
CVCL_0397,4,"[('Afatinib', 0.05, 'uM')]",40,17.756918689717185,0.000592438124313888,0.0007526393028836185,0.0007719377465473004,9.339534332854624e-05,0.0007459534626718008,0.0008066649574264731,0.0005971633728866423
CVCL_0397,4,"[('Alpelisib', 0.05, 'uM')]",40,17.756918689717185,0.0004547733761172721,0.0007277048549698177,0.0007463639538151975,0.00011322434074871962,0.0004653150114078981,0.0005517233074467173,0.0003959942993032932
CVCL_0397,4,"[('Anastrozole', 0.05, 'uM')]",40,17.756918689717185,0.00039024397360858657,0.0006363709986710464,0.0006526882037651753,0.00011222126895894926,0.00043750872062873905,0.0005213614902208281,0.00036878239881831285
CVCL_0397,4,"[('BAY1125976', 0.05, 'uM')]",40,17.756918689717185,0.0004710880159577347,0.0006525381241906093,0.0006692698709647272,0.00010175400123208536,0.0006814579696201279,0.0007355262560328668,0.0005872830374554766
CVCL_0397,4,"[('BI-3406', 0.05, 'uM')]",40,17.756918689717185,0.0005059452401120214,0.0007248752785845271,0.0007434618241892582,0.0001101245778454561,0.0006245652037766265,0.0007260498778270159,0.0005094574903485679
CVCL_0397,4,"[('BI-78D3', 0.05, 'uM')]",40,17.756918689717185,0.0004650096187121276,0.0006574090092091606,0.0006742656504709337,0.00010668164377813585,0.0007071361865695129,0.0007433005357027393,0.0006006243660467716
CVCL_0397,4,"[('Belumosudil (mesylate)', 0.05, 'uM')]",40,17.756918689717185,0.0004538729729389331,0.0007595549370724641,0.0007790307046897064,0.00011945520645838638,0.0006025245093997151,0.0006530120973691064,0.000505725354103656
CVCL_0397,4,"[('Belzutifan', 0.05, 'uM')]",38,16.90060640563596,0.0017581620495817957,0.003216408261111541,0.003303338214114556,0.00016763168757136723,0.0013198532227440753,0.0013932197396639304,0.0012041179100686255
CVCL_0397,4,"[('Bentamapimod', 0.05, 'uM')]",40,17.756918689717185,0.0006215857508170639,0.0007896697698299652,0.0008099177126461183,0.00013529054122755657,0.0010731575397521288,0.0012331304542382699,0.0008647499574937298
CVCL_0397,4,"[('Bimiralisib', 0.05, 'uM')]",40,17.756918689717185,0.0007022819412454626,0.0008237090170880787,0.0008448297611159783,0.00017788973822028585,0.0011903132125458717,0.001449690827541422,0.0009522571369540829
CVCL_0397,4,"[('Binimetinib', 0.05, 'uM')]",40,17.756918689717185,0.0010470596254457433,0.0012519050396301644,0.0012840051688514501,0.0003098202728332637,0.001268526706966087,0.001466472074474706,0.0010455277071935317
CVCL_0397,4,"[('Bortezomib', 0.05, 'uM')]",40,17.756918689717185,0.003513408602423591,0.003680177027374003,0.003774540540896412,0.0018805757929206992,0.0049095467638990906,0.005832669687191957,0.004078880379799534
CVCL_0397,4,"[('Brivudine', 0.05, 'uM')]",40,17.756918689717185,0.000478733799098849,0.0006690888556185106,0.0006862449801215492,9.619115561561855e-05,0.000550187488935468,0.000590116635306597,0.00047082574652574115
CVCL_0397,4,"[('CP21R7', 0.05, 'uM')]",40,17.756918689717185,0.00040093511957819223,0.0006121158250448222,0.0006278111026100738,8.227902627493258e-05,0.0004933628648410614,0.0005385593148748034,0.0004234896481754697
CVCL_0397,4,"[('Capivasertib', 0.05, 'uM')]",40,17.756918689717185,0.0004165639640502265,0.0006214466840212097,0.0006373812143807278,9.548243469281614e-05,0.0005854695637798763,0.0006503550793067195,0.0005065747144877627
CVCL_0397,4,"[('Capmatinib', 0.05, 'uM')]",40,17.756918689717185,0.0005765601321205395,0.0007901891231657639,0.0008104503827341166,8.64751793173504e-05,0.0006367942204939316,0.0006942130610291401,0.0005246361902398391
CVCL_0397,4,"[('Celecoxib', 0.05, 'uM')]",40,17.756918689717185,0.00045611217509569115,0.0008011386159598756,0.0008216806317537184,0.00011951184659800364,0.0005332567588546851,0.0005896233822300109,0.0004508067344635431
CVCL_0397,4,"[('DT-061', 0.05, 'uM')]",40,17.756918689717185,0.0004665477191869201,0.0008330779318839951,0.000854438904496405,9.654950028787691e-05,0.0005205115205257929,0.0005437891882357334,0.00045007081798472136
CVCL_0397,4,"[('Dabrafenib', 0.05, 'uM')]",40,17.756918689717185,0.0005540923269074643,0.0007719273695938998,0.0007917203790706667,0.00011795752718270585,0.0006183610298279104,0.0007055729139711069,0.0005445786769306635
CVCL_0397,4,"[('ERK5-IN-2', 0.05, 'uM')]",40,17.756918689717185,0.0004584517947263163,0.0006676598267729259,0.000684779309510693,0.00012824589385807,0.000736561239001616,0.0008085459669675554,0.0006334954808128912
CVCL_0397,4,"[('ETC-206', 0.05, 'uM')]",40,17.756918689717185,0.00033191118523031915,0.0004970361941503373,0.0005097807119490638,7.943186896785654e-05,0.00031673775323264335,0.00038235842848825384,0.0002774479032003942
CVCL_0397,4,"[('EX229', 0.05, 'uM')]",40,17.756918689717185,0.0008596543614309163,0.001132909412675615,0.0011619583719749888,0.00020331868185565621,0.001071143444200182,0.001239999860459668,0.0009233747569143687
CVCL_0397,4,"[('Elimusertib hydrochloride', 0.05, 'uM')]",40,17.756918689717185,0.0014224873899655877,0.0015911067839823963,0.0016319043938280986,0.00038627398410634326,0.001666648902406675,0.0019865988988559745,0.00138084322636524
CVCL_0397,4,"[('Encorafenib', 0.05, 'uM')]",40,17.756918689717185,0.0004221513122520121,0.0005816651748773478,0.0005965796665408694,0.00010269064300551452,0.00048648260867531815,0.0005450719626110603,0.0004219046800492626
CVCL_0397,4,"[('Erdafitinib ', 0.05, 'uM')]",40,17.756918689717185,0.00041349717820266484,0.0005823315843441894,0.0005972631634299378,9.626929167328391e-05,0.0004829478989188003,0.0005196853359536859,0.0004113448909139714
CVCL_0397,4,"[('Everolimus', 0.05, 'uM')]",40,17.756918689717185,0.00044046481552832174,0.0005827111677791049,0.000597652479773441,7.889300009997457e-05,0.00047696520298310443,0.0004755249337046479,0.0003803878181561204
CVCL_0397,4,"[('Futibatinib', 0.05, 'uM')]",40,17.756918689717185,0.0004311463063290903,0.0006625036505118018,0.0006794909236018479,0.0001669007172545966,0.0004613681192672148,0.000585359227057025,0.0004023465690436443
CVCL_0397,4,"[('GSK1059615', 0.05, 'uM')]",40,17.756918689717185,0.0005328266866407094,0.0006860244775984056,0.0007036148488188774,0.000124691791403539,0.0008926169505405201,0.0009912208461542995,0.000753780114997374
CVCL_0397,4,"[('Gemcitabine', 0.05, 'uM')]",40,17.756918689717185,0.0004994361793941486,0.0006261878545213357,0.000642243953355216,0.00012553589711396178,0.000764392907670584,0.0008158455298964703,0.0006519151250638787
CVCL_0397,4,"[('HI-TOPK-032', 0.05, 'uM')]",40,17.756918689717185,0.0005774270789281818,0.0008926694942788438,0.0009155584556706092,0.000156750691437723,0.0005047798347994783,0.0005720628938985142,0.0004152593803975314
CVCL_0397,4,"[('Hydroxyfasudil', 0.05, 'uM')]",38,17.17531122790906,0.0022435922711189615,0.0031575273869985255,0.0032428659650255115,0.0002667873947551946,0.0016437058840322307,0.0017938027190219587,0.0015688681024006964
CVCL_0397,4,"[('IQ 1', 0.05, 'uM')]",40,17.756918689717185,0.00042654210114813926,0.0006023424017041789,0.0006177870786709526,0.00012346491050884654,0.0005954754131722603,0.0007276712501836184,0.00052310316675357
CVCL_0397,4,"[('Infigratinib', 0.05, 'uM')]",40,17.756918689717185,0.000491975665267431,0.0006665040530220331,0.0006835939005354184,0.00016995399132110306,0.0005614510631371786,0.0006501663635763922,0.0004767917967045014
CVCL_0397,4,"[('Ipatasertib', 0.05, 'uM')]",40,17.756918689717185,0.0005776195027064801,0.0008205727195288889,0.0008416130456706548,0.0001413387849215473,0.0009294939964928002,0.0010408333781626185,0.0007745160716908974
CVCL_0397,4,"[('Irinotecan', 0.05, 'uM')]",40,17.756918689717185,0.0004192265883064471,0.0005528506854085908,0.0005670263440088109,9.586822047976292e-05,0.0006421994022093464,0.0006604442748626706,0.0005448267473122667
CVCL_0397,4,"[('Ixazomib', 0.05, 'uM')]",40,17.756918689717185,0.0006016966784334518,0.0009099209663463951,0.0009332522731757897,0.00011768923709417858,0.0007597473320097189,0.0007762655913259368,0.0006446890926963226
CVCL_0397,4,"[('LB-100', 0.05, 'uM')]",40,17.756918689717185,0.0003245545096277509,0.0005035483929088129,0.000516459890162885,9.47816486140029e-05,0.00027580143173220397,0.00033905399679795225,0.00023361088168104017
CVCL_0397,4,"[('LJI308', 0.05, 'uM')]",40,17.756918689717185,0.0006524455035868444,0.0009092860251271792,0.0009326010514124916,0.0002644652759062262,0.0007713358136723863,0.0009602694545163349,0.0006544270997732254
CVCL_0397,4,"[('LY-2584702 (tosylate salt)', 0.05, 'uM')]",40,17.756918689717185,0.00043238643460828793,0.0006790368568709574,0.0006964480583291869,0.0001147606848275172,0.0006347539763771237,0.000742414193019795,0.0005699335888926471
CVCL_0397,4,"[('LY2090314', 0.05, 'uM')]",40,17.756918689717185,0.0004597574397586616,0.0007290208019306845,0.0007477136430058302,0.00010499111937628766,0.0005720423845228641,0.0006248002774922191,0.0004848404825151984
CVCL_0397,4,"[('Lapatinib ditosylate', 0.05, 'uM')]",40,17.756918689717185,0.0003971881623328958,0.0005785457269650532,0.0005933802327846699,7.547579256334161e-05,0.0004695154419672215,0.0005434932680146481,0.00039384845051133904
CVCL_0397,4,"[('Lonafarnib', 0.05, 'uM')]",40,17.756918689717185,0.0004258393486983326,0.0006448393783228746,0.0006613737213567942,0.00011575716024333097,0.000369358671786483,0.00045619723444591763,0.0003160972245855402
CVCL_0397,4,"[('MK-3903', 0.05, 'uM')]",40,17.756918689717185,0.0005322549371812195,0.000738074675517109,0.0007569996671970349,0.00013543343660304288,0.0009555034484677138,0.0010306547588321785,0.0008054039992409954
CVCL_0397,4,"[('MK-8353', 0.05, 'uM')]",40,17.756918689717185,0.0004269445677538428,0.0006138617568930472,0.0006296018019415867,0.0001031165565365999,0.0005444213564598809,0.0006295104444429515,0.0004592700297837118
CVCL_0397,4,"[('ML264', 0.05, 'uM')]",40,17.756918689717185,0.0004554989278514169,0.0006370805681899443,0.0006534159673743016,0.00012486106630497148,0.0007028220780581085,0.0007970259967315454,0.0006088350286143983
CVCL_0397,4,"[('Methylprednisolone succinate', 0.05, 'uM')]",19,8.928574540563453,0.01896556402919659,0.021369450429347583,0.022556642119866896,0.0013511281368317365,0.03965388713671517,0.03890053899402605,0.04022038257328856
CVCL_0397,4,"[('Minodronic acid', 0.05, 'uM')]",40,17.756918689717185,0.0004898370756053856,0.0008249501382857182,0.0008461027059340698,0.00013873679898083574,0.0004326597958183275,0.0005470253453838885,0.00035401252633753753
CVCL_0397,4,"[('NG25', 0.05, 'uM')]",40,17.756918689717185,0.0005129029261473721,0.000724691014528456,0.0007432728354138008,0.0001392892062542605,0.0005318479577417905,0.0005965831081465866,0.0004575097783795534
CVCL_0397,4,"[('NVP-BHG712', 0.05, 'uM')]",40,17.756918689717185,0.000464138497317354,0.0007248162177914173,0.000743401249016838,0.00011561951182841192,0.0005338790553142374,0.0006240338496645189,0.0004542391114588792
CVCL_0397,4,"[('OTS514', 0.05, 'uM')]",40,17.756918689717185,0.00048421488604099704,0.0007448025060379728,0.0007639000061927926,0.00021411136013185677,0.0005129126907557249,0.0006403218970176732,0.00042953135145680786
CVCL_0397,4,"[('Oleic acid', 0.05, 'uM')]",40,17.756918689717185,0.00044787439958977556,0.000755576896422828,0.0007749506629977721,0.00012402837358456109,0.0004360572149205178,0.000521391968886047,0.0003720247087112145
CVCL_0397,4,"[('Oxaliplatin', 0.05, 'uM')]",40,17.756918689717185,0.0004888255839857125,0.0006704226493152843,0.0006876129736567017,0.0001478110195139669,0.0005493035112551441,0.0006581474475172166,0.0004649652668695658
CVCL_0397,4,"[('PF-06260933', 0.05, 'uM')]",24,10.735761744654745,0.01745433803992339,0.01928432071319111,0.020122769439851588,0.0009555753805852396,0.014948335525534,0.014206368754186186,0.015067535632984108
CVCL_0397,4,"[('PH-797804', 0.05, 'uM')]",40,17.756918689717185,0.0004580428193703167,0.000707690056535725,0.0007258359554212562,9.38504675680501e-05,0.0004012147466915805,0.000453910045209312,0.00033257364268074306
CVCL_0397,4,"[('Paclitaxel', 0.05, 'uM')]",40,17.756918689717185,0.0004259912807155932,0.0005633207921561063,0.0005777649150319038,0.0001347225498917071,0.000602746046983659,0.0007559197031635314,0.0005073132481155274
CVCL_0397,4,"[('Pemigatinib', 0.05, 'uM')]",40,17.756918689717185,0.0005027274530994239,0.0007880584210869348,0.000808265047268651,0.00013452504942614455,0.00048129530900723985,0.0005687866273385418,0.000400486777185362
CVCL_0397,4,"[('Pimitespib', 0.05, 'uM')]",40,17.756918689717185,0.00047639055046068537,0.0006932468941506822,0.0007110224555391613,0.00011954301634394518,0.0004555980516326486,0.00047115403599399207,0.0003772936377012698
CVCL_0397,4,"[('Pralsetinib', 0.05, 'uM')]",40,17.756918689717185,0.000542412074411947,0.0007454729114585507,0.0007645876014959498,0.00010216870837323038,0.0005773605086110356,0.0005906303738604556,0.0004818793939455845
CVCL_0397,4,"[('RMC-6236', 0.05, 'uM')]",40,17.756918689717185,0.0005574415357983416,0.0008115262500298831,0.0008323346154152647,0.00015839410844224516,0.0007652541507532922,0.0009457631639763889,0.0006311747406294236
CVCL_0397,4,"[('Regorafenib', 0.05, 'uM')]",40,17.756918689717185,0.00042046041665110825,0.0006457124211436636,0.0006622691498909365,0.00010311488232015225,0.0004139963776577806,0.00044978941639669943,0.00036114314607074493
CVCL_0397,4,"[('SBI-0640756', 0.05, 'uM')]",40,17.756918689717185,0.0004458183658999636,0.000583505223410866,0.0005984668958060161,8.405241716992725e-05,0.000541957131878522,0.0005619314152379808,0.00044527814324832814
CVCL_0397,4,"[('Sapanisertib', 0.05, 'uM')]",40,17.756918689717185,0.0006006817399276602,0.000811248911553871,0.0008320501656962776,0.0001972883090134519,0.0006027230024716999,0.0006990314047783198,0.0004961969018904769
CVCL_0397,4,"[('Sonidegib', 0.05, 'uM')]",39,17.57815228661401,0.003935573817122703,0.00653514869286349,0.006707126290044112,0.0005354219050814766,0.0018657625064940064,0.001967168910135875,0.0016853421996974494
CVCL_0397,4,"[('TAK-733', 0.05, 'uM')]",40,17.756918689717185,0.0005330518982270705,0.0006947443013159825,0.0007125582577599823,0.00013630821305127356,0.0006575428746126525,0.0007758979480983057,0.0005679882301536615
CVCL_0397,4,"[('TAK-901', 0.05, 'uM')]",40,17.756918689717185,0.0012051782198594242,0.0013320222165578367,0.001366176632367012,0.0002569599926511572,0.0014714326800590106,0.0016685464936419562,0.0012629263080010278
CVCL_0397,4,"[('Temuterkib', 0.05, 'uM')]",40,17.756918689717185,0.00042032036096392966,0.0006150209031454387,0.0006307906698927574,0.00012451678193275175,0.0005523731559672801,0.0006291788411061086,0.00046640626594806256
CVCL_0397,4,"[('Tomivosertib', 0.05, 'uM')]",40,17.756918689717185,0.0005023867432678467,0.0006844464991604734,0.0007019964093953572,0.00013613895265313062,0.0006206754774762497,0.0007256706354011451,0.0005144640712645009
CVCL_0397,4,"[('Torkinib', 0.05, 'uM')]",40,17.756918689717185,0.0004603822959784781,0.0006595828443820114,0.0006764952250071912,0.0001240517278607397,0.0007011534969417177,0.000814360108920293,0.0005904746902178018
CVCL_0397,4,"[('Trametinib', 0.05, 'uM')]",40,17.756918689717185,0.0006086709974798644,0.0008625186023489237,0.0008846344639476141,0.0001863420311544497,0.0006600910795899854,0.0008679874672855057,0.0005391031508832493
CVCL_0397,4,"[('Tubulin inhibitor 6', 0.05, 'uM')]",40,17.756918689717185,0.00041479137760320626,0.0006686129280599058,0.0006857568492922109,9.421070101791243e-05,0.0005528495479704066,0.0005931544033666177,0.00048590817710365017
CVCL_0397,4,"[('Tucatinib', 0.05, 'uM')]",40,17.756918689717185,0.0004521650090639202,0.0006428071150263354,0.0006592893487449593,0.0001049080295441201,0.0005956580733668557,0.0006842705787142369,0.0005141327553391419
CVCL_0397,4,"[('ULK-101', 0.05, 'uM')]",40,17.756918689717185,0.0006228689931652005,0.0008374299643002486,0.0008589025274874339,0.0001728103849287195,0.0007248334889781178,0.0007774880252505008,0.0005863969719300422
CVCL_0397,4,"[('Vemurafenib', 0.05, 'uM')]",40,17.756918689717185,0.000409439854532783,0.000578691272887181,0.0005935295106535189,9.513618288847047e-05,0.0005039883627734976,0.0005632882676298049,0.0004156730420725655
CVCL_0397,4,"[('Volasertib', 0.05, 'uM')]",40,17.756918689717185,0.00038572647943502404,0.0005564112891456066,0.0005706782452775449,8.97698453859419e-05,0.0004619090230422913,0.0005333150443714332,0.0003944551648213017
CVCL_0397,4,"[('XRK3F2', 0.05, 'uM')]",40,17.756918689717185,0.0004501658680071171,0.0005982173531330214,0.0006135562596236115,0.00010311049911649035,0.0005570905288119193,0.0006769387454322163,0.0004603016715756307
CVCL_0397,4,"[('c-Kit-IN-1', 0.05, 'uM')]",20,7.616111046663461,0.014785130083317213,0.015215252692866143,0.01601605546617488,0.0011688572758679525,0.011468202158125884,0.011222713895518164,0.011810991791400391
CVCL_0397,4,"[('olaparib', 0.05, 'uM')]",32,14.927816337112326,0.014670569965859845,0.023517693836209785,0.024276329121248812,0.0008517836544370551,0.017368067414317696,0.01641269828538056,0.0174450756662308
CVCL_0397,4,"[('palbociclib', 0.05, 'uM')]",40,17.756918689717185,0.0005205917841621106,0.0007483446387310949,0.0007675329628011229,0.00014295340917011402,0.0006596169818445398,0.0007324451475656983,0.0005460026598984718
CVCL_0397,4,"[('venetoclax', 0.05, 'uM')]",40,17.756918689717185,0.0008743297880154908,0.000940597786627749,0.0009647156785925627,0.000251815261877707,0.001029638946182681,0.0012557500743627275,0.0008268690724018456
CVCL_0397,4,"[('vincristine', 0.05, 'uM')]",40,17.756918689717185,0.0006962325108352448,0.001085352200254907,0.0011131817438511864,0.0001535857430287316,0.0007841688253414972,0.00088545344205307,0.0006790452855863421
CVCL_0504,4,"[('4EGI-1', 0.05, 'uM')]",40,26.91437475726229,0.000754600261672495,0.0006607185424339065,0.0006776600435219554,7.813646653068909e-05,0.0002993886940146957,0.00025847476168284615,0.0002870837156966401
CVCL_0504,4,"[('9-ING-41', 0.05, 'uM')]",40,26.91437475726229,0.0011709216158018306,0.0009866221709909384,0.0010119201753753205,0.00010605524000387905,0.00025117533247031654,0.0002254303603899631,0.0002588941986982588
CVCL_0504,4,"[('APTO-253', 0.05, 'uM')]",40,26.91437475726229,0.0006882417650703897,0.0005921010369135131,0.0006072831147830901,0.0001249124063575756,0.00022426868984963305,0.00025067842546644246,0.00022562168197162624
CVCL_0504,4,"[('AT7519', 0.05, 'uM')]",40,26.91437475726229,0.0006187444099641912,0.0005350257336896355,0.0005487443422457799,0.00010487436403665248,0.00023172418811911056,0.00024176654320002188,0.00022827605724448882
CVCL_0504,4,"[('AZD-7648', 0.05, 'uM')]",40,26.91437475726229,0.0008284626298477084,0.0006964518457580588,0.0007143095853928805,0.0001336571678072209,0.00022902975417866467,0.00028384338476409226,0.0002380570067813905
CVCL_0504,4,"[('AZD-8055', 0.05, 'uM')]",40,26.91437475726229,0.0008033332814847643,0.000710739442859317,0.0007289635311377611,0.00012919503633499057,0.0002933832441710513,0.000278542905185951,0.0002883996616576168
CVCL_0504,4,"[('AZD1390', 0.05, 'uM')]",40,26.91437475726229,0.0006710158424570942,0.0005813209834679385,0.0005962266497107059,9.90146721452221e-05,0.00025171216683479003,0.00027781216410090333,0.0002524715798952937
CVCL_0504,4,"[('AZD2858', 0.05, 'uM')]",40,26.91437475726229,0.0006884412634318084,0.0006104682881126683,0.0006261213211411982,0.0001093889261236469,0.0002956188330752508,0.0002882604229900424,0.00028558463989248304
CVCL_0504,4,"[('Abemaciclib', 0.05, 'uM')]",19,14.577347193109647,0.022623503856102747,0.02014576401830614,0.02126497313043426,0.0011296207108217992,0.015492521073086466,0.015125022229078437,0.015704525156968997
CVCL_0504,4,"[('Adagrasib', 0.05, 'uM')]",40,26.91437475726229,0.0006612176954755135,0.0006020027157561187,0.0006174386828267884,5.9542331164935386e-05,0.00014130761470028513,0.00012509696255930548,0.00014204499929792617
CVCL_0504,4,"[('Afatinib', 0.05, 'uM')]",40,26.91437475726229,0.000848309550308983,0.0007526393028836185,0.0007719377465473004,9.339534332854624e-05,0.000434852172426314,0.00041996997420988373,0.0004151025034148164
CVCL_0504,4,"[('Alpelisib', 0.05, 'uM')]",40,26.91437475726229,0.0008582687916439462,0.0007277048549698177,0.0007463639538151975,0.00011322434074871962,0.000278580907354633,0.00027627521369641525,0.00027821269977131225
CVCL_0504,4,"[('Anastrozole', 0.05, 'uM')]",40,26.91437475726229,0.0007461324336160073,0.0006363709986710464,0.0006526882037651753,0.00011222126895894926,0.0002348479029205087,0.0002473321914183509,0.0002349520935340254
CVCL_0504,4,"[('BAY1125976', 0.05, 'uM')]",40,26.91437475726229,0.0007402677001175569,0.0006525381241906093,0.0006692698709647272,0.00010175400123208536,0.0002992050669724899,0.0002896591550235097,0.000286224850089295
CVCL_0504,4,"[('BI-3406', 0.05, 'uM')]",40,26.91437475726229,0.0008379532150958644,0.0007248752785845271,0.0007434618241892582,0.0001101245778454561,0.0003121799397930325,0.00028179229650352367,0.0003051653459952068
CVCL_0504,4,"[('BI-78D3', 0.05, 'uM')]",40,26.91437475726229,0.0007447572608770589,0.0006574090092091606,0.0006742656504709337,0.00010668164377813585,0.0002766219262670772,0.0002530652688666475,0.0002626840262333081
CVCL_0504,4,"[('Belumosudil (mesylate)', 0.05, 'uM')]",40,26.91437475726229,0.000817448918578746,0.0007595549370724641,0.0007790307046897064,0.00011945520645838638,0.0002419498956683535,0.00019861041491716662,0.0002292688102998296
CVCL_0504,4,"[('Belzutifan', 0.05, 'uM')]",38,25.04555955044192,0.0033604311214406103,0.003216408261111541,0.003303338214114556,0.00016763168757136723,0.0008277156048841341,0.0007540267128978982,0.0008825947025211104
CVCL_0504,4,"[('Bentamapimod', 0.05, 'uM')]",40,26.91437475726229,0.000896412190279265,0.0007896697698299652,0.0008099177126461183,0.00013529054122755657,0.00034511054893261836,0.0003369754857064311,0.0003393361894483454
CVCL_0504,4,"[('Bimiralisib', 0.05, 'uM')]",40,26.91437475726229,0.0009075259008461455,0.0008237090170880787,0.0008448297611159783,0.00017788973822028585,0.0005675734877929919,0.000575237438158246,0.0005612041996094509
CVCL_0504,4,"[('Binimetinib', 0.05, 'uM')]",40,26.91437475726229,0.0013648653505878897,0.0012519050396301644,0.0012840051688514501,0.0003098202728332637,0.0013059209089624768,0.0015063613065314377,0.0013064786941608762
CVCL_0504,4,"[('Bortezomib', 0.05, 'uM')]",40,26.91437475726229,0.003748178517110049,0.003680177027374003,0.003774540540896412,0.0018805757929206992,0.0025738290843811693,0.0026498255889022804,0.002405500520878476
CVCL_0504,4,"[('Brivudine', 0.05, 'uM')]",40,26.91437475726229,0.0007592043035330423,0.0006690888556185106,0.0006862449801215492,9.619115561561855e-05,0.0003006408999683968,0.0003037679113201248,0.0002931319475076072
CVCL_0504,4,"[('CP21R7', 0.05, 'uM')]",40,26.91437475726229,0.0007158629257504027,0.0006121158250448222,0.0006278111026100738,8.227902627493258e-05,0.00023309137535857205,0.00022937596080151073,0.0002327308587528319
CVCL_0504,4,"[('Capivasertib', 0.05, 'uM')]",40,26.91437475726229,0.0007110130570324794,0.0006214466840212097,0.0006373812143807278,9.548243469281614e-05,0.00028304794951610255,0.0002943956022532974,0.0002777394869702576
CVCL_0504,4,"[('Capmatinib', 0.05, 'uM')]",40,26.91437475726229,0.0009082799441165674,0.0007901891231657639,0.0008104503827341166,8.64751793173504e-05,0.0003821272076511429,0.00040053003642128056,0.00037731641343538623
CVCL_0504,4,"[('Celecoxib', 0.05, 'uM')]",40,26.91437475726229,0.0009610036980754649,0.0008011386159598756,0.0008216806317537184,0.00011951184659800364,0.0002577766208384438,0.00025060671179401756,0.0002634840293677398
CVCL_0504,4,"[('DT-061', 0.05, 'uM')]",40,26.91437475726229,0.000991656014393229,0.0008330779318839951,0.000854438904496405,9.654950028787691e-05,0.00025614793667682223,0.00023255593404543647,0.00025611455886317757
CVCL_0504,4,"[('DTP3', 0.05, 'uM')]",25,17.77484086469246,0.019951937881337305,0.017886281807886654,0.01863154354988194,0.0008004975767549884,0.008055389463739179,0.0074657603766908835,0.008414619222565234
CVCL_0504,4,"[('Dabrafenib', 0.05, 'uM')]",40,26.91437475726229,0.0008841541979076445,0.0007719273695938998,0.0007917203790706667,0.00011795752718270585,0.0008283514663100138,0.0007654775957152837,0.0008141366867031942
CVCL_0504,4,"[('ERK5-IN-2', 0.05, 'uM')]",40,26.91437475726229,0.0007279930271226586,0.0006676598267729259,0.000684779309510693,0.00012824589385807,0.00028658205543613573,0.00032949010169560966,0.00028373979569266706
CVCL_0504,4,"[('ETC-206', 0.05, 'uM')]",40,26.91437475726229,0.0005708688505663242,0.0004970361941503373,0.0005097807119490638,7.943186896785654e-05,0.00019246431013222163,0.00018355344960551567,0.00019101526737088048
CVCL_0504,4,"[('EX229', 0.05, 'uM')]",40,26.91437475726229,0.0012716617939961218,0.001132909412675615,0.0011619583719749888,0.00020331868185565621,0.001034263223578429,0.0011015563136373826,0.0010176666432830798
CVCL_0504,4,"[('Elimusertib hydrochloride', 0.05, 'uM')]",40,26.91437475726229,0.0016915150449100837,0.0015911067839823963,0.0016319043938280986,0.00038627398410634326,0.00218323173762498,0.002444772857736753,0.002216067601321246
CVCL_0504,4,"[('Encorafenib', 0.05, 'uM')]",40,26.91437475726229,0.0006609314871886425,0.0005816651748773478,0.0005965796665408694,0.00010269064300551452,0.0004136346784881801,0.0004191932772845624,0.0004081201897246339
CVCL_0504,4,"[('Erdafitinib ', 0.05, 'uM')]",40,26.91437475726229,0.0006737216965619526,0.0005823315843441894,0.0005972631634299378,9.626929167328391e-05,0.0002614958459731174,0.0002584279991641324,0.000252398006830249
CVCL_0504,4,"[('Everolimus', 0.05, 'uM')]",40,26.91437475726229,0.0006595115087265277,0.0005827111677791049,0.000597652479773441,7.889300009997457e-05,0.0002867021769652186,0.00027540101698258845,0.0002739384183737384
CVCL_0504,4,"[('Futibatinib', 0.05, 'uM')]",40,26.91437475726229,0.000752637965826762,0.0006625036505118018,0.0006794909236018479,0.0001669007172545966,0.00029115618269815233,0.0003691684380294941,0.0002922405316780927
CVCL_0504,4,"[('GSK1059615', 0.05, 'uM')]",40,26.91437475726229,0.0007711091161029961,0.0006860244775984056,0.0007036148488188774,0.000124691791403539,0.00033917890558772247,0.000281486668700107,0.0003199201392648701
CVCL_0504,4,"[('Gemcitabine', 0.05, 'uM')]",40,26.91437475726229,0.0006845786819369795,0.0006261878545213357,0.000642243953355216,0.00012553589711396178,0.00045820351444303664,0.0004339228899419219,0.00043335606892888146
CVCL_0504,4,"[('HI-TOPK-032', 0.05, 'uM')]",40,26.91437475726229,0.0010099200441377012,0.0008926694942788438,0.0009155584556706092,0.000156750691437723,0.00043676530122571894,0.00047731803111727495,0.00043693496230643445
CVCL_0504,4,"[('Hydroxyfasudil', 0.05, 'uM')]",38,24.951962020119893,0.0034817170877024456,0.0031575273869985255,0.0032428659650255115,0.0002667873947551946,0.0015473124948539318,0.0013472273425515634,0.0015721171485968053
CVCL_0504,4,"[('IQ 1', 0.05, 'uM')]",40,26.91437475726229,0.0006680860819507978,0.0006023424017041789,0.0006177870786709526,0.00012346491050884654,0.0002949505911078532,0.0002979386170647544,0.00028426309013455464
CVCL_0504,4,"[('Infigratinib', 0.05, 'uM')]",40,26.91437475726229,0.0007178144899455531,0.0006665040530220331,0.0006835939005354184,0.00016995399132110306,0.00038787107895369674,0.00046653996476770586,0.0003813226834617295
CVCL_0504,4,"[('Ipatasertib', 0.05, 'uM')]",40,26.91437475726229,0.0009296019237857191,0.0008205727195288889,0.0008416130456706548,0.0001413387849215473,0.0003138592133907961,0.00031059008822350236,0.00030322928547670913
CVCL_0504,4,"[('Irinotecan', 0.05, 'uM')]",40,26.91437475726229,0.0006334542357855097,0.0005528506854085908,0.0005670263440088109,9.586822047976292e-05,0.00026325101793594856,0.0002627395730979407,0.0002492371409443395
CVCL_0504,4,"[('Ixazomib', 0.05, 'uM')]",40,26.91437475726229,0.0010301751140860235,0.0009099209663463951,0.0009332522731757897,0.00011768923709417858,0.0004014680145602645,0.00039875644167532067,0.0003958846001055706
CVCL_0504,4,"[('LB-100', 0.05, 'uM')]",40,26.91437475726229,0.0005784447659582945,0.0005035483929088129,0.000516459890162885,9.47816486140029e-05,0.0002071458032187604,0.0002306693872607572,0.00021157923122610824
CVCL_0504,4,"[('LJI308', 0.05, 'uM')]",40,26.91437475726229,0.0009770239234877613,0.0009092860251271792,0.0009326010514124916,0.0002644652759062262,0.0005516963835817884,0.0006290743906509652,0.0005279295392955401
CVCL_0504,4,"[('LY-2584702 (tosylate salt)', 0.05, 'uM')]",40,26.91437475726229,0.0007901227415366741,0.0006790368568709574,0.0006964480583291869,0.0001147606848275172,0.00023864497160775214,0.00024692718656685596,0.00023714986154107522
CVCL_0504,4,"[('LY2090314', 0.05, 'uM')]",40,26.91437475726229,0.0008659522151875802,0.0007290208019306845,0.0007477136430058302,0.00010499111937628766,0.0002289267089774614,0.00021076865469425363,0.0002273024041353211
CVCL_0504,4,"[('Lapatinib ditosylate', 0.05, 'uM')]",40,26.91437475726229,0.0006823651076847529,0.0005785457269650532,0.0005933802327846699,7.547579256334161e-05,0.0002587555731947577,0.0002479111953074935,0.0002602244885561672
CVCL_0504,4,"[('Lonafarnib', 0.05, 'uM')]",40,26.91437475726229,0.0007402941420187664,0.0006448393783228746,0.0006613737213567942,0.00011575716024333097,0.00030948701261474616,0.0003621868779861251,0.0003177122872051476
CVCL_0504,4,"[('MK-3903', 0.05, 'uM')]",40,26.91437475726229,0.0008231504014489388,0.000738074675517109,0.0007569996671970349,0.00013543343660304288,0.0003778846951894772,0.00036856181145968465,0.00036576506671885146
CVCL_0504,4,"[('MK-8353', 0.05, 'uM')]",40,26.91437475726229,0.0007180839767271198,0.0006138617568930472,0.0006296018019415867,0.0001031165565365999,0.00021606052737232855,0.00019486619821353204,0.00020836502317183624
CVCL_0504,4,"[('ML264', 0.05, 'uM')]",40,26.91437475726229,0.0007127557046998113,0.0006370805681899443,0.0006534159673743016,0.00012486106630497148,0.00028176608710430687,0.0002834814489520851,0.00027703206458934616
CVCL_0504,4,"[('Methylprednisolone succinate', 0.05, 'uM')]",19,13.165254366061946,0.025839068652548217,0.021369450429347583,0.022556642119866896,0.0013511281368317365,0.018253609455196353,0.01701330301949665,0.019101083575349086
CVCL_0504,4,"[('Minodronic acid', 0.05, 'uM')]",40,26.91437475726229,0.0009857794431986258,0.0008249501382857182,0.0008461027059340698,0.00013873679898083574,0.00028634162253399046,0.00031257471874628843,0.0002953645738261348
CVCL_0504,4,"[('NG25', 0.05, 'uM')]",40,26.91437475726229,0.000827492223723272,0.000724691014528456,0.0007432728354138008,0.0001392892062542605,0.00043180921425375874,0.0004618113601647933,0.0004213865053654168
CVCL_0504,4,"[('NVP-BHG712', 0.05, 'uM')]",40,26.91437475726229,0.0008269857561963074,0.0007248162177914173,0.000743401249016838,0.00011561951182841192,0.0002741718597842534,0.00026548627105864184,0.00027300386991826586
CVCL_0504,4,"[('OTS514', 0.05, 'uM')]",40,26.91437475726229,0.000843669770512325,0.0007448025060379728,0.0007639000061927926,0.00021411136013185677,0.00033311346237209006,0.0004480182389622204,0.00033233564275974794
CVCL_0504,4,"[('Oleic acid', 0.05, 'uM')]",40,26.91437475726229,0.0009055142614425862,0.000755576896422828,0.0007749506629977721,0.00012402837358456109,0.00023494747739910842,0.0002736649113380095,0.00024151627686490505
CVCL_0504,4,"[('Oxaliplatin', 0.05, 'uM')]",40,26.91437475726229,0.0007664820417825214,0.0006704226493152843,0.0006876129736567017,0.0001478110195139669,0.00036928828482514774,0.0003850070363027796,0.0003556400446161275
CVCL_0504,4,"[('PF-06260933', 0.05, 'uM')]",24,16.459789444189454,0.018312734136432952,0.01928432071319111,0.020122769439851588,0.0009555753805852396,0.007849558993063199,0.007291540400768454,0.008156819761045788
CVCL_0504,4,"[('PH-797804', 0.05, 'uM')]",40,26.91437475726229,0.0008343940717801635,0.000707690056535725,0.0007258359554212562,9.38504675680501e-05,0.00024232548474420622,0.00023409039379340568,0.0002378330021097922
CVCL_0504,4,"[('Paclitaxel', 0.05, 'uM')]",40,26.91437475726229,0.0006316109624028599,0.0005633207921561063,0.0005777649150319038,0.0001347225498917071,0.00029696085107429326,0.00031806877611138313,0.00028982044188541486
CVCL_0504,4,"[('Pemigatinib', 0.05, 'uM')]",40,26.91437475726229,0.0009214087290587808,0.0007880584210869348,0.000808265047268651,0.00013452504942614455,0.00033659259782027276,0.0003884252013888636,0.0003396412874257642
CVCL_0504,4,"[('Pimitespib', 0.05, 'uM')]",40,26.91437475726229,0.0007374388309885271,0.0006932468941506822,0.0007110224555391613,0.00011954301634394518,0.0002666321745957713,0.0002317269999460163,0.00025058134463334735
CVCL_0504,4,"[('Pralsetinib', 0.05, 'uM')]",40,26.91437475726229,0.0008677805602529137,0.0007454729114585507,0.0007645876014959498,0.00010216870837323038,0.0004430710879043998,0.00044469356345427637,0.0004181786531083418
CVCL_0504,4,"[('RMC-6236', 0.05, 'uM')]",40,26.91437475726229,0.0009322318288724368,0.0008115262500298831,0.0008323346154152647,0.00015839410844224516,0.0003165019300779812,0.0002970211153858686,0.00031983208997058495
CVCL_0504,4,"[('Ralimetinib dimesylate', 0.05, 'uM')]",16,11.953539998042707,0.021731972127900075,0.020290775706866635,0.021643494087324414,0.001469817554085215,0.02519732484869141,0.024029143342457517,0.026105445085402326
CVCL_0504,4,"[('Regorafenib', 0.05, 'uM')]",40,26.91437475726229,0.000748706227810092,0.0006457124211436636,0.0006622691498909365,0.00010311488232015225,0.00023214646613157222,0.0002393668977480171,0.00023306158308384372
CVCL_0504,4,"[('SBI-0640756', 0.05, 'uM')]",40,26.91437475726229,0.0006659093072833028,0.000583505223410866,0.0005984668958060161,8.405241716992725e-05,0.0002990481009716377,0.00033460507101759927,0.00029008668675944505
CVCL_0504,4,"[('Sapanisertib', 0.05, 'uM')]",40,26.91437475726229,0.0008565913653143056,0.000811248911553871,0.0008320501656962776,0.0001972883090134519,0.0006029684502076434,0.0006077975314153647,0.0005857035359454898
CVCL_0504,4,"[('Sonidegib', 0.05, 'uM')]",39,25.94338401155526,0.007086518604451925,0.00653514869286349,0.006707126290044112,0.0005354219050814766,0.002657454396660441,0.002454921163610475,0.0026694582038482477
CVCL_0504,4,"[('TAK-733', 0.05, 'uM')]",40,26.91437475726229,0.0007804781460538369,0.0006947443013159825,0.0007125582577599823,0.00013630821305127356,0.0005074215082422341,0.0005668498957495658,0.0004959761559953529
CVCL_0504,4,"[('TAK-901', 0.05, 'uM')]",40,26.91437475726229,0.001418861242602747,0.0013320222165578367,0.001366176632367012,0.0002569599926511572,0.0007771543289236615,0.0007789658052033995,0.0007769581239161145
CVCL_0504,4,"[('Temuterkib', 0.05, 'uM')]",40,26.91437475726229,0.0007003908778740767,0.0006150209031454387,0.0006307906698927574,0.00012451678193275175,0.00028970863485399935,0.0003121909402839543,0.0002888527596697399
CVCL_0504,4,"[('Tomivosertib', 0.05, 'uM')]",40,26.91437475726229,0.0007609702265128503,0.0006844464991604734,0.0007019964093953572,0.00013613895265313062,0.00031659008810155747,0.00031288048771213107,0.00030163922753576944
CVCL_0504,4,"[('Torkinib', 0.05, 'uM')]",40,26.91437475726229,0.0007404407299372926,0.0006595828443820114,0.0006764952250071912,0.0001240517278607397,0.0002970951051789304,0.00029430950210383245,0.00029271681714617624
CVCL_0504,4,"[('Trametinib', 0.05, 'uM')]",40,26.91437475726229,0.000966404785568382,0.0008625186023489237,0.0008846344639476141,0.0001863420311544497,0.0003295003343474299,0.00036683975713218273,0.00033015344548293523
CVCL_0504,4,"[('Tubulin inhibitor 6', 0.05, 'uM')]",40,26.91437475726229,0.0007998444756031046,0.0006686129280599058,0.0006857568492922109,9.421070101791243e-05,0.00022497676456822708,0.00021556553530155764,0.0002266145252303441
CVCL_0504,4,"[('Tucatinib', 0.05, 'uM')]",40,26.91437475726229,0.000727524488308681,0.0006428071150263354,0.0006592893487449593,0.0001049080295441201,0.00037456688316803,0.00038889291173572474,0.0003675853047288423
CVCL_0504,4,"[('ULK-101', 0.05, 'uM')]",40,26.91437475726229,0.0009243554246332396,0.0008374299643002486,0.0008589025274874339,0.0001728103849287195,0.0004525245988058805,0.00034984263640448917,0.0004141305065227075
CVCL_0504,4,"[('Vemurafenib', 0.05, 'uM')]",40,26.91437475726229,0.000670806496816181,0.000578691272887181,0.0005935295106535189,9.513618288847047e-05,0.0002798489898303628,0.00030001157862351297,0.000272701619850884
CVCL_0504,4,"[('Volasertib', 0.05, 'uM')]",40,26.91437475726229,0.000652965417308004,0.0005564112891456066,0.0005706782452775449,8.97698453859419e-05,0.0002135606406364169,0.0002383397319286339,0.00021011116438864912
CVCL_0504,4,"[('XRK3F2', 0.05, 'uM')]",40,26.91437475726229,0.0006749117265716316,0.0005982173531330214,0.0006135562596236115,0.00010311049911649035,0.00025833058888981747,0.00025455720086603483,0.0002524333775613506
CVCL_0504,4,"[('c-Kit-IN-1', 0.05, 'uM')]",20,12.499943801798887,0.014092783766879185,0.015215252692866143,0.01601605546617488,0.0011688572758679525,0.01246833498983915,0.011457400380536343,0.01262488018257851
CVCL_0504,4,"[('olaparib', 0.05, 'uM')]",32,21.589657522504343,0.02183603997993673,0.023517693836209785,0.024276329121248812,0.0008517836544370551,0.004038769522978734,0.0033974398342609406,0.004152018930391502
CVCL_0504,4,"[('palbociclib', 0.05, 'uM')]",40,26.91437475726229,0.0008597799538833052,0.0007483446387310949,0.0007675329628011229,0.00014295340917011402,0.00036797366834631607,0.00047764266355328363,0.00036870372648510375
CVCL_0504,4,"[('venetoclax', 0.05, 'uM')]",40,26.91437475726229,0.0010462488348966644,0.000940597786627749,0.0009647156785925627,0.000251815261877707,0.001022660508513948,0.0011787775703963502,0.0010159315598227449
CVCL_0504,4,"[('vincristine', 0.05, 'uM')]",40,26.91437475726229,0.0012521729786135094,0.001085352200254907,0.0011131817438511864,0.0001535857430287316,0.0007522239461421107,0.00076987910021846,0.0007649449014704497
CVCL_1097,4,"[('4EGI-1', 0.05, 'uM')]",40,26.863535512782242,0.0008304057685040545,0.0006607185424339065,0.0006776600435219554,7.813646653068909e-05,0.0007243832466177067,0.0007837741455775076,0.0007227509003861167
CVCL_1097,4,"[('9-ING-41', 0.05, 'uM')]",40,26.863535512782242,0.0012314529122775897,0.0009866221709909384,0.0010119201753753205,0.00010605524000387905,0.0005270748178108042,0.0005906217850740994,0.0005363022037266018
CVCL_1097,4,"[('APTO-253', 0.05, 'uM')]",40,26.863535512782242,0.0007293337259122453,0.0005921010369135131,0.0006072831147830901,0.0001249124063575756,0.0004150718254120582,0.000502680510513332,0.00042889598769898975
CVCL_1097,4,"[('AT7519', 0.05, 'uM')]",40,26.863535512782242,0.0006613781989204639,0.0005350257336896355,0.0005487443422457799,0.00010487436403665248,0.0004297148663904225,0.00048911177109043,0.00043691226464944176
CVCL_1097,4,"[('AZD-7648', 0.05, 'uM')]",40,26.863535512782242,0.000858325849155416,0.0006964518457580588,0.0007143095853928805,0.0001336571678072209,0.0003844997487792198,0.00046976060094412785,0.0003967887912948985
CVCL_1097,4,"[('AZD-8055', 0.05, 'uM')]",40,26.863535512782242,0.0008602137067672135,0.000710739442859317,0.0007289635311377611,0.00012919503633499057,0.0005802862659548518,0.0006198844290898486,0.0005788202795719608
CVCL_1097,4,"[('AZD1390', 0.05, 'uM')]",40,26.863535512782242,0.0007137158453359392,0.0005813209834679385,0.0005962266497107059,9.90146721452221e-05,0.0004923147216121696,0.0005870788050718406,0.0004888243677231958
CVCL_1097,4,"[('AZD2858', 0.05, 'uM')]",40,26.863535512782242,0.0007591835752616594,0.0006104682881126683,0.0006261213211411982,0.0001093889261236469,0.0004567717907494067,0.0005600690203042245,0.00046202197890461385
CVCL_1097,4,"[('Adagrasib', 0.05, 'uM')]",40,26.863535512782242,0.0007260169292177554,0.0006020027157561187,0.0006174386828267884,5.9542331164935386e-05,0.00023395060106466125,0.00022599621409813948,0.00024880621943340045
CVCL_1097,4,"[('Afatinib', 0.05, 'uM')]",40,26.863535512782242,0.0008991335109514104,0.0007526393028836185,0.0007719377465473004,9.339534332854624e-05,0.0006017081099883774,0.0006444372356610058,0.000589418547473783
CVCL_1097,4,"[('Alpelisib', 0.05, 'uM')]",40,26.863535512782242,0.000910362771134274,0.0007277048549698177,0.0007463639538151975,0.00011322434074871962,0.00041066196940188027,0.0004762782534922171,0.00042373310270434224
CVCL_1097,4,"[('Anastrozole', 0.05, 'uM')]",40,26.863535512782242,0.0007800821885043536,0.0006363709986710464,0.0006526882037651753,0.00011222126895894926,0.00039566201400420786,0.0004597000657982282,0.00040307553578261226
CVCL_1097,4,"[('BAY1125976', 0.05, 'uM')]",40,26.863535512782242,0.0007876709733502252,0.0006525381241906093,0.0006692698709647272,0.00010175400123208536,0.0005977717386809187,0.0006834563453358547,0.0006032711396758191
CVCL_1097,4,"[('BI-3406', 0.05, 'uM')]",40,26.863535512782242,0.000897712532580798,0.0007248752785845271,0.0007434618241892582,0.0001101245778454561,0.0004716460222180802,0.0005123354757728167,0.000474794758299785
CVCL_1097,4,"[('BI-78D3', 0.05, 'uM')]",40,26.863535512782242,0.0008124135888537609,0.0006574090092091606,0.0006742656504709337,0.00010668164377813585,0.0004901023404409433,0.0005809644936651666,0.0004844199572966527
CVCL_1097,4,"[('Belumosudil (mesylate)', 0.05, 'uM')]",40,26.863535512782242,0.0009688609518076297,0.0007595549370724641,0.0007790307046897064,0.00011945520645838638,0.00044593728955921264,0.00042372932922718666,0.000494326249548537
CVCL_1097,4,"[('Belzutifan', 0.05, 'uM')]",38,25.02578632076919,0.004098610717685421,0.003216408261111541,0.003303338214114556,0.00016763168757136723,0.002947422503761685,0.002820212611110289,0.003020196826482691
CVCL_1097,4,"[('Bentamapimod', 0.05, 'uM')]",40,26.863535512782242,0.0009569351421326103,0.0007896697698299652,0.0008099177126461183,0.00013529054122755657,0.0004917847754432778,0.0005828928687306769,0.0004957408521498213
CVCL_1097,4,"[('Bimiralisib', 0.05, 'uM')]",40,26.863535512782242,0.0009885543224803998,0.0008237090170880787,0.0008448297611159783,0.00017788973822028585,0.0009360187427729295,0.0010354674687687382,0.0009226753995601045
CVCL_1097,4,"[('Binimetinib', 0.05, 'uM')]",40,26.863535512782242,0.0014982385305958624,0.0012519050396301644,0.0012840051688514501,0.0003098202728332637,0.001961347210578533,0.0022748442219477773,0.0019478433599310733
CVCL_1097,4,"[('Bortezomib', 0.05, 'uM')]",40,26.863535512782242,0.0040345973102058315,0.003680177027374003,0.003774540540896412,0.0018805757929206992,0.008949426352265562,0.011844507379300047,0.008563496229658667
CVCL_1097,4,"[('Brivudine', 0.05, 'uM')]",40,26.863535512782242,0.0008167267406539527,0.0006690888556185106,0.0006862449801215492,9.619115561561855e-05,0.00045341140521849914,0.0005650085590412303,0.00044916142322171446
CVCL_1097,4,"[('CP21R7', 0.05, 'uM')]",40,26.863535512782242,0.0007684212541246311,0.0006121158250448222,0.0006278111026100738,8.227902627493258e-05,0.00038467768858301845,0.00042017757145268166,0.00040443800172941324
CVCL_1097,4,"[('Capivasertib', 0.05, 'uM')]",40,26.863535512782242,0.0007577052390531365,0.0006214466840212097,0.0006373812143807278,9.548243469281614e-05,0.00043859220264543685,0.0005087712037220346,0.00044246081092175964
CVCL_1097,4,"[('Capmatinib', 0.05, 'uM')]",40,26.863535512782242,0.000956389503033186,0.0007901891231657639,0.0008104503827341166,8.64751793173504e-05,0.0005519132594406373,0.0006038817341048652,0.0005525295807382371
CVCL_1097,4,"[('Celecoxib', 0.05, 'uM')]",40,26.863535512782242,0.001010001870418773,0.0008011386159598756,0.0008216806317537184,0.00011951184659800364,0.0003799271817487129,0.00045285237916659185,0.0003947244662469418
CVCL_1097,4,"[('DT-061', 0.05, 'uM')]",40,26.863535512782242,0.0010553935292753136,0.0008330779318839951,0.000854438904496405,9.654950028787691e-05,0.0004338213631585921,0.0004998232917756342,0.00044151738671962106
CVCL_1097,4,"[('Dabrafenib', 0.05, 'uM')]",40,26.863535512782242,0.000924154480913037,0.0007719273695938998,0.0007917203790706667,0.00011795752718270585,0.002038990984961156,0.0020353744666928328,0.00207163124991846
CVCL_1097,4,"[('ERK5-IN-2', 0.05, 'uM')]",40,26.863535512782242,0.0007864482857351951,0.0006676598267729259,0.000684779309510693,0.00012824589385807,0.0005047737899911011,0.0006238403555886117,0.0005051638412872071
CVCL_1097,4,"[('ETC-206', 0.05, 'uM')]",40,26.863535512782242,0.0006116035611153853,0.0004970361941503373,0.0005097807119490638,7.943186896785654e-05,0.0003413762259936058,0.00038221473779331307,0.000355528020583021
CVCL_1097,4,"[('EX229', 0.05, 'uM')]",40,26.863535512782242,0.001344319635747718,0.001132909412675615,0.0011619583719749888,0.00020331868185565621,0.000777053635267559,0.0008779453713408905,0.0007666424320723664
CVCL_1097,4,"[('Elimusertib hydrochloride', 0.05, 'uM')]",40,26.863535512782242,0.0017558898518116198,0.0015911067839823963,0.0016319043938280986,0.00038627398410634326,0.003936965245610523,0.004276635542656424,0.0039366964726798145
CVCL_1097,4,"[('Encorafenib', 0.05, 'uM')]",40,26.863535512782242,0.0007068141621071076,0.0005816651748773478,0.0005965796665408694,0.00010269064300551452,0.000706193015842212,0.000808231986691609,0.0007168603502164532
CVCL_1097,4,"[('Erdafitinib ', 0.05, 'uM')]",40,26.863535512782242,0.0007240233353012685,0.0005823315843441894,0.0005972631634299378,9.626929167328391e-05,0.0004188070978663736,0.0005053359810104521,0.0004178407014436559
CVCL_1097,4,"[('Everolimus', 0.05, 'uM')]",40,26.863535512782242,0.0007176271396669751,0.0005827111677791049,0.000597652479773441,7.889300009997457e-05,0.0004266867934807393,0.0004977751413384758,0.00042625412311479883
CVCL_1097,4,"[('Futibatinib', 0.05, 'uM')]",40,26.863535512782242,0.0008086053950605707,0.0006625036505118018,0.0006794909236018479,0.0001669007172545966,0.0005332520975908652,0.0007236197358592802,0.0005384385070447702
CVCL_1097,4,"[('GSK1059615', 0.05, 'uM')]",40,26.863535512782242,0.0008365325790943861,0.0006860244775984056,0.0007036148488188774,0.000124691791403539,0.0007333044018279254,0.0008397981503235846,0.0007277895048574791
CVCL_1097,4,"[('Gemcitabine', 0.05, 'uM')]",40,26.863535512782242,0.0007497463899848398,0.0006261878545213357,0.000642243953355216,0.00012553589711396178,0.0006623917119786734,0.0007696231347711262,0.0006479070930375274
CVCL_1097,4,"[('HI-TOPK-032', 0.05, 'uM')]",40,26.863535512782242,0.0010841724109110764,0.0008926694942788438,0.0009155584556706092,0.000156750691437723,0.0006717120928640143,0.0007937619896979504,0.0006876834903292055
CVCL_1097,4,"[('Hydroxyfasudil', 0.05, 'uM')]",38,24.88889808094834,0.004193009248815229,0.0031575273869985255,0.0032428659650255115,0.0002667873947551946,0.00267918847008187,0.002736989488286431,0.002715101101792654
CVCL_1097,4,"[('IQ 1', 0.05, 'uM')]",40,26.863535512782242,0.0007219851610068654,0.0006023424017041789,0.0006177870786709526,0.00012346491050884654,0.0005296753961680813,0.0006592026521641022,0.0005267029679083617
CVCL_1097,4,"[('Infigratinib', 0.05, 'uM')]",40,26.863535512782242,0.0007954523270453235,0.0006665040530220331,0.0006835939005354184,0.00016995399132110306,0.0006066909626018135,0.0007778964750050712,0.0006207922223096542
CVCL_1097,4,"[('Ipatasertib', 0.05, 'uM')]",40,26.863535512782242,0.0010046653990928322,0.0008205727195288889,0.0008416130456706548,0.0001413387849215473,0.0005276388214617282,0.0006263855095349478,0.0005306788111007577
CVCL_1097,4,"[('Irinotecan', 0.05, 'uM')]",40,26.863535512782242,0.0006856549533267165,0.0005528506854085908,0.0005670263440088109,9.586822047976292e-05,0.00045666679302580826,0.0005377229521040994,0.00045398546954210996
CVCL_1097,4,"[('Ixazomib', 0.05, 'uM')]",40,26.863535512782242,0.0011236978858314719,0.0009099209663463951,0.0009332522731757897,0.00011768923709417858,0.0006348518687360827,0.0007031765051945202,0.0006445055056592726
CVCL_1097,4,"[('LB-100', 0.05, 'uM')]",40,26.863535512782242,0.0006153335348793467,0.0005035483929088129,0.000516459890162885,9.47816486140029e-05,0.0003735359725183742,0.00042372141152494027,0.00038882613636991926
CVCL_1097,4,"[('LJI308', 0.05, 'uM')]",40,26.863535512782242,0.0011237919012714104,0.0009092860251271792,0.0009326010514124916,0.0002644652759062262,0.0006844951201249718,0.000861440727794674,0.0007166785315824558
CVCL_1097,4,"[('LY-2584702 (tosylate salt)', 0.05, 'uM')]",40,26.863535512782242,0.0008358947952167713,0.0006790368568709574,0.0006964480583291869,0.0001147606848275172,0.00045545410228696676,0.0005345333829294198,0.00046393675754638486
CVCL_1097,4,"[('LY2090314', 0.05, 'uM')]",40,26.863535512782242,0.000924469159009797,0.0007290208019306845,0.0007477136430058302,0.00010499111937628766,0.0004220860310842994,0.00046344962698031895,0.0004336530992176191
CVCL_1097,4,"[('Lapatinib ditosylate', 0.05, 'uM')]",40,26.863535512782242,0.0007174874932059935,0.0005785457269650532,0.0005933802327846699,7.547579256334161e-05,0.0004299454932868865,0.00044914850671707294,0.0004405591039384173
CVCL_1097,4,"[('Lonafarnib', 0.05, 'uM')]",40,26.863535512782242,0.0007864370267416349,0.0006448393783228746,0.0006613737213567942,0.00011575716024333097,0.000598939014219261,0.000680210441690456,0.000606135430316807
CVCL_1097,4,"[('MK-3903', 0.05, 'uM')]",40,26.863535512782242,0.000899561327729834,0.000738074675517109,0.0007569996671970349,0.00013543343660304288,0.0005379055942007227,0.0006910592736729275,0.000522585055553641
CVCL_1097,4,"[('MK-8353', 0.05, 'uM')]",40,26.863535512782242,0.000767020040297035,0.0006138617568930472,0.0006296018019415867,0.0001031165565365999,0.00040117697805017275,0.0004691548298683595,0.00039996370168320425
CVCL_1097,4,"[('ML264', 0.05, 'uM')]",40,26.863535512782242,0.0007586798351899741,0.0006370805681899443,0.0006534159673743016,0.00012486106630497148,0.0004427551964070535,0.000563050090357965,0.0004396278306473961
CVCL_1097,4,"[('Methylprednisolone succinate', 0.05, 'uM')]",19,12.664930058318106,0.02765350911836932,0.021369450429347583,0.022556642119866896,0.0013511281368317365,0.028305580114451237,0.02722411089229638,0.029135541261715643
CVCL_1097,4,"[('Minodronic acid', 0.05, 'uM')]",40,26.863535512782242,0.0010425157018219824,0.0008249501382857182,0.0008461027059340698,0.00013873679898083574,0.0004702185535755714,0.0005631921592823834,0.0004762236991261211
CVCL_1097,4,"[('NG25', 0.05, 'uM')]",40,26.863535512782242,0.0008928452186281857,0.000724691014528456,0.0007432728354138008,0.0001392892062542605,0.0006210913191809035,0.0007879559672835338,0.0006122717068426115
CVCL_1097,4,"[('NVP-BHG712', 0.05, 'uM')]",40,26.863535512782242,0.0008813250436358763,0.0007248162177914173,0.000743401249016838,0.00011561951182841192,0.0005570694592366346,0.0006450493844177364,0.0005617642254535225
CVCL_1097,4,"[('OTS514', 0.05, 'uM')]",40,26.863535512782242,0.0009138210695702611,0.0007448025060379728,0.0007639000061927926,0.00021411136013185677,0.0007145173034317816,0.0009676260552460686,0.0007228968552309809
CVCL_1097,4,"[('Oleic acid', 0.05, 'uM')]",40,26.863535512782242,0.0009562415533826051,0.000755576896422828,0.0007749506629977721,0.00012402837358456109,0.00038929445684376815,0.0004496112521688153,0.0004075355400121571
CVCL_1097,4,"[('Oxaliplatin', 0.05, 'uM')]",40,26.863535512782242,0.0008230547542448398,0.0006704226493152843,0.0006876129736567017,0.0001478110195139669,0.0005523346907619214,0.0006683598697891867,0.0005531871423721114
CVCL_1097,4,"[('PF-06260933', 0.05, 'uM')]",24,16.173642594337267,0.019690474363524536,0.01928432071319111,0.020122769439851588,0.0009555753805852396,0.014500782564890558,0.013903379433686044,0.014996424211323344
CVCL_1097,4,"[('PH-797804', 0.05, 'uM')]",40,26.863535512782242,0.0008712811840222741,0.000707690056535725,0.0007258359554212562,9.38504675680501e-05,0.00043557916971402697,0.000451205819747738,0.0004539352529119839
CVCL_1097,4,"[('Paclitaxel', 0.05, 'uM')]",40,26.863535512782242,0.0006752267660660901,0.0005633207921561063,0.0005777649150319038,0.0001347225498917071,0.0004861212391534132,0.0005912090459371574,0.0004813077820596915
CVCL_1097,4,"[('Pemigatinib', 0.05, 'uM')]",40,26.863535512782242,0.0009759431197822313,0.0007880584210869348,0.000808265047268651,0.00013452504942614455,0.0005672607086573007,0.0007089123816650442,0.0005731078686366302
CVCL_1097,4,"[('Pimitespib', 0.05, 'uM')]",40,26.863535512782242,0.0008261971710821057,0.0006932468941506822,0.0007110224555391613,0.00011954301634394518,0.0004226556838904565,0.0004464537456140334,0.0004495231054533627
CVCL_1097,4,"[('Pralsetinib', 0.05, 'uM')]",40,26.863535512782242,0.0009454706656074549,0.0007454729114585507,0.0007645876014959498,0.00010216870837323038,0.0007442396731499509,0.0008370258816383649,0.0007228271160606057
CVCL_1097,4,"[('RMC-6236', 0.05, 'uM')]",40,26.863535512782242,0.0009801513463873132,0.0008115262500298831,0.0008323346154152647,0.00015839410844224516,0.0005221106430309208,0.0005623639908581489,0.0005313841841998592
CVCL_1097,4,"[('Ralimetinib dimesylate', 0.05, 'uM')]",16,12.33362165664482,0.021946345396931608,0.020290775706866635,0.021643494087324414,0.001469817554085215,0.0334418938140595,0.03254463605482783,0.03402717461722477
CVCL_1097,4,"[('Regorafenib', 0.05, 'uM')]",40,26.863535512782242,0.0007940426018391702,0.0006457124211436636,0.0006622691498909365,0.00010311488232015225,0.00036493584452204755,0.0004145551505830818,0.00038065820988671546
CVCL_1097,4,"[('SBI-0640756', 0.05, 'uM')]",40,26.863535512782242,0.0007141544321745674,0.000583505223410866,0.0005984668958060161,8.405241716992725e-05,0.0005612959256632332,0.0006501382490120115,0.0005620586723906767
CVCL_1097,4,"[('Sapanisertib', 0.05, 'uM')]",40,26.863535512782242,0.0009420504365174509,0.000811248911553871,0.0008320501656962776,0.0001972883090134519,0.0009204014031494799,0.0010231377681997505,0.0009128033980890545
CVCL_1097,4,"[('Sonidegib', 0.05, 'uM')]",39,25.888155782700505,0.00925069405567345,0.00653514869286349,0.006707126290044112,0.0005354219050814766,0.00320690512790562,0.00322450140650732,0.0034081535012752584
CVCL_1097,4,"[('TAK-733', 0.05, 'uM')]",40,26.863535512782242,0.0008289617258332101,0.0006947443013159825,0.0007125582577599823,0.00013630821305127356,0.0005453579417767347,0.0006705505270347901,0.0005312677996353827
CVCL_1097,4,"[('TAK-901', 0.05, 'uM')]",40,26.863535512782242,0.001427032226055081,0.0013320222165578367,0.001366176632367012,0.0002569599926511572,0.0029035160827822707,0.0033428344179562905,0.002859816490440138
CVCL_1097,4,"[('Temuterkib', 0.05, 'uM')]",40,26.863535512782242,0.00075019545059952,0.0006150209031454387,0.0006307906698927574,0.00012451678193275175,0.00041620705140551264,0.0005023070643820827,0.0004229260081111144
CVCL_1097,4,"[('Tomivosertib', 0.05, 'uM')]",40,26.863535512782242,0.0008392497868149451,0.0006844464991604734,0.0007019964093953572,0.00013613895265313062,0.00047584690386520565,0.0005771665208732081,0.00047690305638067697
CVCL_1097,4,"[('Torkinib', 0.05, 'uM')]",40,26.863535512782242,0.0008086754054471923,0.0006595828443820114,0.0006764952250071912,0.0001240517278607397,0.0005338552168867945,0.000681250865142241,0.0005186790849185597
CVCL_1097,4,"[('Trametinib', 0.05, 'uM')]",40,26.863535512782242,0.0010113219348047563,0.0008625186023489237,0.0008846344639476141,0.0001863420311544497,0.000625700805264209,0.0006803489396656395,0.0006347870184266197
CVCL_1097,4,"[('Tubulin inhibitor 6', 0.05, 'uM')]",40,26.863535512782242,0.0008460135636393106,0.0006686129280599058,0.0006857568492922109,9.421070101791243e-05,0.0003340280617545195,0.0003908933847702821,0.00034173561788517203
CVCL_1097,4,"[('Tucatinib', 0.05, 'uM')]",40,26.863535512782242,0.0007842686289941461,0.0006428071150263354,0.0006592893487449593,0.0001049080295441201,0.0005538157333324021,0.0006264361445961949,0.0005672734825487056
CVCL_1097,4,"[('ULK-101', 0.05, 'uM')]",40,26.863535512782242,0.0010436793487921703,0.0008374299643002486,0.0008589025274874339,0.0001728103849287195,0.0009003431183990853,0.0010865388879498206,0.000882774763545467
CVCL_1097,4,"[('Vemurafenib', 0.05, 'uM')]",40,26.863535512782242,0.0007146583936249897,0.000578691272887181,0.0005935295106535189,9.513618288847047e-05,0.0004939665989511499,0.000554198279023949,0.0004944159422373522
CVCL_1097,4,"[('Volasertib', 0.05, 'uM')]",40,26.863535512782242,0.0007026247385498602,0.0005564112891456066,0.0005706782452775449,8.97698453859419e-05,0.00040381929431737167,0.0004597240687375326,0.0004121182940017766
CVCL_1097,4,"[('XRK3F2', 0.05, 'uM')]",40,26.863535512782242,0.0007177932120976446,0.0005982173531330214,0.0006135562596236115,0.00010311049911649035,0.0006090310020702933,0.0006841080916352792,0.0006013831543914403
CVCL_1097,4,"[('olaparib', 0.05, 'uM')]",32,21.0612430137676,0.02600042172381456,0.023517693836209785,0.024276329121248812,0.0008517836544370551,0.037786345061004305,0.036853018260483136,0.038436525439128004
CVCL_1097,4,"[('palbociclib', 0.05, 'uM')]",40,26.863535512782242,0.0009269012447048121,0.0007483446387310949,0.0007675329628011229,0.00014295340917011402,0.0005978988764043342,0.0006747944248660098,0.000610952153400946
CVCL_1097,4,"[('venetoclax', 0.05, 'uM')]",40,26.863535512782242,0.001096196016804242,0.000940597786627749,0.0009647156785925627,0.000251815261877707,0.0007966133214696907,0.0009585748810402258,0.0007895458215603392
CVCL_1097,4,"[('vincristine', 0.05, 'uM')]",40,26.863535512782242,0.001263140736524924,0.001085352200254907,0.0011131817438511864,0.0001535857430287316,0.0007789393757079311,0.0008443366932397724,0.0007946187326248953
CVCL_1119,4,"[('4EGI-1', 0.05, 'uM')]",40,22.212401102272874,0.0004731165324931123,0.0006607185424339065,0.0006776600435219554,7.813646653068909e-05,0.0005359060689408154,0.0006951588382161524,0.00045930323985858345
CVCL_1119,4,"[('9-ING-41', 0.05, 'uM')]",40,22.212401102272874,0.00048755611781592986,0.0009866221709909384,0.0010119201753753205,0.00010605524000387905,0.0006057379424777561,0.0007902112402819216,0.0005280747980943961
CVCL_1119,4,"[('APTO-253', 0.05, 'uM')]",40,22.212401102272874,0.000379318507178392,0.0005921010369135131,0.0006072831147830901,0.0001249124063575756,0.00042476565241154435,0.0006295717971336646,0.00038665831314882166
CVCL_1119,4,"[('AT7519', 0.05, 'uM')]",40,22.212401102272874,0.0003815848190000132,0.0005350257336896355,0.0005487443422457799,0.00010487436403665248,0.00034886907328810933,0.000492340353211219,0.0003134478460017375
CVCL_1119,4,"[('AZD-7648', 0.05, 'uM')]",40,22.212401102272874,0.00042308097316019104,0.0006964518457580588,0.0007143095853928805,0.0001336571678072209,0.00043176880725569194,0.0005621349903711837,0.0003850777213446374
CVCL_1119,4,"[('AZD-8055', 0.05, 'uM')]",40,22.212401102272874,0.0005490004144236752,0.000710739442859317,0.0007289635311377611,0.00012919503633499057,0.0009196496242386088,0.0012754776277166696,0.0007865214515159157
CVCL_1119,4,"[('AZD1390', 0.05, 'uM')]",40,22.212401102272874,0.00039318708017398944,0.0005813209834679385,0.0005962266497107059,9.90146721452221e-05,0.00034533280106285744,0.0004724217786232507,0.0003040785324102827
CVCL_1119,4,"[('AZD2858', 0.05, 'uM')]",40,22.212401102272874,0.000462323781881134,0.0006104682881126683,0.0006261213211411982,0.0001093889261236469,0.00041937221564589523,0.000577579990341868,0.00037369440197191966
CVCL_1119,4,"[('Adagrasib', 0.05, 'uM')]",40,22.212401102272874,0.0003869584606548872,0.0006020027157561187,0.0006174386828267884,5.9542331164935386e-05,0.00021041153893613517,0.0002613281744563777,0.00019303354959424336
CVCL_1119,4,"[('Afatinib', 0.05, 'uM')]",40,22.212401102272874,0.0005988475911413251,0.0007526393028836185,0.0007719377465473004,9.339534332854624e-05,0.000874465016107804,0.0011090607985573596,0.0007337846843281299
CVCL_1119,4,"[('Alpelisib', 0.05, 'uM')]",40,22.212401102272874,0.00046233099477313875,0.0007277048549698177,0.0007463639538151975,0.00011322434074871962,0.0005926867916212845,0.0008559135939283214,0.0005138456253175531
CVCL_1119,4,"[('Anastrozole', 0.05, 'uM')]",40,22.212401102272874,0.00038202964070982285,0.0006363709986710464,0.0006526882037651753,0.00011222126895894926,0.0003435953094345169,0.000485166279637081,0.0003044522267565831
CVCL_1119,4,"[('BAY1125976', 0.05, 'uM')]",40,22.212401102272874,0.0004863093686414392,0.0006525381241906093,0.0006692698709647272,0.00010175400123208536,0.00044493913286653883,0.0005976770440202545,0.0003801353961938706
CVCL_1119,4,"[('BI-3406', 0.05, 'uM')]",40,22.212401102272874,0.0005216543373520273,0.0007248752785845271,0.0007434618241892582,0.0001101245778454561,0.0007379369824918496,0.0009650802128304016,0.0006249171477574787
CVCL_1119,4,"[('BI-78D3', 0.05, 'uM')]",40,22.212401102272874,0.0004857447989216029,0.0006574090092091606,0.0006742656504709337,0.00010668164377813585,0.0003869981059959402,0.0005275823417318994,0.00033134283634788595
CVCL_1119,4,"[('Belumosudil (mesylate)', 0.05, 'uM')]",40,22.212401102272874,0.000540956542701692,0.0007595549370724641,0.0007790307046897064,0.00011945520645838638,0.0003400611187580299,0.000423723878955367,0.0002986479838704826
CVCL_1119,4,"[('Belzutifan', 0.05, 'uM')]",38,21.153397884330925,0.0022346275675974516,0.003216408261111541,0.003303338214114556,0.00016763168757136723,0.0018190116540561729,0.0019334414246443949,0.0017802788732047363
CVCL_1119,4,"[('Bentamapimod', 0.05, 'uM')]",40,22.212401102272874,0.0006053966870076028,0.0007896697698299652,0.0008099177126461183,0.00013529054122755657,0.0007664372666205108,0.0010501682177014224,0.0006322375087625817
CVCL_1119,4,"[('Bimiralisib', 0.05, 'uM')]",40,22.212401102272874,0.0007131033950356631,0.0008237090170880787,0.0008448297611159783,0.00017788973822028585,0.0010005993366930341,0.001373136967013071,0.0008104470308076876
CVCL_1119,4,"[('Binimetinib', 0.05, 'uM')]",40,22.212401102272874,0.0011213952558382127,0.0012519050396301644,0.0012840051688514501,0.0003098202728332637,0.0020929851882470216,0.003044765199935649,0.0017532559925437152
CVCL_1119,4,"[('Bortezomib', 0.05, 'uM')]",40,22.212401102272874,0.003460759408748899,0.003680177027374003,0.003774540540896412,0.0018805757929206992,0.003077499026693587,0.006110406834935047,0.002476927189728501
CVCL_1119,4,"[('Brivudine', 0.05, 'uM')]",40,22.212401102272874,0.0004940744699903413,0.0006690888556185106,0.0006862449801215492,9.619115561561855e-05,0.0003814349448875194,0.0005502982036257425,0.00031779377313751877
CVCL_1119,4,"[('CP21R7', 0.05, 'uM')]",40,22.212401102272874,0.0004085323253137133,0.0006121158250448222,0.0006278111026100738,8.227902627493258e-05,0.00030329463678201597,0.0003774799316347977,0.0002828864444662153
CVCL_1119,4,"[('Capivasertib', 0.05, 'uM')]",40,22.212401102272874,0.0004304282570114735,0.0006214466840212097,0.0006373812143807278,9.548243469281614e-05,0.00045343771233879814,0.0006400083368703931,0.00038413755329204326
CVCL_1119,4,"[('Capmatinib', 0.05, 'uM')]",40,22.212401102272874,0.0005727404697578575,0.0007901891231657639,0.0008104503827341166,8.64751793173504e-05,0.0005468477919333942,0.00073623159573711,0.0004484881332078566
CVCL_1119,4,"[('Celecoxib', 0.05, 'uM')]",40,22.212401102272874,0.0004473761568230525,0.0008011386159598756,0.0008216806317537184,0.00011951184659800364,0.0003592176881473365,0.00047169119577324125,0.00033779552964429695
CVCL_1119,4,"[('DT-061', 0.05, 'uM')]",40,22.212401102272874,0.0004667857518375286,0.0008330779318839951,0.000854438904496405,9.654950028787691e-05,0.00031179019184967617,0.00042247640369055215,0.0002829021845855187
CVCL_1119,4,"[('DTP3', 0.05, 'uM')]",25,14.251748060614963,0.01946355861685283,0.017886281807886654,0.01863154354988194,0.0008004975767549884,0.024998381458668662,0.023696869422462255,0.0256781939065001
CVCL_1119,4,"[('Dabrafenib', 0.05, 'uM')]",40,22.212401102272874,0.0005528707798700498,0.0007719273695938998,0.0007917203790706667,0.00011795752718270585,0.00041979208708844826,0.0005906633367449637,0.00036356560330542666
CVCL_1119,4,"[('ERK5-IN-2', 0.05, 'uM')]",40,22.212401102272874,0.00048206503438202777,0.0006676598267729259,0.000684779309510693,0.00012824589385807,0.0004310825881419667,0.0005796453301299244,0.0003617604998017422
CVCL_1119,4,"[('ETC-206', 0.05, 'uM')]",40,22.212401102272874,0.0003434169662969254,0.0004970361941503373,0.0005097807119490638,7.943186896785654e-05,0.00029236939674168254,0.00040180465383539903,0.00027035793095254724
CVCL_1119,4,"[('EX229', 0.05, 'uM')]",40,22.212401102272874,0.0008321395125466479,0.001132909412675615,0.0011619583719749888,0.00020331868185565621,0.0004838092556075326,0.0007591211496369234,0.00041508808331110935
CVCL_1119,4,"[('Elimusertib hydrochloride', 0.05, 'uM')]",40,22.212401102272874,0.0014437707606019825,0.0015911067839823963,0.0016319043938280986,0.00038627398410634326,0.002763473037665191,0.00386415518217118,0.0023550639857055147
CVCL_1119,4,"[('Encorafenib', 0.05, 'uM')]",40,22.212401102272874,0.00044016018360584937,0.0005816651748773478,0.0005965796665408694,0.00010269064300551452,0.00036752393819839237,0.0005344874894827735,0.00032490038266814217
CVCL_1119,4,"[('Erdafitinib ', 0.05, 'uM')]",40,22.212401102272874,0.0004335872140801438,0.0005823315843441894,0.0005972631634299378,9.626929167328391e-05,0.0004005917743168521,0.0005620278269024915,0.0003493389232196199
CVCL_1119,4,"[('Everolimus', 0.05, 'uM')]",40,22.212401102272874,0.0004593118670729398,0.0005827111677791049,0.000597652479773441,7.889300009997457e-05,0.000386727754505498,0.000503093997853991,0.0003297119706984142
CVCL_1119,4,"[('Futibatinib', 0.05, 'uM')]",40,22.212401102272874,0.00045462608826120484,0.0006625036505118018,0.0006794909236018479,0.0001669007172545966,0.00044283391026535984,0.0007111273693416415,0.0003933625374742095
CVCL_1119,4,"[('GSK1059615', 0.05, 'uM')]",40,22.212401102272874,0.0005605163822367288,0.0006860244775984056,0.0007036148488188774,0.000124691791403539,0.0005976939946954482,0.0008189975831961458,0.0004892127475366666
CVCL_1119,4,"[('Gemcitabine', 0.05, 'uM')]",40,22.212401102272874,0.0005239006345982877,0.0006261878545213357,0.000642243953355216,0.00012553589711396178,0.0005089203876845511,0.0007197812457924944,0.00041847969096316486
CVCL_1119,4,"[('HI-TOPK-032', 0.05, 'uM')]",40,22.212401102272874,0.000576201540603383,0.0008926694942788438,0.0009155584556706092,0.000156750691437723,0.0005835097631581958,0.0007766017445427751,0.0005350186643575941
CVCL_1119,4,"[('Hydroxyfasudil', 0.05, 'uM')]",38,21.56817989572615,0.00281358713573868,0.0031575273869985255,0.0032428659650255115,0.0002667873947551946,0.0033865556308541127,0.003693091310241607,0.0033152272644589517
CVCL_1119,4,"[('IQ 1', 0.05, 'uM')]",40,22.212401102272874,0.00045572814979099625,0.0006023424017041789,0.0006177870786709526,0.00012346491050884654,0.0005094471163319985,0.0007374176683986707,0.000441124495063949
CVCL_1119,4,"[('Infigratinib', 0.05, 'uM')]",40,22.212401102272874,0.0005335657319010876,0.0006665040530220331,0.0006835939005354184,0.00016995399132110306,0.0006952029328429814,0.001004143271294048,0.0006315900137662867
CVCL_1119,4,"[('Ipatasertib', 0.05, 'uM')]",40,22.212401102272874,0.0005882652401546409,0.0008205727195288889,0.0008416130456706548,0.0001413387849215473,0.000634839921407647,0.0008727296644428762,0.0005434842696385814
CVCL_1119,4,"[('Irinotecan', 0.05, 'uM')]",40,22.212401102272874,0.00043086890126674786,0.0005528506854085908,0.0005670263440088109,9.586822047976292e-05,0.0004138681976425809,0.0005314591863529083,0.00035606871921350783
CVCL_1119,4,"[('Ixazomib', 0.05, 'uM')]",40,22.212401102272874,0.0006358312186186444,0.0009099209663463951,0.0009332522731757897,0.00011768923709417858,0.00040213704104836604,0.0005457968170509104,0.00034578073988261835
CVCL_1119,4,"[('LB-100', 0.05, 'uM')]",40,22.212401102272874,0.0003307466561155698,0.0005035483929088129,0.000516459890162885,9.47816486140029e-05,0.0003313103583440911,0.000457384416678063,0.00030437747048382057
CVCL_1119,4,"[('LJI308', 0.05, 'uM')]",40,22.212401102272874,0.0007566401963592248,0.0009092860251271792,0.0009326010514124916,0.0002644652759062262,0.0005901584126857514,0.001032183237153549,0.0004996297172123775
CVCL_1119,4,"[('LY-2584702 (tosylate salt)', 0.05, 'uM')]",40,22.212401102272874,0.00044278999898542354,0.0006790368568709574,0.0006964480583291869,0.0001147606848275172,0.00034892995548541593,0.0004850045453198982,0.0003178943552471461
CVCL_1119,4,"[('LY2090314', 0.05, 'uM')]",40,22.212401102272874,0.00045813637504631355,0.0007290208019306845,0.0007477136430058302,0.00010499111937628766,0.0003534605319815804,0.0004612250236840449,0.0003198460221739705
CVCL_1119,4,"[('Lapatinib ditosylate', 0.05, 'uM')]",40,22.212401102272874,0.00040011974573650575,0.0005785457269650532,0.0005933802327846699,7.547579256334161e-05,0.0005623948733876577,0.0007086638873036211,0.0005022149302235904
CVCL_1119,4,"[('Lonafarnib', 0.05, 'uM')]",40,22.212401102272874,0.0004351085739227994,0.0006448393783228746,0.0006613737213567942,0.00011575716024333097,0.00047736620687543395,0.0006915892060612021,0.00043139464085210433
CVCL_1119,4,"[('MK-3903', 0.05, 'uM')]",40,22.212401102272874,0.0005570806658057493,0.000738074675517109,0.0007569996671970349,0.00013543343660304288,0.0005585501203469348,0.0007095603778574218,0.00045689213475651685
CVCL_1119,4,"[('MK-8353', 0.05, 'uM')]",40,22.212401102272874,0.00044189382486147167,0.0006138617568930472,0.0006296018019415867,0.0001031165565365999,0.00037526408733900613,0.0005282627842001978,0.00032585689591473337
CVCL_1119,4,"[('ML264', 0.05, 'uM')]",40,22.212401102272874,0.0004711708467240067,0.0006370805681899443,0.0006534159673743016,0.00012486106630497148,0.00039037492619717486,0.0005481961553365906,0.0003307882147585159
CVCL_1119,4,"[('Methylprednisolone succinate', 0.05, 'uM')]",19,11.705739769031936,0.021518392342546037,0.021369450429347583,0.022556642119866896,0.0013511281368317365,0.02704183273695685,0.02594801843112704,0.02761600458072481
CVCL_1119,4,"[('Minodronic acid', 0.05, 'uM')]",40,22.212401102272874,0.0004870799666327486,0.0008249501382857182,0.0008461027059340698,0.00013873679898083574,0.00047429552757136107,0.0006573220683275378,0.00043773367519292283
CVCL_1119,4,"[('NG25', 0.05, 'uM')]",40,22.212401102272874,0.0005374896331611811,0.000724691014528456,0.0007432728354138008,0.0001392892062542605,0.0003779302156988612,0.0005747077220629413,0.0003222932174230775
CVCL_1119,4,"[('NVP-BHG712', 0.05, 'uM')]",40,22.212401102272874,0.00047791840580114364,0.0007248162177914173,0.000743401249016838,0.00011561951182841192,0.0004522519530211797,0.0006119105323476215,0.0003861264337014008
CVCL_1119,4,"[('OTS514', 0.05, 'uM')]",40,22.212401102272874,0.0005177305364566917,0.0007448025060379728,0.0007639000061927926,0.00021411136013185677,0.0005296777483564698,0.0008591508536947784,0.0004609066434666137
CVCL_1119,4,"[('Oleic acid', 0.05, 'uM')]",40,22.212401102272874,0.00044187290422607043,0.000755576896422828,0.0007749506629977721,0.00012402837358456109,0.00032442371749960184,0.0004964326287152116,0.0002963500185461726
CVCL_1119,4,"[('Oxaliplatin', 0.05, 'uM')]",40,22.212401102272874,0.0005101402080648356,0.0006704226493152843,0.0006876129736567017,0.0001478110195139669,0.000543186416050369,0.0007906386143279329,0.0004799377834127271
CVCL_1119,4,"[('PH-797804', 0.05, 'uM')]",40,22.212401102272874,0.0004436972499595676,0.000707690056535725,0.0007258359554212562,9.38504675680501e-05,0.00039487480028274077,0.0005100392702944547,0.0003667460865966458
CVCL_1119,4,"[('Paclitaxel', 0.05, 'uM')]",40,22.212401102272874,0.000432470093181452,0.0005633207921561063,0.0005777649150319038,0.0001347225498917071,0.0005623843289463385,0.0007682110131992911,0.00048629100205934057
CVCL_1119,4,"[('Pemigatinib', 0.05, 'uM')]",40,22.212401102272874,0.0005154502360732971,0.0007880584210869348,0.000808265047268651,0.00013452504942614455,0.00041219944467034663,0.0006487206635603771,0.0003510861625792741
CVCL_1119,4,"[('Pimitespib', 0.05, 'uM')]",40,22.212401102272874,0.0005130324381561446,0.0006932468941506822,0.0007110224555391613,0.00011954301634394518,0.00039672217115575023,0.0005536609629355721,0.0003489135560046717
CVCL_1119,4,"[('Pralsetinib', 0.05, 'uM')]",40,22.212401102272874,0.00056032603810755,0.0007454729114585507,0.0007645876014959498,0.00010216870837323038,0.0005008597697907344,0.0006293349555666996,0.00042465000205110727
CVCL_1119,4,"[('RMC-6236', 0.05, 'uM')]",40,22.212401102272874,0.000560361343594729,0.0008115262500298831,0.0008323346154152647,0.00015839410844224516,0.0008286835895598455,0.0011160926239082815,0.0007231644289224075
CVCL_1119,4,"[('Ralimetinib dimesylate', 0.05, 'uM')]",16,9.63026654109482,0.018625238700618375,0.020290775706866635,0.021643494087324414,0.001469817554085215,0.030401339244470138,0.02978406783609718,0.03377030159145427
CVCL_1119,4,"[('Regorafenib', 0.05, 'uM')]",40,22.212401102272874,0.0004306194313479198,0.0006457124211436636,0.0006622691498909365,0.00010311488232015225,0.0003472150830701648,0.0004898216853945076,0.00030292316717727037
CVCL_1119,4,"[('SBI-0640756', 0.05, 'uM')]",40,22.212401102272874,0.000462046299745999,0.000583505223410866,0.0005984668958060161,8.405241716992725e-05,0.0004726553485647535,0.0005500903844662188,0.0004170349609637621
CVCL_1119,4,"[('Sapanisertib', 0.05, 'uM')]",40,22.212401102272874,0.0006467704274599913,0.000811248911553871,0.0008320501656962776,0.0001972883090134519,0.0008861834434007416,0.0011860017159498234,0.0008008009480630838
CVCL_1119,4,"[('Sonidegib', 0.05, 'uM')]",39,22.052297901050512,0.005277095923920971,0.00653514869286349,0.006707126290044112,0.0005354219050814766,0.004487506415002825,0.004311426728991787,0.004621643998742081
CVCL_1119,4,"[('TAK-733', 0.05, 'uM')]",40,22.212401102272874,0.0005318803641282495,0.0006947443013159825,0.0007125582577599823,0.00013630821305127356,0.00042309086590936167,0.0005908358079121364,0.00037000930965571646
CVCL_1119,4,"[('TAK-901', 0.05, 'uM')]",40,22.212401102272874,0.0011025785629911423,0.0013320222165578367,0.001366176632367012,0.0002569599926511572,0.0007614334753863665,0.001104169681771793,0.0007217833894777288
CVCL_1119,4,"[('Temuterkib', 0.05, 'uM')]",40,22.212401102272874,0.00043163203579256584,0.0006150209031454387,0.0006307906698927574,0.00012451678193275175,0.0004286074482644535,0.0005763523489388489,0.00037488976497576144
CVCL_1119,4,"[('Tomivosertib', 0.05, 'uM')]",40,22.212401102272874,0.0005364069828038238,0.0006844464991604734,0.0007019964093953572,0.00013613895265313062,0.0005308294822563825,0.0007828189659601257,0.0004372823330113944
CVCL_1119,4,"[('Torkinib', 0.05, 'uM')]",40,22.212401102272874,0.0004887366108752255,0.0006595828443820114,0.0006764952250071912,0.0001240517278607397,0.0004924466937736607,0.000668331058691691,0.000408383151485079
CVCL_1119,4,"[('Trametinib', 0.05, 'uM')]",40,22.212401102272874,0.0006194439942793974,0.0008625186023489237,0.0008846344639476141,0.0001863420311544497,0.0010195328946201521,0.0014001072015970917,0.0008780654722855875
CVCL_1119,4,"[('Tubulin inhibitor 6', 0.05, 'uM')]",40,22.212401102272874,0.00041880359128739804,0.0006686129280599058,0.0006857568492922109,9.421070101791243e-05,0.0002852621320976888,0.000364923347960015,0.0002587332627161844
CVCL_1119,4,"[('Tucatinib', 0.05, 'uM')]",40,22.212401102272874,0.00047276235455002145,0.0006428071150263354,0.0006592893487449593,0.0001049080295441201,0.00043619730701138115,0.0006182474875515263,0.0003619002550954345
CVCL_1119,4,"[('ULK-101', 0.05, 'uM')]",40,22.212401102272874,0.0006852024366130763,0.0008374299643002486,0.0008589025274874339,0.0001728103849287195,0.0007468981080708873,0.0010205933820783722,0.0006460077657207346
CVCL_1119,4,"[('Vemurafenib', 0.05, 'uM')]",40,22.212401102272874,0.00041731780373391395,0.000578691272887181,0.0005935295106535189,9.513618288847047e-05,0.00043867254200977834,0.0005523502703909952,0.00037734369111201845
CVCL_1119,4,"[('Volasertib', 0.05, 'uM')]",40,22.212401102272874,0.0004005234909090553,0.0005564112891456066,0.0005706782452775449,8.97698453859419e-05,0.0003820506738057338,0.00047705274340225365,0.00034312053285107867
CVCL_1119,4,"[('XRK3F2', 0.05, 'uM')]",40,22.212401102272874,0.0004657782244727877,0.0005982173531330214,0.0006135562596236115,0.00010311049911649035,0.0007593292467359113,0.001036937902233078,0.0006563770094663941
CVCL_1119,4,"[('olaparib', 0.05, 'uM')]",32,17.595129880300505,0.01908118294872836,0.023517693836209785,0.024276329121248812,0.0008517836544370551,0.06306225303345392,0.06373636756536635,0.06350818465086629
CVCL_1119,4,"[('palbociclib', 0.05, 'uM')]",40,22.212401102272874,0.0005384709881487943,0.0007483446387310949,0.0007675329628011229,0.00014295340917011402,0.00045648445561761607,0.0006731155373656274,0.00038760105111194096
CVCL_1119,4,"[('venetoclax', 0.05, 'uM')]",40,22.212401102272874,0.0008425755495728601,0.000940597786627749,0.0009647156785925627,0.000251815261877707,0.0011156093502120087,0.001743123022602188,0.000889010131795077
CVCL_1119,4,"[('vincristine', 0.05, 'uM')]",40,22.212401102272874,0.000635881582408455,0.001085352200254907,0.0011131817438511864,0.0001535857430287316,0.0003934773748934083,0.0005004463742653433,0.000351546871780956
CVCL_1577,4,"[('4EGI-1', 0.05, 'uM')]",40,18.461724813671697,0.00034217114314020206,0.0006607185424339065,0.0006776600435219554,7.813646653068909e-05,0.0022041350932407566,0.0021851201525908614,0.002200221978681717
CVCL_1577,4,"[('9-ING-41', 0.05, 'uM')]",40,18.461724813671697,0.00034782711050566266,0.0009866221709909384,0.0010119201753753205,0.00010605524000387905,0.0008218975132983552,0.0007683674193390299,0.0008300832255543635
CVCL_1577,4,"[('APTO-253', 0.05, 'uM')]",40,18.461724813671697,0.00029050619470929166,0.0005921010369135131,0.0006072831147830901,0.0001249124063575756,0.0008921264566657692,0.000907382259269124,0.0008630958098566066
CVCL_1577,4,"[('AT7519', 0.05, 'uM')]",40,18.461724813671697,0.0003175537973216045,0.0005350257336896355,0.0005487443422457799,0.00010487436403665248,0.0005705246166927687,0.0005435936716800582,0.0005517109212439354
CVCL_1577,4,"[('AZD-7648', 0.05, 'uM')]",40,18.461724813671697,0.00031320452583013056,0.0006964518457580588,0.0007143095853928805,0.0001336571678072209,0.0012366266096509317,0.0012373076119601893,0.001180171896795341
CVCL_1577,4,"[('AZD-8055', 0.05, 'uM')]",40,18.461724813671697,0.0004241596815487418,0.000710739442859317,0.0007289635311377611,0.00012919503633499057,0.0011674672536834527,0.001013924408071682,0.0011124219106492046
CVCL_1577,4,"[('AZD1390', 0.05, 'uM')]",40,18.461724813671697,0.00029033170162260903,0.0005813209834679385,0.0005962266497107059,9.90146721452221e-05,0.0009931918973284327,0.001037944223331297,0.000976546065353692
CVCL_1577,4,"[('AZD2858', 0.05, 'uM')]",40,18.461724813671697,0.0003634080161612182,0.0006104682881126683,0.0006261213211411982,0.0001093889261236469,0.0012873832786977517,0.001251517009833415,0.0012018534114710754
CVCL_1577,4,"[('Adagrasib', 0.05, 'uM')]",40,18.461724813671697,0.00036045410153966997,0.0006020027157561187,0.0006174386828267884,5.9542331164935386e-05,0.0007666689635533676,0.0007449298690741164,0.0007499073461874874
CVCL_1577,4,"[('Afatinib', 0.05, 'uM')]",40,18.461724813671697,0.00047895675690332246,0.0007526393028836185,0.0007719377465473004,9.339534332854624e-05,0.0014096277759348102,0.0013590680843752847,0.0013819335025591819
CVCL_1577,4,"[('Alpelisib', 0.05, 'uM')]",40,18.461724813671697,0.00035454601915108834,0.0007277048549698177,0.0007463639538151975,0.00011322434074871962,0.0012556627335759492,0.0012195412053466503,0.0012278817018301952
CVCL_1577,4,"[('Anastrozole', 0.05, 'uM')]",40,18.461724813671697,0.00028916942934927286,0.0006363709986710464,0.0006526882037651753,0.00011222126895894926,0.0005424502112040618,0.0005606415848380217,0.0005050544325743058
CVCL_1577,4,"[('BAY1125976', 0.05, 'uM')]",40,18.461724813671697,0.00037757870548038385,0.0006525381241906093,0.0006692698709647272,0.00010175400123208536,0.0007201701255263248,0.0007148265229465838,0.0006964233607294867
CVCL_1577,4,"[('BI-3406', 0.05, 'uM')]",40,18.461724813671697,0.00040545865585735544,0.0007248752785845271,0.0007434618241892582,0.0001101245778454561,0.0021850538479060346,0.002081967217012652,0.002104510902557867
CVCL_1577,4,"[('BI-78D3', 0.05, 'uM')]",40,18.461724813671697,0.0003731929273363009,0.0006574090092091606,0.0006742656504709337,0.00010668164377813585,0.0027123941023589285,0.002616843912481988,0.0025889735879154685
CVCL_1577,4,"[('Belumosudil (mesylate)', 0.05, 'uM')]",40,18.461724813671697,0.0004516460215741473,0.0007595549370724641,0.0007790307046897064,0.00011945520645838638,0.0013652382413656039,0.001260647253751482,0.0013502795356748515
CVCL_1577,4,"[('Belzutifan', 0.05, 'uM')]",38,18.07227737518378,0.002234752541728719,0.003216408261111541,0.003303338214114556,0.00016763168757136723,0.033181944969079065,0.0330097706996141,0.03321399191701103
CVCL_1577,4,"[('Bentamapimod', 0.05, 'uM')]",40,18.461724813671697,0.0004466454309294541,0.0007896697698299652,0.0008099177126461183,0.00013529054122755657,0.001566581098532093,0.001544756469376424,0.0015220156782429735
CVCL_1577,4,"[('Bimiralisib', 0.05, 'uM')]",40,18.461724813671697,0.0005432615315098544,0.0008237090170880787,0.0008448297611159783,0.00017788973822028585,0.0006712569506707933,0.0005819534973627111,0.0006096498143778428
CVCL_1577,4,"[('Binimetinib', 0.05, 'uM')]",40,18.461724813671697,0.0009014816383017291,0.0012519050396301644,0.0012840051688514501,0.0003098202728332637,0.0008124028874805722,0.0007192236131913585,0.0007304474574938828
CVCL_1577,4,"[('Bortezomib', 0.05, 'uM')]",40,18.461724813671697,0.0030143272157253467,0.003680177027374003,0.003774540540896412,0.0018805757929206992,0.005416517539827342,0.006581353371635261,0.004958438196911899
CVCL_1577,4,"[('Brivudine', 0.05, 'uM')]",40,18.461724813671697,0.0003622763674229397,0.0006690888556185106,0.0006862449801215492,9.619115561561855e-05,0.001432488631606231,0.0014654050436162867,0.0014063932305023097
CVCL_1577,4,"[('CP21R7', 0.05, 'uM')]",40,18.461724813671697,0.00031755184347507105,0.0006121158250448222,0.0006278111026100738,8.227902627493258e-05,0.0020119975476248398,0.0019899336618332073,0.0019421984967578148
CVCL_1577,4,"[('Capivasertib', 0.05, 'uM')]",40,18.461724813671697,0.00034304827276245866,0.0006214466840212097,0.0006373812143807278,9.548243469281614e-05,0.0009924179682616447,0.0009717492738032942,0.0009391124519052281
CVCL_1577,4,"[('Capmatinib', 0.05, 'uM')]",40,18.461724813671697,0.00047301271507341186,0.0007901891231657639,0.0008104503827341166,8.64751793173504e-05,0.0019120474040827738,0.0018703223648549123,0.0018689019296783394
CVCL_1577,4,"[('Celecoxib', 0.05, 'uM')]",40,18.461724813671697,0.0003265481811605501,0.0008011386159598756,0.0008216806317537184,0.00011951184659800364,0.0010581608984743416,0.001107133638723883,0.0010310043118626692
CVCL_1577,4,"[('DT-061', 0.05, 'uM')]",40,18.461724813671697,0.00034735620899445136,0.0008330779318839951,0.000854438904496405,9.654950028787691e-05,0.0016200332733815506,0.0016183316214403106,0.0016253410197553093
CVCL_1577,4,"[('Dabrafenib', 0.05, 'uM')]",40,18.461724813671697,0.00040962737112966376,0.0007719273695938998,0.0007917203790706667,0.00011795752718270585,0.0008474408936605016,0.0008790891833601146,0.0008129411061689419
CVCL_1577,4,"[('ERK5-IN-2', 0.05, 'uM')]",40,18.461724813671697,0.0003672231210410909,0.0006676598267729259,0.000684779309510693,0.00012824589385807,0.0019862942655377606,0.0020708821980989496,0.001982612259769146
CVCL_1577,4,"[('ETC-206', 0.05, 'uM')]",40,18.461724813671697,0.00027496645979197063,0.0004970361941503373,0.0005097807119490638,7.943186896785654e-05,0.0009097329078415035,0.0009139440400882398,0.0009009628786571956
CVCL_1577,4,"[('EX229', 0.05, 'uM')]",40,18.461724813671697,0.000625346619520163,0.001132909412675615,0.0011619583719749888,0.00020331868185565621,0.002443604575094962,0.002462719367373669,0.0023429358222798245
CVCL_1577,4,"[('Elimusertib hydrochloride', 0.05, 'uM')]",40,18.461724813671697,0.0012319821933821581,0.0015911067839823963,0.0016319043938280986,0.00038627398410634326,0.0022054424134885305,0.0019467378393145114,0.0022150433575369908
CVCL_1577,4,"[('Encorafenib', 0.05, 'uM')]",40,18.461724813671697,0.0003481045218440566,0.0005816651748773478,0.0005965796665408694,0.00010269064300551452,0.0008553232629657023,0.0008836304666336428,0.0008324505732994119
CVCL_1577,4,"[('Erdafitinib ', 0.05, 'uM')]",40,18.461724813671697,0.0003600672231032803,0.0005823315843441894,0.0005972631634299378,9.626929167328391e-05,0.0025939137534368574,0.0025813004431051415,0.002461768637180794
CVCL_1577,4,"[('Everolimus', 0.05, 'uM')]",40,18.461724813671697,0.0003778536921827404,0.0005827111677791049,0.000597652479773441,7.889300009997457e-05,0.001835724869404006,0.0018745041929520245,0.0017811279307896651
CVCL_1577,4,"[('Futibatinib', 0.05, 'uM')]",40,18.461724813671697,0.00036532275960505324,0.0006625036505118018,0.0006794909236018479,0.0001669007172545966,0.0008898777715579611,0.0009549623370834138,0.0008601627703693164
CVCL_1577,4,"[('GSK1059615', 0.05, 'uM')]",40,18.461724813671697,0.0004447480975620722,0.0006860244775984056,0.0007036148488188774,0.000124691791403539,0.0007388584001974712,0.0006629639674524554,0.0006481183379320285
CVCL_1577,4,"[('Gemcitabine', 0.05, 'uM')]",40,18.461724813671697,0.0004288013565828498,0.0006261878545213357,0.000642243953355216,0.00012553589711396178,0.0005418915306744526,0.0005250315575555488,0.0005021326153892705
CVCL_1577,4,"[('HI-TOPK-032', 0.05, 'uM')]",40,18.461724813671697,0.0004505812886928582,0.0008926694942788438,0.0009155584556706092,0.000156750691437723,0.003385922052507801,0.0034016216293046735,0.0032746141272949813
CVCL_1577,4,"[('IQ 1', 0.05, 'uM')]",40,18.461724813671697,0.00036804228162248695,0.0006023424017041789,0.0006177870786709526,0.00012346491050884654,0.0009018499211222151,0.0009167335229778719,0.0008667957421456562
CVCL_1577,4,"[('Infigratinib', 0.05, 'uM')]",40,18.461724813671697,0.00045486282129684563,0.0006665040530220331,0.0006835939005354184,0.00016995399132110306,0.0007034609751153611,0.0006893610154271373,0.0006528091772835665
CVCL_1577,4,"[('Ipatasertib', 0.05, 'uM')]",40,18.461724813671697,0.00046532469763457937,0.0008205727195288889,0.0008416130456706548,0.0001413387849215473,0.0013294329519186853,0.0012770473469485445,0.0012737529219527918
CVCL_1577,4,"[('Irinotecan', 0.05, 'uM')]",40,18.461724813671697,0.00034078805693501347,0.0005528506854085908,0.0005670263440088109,9.586822047976292e-05,0.0015510618430559862,0.0014887410682814534,0.0014815634076705162
CVCL_1577,4,"[('Ixazomib', 0.05, 'uM')]",40,18.461724813671697,0.0005245732802015088,0.0009099209663463951,0.0009332522731757897,0.00011768923709417858,0.003339557653416843,0.003316451216754845,0.0032033017337305854
CVCL_1577,4,"[('LB-100', 0.05, 'uM')]",40,18.461724813671697,0.0002605810745410053,0.0005035483929088129,0.000516459890162885,9.47816486140029e-05,0.0005112242871593115,0.0005260982026816797,0.0004864491581479977
CVCL_1577,4,"[('LJI308', 0.05, 'uM')]",40,18.461724813671697,0.0007020655857140769,0.0009092860251271792,0.0009326010514124916,0.0002644652759062262,0.002444497327602778,0.0025161002251591746,0.0023335243700666427
CVCL_1577,4,"[('LY-2584702 (tosylate salt)', 0.05, 'uM')]",40,18.461724813671697,0.00035679224176179107,0.0006790368568709574,0.0006964480583291869,0.0001147606848275172,0.003336359710675731,0.0033823258810803994,0.0032698160333368086
CVCL_1577,4,"[('LY2090314', 0.05, 'uM')]",40,18.461724813671697,0.0003205182483587383,0.0007290208019306845,0.0007477136430058302,0.00010499111937628766,0.0009840743695344464,0.0009435425817869862,0.0009462534740751071
CVCL_1577,4,"[('Lapatinib ditosylate', 0.05, 'uM')]",40,18.461724813671697,0.00031839168464692336,0.0005785457269650532,0.0005933802327846699,7.547579256334161e-05,0.0008971297835314227,0.0008750015758141816,0.0008365937313544414
CVCL_1577,4,"[('Lonafarnib', 0.05, 'uM')]",40,18.461724813671697,0.00033842344276193337,0.0006448393783228746,0.0006613737213567942,0.00011575716024333097,0.0005339293754621552,0.00048541671597291227,0.0004988057660889955
CVCL_1577,4,"[('MK-3903', 0.05, 'uM')]",40,18.461724813671697,0.00042630784596461716,0.000738074675517109,0.0007569996671970349,0.00013543343660304288,0.0018695188722033299,0.001881556009235954,0.0018266984018342099
CVCL_1577,4,"[('MK-8353', 0.05, 'uM')]",40,18.461724813671697,0.00032960682254256366,0.0006138617568930472,0.0006296018019415867,0.0001031165565365999,0.0013132419929809355,0.0013418566510053015,0.0012917019170353727
CVCL_1577,4,"[('ML264', 0.05, 'uM')]",40,18.461724813671697,0.0003559851121619073,0.0006370805681899443,0.0006534159673743016,0.00012486106630497148,0.0010127634788087035,0.0010158286402467192,0.0009732728648364848
CVCL_1577,4,"[('Minodronic acid', 0.05, 'uM')]",40,18.461724813671697,0.0003415475289206576,0.0008249501382857182,0.0008461027059340698,0.00013873679898083574,0.0007817854805475938,0.0007764203377892227,0.000726823639810216
CVCL_1577,4,"[('NG25', 0.05, 'uM')]",40,18.461724813671697,0.0004639965226670939,0.000724691014528456,0.0007432728354138008,0.0001392892062542605,0.0015959693549686777,0.0016122783790636216,0.0015027856097342242
CVCL_1577,4,"[('NVP-BHG712', 0.05, 'uM')]",40,18.461724813671697,0.0003512002483471394,0.0007248162177914173,0.000743401249016838,0.00011561951182841192,0.0005836552101039945,0.0006498853249464812,0.0005631239723022569
CVCL_1577,4,"[('OTS514', 0.05, 'uM')]",40,18.461724813671697,0.0004213426448947396,0.0007448025060379728,0.0007639000061927926,0.00021411136013185677,0.0009520125819431058,0.0009050975514126322,0.0008810387705311229
CVCL_1577,4,"[('Oleic acid', 0.05, 'uM')]",40,18.461724813671697,0.0003023386050408598,0.000755576896422828,0.0007749506629977721,0.00012402837358456109,0.0007339197369762357,0.0006877134290417577,0.0006956378323970333
CVCL_1577,4,"[('Oxaliplatin', 0.05, 'uM')]",40,18.461724813671697,0.00041115381541996244,0.0006704226493152843,0.0006876129736567017,0.0001478110195139669,0.0006386009544722251,0.0006535595515003508,0.0006091849942613447
CVCL_1577,4,"[('PH-797804', 0.05, 'uM')]",40,18.461724813671697,0.0003171206177122407,0.000707690056535725,0.0007258359554212562,9.38504675680501e-05,0.0007027799548873857,0.0006874697568657435,0.0006679016401920861
CVCL_1577,4,"[('Paclitaxel', 0.05, 'uM')]",40,18.461724813671697,0.0003336572337580032,0.0005633207921561063,0.0005777649150319038,0.0001347225498917071,0.0006651539527013186,0.0007090291480767377,0.0006303483145893092
CVCL_1577,4,"[('Pemigatinib', 0.05, 'uM')]",40,18.461724813671697,0.00042500598605150683,0.0007880584210869348,0.000808265047268651,0.00013452504942614455,0.001338377963654729,0.0013637301004455367,0.0012740633577119416
CVCL_1577,4,"[('Pimitespib', 0.05, 'uM')]",40,18.461724813671697,0.0004270109024505519,0.0006932468941506822,0.0007110224555391613,0.00011954301634394518,0.0013525222366350745,0.001272458079467747,0.0012881656254906519
CVCL_1577,4,"[('Pralsetinib', 0.05, 'uM')]",40,18.461724813671697,0.00046966213615444945,0.0007454729114585507,0.0007645876014959498,0.00010216870837323038,0.0009807825740643906,0.0009883181429827539,0.0009053566670828905
CVCL_1577,4,"[('RMC-6236', 0.05, 'uM')]",40,18.461724813671697,0.00041684738255066484,0.0008115262500298831,0.0008323346154152647,0.00015839410844224516,0.0006719201696511898,0.0006614073464425367,0.000653162504521018
CVCL_1577,4,"[('Regorafenib', 0.05, 'uM')]",40,18.461724813671697,0.0003264025050602816,0.0006457124211436636,0.0006622691498909365,0.00010311488232015225,0.0013532525263533967,0.0013851133677831276,0.0013137551464508829
CVCL_1577,4,"[('SBI-0640756', 0.05, 'uM')]",40,18.461724813671697,0.0003690504329546711,0.000583505223410866,0.0005984668958060161,8.405241716992725e-05,0.002131539339884741,0.0021795722047219506,0.002052033142898519
CVCL_1577,4,"[('Sapanisertib', 0.05, 'uM')]",40,18.461724813671697,0.0005300282327729077,0.000811248911553871,0.0008320501656962776,0.0001972883090134519,0.0008675981240440725,0.0008294390189676956,0.0008144145253964474
CVCL_1577,4,"[('Sonidegib', 0.05, 'uM')]",39,18.420105727532764,0.004691766917298126,0.00653514869286349,0.006707126290044112,0.0005354219050814766,0.07560553565734274,0.0759543729067276,0.07534423812520051
CVCL_1577,4,"[('TAK-733', 0.05, 'uM')]",40,18.461724813671697,0.0004164136787107728,0.0006947443013159825,0.0007125582577599823,0.00013630821305127356,0.000950434481295606,0.0010307317688056387,0.0009452099622913658
CVCL_1577,4,"[('TAK-901', 0.05, 'uM')]",40,18.461724813671697,0.0010794797525698512,0.0013320222165578367,0.001366176632367012,0.0002569599926511572,0.001950956868398351,0.0018686787338752131,0.0018705275173667535
CVCL_1577,4,"[('Temuterkib', 0.05, 'uM')]",40,18.461724813671697,0.00033960466891314387,0.0006150209031454387,0.0006307906698927574,0.00012451678193275175,0.0014354954787706724,0.001487370360199302,0.0014050528483964349
CVCL_1577,4,"[('Tomivosertib', 0.05, 'uM')]",40,18.461724813671697,0.0004300619129201951,0.0006844464991604734,0.0007019964093953572,0.00013613895265313062,0.0014090474346144589,0.0014112668728806957,0.0013341078317229292
CVCL_1577,4,"[('Torkinib', 0.05, 'uM')]",40,18.461724813671697,0.0003548921329579926,0.0006595828443820114,0.0006764952250071912,0.0001240517278607397,0.0013693766252334638,0.0013605282952501088,0.0013335969227438436
CVCL_1577,4,"[('Trametinib', 0.05, 'uM')]",40,18.461724813671697,0.00048828755011729,0.0008625186023489237,0.0008846344639476141,0.0001863420311544497,0.0009696117986756248,0.0009639254104413015,0.0009222072668282178
CVCL_1577,4,"[('Tubulin inhibitor 6', 0.05, 'uM')]",40,18.461724813671697,0.0002975460297918951,0.0006686129280599058,0.0006857568492922109,9.421070101791243e-05,0.0007669595978267089,0.000731617117249964,0.0007205008590508704
CVCL_1577,4,"[('Tucatinib', 0.05, 'uM')]",40,18.461724813671697,0.00035979984547868983,0.0006428071150263354,0.0006592893487449593,0.0001049080295441201,0.0008416677667634478,0.0008430949959779549,0.0007826325157496559
CVCL_1577,4,"[('ULK-101', 0.05, 'uM')]",40,18.461724813671697,0.0005312696051988849,0.0008374299643002486,0.0008589025274874339,0.0001728103849287195,0.0019029437797221046,0.0018494566088251578,0.0017992477284147117
CVCL_1577,4,"[('Vemurafenib', 0.05, 'uM')]",40,18.461724813671697,0.0003215717101782893,0.000578691272887181,0.0005935295106535189,9.513618288847047e-05,0.0015216756845960124,0.0015295754819326093,0.0015021018246566538
CVCL_1577,4,"[('Volasertib', 0.05, 'uM')]",40,18.461724813671697,0.00028875496784708455,0.0005564112891456066,0.0005706782452775449,8.97698453859419e-05,0.002184963096264669,0.0021736425117089156,0.0021557266192655166
CVCL_1577,4,"[('XRK3F2', 0.05, 'uM')]",40,18.461724813671697,0.00036315656509768393,0.0005982173531330214,0.0006135562596236115,0.00010311049911649035,0.0008225886133461398,0.0007849889729216856,0.0008126993551212569
CVCL_1577,4,"[('palbociclib', 0.05, 'uM')]",40,18.461724813671697,0.0004307590741860498,0.0007483446387310949,0.0007675329628011229,0.00014295340917011402,0.004186607097322113,0.0043040628338311075,0.00407477580937843
CVCL_1577,4,"[('venetoclax', 0.05, 'uM')]",40,18.461724813671697,0.0007089701781676038,0.000940597786627749,0.0009647156785925627,0.000251815261877707,0.0020522053343868737,0.0018472386768022754,0.0019221105614604939
CVCL_1577,4,"[('vincristine', 0.05, 'uM')]",40,18.461724813671697,0.0006455532123491286,0.001085352200254907,0.0011131817438511864,0.0001535857430287316,0.001281403633184221,0.0013292521086381527,0.0012743998669165393
CVCL_1693,4,"[('4EGI-1', 0.05, 'uM')]",40,21.091199955786628,0.0011606905781033849,0.0006607185424339065,0.0006776600435219554,7.813646653068909e-05,0.0006360330680747086,0.00063086299800979,0.0006515337300331162
CVCL_1693,4,"[('9-ING-41', 0.05, 'uM')]",40,21.091199955786628,0.0021066794691328313,0.0009866221709909384,0.0010119201753753205,0.00010605524000387905,0.0007001344702881687,0.0006936220237499179,0.0007500195231268483
CVCL_1693,4,"[('APTO-253', 0.05, 'uM')]",40,21.091199955786628,0.001101785234796055,0.0005921010369135131,0.0006072831147830901,0.0001249124063575756,0.00041069077458237514,0.00046838398898873634,0.0004158673812762032
CVCL_1693,4,"[('AT7519', 0.05, 'uM')]",40,21.091199955786628,0.0009161196015190759,0.0005350257336896355,0.0005487443422457799,0.00010487436403665248,0.0006318889864172967,0.0006313134696522198,0.000633650464440299
CVCL_1693,4,"[('AZD-7648', 0.05, 'uM')]",40,21.091199955786628,0.0013692350170256447,0.0006964518457580588,0.0007143095853928805,0.0001336571678072209,0.0005386737178743404,0.0005684055336372321,0.0005590173904079829
CVCL_1693,4,"[('AZD-8055', 0.05, 'uM')]",40,21.091199955786628,0.0011629509540442033,0.000710739442859317,0.0007289635311377611,0.00012919503633499057,0.0006826590322424683,0.0007009912208555466,0.0006739522821039567
CVCL_1693,4,"[('AZD1390', 0.05, 'uM')]",40,21.091199955786628,0.001053493180308563,0.0005813209834679385,0.0005962266497107059,9.90146721452221e-05,0.0005842342220558924,0.0006198862913251703,0.0005922548109581914
CVCL_1693,4,"[('AZD2858', 0.05, 'uM')]",40,21.091199955786628,0.00097694126054238,0.0006104682881126683,0.0006261213211411982,0.0001093889261236469,0.0006760851748807489,0.0006710249421403637,0.0006797150439599416
CVCL_1693,4,"[('Adagrasib', 0.05, 'uM')]",40,21.091199955786628,0.0010430169583793988,0.0006020027157561187,0.0006174386828267884,5.9542331164935386e-05,0.0003576344708206143,0.00034762394833232557,0.0003804263956497599
CVCL_1693,4,"[('Afatinib', 0.05, 'uM')]",40,21.091199955786628,0.00117431713068556,0.0007526393028836185,0.0007719377465473004,9.339534332854624e-05,0.000916628011340882,0.0009069381345132573,0.0009043458066228897
CVCL_1693,4,"[('Alpelisib', 0.05, 'uM')]",40,21.091199955786628,0.0013806811112753855,0.0007277048549698177,0.0007463639538151975,0.00011322434074871962,0.0006424892702573423,0.0006906522516687872,0.0006568770469543483
CVCL_1693,4,"[('Anastrozole', 0.05, 'uM')]",40,21.091199955786628,0.0012358592845272583,0.0006363709986710464,0.0006526882037651753,0.00011222126895894926,0.0005545906357616567,0.0005808292056709969,0.0005606111179302564
CVCL_1693,4,"[('BAY1125976', 0.05, 'uM')]",40,21.091199955786628,0.0010812820515878352,0.0006525381241906093,0.0006692698709647272,0.00010175400123208536,0.0006328351560403676,0.0006362852228722839,0.0006280680088913487
CVCL_1693,4,"[('BI-3406', 0.05, 'uM')]",40,21.091199955786628,0.0012459737385666868,0.0007248752785845271,0.0007434618241892582,0.0001101245778454561,0.0006903751882654597,0.0006952528348242687,0.0006976470939746795
CVCL_1693,4,"[('BI-78D3', 0.05, 'uM')]",40,21.091199955786628,0.0011007199415204861,0.0006574090092091606,0.0006742656504709337,0.00010668164377813585,0.0007051648892070747,0.000678824774274343,0.000699875487459586
CVCL_1693,4,"[('Belumosudil (mesylate)', 0.05, 'uM')]",40,21.091199955786628,0.001210343693291659,0.0007595549370724641,0.0007790307046897064,0.00011945520645838638,0.0004983365136365236,0.00044931579806153086,0.0005001122652233427
CVCL_1693,4,"[('Belzutifan', 0.05, 'uM')]",38,19.30877043241576,0.004849274950371536,0.003216408261111541,0.003303338214114556,0.00016763168757136723,0.0012176842416105678,0.001121502831697064,0.0013293873004015082
CVCL_1693,4,"[('Bentamapimod', 0.05, 'uM')]",40,21.091199955786628,0.0013158503459553762,0.0007896697698299652,0.0008099177126461183,0.00013529054122755657,0.0006053205463365976,0.0005723351678221662,0.0006183598277042586
CVCL_1693,4,"[('Bimiralisib', 0.05, 'uM')]",40,21.091199955786628,0.0011865330774479396,0.0008237090170880787,0.0008448297611159783,0.00017788973822028585,0.0010736183593376529,0.0010778536361152535,0.0010410383825071614
CVCL_1693,4,"[('Binimetinib', 0.05, 'uM')]",40,21.091199955786628,0.0017180418137963574,0.0012519050396301644,0.0012840051688514501,0.0003098202728332637,0.0015236483964077704,0.001612182427155996,0.0014874544626419567
CVCL_1693,4,"[('Bortezomib', 0.05, 'uM')]",40,21.091199955786628,0.0040469027782330975,0.003680177027374003,0.003774540540896412,0.0018805757929206992,0.0047914687980078466,0.005297241931622669,0.004494741304817765
CVCL_1693,4,"[('Brivudine', 0.05, 'uM')]",40,21.091199955786628,0.001137232247020099,0.0006690888556185106,0.0006862449801215492,9.619115561561855e-05,0.0006286352643554542,0.000581111260511694,0.0006297647942062809
CVCL_1693,4,"[('CP21R7', 0.05, 'uM')]",40,21.091199955786628,0.001114579845464478,0.0006121158250448222,0.0006278111026100738,8.227902627493258e-05,0.0005194123077259228,0.0005139557867403808,0.0005322466521441938
CVCL_1693,4,"[('Capivasertib', 0.05, 'uM')]",40,21.091199955786628,0.0010895518849504088,0.0006214466840212097,0.0006373812143807278,9.548243469281614e-05,0.000640528224455203,0.0006211083499896693,0.0006472466786960423
CVCL_1693,4,"[('Capmatinib', 0.05, 'uM')]",40,21.091199955786628,0.0013411954577089353,0.0007901891231657639,0.0008104503827341166,8.64751793173504e-05,0.0006655503095334234,0.000638984894369864,0.0006610775337233142
CVCL_1693,4,"[('Celecoxib', 0.05, 'uM')]",40,21.091199955786628,0.0016407011721849849,0.0008011386159598756,0.0008216806317537184,0.00011951184659800364,0.0005494166819817206,0.0006000391620887496,0.0005713684592606889
CVCL_1693,4,"[('DT-061', 0.05, 'uM')]",40,21.091199955786628,0.0016847119783987444,0.0008330779318839951,0.000854438904496405,9.654950028787691e-05,0.0006051722697933444,0.000620083510160054,0.0006207861025936634
CVCL_1693,4,"[('DTP3', 0.05, 'uM')]",25,14.389244102009267,0.020584528727112902,0.017886281807886654,0.01863154354988194,0.0008004975767549884,0.021117037141088906,0.01989566018335543,0.02212249689971445
CVCL_1693,4,"[('Dabrafenib', 0.05, 'uM')]",40,21.091199955786628,0.0013525765752459525,0.0007719273695938998,0.0007917203790706667,0.00011795752718270585,0.0008933543290163496,0.0009560354354511702,0.0008978718712906482
CVCL_1693,4,"[('ERK5-IN-2', 0.05, 'uM')]",40,21.091199955786628,0.0010945482584094337,0.0006676598267729259,0.000684779309510693,0.00012824589385807,0.0006882688014509373,0.0007559549057298595,0.0006882462823877477
CVCL_1693,4,"[('ETC-206', 0.05, 'uM')]",40,21.091199955786628,0.0008713598081031519,0.0004970361941503373,0.0005097807119490638,7.943186896785654e-05,0.0004963455729212842,0.000501165611346608,0.0005018035370056722
CVCL_1693,4,"[('EX229', 0.05, 'uM')]",40,21.091199955786628,0.0018969467530514166,0.001132909412675615,0.0011619583719749888,0.00020331868185565621,0.0010765340010043811,0.0010556554855517596,0.0010864663730741912
CVCL_1693,4,"[('Elimusertib hydrochloride', 0.05, 'uM')]",40,21.091199955786628,0.0020852985917051616,0.0015911067839823963,0.0016319043938280986,0.00038627398410634326,0.001968168628365569,0.0020534564901410575,0.001913564320480769
CVCL_1693,4,"[('Encorafenib', 0.05, 'uM')]",40,21.091199955786628,0.0009437757330601738,0.0005816651748773478,0.0005965796665408694,0.00010269064300551452,0.0006316179462536155,0.0006325956492995152,0.0006361371413846043
CVCL_1693,4,"[('Erdafitinib ', 0.05, 'uM')]",40,21.091199955786628,0.0009600331898023135,0.0005823315843441894,0.0005972631634299378,9.626929167328391e-05,0.0005092304399713498,0.0004906345661730136,0.0005193776176630438
CVCL_1693,4,"[('Everolimus', 0.05, 'uM')]",40,21.091199955786628,0.0009034945342305308,0.0005827111677791049,0.000597652479773441,7.889300009997457e-05,0.000675344086143445,0.0006388438391513035,0.0006741844800967976
CVCL_1693,4,"[('Futibatinib', 0.05, 'uM')]",40,21.091199955786628,0.0011494557460867585,0.0006625036505118018,0.0006794909236018479,0.0001669007172545966,0.0007619970014379722,0.0007779718029434443,0.0007622877065789348
CVCL_1693,4,"[('GSK1059615', 0.05, 'uM')]",40,21.091199955786628,0.0010423905293216985,0.0006860244775984056,0.0007036148488188774,0.000124691791403539,0.0007239586325383005,0.0007028003374531195,0.0007150200731936709
CVCL_1693,4,"[('Gemcitabine', 0.05, 'uM')]",40,21.091199955786628,0.0008999112187823328,0.0006261878545213357,0.000642243953355216,0.00012553589711396178,0.0007019914438326491,0.0006842260859779841,0.0006876329346378503
CVCL_1693,4,"[('HI-TOPK-032', 0.05, 'uM')]",40,21.091199955786628,0.0016101914208907254,0.0008926694942788438,0.0009155584556706092,0.000156750691437723,0.0005355017481420722,0.000607420917519228,0.0005434343367631237
CVCL_1693,4,"[('Hydroxyfasudil', 0.05, 'uM')]",38,19.441260353447806,0.003999500279481765,0.0031575273869985255,0.0032428659650255115,0.0002667873947551946,0.0028056748596762813,0.002744995115032195,0.0028423691410298
CVCL_1693,4,"[('IQ 1', 0.05, 'uM')]",40,21.091199955786628,0.0009578284245042605,0.0006023424017041789,0.0006177870786709526,0.00012346491050884654,0.0006576924653960256,0.000653661584281786,0.0006559911293634057
CVCL_1693,4,"[('Infigratinib', 0.05, 'uM')]",40,21.091199955786628,0.0009634734709833469,0.0006665040530220331,0.0006835939005354184,0.00016995399132110306,0.0006376048468685336,0.0006711461172886009,0.0006417704379487229
CVCL_1693,4,"[('Ipatasertib', 0.05, 'uM')]",40,21.091199955786628,0.001384036415757604,0.0008205727195288889,0.0008416130456706548,0.0001413387849215473,0.0007309902291480401,0.0006997924685761719,0.0007359364869311105
CVCL_1693,4,"[('Irinotecan', 0.05, 'uM')]",40,21.091199955786628,0.0008889878220225524,0.0005528506854085908,0.0005670263440088109,9.586822047976292e-05,0.0005729784179528214,0.0005674452243527681,0.0005748311297387971
CVCL_1693,4,"[('Ixazomib', 0.05, 'uM')]",40,21.091199955786628,0.001545495922887088,0.0009099209663463951,0.0009332522731757897,0.00011768923709417858,0.0006895647500018422,0.0006833482038341148,0.0006953108403414183
CVCL_1693,4,"[('LB-100', 0.05, 'uM')]",40,21.091199955786628,0.0009055107037367778,0.0005035483929088129,0.000516459890162885,9.47816486140029e-05,0.0004567427397169958,0.00047758276128170445,0.0004710983499189966
CVCL_1693,4,"[('LJI308', 0.05, 'uM')]",40,21.091199955786628,0.0012111417733232674,0.0009092860251271792,0.0009326010514124916,0.0002644652759062262,0.000916116535415017,0.0009295513113589448,0.0008957418312862504
CVCL_1693,4,"[('LY-2584702 (tosylate salt)', 0.05, 'uM')]",40,21.091199955786628,0.0012417258448934596,0.0006790368568709574,0.0006964480583291869,0.0001147606848275172,0.0006814028153357012,0.0006666650925669022,0.0007067136359331365
CVCL_1693,4,"[('LY2090314', 0.05, 'uM')]",40,21.091199955786628,0.0014156146468366215,0.0007290208019306845,0.0007477136430058302,0.00010499111937628766,0.0006126201146452635,0.0006365415570662384,0.0006272830138257686
CVCL_1693,4,"[('Lapatinib ditosylate', 0.05, 'uM')]",40,21.091199955786628,0.0010276027644177082,0.0005785457269650532,0.0005933802327846699,7.547579256334161e-05,0.0005556647999050758,0.0005452920485038665,0.0005782404561510124
CVCL_1693,4,"[('Lonafarnib', 0.05, 'uM')]",40,21.091199955786628,0.0011531607372750594,0.0006448393783228746,0.0006613737213567942,0.00011575716024333097,0.00048236905983827265,0.0004663962849224949,0.0004921532811761846
CVCL_1693,4,"[('MK-3903', 0.05, 'uM')]",40,21.091199955786628,0.0011882089483741273,0.000738074675517109,0.0007569996671970349,0.00013543343660304288,0.0007475831144507258,0.0007757775329400968,0.0007403889943874963
CVCL_1693,4,"[('MK-8353', 0.05, 'uM')]",40,21.091199955786628,0.0010807343552160463,0.0006138617568930472,0.0006296018019415867,0.0001031165565365999,0.000541398724353469,0.0005146806289277049,0.0005421389637334581
CVCL_1693,4,"[('ML264', 0.05, 'uM')]",40,21.091199955786628,0.0010592128683261268,0.0006370805681899443,0.0006534159673743016,0.00012486106630497148,0.0006758472380914178,0.000678828833262195,0.00067188086592341
CVCL_1693,4,"[('Methylprednisolone succinate', 0.05, 'uM')]",19,9.303209865929231,0.0289070914751009,0.021369450429347583,0.022556642119866896,0.0013511281368317365,0.014106486935770907,0.013455433258312114,0.015823388109047945
CVCL_1693,4,"[('Minodronic acid', 0.05, 'uM')]",40,21.091199955786628,0.0016531554697399493,0.0008249501382857182,0.0008461027059340698,0.00013873679898083574,0.0005764994632361505,0.0006144924164214178,0.0005815920127280311
CVCL_1693,4,"[('NG25', 0.05, 'uM')]",40,21.091199955786628,0.0011696972148165813,0.000724691014528456,0.0007432728354138008,0.0001392892062542605,0.0008512613389104431,0.0008473032128535167,0.0008467287365181952
CVCL_1693,4,"[('NVP-BHG712', 0.05, 'uM')]",40,21.091199955786628,0.001323814097733576,0.0007248162177914173,0.000743401249016838,0.00011561951182841192,0.0006745472647248634,0.0007242131831627151,0.0006647985325712562
CVCL_1693,4,"[('OTS514', 0.05, 'uM')]",40,21.091199955786628,0.001273640368377934,0.0007448025060379728,0.0007639000061927926,0.00021411136013185677,0.0007094656977810092,0.000773016200423647,0.0007110977190831593
CVCL_1693,4,"[('Oleic acid', 0.05, 'uM')]",40,21.091199955786628,0.0015319122147023868,0.000755576896422828,0.0007749506629977721,0.00012402837358456109,0.0005303845842955733,0.0005556185990276372,0.0005533173620600508
CVCL_1693,4,"[('Oxaliplatin', 0.05, 'uM')]",40,21.091199955786628,0.001102260767991943,0.0006704226493152843,0.0006876129736567017,0.0001478110195139669,0.0008144351825396724,0.0008343397793382097,0.0008057627602227624
CVCL_1693,4,"[('PF-06260933', 0.05, 'uM')]",24,13.46979670409995,0.018425846020723086,0.01928432071319111,0.020122769439851588,0.0009555753805852396,0.03899596744691352,0.03782278206432299,0.040249626080942666
CVCL_1693,4,"[('PH-797804', 0.05, 'uM')]",40,21.091199955786628,0.0013533718178236082,0.000707690056535725,0.0007258359554212562,9.38504675680501e-05,0.0004778180082239674,0.00047608778688994875,0.0004961562744816672
CVCL_1693,4,"[('Paclitaxel', 0.05, 'uM')]",40,21.091199955786628,0.0009077598117096603,0.0005633207921561063,0.0005777649150319038,0.0001347225498917071,0.0006582861526276618,0.000708528030459983,0.0006589531153732477
CVCL_1693,4,"[('Pemigatinib', 0.05, 'uM')]",40,21.091199955786628,0.0014302913935065067,0.0007880584210869348,0.000808265047268651,0.00013452504942614455,0.0007654777102215336,0.0007689771949186964,0.0007784316460254959
CVCL_1693,4,"[('Pimitespib', 0.05, 'uM')]",40,21.091199955786628,0.0010385013841255769,0.0006932468941506822,0.0007110224555391613,0.00011954301634394518,0.0006183103935383223,0.0005945334303934189,0.0006113603311744709
CVCL_1693,4,"[('Pralsetinib', 0.05, 'uM')]",40,21.091199955786628,0.001186908336273521,0.0007454729114585507,0.0007645876014959498,0.00010216870837323038,0.0009569079950984654,0.0009517101151188016,0.000939090146569423
CVCL_1693,4,"[('RMC-6236', 0.05, 'uM')]",40,21.091199955786628,0.0014534882619066276,0.0008115262500298831,0.0008323346154152647,0.00015839410844224516,0.0007513008448214498,0.0008189131221604513,0.0007600544028221239
CVCL_1693,4,"[('Ralimetinib dimesylate', 0.05, 'uM')]",16,10.69166473983182,0.024551866023338233,0.020290775706866635,0.021643494087324414,0.001469817554085215,0.018342602809447738,0.017399091131049187,0.020304094250773567
CVCL_1693,4,"[('Regorafenib', 0.05, 'uM')]",40,21.091199955786628,0.001171055337937316,0.0006457124211436636,0.0006622691498909365,0.00010311488232015225,0.0006149191573916033,0.0006153778157933114,0.0006313047665274829
CVCL_1693,4,"[('SBI-0640756', 0.05, 'uM')]",40,21.091199955786628,0.0009199008008755243,0.000583505223410866,0.0005984668958060161,8.405241716992725e-05,0.0006910174070319928,0.0006753504153799088,0.0006832703568725755
CVCL_1693,4,"[('Sapanisertib', 0.05, 'uM')]",40,21.091199955786628,0.0011874913416514096,0.000811248911553871,0.0008320501656962776,0.0001972883090134519,0.0007973856395034116,0.0008040002784904099,0.0007919749744439166
CVCL_1693,4,"[('Sonidegib', 0.05, 'uM')]",39,20.300832617154782,0.008871099496265836,0.00653514869286349,0.006707126290044112,0.0005354219050814766,0.006566123188024756,0.0065549907817577385,0.00666685167441872
CVCL_1693,4,"[('TAK-733', 0.05, 'uM')]",40,21.091199955786628,0.0011234425429512672,0.0006947443013159825,0.0007125582577599823,0.00013630821305127356,0.0008123509083148912,0.0008186939910955243,0.0008166126717104046
CVCL_1693,4,"[('TAK-901', 0.05, 'uM')]",40,21.091199955786628,0.0017656448034903903,0.0013320222165578367,0.001366176632367012,0.0002569599926511572,0.0008965871378454192,0.00087307474131769,0.000901264039612319
CVCL_1693,4,"[('Temuterkib', 0.05, 'uM')]",40,21.091199955786628,0.0010622572779745891,0.0006150209031454387,0.0006307906698927574,0.00012451678193275175,0.000578160559110669,0.0006480555369238694,0.0005839061784043189
CVCL_1693,4,"[('Tomivosertib', 0.05, 'uM')]",40,21.091199955786628,0.0010657267531723432,0.0006844464991604734,0.0007019964093953572,0.00013613895265313062,0.0006335400984877757,0.0005840753595689773,0.0006249017303555661
CVCL_1693,4,"[('Torkinib', 0.05, 'uM')]",40,21.091199955786628,0.0011120745912573545,0.0006595828443820114,0.0006764952250071912,0.0001240517278607397,0.000615925061996169,0.0006102186416678873,0.000626145840825862
CVCL_1693,4,"[('Trametinib', 0.05, 'uM')]",40,21.091199955786628,0.0014577828081976721,0.0008625186023489237,0.0008846344639476141,0.0001863420311544497,0.0009473403615359128,0.00100470209559316,0.0009469536648843658
CVCL_1693,4,"[('Tubulin inhibitor 6', 0.05, 'uM')]",40,21.091199955786628,0.0013090641112154615,0.0006686129280599058,0.0006857568492922109,9.421070101791243e-05,0.00047807517168679115,0.0004852281789575257,0.0004957738150446969
CVCL_1693,4,"[('Tucatinib', 0.05, 'uM')]",40,21.091199955786628,0.0010825922444822522,0.0006428071150263354,0.0006592893487449593,0.0001049080295441201,0.0007788579636766129,0.0007716667632889449,0.0007813825849766549
CVCL_1693,4,"[('ULK-101', 0.05, 'uM')]",40,21.091199955786628,0.0012272260073140184,0.0008374299643002486,0.0008589025274874339,0.0001728103849287195,0.000897048885647553,0.0009012918885533024,0.0008788954608778568
CVCL_1693,4,"[('Vemurafenib', 0.05, 'uM')]",40,21.091199955786628,0.000994078120399571,0.000578691272887181,0.0005935295106535189,9.513618288847047e-05,0.0006746113887364764,0.0006888625122511964,0.0006831373500224829
CVCL_1693,4,"[('Volasertib', 0.05, 'uM')]",40,21.091199955786628,0.0009902317723765194,0.0005564112891456066,0.0005706782452775449,8.97698453859419e-05,0.000488255277843598,0.0005005276426717939,0.0004922807121430132
CVCL_1693,4,"[('XRK3F2', 0.05, 'uM')]",40,21.091199955786628,0.0009661755748833155,0.0005982173531330214,0.0006135562596236115,0.00010311049911649035,0.0008325986190518637,0.000875226957967434,0.0008252700449473169
CVCL_1693,4,"[('olaparib', 0.05, 'uM')]",32,16.75036034680708,0.0218180348202602,0.023517693836209785,0.024276329121248812,0.0008517836544370551,0.029748175721829057,0.028846115506781123,0.03076494043004223
CVCL_1693,4,"[('palbociclib', 0.05, 'uM')]",40,21.091199955786628,0.0012796317814539996,0.0007483446387310949,0.0007675329628011229,0.00014295340917011402,0.0008231365772581103,0.000804541732828115,0.0008236809512249299
CVCL_1693,4,"[('venetoclax', 0.05, 'uM')]",40,21.091199955786628,0.0012982718624283975,0.000940597786627749,0.0009647156785925627,0.000251815261877707,0.0008707835740905788,0.0008773698864625183,0.0008384499744317982
CVCL_1693,4,"[('vincristine', 0.05, 'uM')]",40,21.091199955786628,0.0019767043667289082,0.001085352200254907,0.0011131817438511864,0.0001535857430287316,0.0006093370303386324,0.0005612605370428892,0.0006494698949711184
