landmark_id,animal_id,source_id,strain,diet,sex,landmark_date,current_state,current_missing_items,current_complete,label,label_reason,outcome_date,outcome_gap_days,target_complete,window_assessment_count,window_complete_count,window_identifiable_count,fold
DO-1D-3072|2019-10-08,DO-1D-3072,DO-1D-3072,J:DO,IF1,f,2019-10-08,0,2,False,0,observed_burden,2019-10-15T00:00:00,7.0,True,1,1,1,1
DO-1D-3072|2019-10-15,DO-1D-3072,DO-1D-3072,J:DO,IF1,f,2019-10-15,0,0,True,-1,no_assessment_in_window,,,False,0,0,0,1
DO-1D-3072|2019-11-05,DO-1D-3072,DO-1D-3072,J:DO,IF1,f,2019-11-05,0,0,True,0,observed_burden,2019-11-12T00:00:00,7.0,True,1,1,1,1
DO-1D-3072|2019-11-12,DO-1D-3072,DO-1D-3072,J:DO,IF1,f,2019-11-12,0,0,True,0,observed_burden,2019-11-19T00:00:00,7.0,True,1,1,1,1
DO-1D-3072|2019-11-19,DO-1D-3072,DO-1D-3072,J:DO,IF1,f,2019-11-19,0,0,True,1,observed_burden,2019-11-25T00:00:00,6.0,True,1,1,1,1
DO-1D-3072|2019-11-25,DO-1D-3072,DO-1D-3072,J:DO,IF1,f,2019-11-25,1,0,True,0,observed_burden,2019-12-03T00:00:00,8.0,True,1,1,1,1
DO-1D-3072|2019-12-03,DO-1D-3072,DO-1D-3072,J:DO,IF1,f,2019-12-03,0,0,True,0,observed_burden,2019-12-10T00:00:00,7.0,True,1,1,1,1
DO-1D-3072|2019-12-10,DO-1D-3072,DO-1D-3072,J:DO,IF1,f,2019-12-10,0,0,True,0,observed_burden,2019-12-17T00:00:00,7.0,True,1,1,1,1
DO-1D-3072|2019-12-17,DO-1D-3072,DO-1D-3072,J:DO,IF1,f,2019-12-17,0,0,True,0,observed_burden,2019-12-23T00:00:00,6.0,True,1,1,1,1
DO-1D-3072|2019-12-23,DO-1D-3072,DO-1D-3072,J:DO,IF1,f,2019-12-23,0,0,True,-1,no_assessment_in_window,,,False,0,0,0,1
DO-1D-3072|2020-01-02,DO-1D-3072,DO-1D-3072,J:DO,IF1,f,2020-01-02,0,0,True,0,observed_burden,2020-01-07T00:00:00,5.0,True,1,1,1,1
DO-1D-3072|2020-01-07,DO-1D-3072,DO-1D-3072,J:DO,IF1,f,2020-01-07,0,0,True,1,observed_burden,2020-01-14T00:00:00,7.0,True,1,1,1,1
DO-1D-3072|2020-01-14,DO-1D-3072,DO-1D-3072,J:DO,IF1,f,2020-01-14,1,0,True,-1,no_assessment_in_window,,,False,0,0,0,1
DO-1D-3072|2020-01-27,DO-1D-3072,DO-1D-3072,J:DO,IF1,f,2020-01-27,1,0,True,0,observed_burden,2020-02-03T00:00:00,7.0,True,1,1,1,1
DO-1D-3072|2020-02-03,DO-1D-3072,DO-1D-3072,J:DO,IF1,f,2020-02-03,0,0,True,1,observed_burden,2020-02-10T00:00:00,7.0,True,1,1,1,1
DO-1D-3072|2020-02-10,DO-1D-3072,DO-1D-3072,J:DO,IF1,f,2020-02-10,1,0,True,2,terminal_ES,2020-02-18T00:00:00,,False,1,1,1,1
DO-1D-3072|2020-02-17,DO-1D-3072,DO-1D-3072,J:DO,IF1,f,2020-02-17,1,0,True,2,terminal_ES,2020-02-18T00:00:00,,False,0,0,0,1
DO-1D-3074|2019-10-08,DO-1D-3074,DO-1D-3074,J:DO,IF1,f,2019-10-08,1,2,False,1,observed_burden,2019-10-15T00:00:00,7.0,True,1,1,1,3
DO-1D-3074|2019-10-15,DO-1D-3074,DO-1D-3074,J:DO,IF1,f,2019-10-15,1,0,True,-1,no_assessment_in_window,,,False,0,0,0,3
DO-1D-3074|2019-11-05,DO-1D-3074,DO-1D-3074,J:DO,IF1,f,2019-11-05,1,0,True,1,observed_burden,2019-11-12T00:00:00,7.0,True,1,1,1,3
DO-1D-3074|2019-11-12,DO-1D-3074,DO-1D-3074,J:DO,IF1,f,2019-11-12,1,0,True,1,observed_burden,2019-11-19T00:00:00,7.0,True,1,1,1,3
DO-1D-3074|2019-11-19,DO-1D-3074,DO-1D-3074,J:DO,IF1,f,2019-11-19,1,0,True,1,observed_burden,2019-11-25T00:00:00,6.0,True,1,1,1,3
DO-1D-3074|2019-11-25,DO-1D-3074,DO-1D-3074,J:DO,IF1,f,2019-11-25,1,0,True,1,observed_burden,2019-12-03T00:00:00,8.0,True,1,1,1,3
DO-1D-3074|2019-12-03,DO-1D-3074,DO-1D-3074,J:DO,IF1,f,2019-12-03,1,0,True,1,observed_burden,2019-12-10T00:00:00,7.0,True,1,1,1,3
DO-1D-3074|2019-12-10,DO-1D-3074,DO-1D-3074,J:DO,IF1,f,2019-12-10,1,0,True,1,observed_burden,2019-12-17T00:00:00,7.0,True,1,1,1,3
DO-1D-3074|2019-12-17,DO-1D-3074,DO-1D-3074,J:DO,IF1,f,2019-12-17,1,0,True,1,observed_burden,2019-12-23T00:00:00,6.0,True,1,1,1,3
DO-1D-3074|2019-12-23,DO-1D-3074,DO-1D-3074,J:DO,IF1,f,2019-12-23,1,0,True,-1,no_assessment_in_window,,,False,0,0,0,3
DO-1D-3084|2019-10-08,DO-1D-3084,DO-1D-3084,J:DO,IF1,f,2019-10-08,-1,2,False,1,observed_burden,2019-10-15T00:00:00,7.0,True,1,1,1,4
DO-1D-3084|2019-10-15,DO-1D-3084,DO-1D-3084,J:DO,IF1,f,2019-10-15,1,0,True,-1,no_assessment_in_window,,,False,0,0,0,4
DO-1D-3084|2019-11-13,DO-1D-3084,DO-1D-3084,J:DO,IF1,f,2019-11-13,0,0,True,1,observed_burden,2019-11-20T00:00:00,7.0,True,1,1,1,4
DO-1D-3084|2019-11-20,DO-1D-3084,DO-1D-3084,J:DO,IF1,f,2019-11-20,1,0,True,1,observed_burden,2019-11-26T00:00:00,6.0,True,1,1,1,4
DO-1D-3084|2019-11-26,DO-1D-3084,DO-1D-3084,J:DO,IF1,f,2019-11-26,1,0,True,1,observed_burden,2019-12-04T00:00:00,8.0,True,1,1,1,4
DO-1D-3084|2019-12-04,DO-1D-3084,DO-1D-3084,J:DO,IF1,f,2019-12-04,1,0,True,1,observed_burden,2019-12-11T00:00:00,7.0,True,1,1,1,4
DO-1D-3084|2019-12-11,DO-1D-3084,DO-1D-3084,J:DO,IF1,f,2019-12-11,1,0,True,1,observed_burden,2019-12-19T00:00:00,8.0,True,1,1,1,4
DO-1D-3084|2019-12-19,DO-1D-3084,DO-1D-3084,J:DO,IF1,f,2019-12-19,1,0,True,1,observed_burden,2019-12-24T00:00:00,5.0,True,1,1,1,4
DO-1D-3084|2019-12-24,DO-1D-3084,DO-1D-3084,J:DO,IF1,f,2019-12-24,1,0,True,-1,no_assessment_in_window,,,False,0,0,0,4
DO-1D-3084|2020-01-03,DO-1D-3084,DO-1D-3084,J:DO,IF1,f,2020-01-03,1,0,True,1,observed_burden,2020-01-08T00:00:00,5.0,True,1,1,1,4
DO-1D-3084|2020-01-08,DO-1D-3084,DO-1D-3084,J:DO,IF1,f,2020-01-08,1,0,True,1,observed_burden,2020-01-15T00:00:00,7.0,True,1,1,1,4
DO-1D-3084|2020-01-15,DO-1D-3084,DO-1D-3084,J:DO,IF1,f,2020-01-15,1,0,True,1,observed_burden,2020-01-20T00:00:00,5.0,True,1,1,1,4
DO-1D-3084|2020-01-20,DO-1D-3084,DO-1D-3084,J:DO,IF1,f,2020-01-20,1,0,True,1,observed_burden,2020-01-27T00:00:00,7.0,True,1,1,1,4
DO-1D-3084|2020-01-27,DO-1D-3084,DO-1D-3084,J:DO,IF1,f,2020-01-27,1,0,True,1,observed_burden,2020-02-03T00:00:00,7.0,True,1,1,1,4
DO-1D-3084|2020-02-03,DO-1D-3084,DO-1D-3084,J:DO,IF1,f,2020-02-03,1,0,True,2,terminal_FD,2020-02-10T00:00:00,,False,0,0,0,4
DO-1D-3092|2019-10-08,DO-1D-3092,DO-1D-3092,J:DO,IF1,f,2019-10-08,-1,2,False,0,observed_burden,2019-10-15T00:00:00,7.0,True,1,1,1,2
DO-1D-3092|2019-10-15,DO-1D-3092,DO-1D-3092,J:DO,IF1,f,2019-10-15,0,0,True,0,observed_burden,2019-10-22T00:00:00,7.0,True,1,1,1,2
DO-1D-3092|2019-10-22,DO-1D-3092,DO-1D-3092,J:DO,IF1,f,2019-10-22,0,0,True,-1,no_assessment_in_window,,,False,0,0,0,2
DO-1D-3092|2019-11-13,DO-1D-3092,DO-1D-3092,J:DO,IF1,f,2019-11-13,1,0,True,0,observed_burden,2019-11-20T00:00:00,7.0,True,1,1,1,2
DO-1D-3092|2019-11-20,DO-1D-3092,DO-1D-3092,J:DO,IF1,f,2019-11-20,0,0,True,0,observed_burden,2019-11-26T00:00:00,6.0,True,1,1,1,2
DO-1D-3092|2019-11-26,DO-1D-3092,DO-1D-3092,J:DO,IF1,f,2019-11-26,0,0,True,1,observed_burden,2019-12-04T00:00:00,8.0,True,1,1,1,2
DO-1D-3092|2019-12-04,DO-1D-3092,DO-1D-3092,J:DO,IF1,f,2019-12-04,1,0,True,1,observed_burden,2019-12-11T00:00:00,7.0,True,1,1,1,2
DO-1D-3092|2019-12-11,DO-1D-3092,DO-1D-3092,J:DO,IF1,f,2019-12-11,1,0,True,1,observed_burden,2019-12-19T00:00:00,8.0,True,1,1,1,2
DO-1D-3092|2019-12-19,DO-1D-3092,DO-1D-3092,J:DO,IF1,f,2019-12-19,1,0,True,0,observed_burden,2019-12-24T00:00:00,5.0,True,1,1,1,2
DO-1D-3092|2019-12-24,DO-1D-3092,DO-1D-3092,J:DO,IF1,f,2019-12-24,0,0,True,-1,no_assessment_in_window,,,False,0,0,0,2
DO-1D-3092|2020-01-03,DO-1D-3092,DO-1D-3092,J:DO,IF1,f,2020-01-03,1,0,True,1,observed_burden,2020-01-08T00:00:00,5.0,True,1,1,1,2
DO-1D-3092|2020-01-08,DO-1D-3092,DO-1D-3092,J:DO,IF1,f,2020-01-08,1,0,True,0,observed_burden,2020-01-15T00:00:00,7.0,True,1,1,1,2
DO-1D-3092|2020-01-15,DO-1D-3092,DO-1D-3092,J:DO,IF1,f,2020-01-15,0,0,True,1,observed_burden,2020-01-20T00:00:00,5.0,True,1,1,1,2
DO-1D-3092|2020-01-20,DO-1D-3092,DO-1D-3092,J:DO,IF1,f,2020-01-20,1,0,True,0,observed_burden,2020-01-27T00:00:00,7.0,True,1,1,1,2
DO-1D-3092|2020-01-27,DO-1D-3092,DO-1D-3092,J:DO,IF1,f,2020-01-27,0,0,True,0,observed_burden,2020-02-03T00:00:00,7.0,True,1,1,1,2
DO-1D-3092|2020-02-03,DO-1D-3092,DO-1D-3092,J:DO,IF1,f,2020-02-03,0,0,True,2,terminal_FD,2020-02-10T00:00:00,,False,0,0,0,2
DO-1D-3104|2019-12-10,DO-1D-3104,DO-1D-3104,J:DO,IF1,f,2019-12-10,0,0,True,0,observed_burden,2019-12-18T00:00:00,8.0,True,1,1,1,3
DO-1D-3104|2019-12-18,DO-1D-3104,DO-1D-3104,J:DO,IF1,f,2019-12-18,0,0,True,0,observed_burden,2019-12-23T00:00:00,5.0,True,1,1,1,3
DO-1D-3104|2019-12-23,DO-1D-3104,DO-1D-3104,J:DO,IF1,f,2019-12-23,0,0,True,-1,no_assessment_in_window,,,False,0,0,0,3
DO-1D-3104|2020-01-02,DO-1D-3104,DO-1D-3104,J:DO,IF1,f,2020-01-02,0,0,True,1,observed_burden,2020-01-07T00:00:00,5.0,True,1,1,1,3
DO-1D-3104|2020-01-07,DO-1D-3104,DO-1D-3104,J:DO,IF1,f,2020-01-07,1,0,True,0,observed_burden,2020-01-14T00:00:00,7.0,True,1,1,1,3
DO-1D-3104|2020-01-14,DO-1D-3104,DO-1D-3104,J:DO,IF1,f,2020-01-14,0,0,True,-1,survival_through_day9_unestablished,,,True,1,1,1,3
DO-1D-3104|2020-01-20,DO-1D-3104,DO-1D-3104,J:DO,IF1,f,2020-01-20,0,0,True,-1,no_assessment_in_window,,,False,0,0,0,3
DO-1D-3110|2019-12-10,DO-1D-3110,DO-1D-3110,J:DO,IF1,f,2019-12-10,0,0,True,0,observed_burden,2019-12-18T00:00:00,8.0,True,1,1,1,1
DO-1D-3110|2019-12-18,DO-1D-3110,DO-1D-3110,J:DO,IF1,f,2019-12-18,0,0,True,0,observed_burden,2019-12-23T00:00:00,5.0,True,1,1,1,1
DO-1D-3110|2019-12-23,DO-1D-3110,DO-1D-3110,J:DO,IF1,f,2019-12-23,0,0,True,-1,no_assessment_in_window,,,False,0,0,0,1
DO-1D-3110|2020-01-02,DO-1D-3110,DO-1D-3110,J:DO,IF1,f,2020-01-02,0,0,True,1,observed_burden,2020-01-07T00:00:00,5.0,True,1,1,1,1
DO-1D-3110|2020-01-07,DO-1D-3110,DO-1D-3110,J:DO,IF1,f,2020-01-07,1,0,True,1,observed_burden,2020-01-14T00:00:00,7.0,True,1,1,1,1
DO-1D-3110|2020-01-14,DO-1D-3110,DO-1D-3110,J:DO,IF1,f,2020-01-14,1,0,True,0,observed_burden,2020-01-20T00:00:00,6.0,True,1,1,1,1
DO-1D-3110|2020-01-20,DO-1D-3110,DO-1D-3110,J:DO,IF1,f,2020-01-20,0,0,True,-1,no_assessment_in_window,,,False,0,0,0,1
DO-1D-3110|2020-03-02,DO-1D-3110,DO-1D-3110,J:DO,IF1,f,2020-03-02,1,0,True,1,observed_burden,2020-03-08T00:00:00,6.0,True,1,1,1,1
DO-1D-3110|2020-03-08,DO-1D-3110,DO-1D-3110,J:DO,IF1,f,2020-03-08,1,0,True,1,observed_burden,2020-03-15T00:00:00,7.0,True,1,1,1,1
DO-1D-3110|2020-03-15,DO-1D-3110,DO-1D-3110,J:DO,IF1,f,2020-03-15,1,0,True,2,terminal_FD,2020-03-22T00:00:00,,False,0,0,0,1
DO-1D-3111|2019-12-10,DO-1D-3111,DO-1D-3111,J:DO,IF1,f,2019-12-10,0,0,True,0,observed_burden,2019-12-18T00:00:00,8.0,True,1,1,1,2
DO-1D-3111|2019-12-18,DO-1D-3111,DO-1D-3111,J:DO,IF1,f,2019-12-18,0,0,True,0,observed_burden,2019-12-23T00:00:00,5.0,True,1,1,1,2
DO-1D-3111|2019-12-23,DO-1D-3111,DO-1D-3111,J:DO,IF1,f,2019-12-23,0,0,True,-1,no_assessment_in_window,,,False,0,0,0,2
DO-1D-3111|2020-01-02,DO-1D-3111,DO-1D-3111,J:DO,IF1,f,2020-01-02,1,0,True,1,observed_burden,2020-01-07T00:00:00,5.0,True,1,1,1,2
DO-1D-3111|2020-01-07,DO-1D-3111,DO-1D-3111,J:DO,IF1,f,2020-01-07,1,0,True,0,observed_burden,2020-01-14T00:00:00,7.0,True,1,1,1,2
DO-1D-3111|2020-01-14,DO-1D-3111,DO-1D-3111,J:DO,IF1,f,2020-01-14,0,0,True,1,observed_burden,2020-01-20T00:00:00,6.0,True,1,1,1,2
DO-1D-3111|2020-01-20,DO-1D-3111,DO-1D-3111,J:DO,IF1,f,2020-01-20,1,0,True,-1,no_assessment_in_window,,,False,0,0,0,2
DO-1D-3111|2020-03-02,DO-1D-3111,DO-1D-3111,J:DO,IF1,f,2020-03-02,1,0,True,1,observed_burden,2020-03-08T00:00:00,6.0,True,1,1,1,2
DO-1D-3111|2020-03-08,DO-1D-3111,DO-1D-3111,J:DO,IF1,f,2020-03-08,1,0,True,1,observed_burden,2020-03-15T00:00:00,7.0,True,1,1,1,2
DO-1D-3111|2020-03-15,DO-1D-3111,DO-1D-3111,J:DO,IF1,f,2020-03-15,1,0,True,0,observed_burden,2020-03-22T00:00:00,7.0,True,1,1,1,2
DO-1D-3111|2020-03-22,DO-1D-3111,DO-1D-3111,J:DO,IF1,f,2020-03-22,0,0,True,-1,no_assessment_in_window,,,False,0,0,0,2
DO-1D-3111|2020-04-05,DO-1D-3111,DO-1D-3111,J:DO,IF1,f,2020-04-05,0,0,True,0,observed_burden,2020-04-12T00:00:00,7.0,True,1,1,1,2
DO-1D-3111|2020-04-12,DO-1D-3111,DO-1D-3111,J:DO,IF1,f,2020-04-12,0,0,True,2,terminal_FD,2020-04-17T00:00:00,,False,0,0,0,2
DO-1D-3112|2019-12-10,DO-1D-3112,DO-1D-3112,J:DO,IF1,f,2019-12-10,0,0,True,0,observed_burden,2019-12-18T00:00:00,8.0,True,1,1,1,0
DO-1D-3112|2019-12-18,DO-1D-3112,DO-1D-3112,J:DO,IF1,f,2019-12-18,0,0,True,0,observed_burden,2019-12-23T00:00:00,5.0,True,1,1,1,0
DO-1D-3112|2019-12-23,DO-1D-3112,DO-1D-3112,J:DO,IF1,f,2019-12-23,0,0,True,-1,no_assessment_in_window,,,False,0,0,0,0
DO-1D-3112|2020-01-02,DO-1D-3112,DO-1D-3112,J:DO,IF1,f,2020-01-02,0,0,True,1,observed_burden,2020-01-07T00:00:00,5.0,True,1,1,1,0
DO-1D-3112|2020-01-07,DO-1D-3112,DO-1D-3112,J:DO,IF1,f,2020-01-07,1,0,True,2,terminal_FD,2020-01-16T00:00:00,,False,1,1,1,0
DO-1D-3112|2020-01-14,DO-1D-3112,DO-1D-3112,J:DO,IF1,f,2020-01-14,1,0,True,2,terminal_FD,2020-01-16T00:00:00,,False,0,0,0,0
DO-1D-3114|2019-12-11,DO-1D-3114,DO-1D-3114,J:DO,IF1,f,2019-12-11,1,0,True,1,observed_burden,2019-12-19T00:00:00,8.0,True,1,1,1,2
DO-1D-3114|2019-12-19,DO-1D-3114,DO-1D-3114,J:DO,IF1,f,2019-12-19,1,0,True,0,observed_burden,2019-12-24T00:00:00,5.0,True,1,1,1,2
DO-1D-3114|2019-12-24,DO-1D-3114,DO-1D-3114,J:DO,IF1,f,2019-12-24,0,0,True,-1,no_assessment_in_window,,,False,0,0,0,2
DO-1D-3114|2020-01-03,DO-1D-3114,DO-1D-3114,J:DO,IF1,f,2020-01-03,1,0,True,0,observed_burden,2020-01-08T00:00:00,5.0,True,1,1,1,2
DO-1D-3114|2020-01-08,DO-1D-3114,DO-1D-3114,J:DO,IF1,f,2020-01-08,0,0,True,1,observed_burden,2020-01-15T00:00:00,7.0,True,1,1,1,2
DO-1D-3114|2020-01-15,DO-1D-3114,DO-1D-3114,J:DO,IF1,f,2020-01-15,1,0,True,1,observed_burden,2020-01-20T00:00:00,5.0,True,1,1,1,2
DO-1D-3114|2020-01-20,DO-1D-3114,DO-1D-3114,J:DO,IF1,f,2020-01-20,1,0,True,0,observed_burden,2020-01-27T00:00:00,7.0,True,1,1,1,2
DO-1D-3114|2020-01-27,DO-1D-3114,DO-1D-3114,J:DO,IF1,f,2020-01-27,0,0,True,0,observed_burden,2020-02-03T00:00:00,7.0,True,1,1,1,2
DO-1D-3114|2020-02-03,DO-1D-3114,DO-1D-3114,J:DO,IF1,f,2020-02-03,0,0,True,1,observed_burden,2020-02-11T00:00:00,8.0,True,1,1,1,2
DO-1D-3114|2020-02-11,DO-1D-3114,DO-1D-3114,J:DO,IF1,f,2020-02-11,1,0,True,-1,no_assessment_in_window,,,False,0,0,0,2
DO-1D-3114|2020-02-25,DO-1D-3114,DO-1D-3114,J:DO,IF1,f,2020-02-25,1,0,True,-1,no_assessment_in_window,,,False,0,0,0,2
DO-1D-3114|2020-03-09,DO-1D-3114,DO-1D-3114,J:DO,IF1,f,2020-03-09,0,0,True,1,observed_burden,2020-03-16T00:00:00,7.0,True,1,1,1,2
DO-1D-3114|2020-03-16,DO-1D-3114,DO-1D-3114,J:DO,IF1,f,2020-03-16,1,0,True,1,observed_burden,2020-03-23T00:00:00,7.0,True,1,1,1,2
DO-1D-3114|2020-03-23,DO-1D-3114,DO-1D-3114,J:DO,IF1,f,2020-03-23,1,0,True,1,observed_burden,2020-03-30T00:00:00,7.0,True,1,1,1,2
DO-1D-3114|2020-03-30,DO-1D-3114,DO-1D-3114,J:DO,IF1,f,2020-03-30,1,0,True,1,observed_burden,2020-04-06T00:00:00,7.0,True,1,1,1,2
DO-1D-3114|2020-04-06,DO-1D-3114,DO-1D-3114,J:DO,IF1,f,2020-04-06,1,0,True,1,observed_burden,2020-04-13T00:00:00,7.0,True,1,1,1,2
DO-1D-3114|2020-04-13,DO-1D-3114,DO-1D-3114,J:DO,IF1,f,2020-04-13,1,0,True,1,observed_burden,2020-04-20T00:00:00,7.0,True,1,1,1,2
DO-1D-3114|2020-04-20,DO-1D-3114,DO-1D-3114,J:DO,IF1,f,2020-04-20,1,0,True,1,observed_burden,2020-04-27T00:00:00,7.0,True,1,1,1,2
DO-1D-3114|2020-04-27,DO-1D-3114,DO-1D-3114,J:DO,IF1,f,2020-04-27,1,0,True,2,terminal_ES,2020-05-01T00:00:00,,False,0,0,0,2
DO-1D-3116|2019-12-11,DO-1D-3116,DO-1D-3116,J:DO,IF1,f,2019-12-11,1,0,True,1,observed_burden,2019-12-19T00:00:00,8.0,True,1,1,1,0
DO-1D-3116|2019-12-19,DO-1D-3116,DO-1D-3116,J:DO,IF1,f,2019-12-19,1,0,True,0,observed_burden,2019-12-24T00:00:00,5.0,True,1,1,1,0
DO-1D-3116|2019-12-24,DO-1D-3116,DO-1D-3116,J:DO,IF1,f,2019-12-24,0,0,True,-1,no_assessment_in_window,,,False,0,0,0,0
DO-1D-3116|2020-01-03,DO-1D-3116,DO-1D-3116,J:DO,IF1,f,2020-01-03,1,0,True,1,observed_burden,2020-01-08T00:00:00,5.0,True,1,1,1,0
DO-1D-3116|2020-01-08,DO-1D-3116,DO-1D-3116,J:DO,IF1,f,2020-01-08,1,0,True,1,observed_burden,2020-01-15T00:00:00,7.0,True,1,1,1,0
DO-1D-3116|2020-01-15,DO-1D-3116,DO-1D-3116,J:DO,IF1,f,2020-01-15,1,0,True,1,observed_burden,2020-01-20T00:00:00,5.0,True,1,1,1,0
DO-1D-3116|2020-01-20,DO-1D-3116,DO-1D-3116,J:DO,IF1,f,2020-01-20,1,0,True,1,observed_burden,2020-01-27T00:00:00,7.0,True,1,1,1,0
DO-1D-3116|2020-01-27,DO-1D-3116,DO-1D-3116,J:DO,IF1,f,2020-01-27,1,0,True,0,observed_burden,2020-02-03T00:00:00,7.0,True,1,1,1,0
DO-1D-3116|2020-02-03,DO-1D-3116,DO-1D-3116,J:DO,IF1,f,2020-02-03,0,0,True,1,observed_burden,2020-02-11T00:00:00,8.0,True,1,1,1,0
DO-1D-3116|2020-02-11,DO-1D-3116,DO-1D-3116,J:DO,IF1,f,2020-02-11,1,0,True,-1,no_assessment_in_window,,,False,0,0,0,0
DO-1D-3116|2020-02-25,DO-1D-3116,DO-1D-3116,J:DO,IF1,f,2020-02-25,1,0,True,-1,no_assessment_in_window,,,False,0,0,0,0
DO-1D-3116|2020-03-09,DO-1D-3116,DO-1D-3116,J:DO,IF1,f,2020-03-09,0,0,True,1,observed_burden,2020-03-16T00:00:00,7.0,True,1,1,1,0
DO-1D-3116|2020-03-16,DO-1D-3116,DO-1D-3116,J:DO,IF1,f,2020-03-16,1,0,True,1,observed_burden,2020-03-23T00:00:00,7.0,True,1,1,1,0
DO-1D-3116|2020-03-23,DO-1D-3116,DO-1D-3116,J:DO,IF1,f,2020-03-23,1,0,True,2,terminal_FD,2020-03-26T00:00:00,,False,0,0,0,0
DO-1D-3118|2019-12-11,DO-1D-3118,DO-1D-3118,J:DO,IF1,f,2019-12-11,1,0,True,2,terminal_ES,2019-12-19T00:00:00,,False,1,1,1,0
DO-1D-3123|2019-12-11,DO-1D-3123,DO-1D-3123,J:DO,IF1,f,2019-12-11,1,0,True,0,observed_burden,2019-12-19T00:00:00,8.0,True,1,1,1,3
DO-1D-3123|2019-12-19,DO-1D-3123,DO-1D-3123,J:DO,IF1,f,2019-12-19,0,0,True,1,observed_burden,2019-12-24T00:00:00,5.0,True,1,1,1,3
DO-1D-3123|2019-12-24,DO-1D-3123,DO-1D-3123,J:DO,IF1,f,2019-12-24,1,0,True,-1,no_assessment_in_window,,,False,0,0,0,3
DO-1D-3123|2020-01-03,DO-1D-3123,DO-1D-3123,J:DO,IF1,f,2020-01-03,0,0,True,1,observed_burden,2020-01-08T00:00:00,5.0,True,1,1,1,3
DO-1D-3123|2020-01-08,DO-1D-3123,DO-1D-3123,J:DO,IF1,f,2020-01-08,1,0,True,1,observed_burden,2020-01-15T00:00:00,7.0,True,1,1,1,3
DO-1D-3123|2020-01-15,DO-1D-3123,DO-1D-3123,J:DO,IF1,f,2020-01-15,1,0,True,1,observed_burden,2020-01-20T00:00:00,5.0,True,1,1,1,3
DO-1D-3123|2020-01-20,DO-1D-3123,DO-1D-3123,J:DO,IF1,f,2020-01-20,1,0,True,0,observed_burden,2020-01-27T00:00:00,7.0,True,1,1,1,3
DO-1D-3123|2020-01-27,DO-1D-3123,DO-1D-3123,J:DO,IF1,f,2020-01-27,0,0,True,0,observed_burden,2020-02-03T00:00:00,7.0,True,1,1,1,3
DO-1D-3123|2020-02-03,DO-1D-3123,DO-1D-3123,J:DO,IF1,f,2020-02-03,0,0,True,1,observed_burden,2020-02-11T00:00:00,8.0,True,1,1,1,3
DO-1D-3123|2020-02-11,DO-1D-3123,DO-1D-3123,J:DO,IF1,f,2020-02-11,1,0,True,-1,no_assessment_in_window,,,False,0,0,0,3
DO-1D-3123|2020-02-25,DO-1D-3123,DO-1D-3123,J:DO,IF1,f,2020-02-25,1,0,True,-1,no_assessment_in_window,,,False,0,0,0,3
DO-1D-3123|2020-03-09,DO-1D-3123,DO-1D-3123,J:DO,IF1,f,2020-03-09,0,0,True,1,observed_burden,2020-03-16T00:00:00,7.0,True,1,1,1,3
DO-1D-3123|2020-03-16,DO-1D-3123,DO-1D-3123,J:DO,IF1,f,2020-03-16,1,0,True,0,observed_burden,2020-03-23T00:00:00,7.0,True,1,1,1,3
DO-1D-3123|2020-03-23,DO-1D-3123,DO-1D-3123,J:DO,IF1,f,2020-03-23,0,0,True,1,observed_burden,2020-03-30T00:00:00,7.0,True,1,1,1,3
DO-1D-3123|2020-03-30,DO-1D-3123,DO-1D-3123,J:DO,IF1,f,2020-03-30,1,0,True,2,terminal_FD,2020-04-07T00:00:00,,False,0,0,0,3
DO-1D-3124|2019-12-11,DO-1D-3124,DO-1D-3124,J:DO,IF1,f,2019-12-11,1,0,True,1,observed_burden,2019-12-19T00:00:00,8.0,True,1,1,1,1
DO-1D-3124|2019-12-19,DO-1D-3124,DO-1D-3124,J:DO,IF1,f,2019-12-19,1,0,True,0,observed_burden,2019-12-24T00:00:00,5.0,True,1,1,1,1
DO-1D-3124|2019-12-24,DO-1D-3124,DO-1D-3124,J:DO,IF1,f,2019-12-24,0,0,True,-1,no_assessment_in_window,,,False,0,0,0,1
DO-1D-3124|2020-01-03,DO-1D-3124,DO-1D-3124,J:DO,IF1,f,2020-01-03,1,0,True,0,observed_burden,2020-01-08T00:00:00,5.0,True,1,1,1,1
DO-1D-3124|2020-01-08,DO-1D-3124,DO-1D-3124,J:DO,IF1,f,2020-01-08,0,0,True,1,observed_burden,2020-01-15T00:00:00,7.0,True,1,1,1,1
DO-1D-3124|2020-01-15,DO-1D-3124,DO-1D-3124,J:DO,IF1,f,2020-01-15,1,0,True,0,observed_burden,2020-01-20T00:00:00,5.0,True,1,1,1,1
DO-1D-3124|2020-01-20,DO-1D-3124,DO-1D-3124,J:DO,IF1,f,2020-01-20,0,0,True,0,observed_burden,2020-01-27T00:00:00,7.0,True,1,1,1,1
DO-1D-3124|2020-01-27,DO-1D-3124,DO-1D-3124,J:DO,IF1,f,2020-01-27,0,0,True,0,observed_burden,2020-02-03T00:00:00,7.0,True,1,1,1,1
DO-1D-3124|2020-02-03,DO-1D-3124,DO-1D-3124,J:DO,IF1,f,2020-02-03,0,0,True,1,observed_burden,2020-02-11T00:00:00,8.0,True,1,1,1,1
DO-1D-3124|2020-02-11,DO-1D-3124,DO-1D-3124,J:DO,IF1,f,2020-02-11,1,0,True,-1,no_assessment_in_window,,,False,0,0,0,1
DO-1D-3124|2020-02-25,DO-1D-3124,DO-1D-3124,J:DO,IF1,f,2020-02-25,1,0,True,2,terminal_FD,2020-02-27T00:00:00,,False,0,0,0,1
DO-1D-3134|2020-02-25,DO-1D-3134,DO-1D-3134,J:DO,IF1,f,2020-02-25,0,0,True,1,observed_burden,2020-03-04T00:00:00,8.0,True,1,1,1,0
DO-1D-3134|2020-03-04,DO-1D-3134,DO-1D-3134,J:DO,IF1,f,2020-03-04,1,0,True,1,observed_burden,2020-03-10T00:00:00,6.0,True,1,1,1,0
DO-1D-3134|2020-03-10,DO-1D-3134,DO-1D-3134,J:DO,IF1,f,2020-03-10,1,0,True,1,observed_burden,2020-03-17T00:00:00,7.0,True,1,1,1,0
DO-1D-3134|2020-03-17,DO-1D-3134,DO-1D-3134,J:DO,IF1,f,2020-03-17,1,0,True,1,observed_burden,2020-03-24T00:00:00,7.0,True,1,1,1,0
DO-1D-3134|2020-03-24,DO-1D-3134,DO-1D-3134,J:DO,IF1,f,2020-03-24,1,0,True,1,observed_burden,2020-03-31T00:00:00,7.0,True,1,1,1,0
DO-1D-3134|2020-03-31,DO-1D-3134,DO-1D-3134,J:DO,IF1,f,2020-03-31,1,0,True,1,observed_burden,2020-04-07T00:00:00,7.0,True,1,1,1,0
DO-1D-3134|2020-04-07,DO-1D-3134,DO-1D-3134,J:DO,IF1,f,2020-04-07,1,0,True,1,observed_burden,2020-04-14T00:00:00,7.0,True,1,1,1,0
DO-1D-3134|2020-04-14,DO-1D-3134,DO-1D-3134,J:DO,IF1,f,2020-04-14,1,0,True,1,observed_burden,2020-04-21T00:00:00,7.0,True,1,1,1,0
DO-1D-3134|2020-04-21,DO-1D-3134,DO-1D-3134,J:DO,IF1,f,2020-04-21,1,0,True,-1,no_assessment_in_window,,,False,0,0,0,0
DO-1D-3134|2020-05-05,DO-1D-3134,DO-1D-3134,J:DO,IF1,f,2020-05-05,0,0,True,0,observed_burden,2020-05-12T00:00:00,7.0,True,1,1,1,0
DO-1D-3134|2020-05-12,DO-1D-3134,DO-1D-3134,J:DO,IF1,f,2020-05-12,0,0,True,0,observed_burden,2020-05-19T00:00:00,7.0,True,1,1,1,0
DO-1D-3134|2020-05-19,DO-1D-3134,DO-1D-3134,J:DO,IF1,f,2020-05-19,0,0,True,1,observed_burden,2020-05-27T00:00:00,8.0,True,1,1,1,0
DO-1D-3134|2020-05-27,DO-1D-3134,DO-1D-3134,J:DO,IF1,f,2020-05-27,1,0,True,1,observed_burden,2020-06-02T00:00:00,6.0,True,1,1,1,0
DO-1D-3134|2020-06-02,DO-1D-3134,DO-1D-3134,J:DO,IF1,f,2020-06-02,1,0,True,1,observed_burden,2020-06-09T00:00:00,7.0,True,1,1,1,0
DO-1D-3134|2020-06-09,DO-1D-3134,DO-1D-3134,J:DO,IF1,f,2020-06-09,1,0,True,1,observed_burden,2020-06-16T00:00:00,7.0,True,1,1,1,0
DO-1D-3134|2020-06-16,DO-1D-3134,DO-1D-3134,J:DO,IF1,f,2020-06-16,1,0,True,1,observed_burden,2020-06-23T00:00:00,7.0,True,1,1,1,0
DO-1D-3134|2020-06-23,DO-1D-3134,DO-1D-3134,J:DO,IF1,f,2020-06-23,1,0,True,1,observed_burden,2020-06-30T00:00:00,7.0,True,1,1,1,0
DO-1D-3134|2020-06-30,DO-1D-3134,DO-1D-3134,J:DO,IF1,f,2020-06-30,1,0,True,1,observed_burden,2020-07-07T00:00:00,7.0,True,1,1,1,0
DO-1D-3134|2020-07-07,DO-1D-3134,DO-1D-3134,J:DO,IF1,f,2020-07-07,1,0,True,-1,no_assessment_in_window,,,False,0,0,0,0
DO-1D-3134|2020-07-21,DO-1D-3134,DO-1D-3134,J:DO,IF1,f,2020-07-21,1,0,True,-1,no_assessment_in_window,,,False,0,0,0,0
DO-1D-3134|2020-08-04,DO-1D-3134,DO-1D-3134,J:DO,IF1,f,2020-08-04,1,0,True,1,observed_burden,2020-08-11T00:00:00,7.0,True,1,1,1,0
DO-1D-3134|2020-08-11,DO-1D-3134,DO-1D-3134,J:DO,IF1,f,2020-08-11,1,0,True,2,terminal_FD,2020-08-17T00:00:00,,False,0,0,0,0
DO-1D-3135|2020-02-25,DO-1D-3135,DO-1D-3135,J:DO,IF1,f,2020-02-25,0,0,True,1,observed_burden,2020-03-04T00:00:00,8.0,True,1,1,1,1
DO-1D-3135|2020-03-04,DO-1D-3135,DO-1D-3135,J:DO,IF1,f,2020-03-04,1,0,True,0,observed_burden,2020-03-10T00:00:00,6.0,True,1,1,1,1
DO-1D-3135|2020-03-10,DO-1D-3135,DO-1D-3135,J:DO,IF1,f,2020-03-10,0,0,True,1,observed_burden,2020-03-17T00:00:00,7.0,True,1,1,1,1
DO-1D-3135|2020-03-17,DO-1D-3135,DO-1D-3135,J:DO,IF1,f,2020-03-17,1,0,True,0,observed_burden,2020-03-24T00:00:00,7.0,True,1,1,1,1
DO-1D-3135|2020-03-24,DO-1D-3135,DO-1D-3135,J:DO,IF1,f,2020-03-24,0,0,True,0,observed_burden,2020-03-31T00:00:00,7.0,True,1,1,1,1
DO-1D-3135|2020-03-31,DO-1D-3135,DO-1D-3135,J:DO,IF1,f,2020-03-31,0,0,True,1,observed_burden,2020-04-07T00:00:00,7.0,True,1,1,1,1
DO-1D-3135|2020-04-07,DO-1D-3135,DO-1D-3135,J:DO,IF1,f,2020-04-07,1,0,True,0,observed_burden,2020-04-14T00:00:00,7.0,True,1,1,1,1
DO-1D-3135|2020-04-14,DO-1D-3135,DO-1D-3135,J:DO,IF1,f,2020-04-14,0,0,True,1,observed_burden,2020-04-21T00:00:00,7.0,True,1,1,1,1
DO-1D-3135|2020-04-21,DO-1D-3135,DO-1D-3135,J:DO,IF1,f,2020-04-21,1,0,True,-1,no_assessment_in_window,,,False,0,0,0,1
DO-1D-3135|2020-05-05,DO-1D-3135,DO-1D-3135,J:DO,IF1,f,2020-05-05,0,0,True,1,observed_burden,2020-05-12T00:00:00,7.0,True,1,1,1,1
DO-1D-3135|2020-05-12,DO-1D-3135,DO-1D-3135,J:DO,IF1,f,2020-05-12,1,0,True,1,observed_burden,2020-05-19T00:00:00,7.0,True,1,1,1,1
DO-1D-3135|2020-05-19,DO-1D-3135,DO-1D-3135,J:DO,IF1,f,2020-05-19,1,0,True,1,observed_burden,2020-05-27T00:00:00,8.0,True,1,1,1,1
DO-1D-3135|2020-05-27,DO-1D-3135,DO-1D-3135,J:DO,IF1,f,2020-05-27,1,0,True,1,observed_burden,2020-06-02T00:00:00,6.0,True,1,1,1,1
DO-1D-3135|2020-06-02,DO-1D-3135,DO-1D-3135,J:DO,IF1,f,2020-06-02,1,0,True,2,terminal_FD,2020-06-11T00:00:00,,False,1,1,1,1
DO-1D-3135|2020-06-09,DO-1D-3135,DO-1D-3135,J:DO,IF1,f,2020-06-09,1,0,True,2,terminal_FD,2020-06-11T00:00:00,,False,0,0,0,1
DO-1D-3139|2020-02-25,DO-1D-3139,DO-1D-3139,J:DO,IF1,f,2020-02-25,0,0,True,1,observed_burden,2020-03-04T00:00:00,8.0,True,1,1,1,3
DO-1D-3139|2020-03-04,DO-1D-3139,DO-1D-3139,J:DO,IF1,f,2020-03-04,1,0,True,1,observed_burden,2020-03-10T00:00:00,6.0,True,1,1,1,3
DO-1D-3139|2020-03-10,DO-1D-3139,DO-1D-3139,J:DO,IF1,f,2020-03-10,1,0,True,1,observed_burden,2020-03-17T00:00:00,7.0,True,1,1,1,3
DO-1D-3139|2020-03-17,DO-1D-3139,DO-1D-3139,J:DO,IF1,f,2020-03-17,1,0,True,1,observed_burden,2020-03-24T00:00:00,7.0,True,1,1,1,3
DO-1D-3139|2020-03-24,DO-1D-3139,DO-1D-3139,J:DO,IF1,f,2020-03-24,1,0,True,1,observed_burden,2020-03-31T00:00:00,7.0,True,1,1,1,3
DO-1D-3139|2020-03-31,DO-1D-3139,DO-1D-3139,J:DO,IF1,f,2020-03-31,1,0,True,1,observed_burden,2020-04-07T00:00:00,7.0,True,1,1,1,3
DO-1D-3139|2020-04-07,DO-1D-3139,DO-1D-3139,J:DO,IF1,f,2020-04-07,1,0,True,1,observed_burden,2020-04-14T00:00:00,7.0,True,1,1,1,3
DO-1D-3139|2020-04-14,DO-1D-3139,DO-1D-3139,J:DO,IF1,f,2020-04-14,1,0,True,1,observed_burden,2020-04-21T00:00:00,7.0,True,1,1,1,3
DO-1D-3139|2020-04-21,DO-1D-3139,DO-1D-3139,J:DO,IF1,f,2020-04-21,1,0,True,-1,no_assessment_in_window,,,False,0,0,0,3
DO-1D-3139|2020-05-05,DO-1D-3139,DO-1D-3139,J:DO,IF1,f,2020-05-05,1,0,True,0,observed_burden,2020-05-12T00:00:00,7.0,True,1,1,1,3
DO-1D-3139|2020-05-12,DO-1D-3139,DO-1D-3139,J:DO,IF1,f,2020-05-12,0,0,True,1,observed_burden,2020-05-19T00:00:00,7.0,True,1,1,1,3
DO-1D-3139|2020-05-19,DO-1D-3139,DO-1D-3139,J:DO,IF1,f,2020-05-19,1,0,True,2,terminal_FD,2020-05-22T00:00:00,,False,0,0,0,3
DO-1D-3143|2020-02-25,DO-1D-3143,DO-1D-3143,J:DO,IF1,f,2020-02-25,0,0,True,1,observed_burden,2020-03-04T00:00:00,8.0,True,1,1,1,1
DO-1D-3143|2020-03-04,DO-1D-3143,DO-1D-3143,J:DO,IF1,f,2020-03-04,1,0,True,1,observed_burden,2020-03-10T00:00:00,6.0,True,1,1,1,1
DO-1D-3143|2020-03-10,DO-1D-3143,DO-1D-3143,J:DO,IF1,f,2020-03-10,1,0,True,0,observed_burden,2020-03-17T00:00:00,7.0,True,1,1,1,1
DO-1D-3143|2020-03-17,DO-1D-3143,DO-1D-3143,J:DO,IF1,f,2020-03-17,0,0,True,0,observed_burden,2020-03-24T00:00:00,7.0,True,1,1,1,1
DO-1D-3143|2020-03-24,DO-1D-3143,DO-1D-3143,J:DO,IF1,f,2020-03-24,0,0,True,1,observed_burden,2020-03-31T00:00:00,7.0,True,1,1,1,1
DO-1D-3143|2020-03-31,DO-1D-3143,DO-1D-3143,J:DO,IF1,f,2020-03-31,1,0,True,1,observed_burden,2020-04-07T00:00:00,7.0,True,1,1,1,1
DO-1D-3143|2020-04-07,DO-1D-3143,DO-1D-3143,J:DO,IF1,f,2020-04-07,1,0,True,2,terminal_FD,2020-04-12T00:00:00,,False,0,0,0,1
DO-1D-3145|2020-03-04,DO-1D-3145,DO-1D-3145,J:DO,IF1,f,2020-03-04,1,0,True,1,observed_burden,2020-03-10T00:00:00,6.0,True,1,1,1,4
DO-1D-3145|2020-03-10,DO-1D-3145,DO-1D-3145,J:DO,IF1,f,2020-03-10,1,0,True,1,observed_burden,2020-03-17T00:00:00,7.0,True,1,1,1,4
DO-1D-3145|2020-03-17,DO-1D-3145,DO-1D-3145,J:DO,IF1,f,2020-03-17,1,0,True,1,observed_burden,2020-03-24T00:00:00,7.0,True,1,1,1,4
DO-1D-3145|2020-03-24,DO-1D-3145,DO-1D-3145,J:DO,IF1,f,2020-03-24,1,0,True,1,observed_burden,2020-03-31T00:00:00,7.0,True,1,1,1,4
DO-1D-3145|2020-03-31,DO-1D-3145,DO-1D-3145,J:DO,IF1,f,2020-03-31,1,0,True,1,observed_burden,2020-04-07T00:00:00,7.0,True,1,1,1,4
DO-1D-3145|2020-04-07,DO-1D-3145,DO-1D-3145,J:DO,IF1,f,2020-04-07,1,0,True,1,observed_burden,2020-04-14T00:00:00,7.0,True,1,1,1,4
DO-1D-3145|2020-04-14,DO-1D-3145,DO-1D-3145,J:DO,IF1,f,2020-04-14,1,0,True,1,observed_burden,2020-04-21T00:00:00,7.0,True,1,1,1,4
DO-1D-3145|2020-04-21,DO-1D-3145,DO-1D-3145,J:DO,IF1,f,2020-04-21,1,0,True,-1,no_assessment_in_window,,,False,0,0,0,4
DO-1D-3145|2020-05-05,DO-1D-3145,DO-1D-3145,J:DO,IF1,f,2020-05-05,1,0,True,1,observed_burden,2020-05-12T00:00:00,7.0,True,1,1,1,4
DO-1D-3145|2020-05-12,DO-1D-3145,DO-1D-3145,J:DO,IF1,f,2020-05-12,1,0,True,1,observed_burden,2020-05-19T00:00:00,7.0,True,1,1,1,4
DO-1D-3145|2020-05-19,DO-1D-3145,DO-1D-3145,J:DO,IF1,f,2020-05-19,1,0,True,1,observed_burden,2020-05-27T00:00:00,8.0,True,1,1,1,4
DO-1D-3145|2020-05-27,DO-1D-3145,DO-1D-3145,J:DO,IF1,f,2020-05-27,1,0,True,1,observed_burden,2020-06-02T00:00:00,6.0,True,1,1,1,4
DO-1D-3145|2020-06-02,DO-1D-3145,DO-1D-3145,J:DO,IF1,f,2020-06-02,1,0,True,-1,no_assessment_in_window,,,False,0,0,0,4
DO-1D-3145|2020-07-07,DO-1D-3145,DO-1D-3145,J:DO,IF1,f,2020-07-07,1,0,True,1,observed_burden,2020-07-14T00:00:00,7.0,True,1,1,1,4
DO-1D-3145|2020-07-14,DO-1D-3145,DO-1D-3145,J:DO,IF1,f,2020-07-14,1,0,True,1,observed_burden,2020-07-21T00:00:00,7.0,True,1,1,1,4
DO-1D-3145|2020-07-21,DO-1D-3145,DO-1D-3145,J:DO,IF1,f,2020-07-21,1,0,True,1,observed_burden,2020-07-28T00:00:00,7.0,True,1,1,1,4
DO-1D-3145|2020-07-28,DO-1D-3145,DO-1D-3145,J:DO,IF1,f,2020-07-28,1,0,True,-1,no_assessment_in_window,,,False,0,0,0,4
DO-1D-3145|2020-08-18,DO-1D-3145,DO-1D-3145,J:DO,IF1,f,2020-08-18,1,0,True,1,observed_burden,2020-08-24T00:00:00,6.0,True,1,1,1,4
DO-1D-3145|2020-08-24,DO-1D-3145,DO-1D-3145,J:DO,IF1,f,2020-08-24,1,0,True,1,observed_burden,2020-09-01T00:00:00,8.0,True,1,1,1,4
DO-1D-3145|2020-09-01,DO-1D-3145,DO-1D-3145,J:DO,IF1,f,2020-09-01,1,0,True,-1,no_assessment_in_window,,,False,0,0,0,4
DO-1D-3146|2020-03-04,DO-1D-3146,DO-1D-3146,J:DO,IF1,f,2020-03-04,0,0,True,1,observed_burden,2020-03-10T00:00:00,6.0,True,1,1,1,2
DO-1D-3146|2020-03-10,DO-1D-3146,DO-1D-3146,J:DO,IF1,f,2020-03-10,1,0,True,1,observed_burden,2020-03-17T00:00:00,7.0,True,1,1,1,2
DO-1D-3146|2020-03-17,DO-1D-3146,DO-1D-3146,J:DO,IF1,f,2020-03-17,1,0,True,1,observed_burden,2020-03-24T00:00:00,7.0,True,1,1,1,2
DO-1D-3146|2020-03-24,DO-1D-3146,DO-1D-3146,J:DO,IF1,f,2020-03-24,1,0,True,1,observed_burden,2020-03-31T00:00:00,7.0,True,1,1,1,2
DO-1D-3146|2020-03-31,DO-1D-3146,DO-1D-3146,J:DO,IF1,f,2020-03-31,1,0,True,1,observed_burden,2020-04-07T00:00:00,7.0,True,1,1,1,2
DO-1D-3146|2020-04-07,DO-1D-3146,DO-1D-3146,J:DO,IF1,f,2020-04-07,1,0,True,1,observed_burden,2020-04-14T00:00:00,7.0,True,1,1,1,2
DO-1D-3146|2020-04-14,DO-1D-3146,DO-1D-3146,J:DO,IF1,f,2020-04-14,1,0,True,1,observed_burden,2020-04-21T00:00:00,7.0,True,1,1,1,2
DO-1D-3146|2020-04-21,DO-1D-3146,DO-1D-3146,J:DO,IF1,f,2020-04-21,1,0,True,2,terminal_FD,2020-04-24T00:00:00,,False,0,0,0,2
DO-1D-3154|2020-03-04,DO-1D-3154,DO-1D-3154,J:DO,IF1,f,2020-03-04,1,0,True,1,observed_burden,2020-03-10T00:00:00,6.0,True,1,1,1,4
DO-1D-3154|2020-03-10,DO-1D-3154,DO-1D-3154,J:DO,IF1,f,2020-03-10,1,0,True,1,observed_burden,2020-03-17T00:00:00,7.0,True,1,1,1,4
DO-1D-3154|2020-03-17,DO-1D-3154,DO-1D-3154,J:DO,IF1,f,2020-03-17,1,0,True,1,observed_burden,2020-03-24T00:00:00,7.0,True,1,1,1,4
DO-1D-3154|2020-03-24,DO-1D-3154,DO-1D-3154,J:DO,IF1,f,2020-03-24,1,0,True,2,terminal_FD,2020-03-27T00:00:00,,False,0,0,0,4
DO-1D-3155|2020-03-04,DO-1D-3155,DO-1D-3155,J:DO,IF1,f,2020-03-04,1,0,True,1,observed_burden,2020-03-10T00:00:00,6.0,True,1,1,1,2
DO-1D-3155|2020-03-10,DO-1D-3155,DO-1D-3155,J:DO,IF1,f,2020-03-10,1,0,True,1,observed_burden,2020-03-17T00:00:00,7.0,True,1,1,1,2
DO-1D-3155|2020-03-17,DO-1D-3155,DO-1D-3155,J:DO,IF1,f,2020-03-17,1,0,True,1,observed_burden,2020-03-24T00:00:00,7.0,True,1,1,1,2
DO-1D-3155|2020-03-24,DO-1D-3155,DO-1D-3155,J:DO,IF1,f,2020-03-24,1,0,True,1,observed_burden,2020-03-31T00:00:00,7.0,True,1,1,1,2
DO-1D-3155|2020-03-31,DO-1D-3155,DO-1D-3155,J:DO,IF1,f,2020-03-31,1,0,True,1,observed_burden,2020-04-07T00:00:00,7.0,True,1,1,1,2
DO-1D-3155|2020-04-07,DO-1D-3155,DO-1D-3155,J:DO,IF1,f,2020-04-07,1,0,True,1,observed_burden,2020-04-14T00:00:00,7.0,True,1,1,1,2
DO-1D-3155|2020-04-14,DO-1D-3155,DO-1D-3155,J:DO,IF1,f,2020-04-14,1,0,True,2,terminal_ES,2020-04-23T00:00:00,,False,1,1,1,2
DO-1D-3155|2020-04-21,DO-1D-3155,DO-1D-3155,J:DO,IF1,f,2020-04-21,1,0,True,2,terminal_ES,2020-04-23T00:00:00,,False,0,0,0,2
DO-1D-3163|2020-06-21,DO-1D-3163,DO-1D-3163,J:DO,IF1,f,2020-06-21,1,0,True,1,observed_burden,2020-06-28T00:00:00,7.0,True,1,1,1,0
DO-1D-3163|2020-06-28,DO-1D-3163,DO-1D-3163,J:DO,IF1,f,2020-06-28,1,0,True,-1,no_assessment_in_window,,,False,0,0,0,0
DO-1D-3163|2020-07-19,DO-1D-3163,DO-1D-3163,J:DO,IF1,f,2020-07-19,1,0,True,2,terminal_FD,2020-07-25T00:00:00,,False,0,0,0,0
DO-1D-3168|2020-06-21,DO-1D-3168,DO-1D-3168,J:DO,IF1,f,2020-06-21,1,0,True,1,observed_burden,2020-06-28T00:00:00,7.0,True,1,1,1,1
DO-1D-3168|2020-06-28,DO-1D-3168,DO-1D-3168,J:DO,IF1,f,2020-06-28,1,0,True,-1,no_assessment_in_window,,,False,0,0,0,1
DO-1D-3168|2020-07-19,DO-1D-3168,DO-1D-3168,J:DO,IF1,f,2020-07-19,1,0,True,2,terminal_FD,2020-07-27T00:00:00,,False,0,0,0,1
DO-1D-3169|2020-06-21,DO-1D-3169,DO-1D-3169,J:DO,IF1,f,2020-06-21,1,0,True,1,observed_burden,2020-06-28T00:00:00,7.0,True,1,1,1,4
DO-1D-3169|2020-06-28,DO-1D-3169,DO-1D-3169,J:DO,IF1,f,2020-06-28,1,0,True,-1,no_assessment_in_window,,,False,0,0,0,4
DO-1D-3169|2020-07-19,DO-1D-3169,DO-1D-3169,J:DO,IF1,f,2020-07-19,1,0,True,-1,no_assessment_in_window,,,False,0,0,0,4
DO-1D-3169|2020-08-03,DO-1D-3169,DO-1D-3169,J:DO,IF1,f,2020-08-03,1,0,True,-1,no_assessment_in_window,,,False,0,0,0,4
DO-1D-3170|2020-06-21,DO-1D-3170,DO-1D-3170,J:DO,IF1,f,2020-06-21,1,0,True,1,observed_burden,2020-06-28T00:00:00,7.0,True,1,1,1,3
DO-1D-3170|2020-06-28,DO-1D-3170,DO-1D-3170,J:DO,IF1,f,2020-06-28,1,0,True,-1,no_assessment_in_window,,,False,0,0,0,3
DO-1D-3170|2020-07-19,DO-1D-3170,DO-1D-3170,J:DO,IF1,f,2020-07-19,0,0,True,-1,no_assessment_in_window,,,False,0,0,0,3
DO-1D-3170|2020-08-03,DO-1D-3170,DO-1D-3170,J:DO,IF1,f,2020-08-03,1,0,True,-1,no_assessment_in_window,,,False,0,0,0,3
DO-1D-3170|2020-08-25,DO-1D-3170,DO-1D-3170,J:DO,IF1,f,2020-08-25,0,0,True,1,observed_burden,2020-08-30T00:00:00,5.0,True,1,1,1,3
DO-1D-3170|2020-08-30,DO-1D-3170,DO-1D-3170,J:DO,IF1,f,2020-08-30,1,0,True,1,observed_burden,2020-09-08T00:00:00,9.0,True,1,1,1,3
DO-1D-3170|2020-09-08,DO-1D-3170,DO-1D-3170,J:DO,IF1,f,2020-09-08,1,0,True,1,observed_burden,2020-09-14T00:00:00,6.0,True,1,1,1,3
DO-1D-3170|2020-09-14,DO-1D-3170,DO-1D-3170,J:DO,IF1,f,2020-09-14,1,0,True,2,terminal_FD,2020-09-20T00:00:00,,False,0,0,0,3
DO-1D-3188|2020-06-22,DO-1D-3188,DO-1D-3188,J:DO,IF1,f,2020-06-22,1,0,True,1,observed_burden,2020-06-29T00:00:00,7.0,True,1,1,1,4
DO-1D-3188|2020-06-29,DO-1D-3188,DO-1D-3188,J:DO,IF1,f,2020-06-29,1,0,True,-1,no_assessment_in_window,,,False,0,0,0,4
DO-1D-3188|2020-07-13,DO-1D-3188,DO-1D-3188,J:DO,IF1,f,2020-07-13,1,0,True,1,observed_burden,2020-07-20T00:00:00,7.0,True,1,1,1,4
DO-1D-3188|2020-07-20,DO-1D-3188,DO-1D-3188,J:DO,IF1,f,2020-07-20,1,0,True,1,observed_burden,2020-07-27T00:00:00,7.0,True,1,1,1,4
DO-1D-3188|2020-07-27,DO-1D-3188,DO-1D-3188,J:DO,IF1,f,2020-07-27,1,0,True,1,observed_burden,2020-08-04T00:00:00,8.0,True,1,1,1,4
DO-1D-3188|2020-08-04,DO-1D-3188,DO-1D-3188,J:DO,IF1,f,2020-08-04,1,0,True,-1,no_assessment_in_window,,,False,0,0,0,4
DO-1D-3188|2020-08-25,DO-1D-3188,DO-1D-3188,J:DO,IF1,f,2020-08-25,1,0,True,-1,no_assessment_in_window,,,False,0,0,0,4
DO-1D-3188|2020-09-08,DO-1D-3188,DO-1D-3188,J:DO,IF1,f,2020-09-08,1,0,True,1,observed_burden,2020-09-14T00:00:00,6.0,True,1,1,1,4
DO-1D-3188|2020-09-14,DO-1D-3188,DO-1D-3188,J:DO,IF1,f,2020-09-14,1,0,True,1,observed_burden,2020-09-21T00:00:00,7.0,True,1,1,1,4
DO-1D-3188|2020-09-21,DO-1D-3188,DO-1D-3188,J:DO,IF1,f,2020-09-21,1,0,True,1,observed_burden,2020-09-30T00:00:00,9.0,True,1,1,1,4
DO-1D-3188|2020-09-30,DO-1D-3188,DO-1D-3188,J:DO,IF1,f,2020-09-30,1,0,True,1,observed_burden,2020-10-06T00:00:00,6.0,True,1,1,1,4
DO-1D-3188|2020-10-06,DO-1D-3188,DO-1D-3188,J:DO,IF1,f,2020-10-06,1,0,True,2,terminal_FD,2020-10-13T00:00:00,,False,1,1,1,4
DO-1D-3188|2020-10-12,DO-1D-3188,DO-1D-3188,J:DO,IF1,f,2020-10-12,1,0,True,2,terminal_FD,2020-10-13T00:00:00,,False,0,0,0,4
DO-1D-3189|2020-06-22,DO-1D-3189,DO-1D-3189,J:DO,IF1,f,2020-06-22,1,0,True,1,observed_burden,2020-06-29T00:00:00,7.0,True,1,1,1,0
DO-1D-3189|2020-06-29,DO-1D-3189,DO-1D-3189,J:DO,IF1,f,2020-06-29,1,0,True,-1,no_assessment_in_window,,,False,0,0,0,0
DO-1D-3189|2020-07-13,DO-1D-3189,DO-1D-3189,J:DO,IF1,f,2020-07-13,1,0,True,1,observed_burden,2020-07-20T00:00:00,7.0,True,1,1,1,0
DO-1D-3189|2020-07-20,DO-1D-3189,DO-1D-3189,J:DO,IF1,f,2020-07-20,1,0,True,2,terminal_FD,2020-07-25T00:00:00,,False,0,0,0,0
DO-20-1006|2019-10-08,DO-20-1006,DO-20-1006,J:DO,CR20,f,2019-10-08,1,2,False,2,terminal_FD,2019-10-15T00:00:00,,False,0,0,0,2
DO-20-1025|2019-10-08,DO-20-1025,DO-20-1025,J:DO,CR20,f,2019-10-08,-1,2,False,0,observed_burden,2019-10-15T00:00:00,7.0,True,1,1,1,3
DO-20-1025|2019-10-15,DO-20-1025,DO-20-1025,J:DO,CR20,f,2019-10-15,0,0,True,0,observed_burden,2019-10-22T00:00:00,7.0,True,1,1,1,3
DO-20-1025|2019-10-22,DO-20-1025,DO-20-1025,J:DO,CR20,f,2019-10-22,0,0,True,1,observed_burden,2019-10-29T00:00:00,7.0,True,1,1,1,3
DO-20-1025|2019-10-29,DO-20-1025,DO-20-1025,J:DO,CR20,f,2019-10-29,1,0,True,1,observed_burden,2019-11-05T00:00:00,7.0,True,1,1,1,3
DO-20-1025|2019-11-05,DO-20-1025,DO-20-1025,J:DO,CR20,f,2019-11-05,1,0,True,1,observed_burden,2019-11-12T00:00:00,7.0,True,1,1,1,3
DO-20-1025|2019-11-12,DO-20-1025,DO-20-1025,J:DO,CR20,f,2019-11-12,1,0,True,1,observed_burden,2019-11-19T00:00:00,7.0,True,1,1,1,3
DO-20-1025|2019-11-19,DO-20-1025,DO-20-1025,J:DO,CR20,f,2019-11-19,1,0,True,1,observed_burden,2019-11-25T00:00:00,6.0,True,1,1,1,3
DO-20-1025|2019-11-25,DO-20-1025,DO-20-1025,J:DO,CR20,f,2019-11-25,1,0,True,1,observed_burden,2019-12-03T00:00:00,8.0,True,1,1,1,3
DO-20-1025|2019-12-03,DO-20-1025,DO-20-1025,J:DO,CR20,f,2019-12-03,1,0,True,2,terminal_ES,2019-12-10T00:00:00,,False,1,1,1,3
DO-20-1029|2019-10-08,DO-20-1029,DO-20-1029,J:DO,CR20,f,2019-10-08,1,2,False,1,observed_burden,2019-10-15T00:00:00,7.0,True,1,1,1,3
DO-20-1029|2019-10-15,DO-20-1029,DO-20-1029,J:DO,CR20,f,2019-10-15,1,0,True,1,observed_burden,2019-10-22T00:00:00,7.0,True,1,1,1,3
DO-20-1029|2019-10-22,DO-20-1029,DO-20-1029,J:DO,CR20,f,2019-10-22,1,0,True,1,observed_burden,2019-10-29T00:00:00,7.0,True,1,1,1,3
DO-20-1029|2019-10-29,DO-20-1029,DO-20-1029,J:DO,CR20,f,2019-10-29,1,0,True,1,observed_burden,2019-11-05T00:00:00,7.0,True,1,1,1,3
DO-20-1029|2019-11-05,DO-20-1029,DO-20-1029,J:DO,CR20,f,2019-11-05,1,0,True,1,observed_burden,2019-11-12T00:00:00,7.0,True,1,1,1,3
DO-20-1029|2019-11-12,DO-20-1029,DO-20-1029,J:DO,CR20,f,2019-11-12,1,0,True,1,observed_burden,2019-11-19T00:00:00,7.0,True,1,1,1,3
DO-20-1029|2019-11-19,DO-20-1029,DO-20-1029,J:DO,CR20,f,2019-11-19,1,0,True,1,observed_burden,2019-11-25T00:00:00,6.0,True,1,1,1,3
DO-20-1029|2019-11-25,DO-20-1029,DO-20-1029,J:DO,CR20,f,2019-11-25,1,0,True,1,observed_burden,2019-12-03T00:00:00,8.0,True,1,1,1,3
DO-20-1029|2019-12-03,DO-20-1029,DO-20-1029,J:DO,CR20,f,2019-12-03,1,0,True,1,observed_burden,2019-12-10T00:00:00,7.0,True,1,1,1,3
DO-20-1029|2019-12-10,DO-20-1029,DO-20-1029,J:DO,CR20,f,2019-12-10,1,0,True,1,observed_burden,2019-12-17T00:00:00,7.0,True,1,1,1,3
DO-20-1029|2019-12-17,DO-20-1029,DO-20-1029,J:DO,CR20,f,2019-12-17,1,0,True,-1,no_assessment_in_window,,,False,0,0,0,3
DO-20-1029|2020-01-02,DO-20-1029,DO-20-1029,J:DO,CR20,f,2020-01-02,1,0,True,1,observed_burden,2020-01-07T00:00:00,5.0,True,1,1,1,3
DO-20-1029|2020-01-07,DO-20-1029,DO-20-1029,J:DO,CR20,f,2020-01-07,1,0,True,1,observed_burden,2020-01-14T00:00:00,7.0,True,1,1,1,3
DO-20-1029|2020-01-14,DO-20-1029,DO-20-1029,J:DO,CR20,f,2020-01-14,1,0,True,-1,no_assessment_in_window,,,False,0,0,0,3
DO-20-1029|2020-02-03,DO-20-1029,DO-20-1029,J:DO,CR20,f,2020-02-03,1,0,True,1,observed_burden,2020-02-10T00:00:00,7.0,True,1,1,1,3
DO-20-1029|2020-02-10,DO-20-1029,DO-20-1029,J:DO,CR20,f,2020-02-10,1,0,True,1,observed_burden,2020-02-17T00:00:00,7.0,True,1,1,1,3
DO-20-1029|2020-02-17,DO-20-1029,DO-20-1029,J:DO,CR20,f,2020-02-17,1,0,True,1,observed_burden,2020-02-24T00:00:00,7.0,True,1,1,1,3
DO-20-1029|2020-02-24,DO-20-1029,DO-20-1029,J:DO,CR20,f,2020-02-24,1,0,True,2,terminal_FD,2020-03-04T00:00:00,,False,1,1,1,3
DO-20-1029|2020-03-02,DO-20-1029,DO-20-1029,J:DO,CR20,f,2020-03-02,1,0,True,2,terminal_FD,2020-03-04T00:00:00,,False,0,0,0,3
DO-20-1040|2019-10-08,DO-20-1040,DO-20-1040,J:DO,CR20,f,2019-10-08,1,2,False,1,observed_burden,2019-10-15T00:00:00,7.0,True,1,1,1,0
DO-20-1040|2019-10-15,DO-20-1040,DO-20-1040,J:DO,CR20,f,2019-10-15,1,0,True,1,observed_burden,2019-10-22T00:00:00,7.0,True,1,1,1,0
DO-20-1040|2019-10-22,DO-20-1040,DO-20-1040,J:DO,CR20,f,2019-10-22,1,0,True,1,observed_burden,2019-10-29T00:00:00,7.0,True,1,1,1,0
DO-20-1040|2019-10-29,DO-20-1040,DO-20-1040,J:DO,CR20,f,2019-10-29,1,0,True,1,observed_burden,2019-11-06T00:00:00,8.0,True,1,1,1,0
DO-20-1040|2019-11-06,DO-20-1040,DO-20-1040,J:DO,CR20,f,2019-11-06,1,0,True,1,observed_burden,2019-11-13T00:00:00,7.0,True,1,1,1,0
DO-20-1040|2019-11-13,DO-20-1040,DO-20-1040,J:DO,CR20,f,2019-11-13,1,0,True,1,observed_burden,2019-11-20T00:00:00,7.0,True,1,1,1,0
DO-20-1040|2019-11-20,DO-20-1040,DO-20-1040,J:DO,CR20,f,2019-11-20,1,0,True,1,observed_burden,2019-11-26T00:00:00,6.0,True,1,1,1,0
DO-20-1040|2019-11-26,DO-20-1040,DO-20-1040,J:DO,CR20,f,2019-11-26,1,0,True,1,observed_burden,2019-12-04T00:00:00,8.0,True,1,1,1,0
DO-20-1040|2019-12-04,DO-20-1040,DO-20-1040,J:DO,CR20,f,2019-12-04,1,0,True,-1,no_assessment_in_window,,,False,0,0,0,0
DO-20-1040|2019-12-19,DO-20-1040,DO-20-1040,J:DO,CR20,f,2019-12-19,1,0,True,1,observed_burden,2019-12-24T00:00:00,5.0,True,1,1,1,0
DO-20-1040|2019-12-24,DO-20-1040,DO-20-1040,J:DO,CR20,f,2019-12-24,1,0,True,-1,no_assessment_in_window,,,False,0,0,0,0
DO-20-1040|2020-01-03,DO-20-1040,DO-20-1040,J:DO,CR20,f,2020-01-03,1,0,True,1,observed_burden,2020-01-08T00:00:00,5.0,True,1,1,1,0
DO-20-1040|2020-01-08,DO-20-1040,DO-20-1040,J:DO,CR20,f,2020-01-08,1,0,True,1,observed_burden,2020-01-15T00:00:00,7.0,True,1,1,1,0
DO-20-1040|2020-01-15,DO-20-1040,DO-20-1040,J:DO,CR20,f,2020-01-15,1,0,True,1,observed_burden,2020-01-20T00:00:00,5.0,True,1,1,1,0
DO-20-1040|2020-01-20,DO-20-1040,DO-20-1040,J:DO,CR20,f,2020-01-20,1,0,True,1,observed_burden,2020-01-27T00:00:00,7.0,True,1,1,1,0
DO-20-1040|2020-01-27,DO-20-1040,DO-20-1040,J:DO,CR20,f,2020-01-27,1,0,True,1,observed_burden,2020-02-03T00:00:00,7.0,True,1,1,1,0
DO-20-1040|2020-02-03,DO-20-1040,DO-20-1040,J:DO,CR20,f,2020-02-03,1,0,True,1,observed_burden,2020-02-11T00:00:00,8.0,True,1,1,1,0
DO-20-1040|2020-02-11,DO-20-1040,DO-20-1040,J:DO,CR20,f,2020-02-11,1,0,True,1,observed_burden,2020-02-18T00:00:00,7.0,True,1,1,1,0
DO-20-1040|2020-02-18,DO-20-1040,DO-20-1040,J:DO,CR20,f,2020-02-18,1,0,True,1,observed_burden,2020-02-25T00:00:00,7.0,True,1,1,1,0
DO-20-1040|2020-02-25,DO-20-1040,DO-20-1040,J:DO,CR20,f,2020-02-25,1,0,True,0,observed_burden,2020-03-03T00:00:00,7.0,True,1,1,1,0
DO-20-1040|2020-03-03,DO-20-1040,DO-20-1040,J:DO,CR20,f,2020-03-03,0,0,True,1,observed_burden,2020-03-09T00:00:00,6.0,True,1,1,1,0
DO-20-1040|2020-03-09,DO-20-1040,DO-20-1040,J:DO,CR20,f,2020-03-09,1,0,True,1,observed_burden,2020-03-16T00:00:00,7.0,True,1,1,1,0
DO-20-1040|2020-03-16,DO-20-1040,DO-20-1040,J:DO,CR20,f,2020-03-16,1,0,True,1,observed_burden,2020-03-23T00:00:00,7.0,True,1,1,1,0
DO-20-1040|2020-03-23,DO-20-1040,DO-20-1040,J:DO,CR20,f,2020-03-23,1,0,True,-1,no_assessment_in_window,,,False,0,0,0,0
DO-20-1040|2020-04-06,DO-20-1040,DO-20-1040,J:DO,CR20,f,2020-04-06,1,0,True,2,terminal_FD,2020-04-08T00:00:00,,False,0,0,0,0
DO-20-1045|2019-10-08,DO-20-1045,DO-20-1045,J:DO,CR20,f,2019-10-08,1,2,False,1,observed_burden,2019-10-15T00:00:00,7.0,True,1,1,1,1
DO-20-1045|2019-10-15,DO-20-1045,DO-20-1045,J:DO,CR20,f,2019-10-15,1,0,True,1,observed_burden,2019-10-22T00:00:00,7.0,True,1,1,1,1
DO-20-1045|2019-10-22,DO-20-1045,DO-20-1045,J:DO,CR20,f,2019-10-22,1,0,True,1,observed_burden,2019-10-29T00:00:00,7.0,True,1,1,1,1
DO-20-1045|2019-10-29,DO-20-1045,DO-20-1045,J:DO,CR20,f,2019-10-29,1,0,True,0,observed_burden,2019-11-06T00:00:00,8.0,True,1,1,1,1
DO-20-1045|2019-11-06,DO-20-1045,DO-20-1045,J:DO,CR20,f,2019-11-06,0,0,True,1,observed_burden,2019-11-13T00:00:00,7.0,True,1,1,1,1
DO-20-1045|2019-11-13,DO-20-1045,DO-20-1045,J:DO,CR20,f,2019-11-13,1,0,True,1,observed_burden,2019-11-20T00:00:00,7.0,True,1,1,1,1
DO-20-1045|2019-11-20,DO-20-1045,DO-20-1045,J:DO,CR20,f,2019-11-20,1,0,True,1,observed_burden,2019-11-26T00:00:00,6.0,True,1,1,1,1
DO-20-1045|2019-11-26,DO-20-1045,DO-20-1045,J:DO,CR20,f,2019-11-26,1,0,True,1,observed_burden,2019-12-04T00:00:00,8.0,True,1,1,1,1
DO-20-1045|2019-12-04,DO-20-1045,DO-20-1045,J:DO,CR20,f,2019-12-04,1,0,True,-1,no_assessment_in_window,,,False,0,0,0,1
DO-20-1054|2019-10-08,DO-20-1054,DO-20-1054,J:DO,CR20,f,2019-10-08,1,2,False,-1,no_assessment_in_window,,,False,0,0,0,4
DO-20-1054|2019-10-22,DO-20-1054,DO-20-1054,J:DO,CR20,f,2019-10-22,1,0,True,1,observed_burden,2019-10-29T00:00:00,7.0,True,1,1,1,4
DO-20-1054|2019-10-29,DO-20-1054,DO-20-1054,J:DO,CR20,f,2019-10-29,1,0,True,0,observed_burden,2019-11-06T00:00:00,8.0,True,1,1,1,4
DO-20-1054|2019-11-06,DO-20-1054,DO-20-1054,J:DO,CR20,f,2019-11-06,0,0,True,1,observed_burden,2019-11-13T00:00:00,7.0,True,1,1,1,4
DO-20-1054|2019-11-13,DO-20-1054,DO-20-1054,J:DO,CR20,f,2019-11-13,1,0,True,1,observed_burden,2019-11-20T00:00:00,7.0,True,1,1,1,4
DO-20-1054|2019-11-20,DO-20-1054,DO-20-1054,J:DO,CR20,f,2019-11-20,1,0,True,0,observed_burden,2019-11-26T00:00:00,6.0,True,1,1,1,4
DO-20-1054|2019-11-26,DO-20-1054,DO-20-1054,J:DO,CR20,f,2019-11-26,0,0,True,1,observed_burden,2019-12-04T00:00:00,8.0,True,1,1,1,4
DO-20-1054|2019-12-04,DO-20-1054,DO-20-1054,J:DO,CR20,f,2019-12-04,1,0,True,0,observed_burden,2019-12-11T00:00:00,7.0,True,1,1,1,4
DO-20-1054|2019-12-11,DO-20-1054,DO-20-1054,J:DO,CR20,f,2019-12-11,0,0,True,0,observed_burden,2019-12-19T00:00:00,8.0,True,1,1,1,4
DO-20-1054|2019-12-19,DO-20-1054,DO-20-1054,J:DO,CR20,f,2019-12-19,0,0,True,-1,no_assessment_in_window,,,False,0,0,0,4
DO-20-1054|2020-01-08,DO-20-1054,DO-20-1054,J:DO,CR20,f,2020-01-08,1,0,True,1,observed_burden,2020-01-15T00:00:00,7.0,True,1,1,1,4
DO-20-1054|2020-01-15,DO-20-1054,DO-20-1054,J:DO,CR20,f,2020-01-15,1,0,True,1,observed_burden,2020-01-20T00:00:00,5.0,True,1,1,1,4
DO-20-1054|2020-01-20,DO-20-1054,DO-20-1054,J:DO,CR20,f,2020-01-20,1,0,True,1,observed_burden,2020-01-27T00:00:00,7.0,True,1,1,1,4
DO-20-1054|2020-01-27,DO-20-1054,DO-20-1054,J:DO,CR20,f,2020-01-27,1,0,True,1,observed_burden,2020-02-03T00:00:00,7.0,True,1,1,1,4
DO-20-1054|2020-02-03,DO-20-1054,DO-20-1054,J:DO,CR20,f,2020-02-03,1,0,True,2,terminal_FD,2020-02-06T00:00:00,,False,0,0,0,4
DO-20-1056|2019-10-08,DO-20-1056,DO-20-1056,J:DO,CR20,f,2019-10-08,1,2,False,-1,no_assessment_in_window,,,False,0,0,0,4
DO-20-1056|2019-10-22,DO-20-1056,DO-20-1056,J:DO,CR20,f,2019-10-22,1,0,True,0,observed_burden,2019-10-29T00:00:00,7.0,True,1,1,1,4
DO-20-1056|2019-10-29,DO-20-1056,DO-20-1056,J:DO,CR20,f,2019-10-29,0,0,True,1,observed_burden,2019-11-06T00:00:00,8.0,True,1,1,1,4
DO-20-1056|2019-11-06,DO-20-1056,DO-20-1056,J:DO,CR20,f,2019-11-06,1,0,True,1,observed_burden,2019-11-13T00:00:00,7.0,True,1,1,1,4
DO-20-1056|2019-11-13,DO-20-1056,DO-20-1056,J:DO,CR20,f,2019-11-13,1,0,True,0,observed_burden,2019-11-20T00:00:00,7.0,True,1,1,1,4
DO-20-1056|2019-11-20,DO-20-1056,DO-20-1056,J:DO,CR20,f,2019-11-20,0,0,True,1,observed_burden,2019-11-26T00:00:00,6.0,True,1,1,1,4
DO-20-1056|2019-11-26,DO-20-1056,DO-20-1056,J:DO,CR20,f,2019-11-26,1,0,True,1,observed_burden,2019-12-04T00:00:00,8.0,True,1,1,1,4
DO-20-1056|2019-12-04,DO-20-1056,DO-20-1056,J:DO,CR20,f,2019-12-04,1,0,True,1,observed_burden,2019-12-11T00:00:00,7.0,True,1,1,1,4
DO-20-1056|2019-12-11,DO-20-1056,DO-20-1056,J:DO,CR20,f,2019-12-11,1,0,True,0,observed_burden,2019-12-19T00:00:00,8.0,True,1,1,1,4
DO-20-1056|2019-12-19,DO-20-1056,DO-20-1056,J:DO,CR20,f,2019-12-19,0,0,True,-1,no_assessment_in_window,,,False,0,0,0,4
DO-20-1056|2020-01-08,DO-20-1056,DO-20-1056,J:DO,CR20,f,2020-01-08,1,0,True,1,observed_burden,2020-01-15T00:00:00,7.0,True,1,1,1,4
DO-20-1056|2020-01-15,DO-20-1056,DO-20-1056,J:DO,CR20,f,2020-01-15,1,0,True,2,terminal_FD,2020-01-23T00:00:00,,False,1,1,1,4
DO-20-1056|2020-01-20,DO-20-1056,DO-20-1056,J:DO,CR20,f,2020-01-20,1,0,True,2,terminal_FD,2020-01-23T00:00:00,,False,0,0,0,4
DO-20-1064|2019-10-08,DO-20-1064,DO-20-1064,J:DO,CR20,f,2019-10-08,1,2,False,-1,no_assessment_in_window,,,False,0,0,0,4
DO-20-1064|2019-10-22,DO-20-1064,DO-20-1064,J:DO,CR20,f,2019-10-22,1,0,True,1,observed_burden,2019-10-29T00:00:00,7.0,True,1,1,1,4
DO-20-1064|2019-10-29,DO-20-1064,DO-20-1064,J:DO,CR20,f,2019-10-29,1,0,True,1,observed_burden,2019-11-06T00:00:00,8.0,True,1,1,1,4
DO-20-1064|2019-11-06,DO-20-1064,DO-20-1064,J:DO,CR20,f,2019-11-06,1,0,True,1,observed_burden,2019-11-13T00:00:00,7.0,True,1,1,1,4
DO-20-1064|2019-11-13,DO-20-1064,DO-20-1064,J:DO,CR20,f,2019-11-13,1,0,True,1,observed_burden,2019-11-20T00:00:00,7.0,True,1,1,1,4
DO-20-1064|2019-11-20,DO-20-1064,DO-20-1064,J:DO,CR20,f,2019-11-20,1,0,True,1,observed_burden,2019-11-26T00:00:00,6.0,True,1,1,1,4
DO-20-1064|2019-11-26,DO-20-1064,DO-20-1064,J:DO,CR20,f,2019-11-26,1,0,True,1,observed_burden,2019-12-04T00:00:00,8.0,True,1,1,1,4
DO-20-1064|2019-12-04,DO-20-1064,DO-20-1064,J:DO,CR20,f,2019-12-04,1,0,True,1,observed_burden,2019-12-11T00:00:00,7.0,True,1,1,1,4
DO-20-1064|2019-12-11,DO-20-1064,DO-20-1064,J:DO,CR20,f,2019-12-11,1,0,True,2,terminal_FD,2019-12-20T00:00:00,,False,1,1,1,4
DO-20-1064|2019-12-19,DO-20-1064,DO-20-1064,J:DO,CR20,f,2019-12-19,1,0,True,2,terminal_FD,2019-12-20T00:00:00,,False,0,0,0,4
DO-20-1065|2019-10-08,DO-20-1065,DO-20-1065,J:DO,CR20,f,2019-10-08,-1,2,False,-1,no_assessment_in_window,,,False,0,0,0,2
DO-20-1065|2019-10-29,DO-20-1065,DO-20-1065,J:DO,CR20,f,2019-10-29,0,0,True,1,observed_burden,2019-11-05T00:00:00,7.0,True,1,1,1,2
DO-20-1065|2019-11-05,DO-20-1065,DO-20-1065,J:DO,CR20,f,2019-11-05,1,0,True,1,observed_burden,2019-11-12T00:00:00,7.0,True,1,1,1,2
DO-20-1065|2019-11-12,DO-20-1065,DO-20-1065,J:DO,CR20,f,2019-11-12,1,0,True,0,observed_burden,2019-11-19T00:00:00,7.0,True,1,1,1,2
DO-20-1065|2019-11-19,DO-20-1065,DO-20-1065,J:DO,CR20,f,2019-11-19,0,0,True,1,observed_burden,2019-11-25T00:00:00,6.0,True,1,1,1,2
DO-20-1065|2019-11-25,DO-20-1065,DO-20-1065,J:DO,CR20,f,2019-11-25,1,0,True,0,observed_burden,2019-12-03T00:00:00,8.0,True,1,1,1,2
DO-20-1065|2019-12-03,DO-20-1065,DO-20-1065,J:DO,CR20,f,2019-12-03,0,0,True,0,observed_burden,2019-12-10T00:00:00,7.0,True,1,1,1,2
DO-20-1065|2019-12-10,DO-20-1065,DO-20-1065,J:DO,CR20,f,2019-12-10,0,0,True,1,observed_burden,2019-12-17T00:00:00,7.0,True,1,1,1,2
DO-20-1065|2019-12-17,DO-20-1065,DO-20-1065,J:DO,CR20,f,2019-12-17,1,0,True,0,observed_burden,2019-12-23T00:00:00,6.0,True,1,1,1,2
DO-20-1065|2019-12-23,DO-20-1065,DO-20-1065,J:DO,CR20,f,2019-12-23,0,0,True,-1,no_assessment_in_window,,,False,0,0,0,2
DO-20-1065|2020-01-02,DO-20-1065,DO-20-1065,J:DO,CR20,f,2020-01-02,1,0,True,1,observed_burden,2020-01-07T00:00:00,5.0,True,1,1,1,2
DO-20-1065|2020-01-07,DO-20-1065,DO-20-1065,J:DO,CR20,f,2020-01-07,1,0,True,1,observed_burden,2020-01-14T00:00:00,7.0,True,1,1,1,2
DO-20-1065|2020-01-14,DO-20-1065,DO-20-1065,J:DO,CR20,f,2020-01-14,1,0,True,2,terminal_FD,2020-01-21T00:00:00,,False,0,0,0,2
DO-20-1066|2019-10-08,DO-20-1066,DO-20-1066,J:DO,CR20,f,2019-10-08,1,2,False,-1,no_assessment_in_window,,,False,0,0,0,0
DO-20-1066|2019-10-29,DO-20-1066,DO-20-1066,J:DO,CR20,f,2019-10-29,0,0,True,1,observed_burden,2019-11-05T00:00:00,7.0,True,1,1,1,0
DO-20-1066|2019-11-05,DO-20-1066,DO-20-1066,J:DO,CR20,f,2019-11-05,1,0,True,1,observed_burden,2019-11-12T00:00:00,7.0,True,1,1,1,0
DO-20-1066|2019-11-12,DO-20-1066,DO-20-1066,J:DO,CR20,f,2019-11-12,1,0,True,0,observed_burden,2019-11-19T00:00:00,7.0,True,1,1,1,0
DO-20-1066|2019-11-19,DO-20-1066,DO-20-1066,J:DO,CR20,f,2019-11-19,0,0,True,0,observed_burden,2019-11-25T00:00:00,6.0,True,1,1,1,0
DO-20-1066|2019-11-25,DO-20-1066,DO-20-1066,J:DO,CR20,f,2019-11-25,0,0,True,0,observed_burden,2019-12-03T00:00:00,8.0,True,1,1,1,0
DO-20-1066|2019-12-03,DO-20-1066,DO-20-1066,J:DO,CR20,f,2019-12-03,0,0,True,0,observed_burden,2019-12-10T00:00:00,7.0,True,1,1,1,0
DO-20-1066|2019-12-10,DO-20-1066,DO-20-1066,J:DO,CR20,f,2019-12-10,0,0,True,0,observed_burden,2019-12-17T00:00:00,7.0,True,1,1,1,0
DO-20-1066|2019-12-17,DO-20-1066,DO-20-1066,J:DO,CR20,f,2019-12-17,0,0,True,1,observed_burden,2019-12-23T00:00:00,6.0,True,1,1,1,0
DO-20-1066|2019-12-23,DO-20-1066,DO-20-1066,J:DO,CR20,f,2019-12-23,1,0,True,-1,no_assessment_in_window,,,False,0,0,0,0
DO-20-1066|2020-01-02,DO-20-1066,DO-20-1066,J:DO,CR20,f,2020-01-02,1,0,True,1,observed_burden,2020-01-07T00:00:00,5.0,True,1,1,1,0
DO-20-1066|2020-01-07,DO-20-1066,DO-20-1066,J:DO,CR20,f,2020-01-07,1,0,True,1,observed_burden,2020-01-14T00:00:00,7.0,True,1,1,1,0
DO-20-1066|2020-01-14,DO-20-1066,DO-20-1066,J:DO,CR20,f,2020-01-14,1,0,True,-1,no_assessment_in_window,,,False,0,0,0,0
DO-20-1066|2020-01-27,DO-20-1066,DO-20-1066,J:DO,CR20,f,2020-01-27,1,0,True,1,observed_burden,2020-02-03T00:00:00,7.0,True,1,1,1,0
DO-20-1066|2020-02-03,DO-20-1066,DO-20-1066,J:DO,CR20,f,2020-02-03,1,0,True,1,observed_burden,2020-02-10T00:00:00,7.0,True,1,1,1,0
DO-20-1066|2020-02-10,DO-20-1066,DO-20-1066,J:DO,CR20,f,2020-02-10,1,0,True,1,observed_burden,2020-02-17T00:00:00,7.0,True,1,1,1,0
DO-20-1066|2020-02-17,DO-20-1066,DO-20-1066,J:DO,CR20,f,2020-02-17,1,0,True,1,observed_burden,2020-02-24T00:00:00,7.0,True,1,1,1,0
DO-20-1066|2020-02-24,DO-20-1066,DO-20-1066,J:DO,CR20,f,2020-02-24,1,0,True,1,observed_burden,2020-03-02T00:00:00,7.0,True,1,1,1,0
DO-20-1066|2020-03-02,DO-20-1066,DO-20-1066,J:DO,CR20,f,2020-03-02,1,0,True,1,observed_burden,2020-03-08T00:00:00,6.0,True,1,1,1,0
DO-20-1066|2020-03-08,DO-20-1066,DO-20-1066,J:DO,CR20,f,2020-03-08,1,0,True,0,observed_burden,2020-03-15T00:00:00,7.0,True,1,1,1,0
DO-20-1066|2020-03-15,DO-20-1066,DO-20-1066,J:DO,CR20,f,2020-03-15,0,0,True,-1,no_assessment_in_window,,,False,0,0,0,0
DO-20-1066|2020-03-29,DO-20-1066,DO-20-1066,J:DO,CR20,f,2020-03-29,1,0,True,-1,no_assessment_in_window,,,False,0,0,0,0
DO-20-1066|2020-04-12,DO-20-1066,DO-20-1066,J:DO,CR20,f,2020-04-12,1,0,True,1,observed_burden,2020-04-19T00:00:00,7.0,True,1,1,1,0
DO-20-1066|2020-04-19,DO-20-1066,DO-20-1066,J:DO,CR20,f,2020-04-19,1,0,True,1,observed_burden,2020-04-26T00:00:00,7.0,True,1,1,1,0
DO-20-1066|2020-04-26,DO-20-1066,DO-20-1066,J:DO,CR20,f,2020-04-26,1,0,True,1,observed_burden,2020-05-03T00:00:00,7.0,True,1,1,1,0
DO-20-1066|2020-05-03,DO-20-1066,DO-20-1066,J:DO,CR20,f,2020-05-03,1,0,True,1,observed_burden,2020-05-10T00:00:00,7.0,True,1,1,1,0
DO-20-1066|2020-05-10,DO-20-1066,DO-20-1066,J:DO,CR20,f,2020-05-10,1,0,True,1,observed_burden,2020-05-17T00:00:00,7.0,True,1,1,1,0
DO-20-1066|2020-05-17,DO-20-1066,DO-20-1066,J:DO,CR20,f,2020-05-17,1,0,True,1,observed_burden,2020-05-25T00:00:00,8.0,True,1,1,1,0
DO-20-1066|2020-05-25,DO-20-1066,DO-20-1066,J:DO,CR20,f,2020-05-25,1,0,True,1,observed_burden,2020-05-31T00:00:00,6.0,True,1,1,1,0
DO-20-1066|2020-05-31,DO-20-1066,DO-20-1066,J:DO,CR20,f,2020-05-31,1,0,True,1,observed_burden,2020-06-07T00:00:00,7.0,True,1,1,1,0
DO-20-1066|2020-06-07,DO-20-1066,DO-20-1066,J:DO,CR20,f,2020-06-07,1,0,True,2,terminal_ES,2020-06-13T00:00:00,,False,0,0,0,0
DO-20-1067|2019-10-08,DO-20-1067,DO-20-1067,J:DO,CR20,f,2019-10-08,1,2,False,-1,no_assessment_in_window,,,False,0,0,0,4
DO-20-1067|2019-10-29,DO-20-1067,DO-20-1067,J:DO,CR20,f,2019-10-29,1,0,True,1,observed_burden,2019-11-05T00:00:00,7.0,True,1,1,1,4
DO-20-1067|2019-11-05,DO-20-1067,DO-20-1067,J:DO,CR20,f,2019-11-05,1,0,True,1,observed_burden,2019-11-12T00:00:00,7.0,True,1,1,1,4
DO-20-1067|2019-11-12,DO-20-1067,DO-20-1067,J:DO,CR20,f,2019-11-12,1,0,True,1,observed_burden,2019-11-19T00:00:00,7.0,True,1,1,1,4
DO-20-1067|2019-11-19,DO-20-1067,DO-20-1067,J:DO,CR20,f,2019-11-19,1,0,True,1,observed_burden,2019-11-25T00:00:00,6.0,True,1,1,1,4
DO-20-1067|2019-11-25,DO-20-1067,DO-20-1067,J:DO,CR20,f,2019-11-25,1,0,True,1,observed_burden,2019-12-03T00:00:00,8.0,True,1,1,1,4
DO-20-1067|2019-12-03,DO-20-1067,DO-20-1067,J:DO,CR20,f,2019-12-03,1,0,True,2,terminal_FD,2019-12-10T00:00:00,,False,1,1,1,4
DO-20-1069|2019-10-08,DO-20-1069,DO-20-1069,J:DO,CR20,f,2019-10-08,1,2,False,-1,no_assessment_in_window,,,False,0,0,0,4
DO-20-1069|2019-10-29,DO-20-1069,DO-20-1069,J:DO,CR20,f,2019-10-29,0,0,True,1,observed_burden,2019-11-05T00:00:00,7.0,True,1,1,1,4
DO-20-1069|2019-11-05,DO-20-1069,DO-20-1069,J:DO,CR20,f,2019-11-05,1,0,True,1,observed_burden,2019-11-12T00:00:00,7.0,True,1,1,1,4
DO-20-1069|2019-11-12,DO-20-1069,DO-20-1069,J:DO,CR20,f,2019-11-12,1,0,True,1,observed_burden,2019-11-19T00:00:00,7.0,True,1,1,1,4
DO-20-1069|2019-11-19,DO-20-1069,DO-20-1069,J:DO,CR20,f,2019-11-19,1,0,True,1,observed_burden,2019-11-25T00:00:00,6.0,True,1,1,1,4
DO-20-1069|2019-11-25,DO-20-1069,DO-20-1069,J:DO,CR20,f,2019-11-25,1,0,True,1,observed_burden,2019-12-03T00:00:00,8.0,True,1,1,1,4
DO-20-1069|2019-12-03,DO-20-1069,DO-20-1069,J:DO,CR20,f,2019-12-03,1,0,True,-1,no_assessment_in_window,,,False,0,0,0,4
DO-20-1069|2019-12-17,DO-20-1069,DO-20-1069,J:DO,CR20,f,2019-12-17,0,0,True,1,observed_burden,2019-12-23T00:00:00,6.0,True,1,1,1,4
DO-20-1069|2019-12-23,DO-20-1069,DO-20-1069,J:DO,CR20,f,2019-12-23,1,0,True,-1,no_assessment_in_window,,,False,0,0,0,4
DO-20-1069|2020-01-02,DO-20-1069,DO-20-1069,J:DO,CR20,f,2020-01-02,1,0,True,1,observed_burden,2020-01-07T00:00:00,5.0,True,1,1,1,4
DO-20-1069|2020-01-07,DO-20-1069,DO-20-1069,J:DO,CR20,f,2020-01-07,1,0,True,1,observed_burden,2020-01-14T00:00:00,7.0,True,1,1,1,4
DO-20-1069|2020-01-14,DO-20-1069,DO-20-1069,J:DO,CR20,f,2020-01-14,1,0,True,-1,no_assessment_in_window,,,False,0,0,0,4
DO-20-1069|2020-01-27,DO-20-1069,DO-20-1069,J:DO,CR20,f,2020-01-27,1,0,True,1,observed_burden,2020-02-03T00:00:00,7.0,True,1,1,1,4
DO-20-1069|2020-02-03,DO-20-1069,DO-20-1069,J:DO,CR20,f,2020-02-03,1,0,True,1,observed_burden,2020-02-10T00:00:00,7.0,True,1,1,1,4
DO-20-1069|2020-02-10,DO-20-1069,DO-20-1069,J:DO,CR20,f,2020-02-10,1,0,True,1,observed_burden,2020-02-17T00:00:00,7.0,True,1,1,1,4
DO-20-1069|2020-02-17,DO-20-1069,DO-20-1069,J:DO,CR20,f,2020-02-17,1,0,True,1,observed_burden,2020-02-24T00:00:00,7.0,True,1,1,1,4
DO-20-1069|2020-02-24,DO-20-1069,DO-20-1069,J:DO,CR20,f,2020-02-24,1,0,True,0,observed_burden,2020-03-02T00:00:00,7.0,True,1,1,1,4
DO-20-1069|2020-03-02,DO-20-1069,DO-20-1069,J:DO,CR20,f,2020-03-02,0,0,True,1,observed_burden,2020-03-08T00:00:00,6.0,True,1,1,1,4
DO-20-1069|2020-03-08,DO-20-1069,DO-20-1069,J:DO,CR20,f,2020-03-08,1,0,True,1,observed_burden,2020-03-15T00:00:00,7.0,True,1,1,1,4
DO-20-1069|2020-03-15,DO-20-1069,DO-20-1069,J:DO,CR20,f,2020-03-15,1,0,True,-1,no_assessment_in_window,,,False,0,0,0,4
DO-20-1069|2020-03-29,DO-20-1069,DO-20-1069,J:DO,CR20,f,2020-03-29,1,0,True,-1,no_assessment_in_window,,,False,0,0,0,4
DO-20-1069|2020-04-12,DO-20-1069,DO-20-1069,J:DO,CR20,f,2020-04-12,1,0,True,1,observed_burden,2020-04-19T00:00:00,7.0,True,1,1,1,4
DO-20-1069|2020-04-19,DO-20-1069,DO-20-1069,J:DO,CR20,f,2020-04-19,1,0,True,1,observed_burden,2020-04-26T00:00:00,7.0,True,1,1,1,4
DO-20-1069|2020-04-26,DO-20-1069,DO-20-1069,J:DO,CR20,f,2020-04-26,1,0,True,1,observed_burden,2020-05-03T00:00:00,7.0,True,1,1,1,4
DO-20-1069|2020-05-03,DO-20-1069,DO-20-1069,J:DO,CR20,f,2020-05-03,1,0,True,1,observed_burden,2020-05-10T00:00:00,7.0,True,1,1,1,4
DO-20-1069|2020-05-10,DO-20-1069,DO-20-1069,J:DO,CR20,f,2020-05-10,1,0,True,1,observed_burden,2020-05-17T00:00:00,7.0,True,1,1,1,4
DO-20-1069|2020-05-17,DO-20-1069,DO-20-1069,J:DO,CR20,f,2020-05-17,1,0,True,1,observed_burden,2020-05-25T00:00:00,8.0,True,1,1,1,4
DO-20-1069|2020-05-25,DO-20-1069,DO-20-1069,J:DO,CR20,f,2020-05-25,1,0,True,1,observed_burden,2020-05-31T00:00:00,6.0,True,1,1,1,4
DO-20-1069|2020-05-31,DO-20-1069,DO-20-1069,J:DO,CR20,f,2020-05-31,1,0,True,1,observed_burden,2020-06-07T00:00:00,7.0,True,1,1,1,4
DO-20-1069|2020-06-07,DO-20-1069,DO-20-1069,J:DO,CR20,f,2020-06-07,1,0,True,-1,no_assessment_in_window,,,False,0,0,0,4
DO-20-1071|2019-10-08,DO-20-1071,DO-20-1071,J:DO,CR20,f,2019-10-08,1,2,False,-1,no_assessment_in_window,,,False,0,0,0,1
DO-20-1071|2019-10-29,DO-20-1071,DO-20-1071,J:DO,CR20,f,2019-10-29,1,0,True,1,observed_burden,2019-11-05T00:00:00,7.0,True,1,1,1,1
DO-20-1071|2019-11-05,DO-20-1071,DO-20-1071,J:DO,CR20,f,2019-11-05,1,0,True,1,observed_burden,2019-11-12T00:00:00,7.0,True,1,1,1,1
DO-20-1071|2019-11-12,DO-20-1071,DO-20-1071,J:DO,CR20,f,2019-11-12,1,0,True,1,observed_burden,2019-11-19T00:00:00,7.0,True,1,1,1,1
DO-20-1071|2019-11-19,DO-20-1071,DO-20-1071,J:DO,CR20,f,2019-11-19,1,0,True,1,observed_burden,2019-11-25T00:00:00,6.0,True,1,1,1,1
DO-20-1071|2019-11-25,DO-20-1071,DO-20-1071,J:DO,CR20,f,2019-11-25,1,0,True,1,observed_burden,2019-12-03T00:00:00,8.0,True,1,1,1,1
DO-20-1071|2019-12-03,DO-20-1071,DO-20-1071,J:DO,CR20,f,2019-12-03,1,0,True,1,observed_burden,2019-12-10T00:00:00,7.0,True,1,1,1,1
DO-20-1071|2019-12-10,DO-20-1071,DO-20-1071,J:DO,CR20,f,2019-12-10,1,0,True,1,observed_burden,2019-12-17T00:00:00,7.0,True,1,1,1,1
DO-20-1071|2019-12-17,DO-20-1071,DO-20-1071,J:DO,CR20,f,2019-12-17,1,0,True,1,observed_burden,2019-12-23T00:00:00,6.0,True,1,1,1,1
DO-20-1071|2019-12-23,DO-20-1071,DO-20-1071,J:DO,CR20,f,2019-12-23,1,0,True,-1,no_assessment_in_window,,,False,0,0,0,1
DO-20-1071|2020-01-02,DO-20-1071,DO-20-1071,J:DO,CR20,f,2020-01-02,1,0,True,1,observed_burden,2020-01-07T00:00:00,5.0,True,1,1,1,1
DO-20-1071|2020-01-07,DO-20-1071,DO-20-1071,J:DO,CR20,f,2020-01-07,1,0,True,1,observed_burden,2020-01-14T00:00:00,7.0,True,1,1,1,1
DO-20-1071|2020-01-14,DO-20-1071,DO-20-1071,J:DO,CR20,f,2020-01-14,1,0,True,-1,no_assessment_in_window,,,False,0,0,0,1
DO-20-1071|2020-01-27,DO-20-1071,DO-20-1071,J:DO,CR20,f,2020-01-27,1,0,True,1,observed_burden,2020-02-03T00:00:00,7.0,True,1,1,1,1
DO-20-1071|2020-02-03,DO-20-1071,DO-20-1071,J:DO,CR20,f,2020-02-03,1,0,True,1,observed_burden,2020-02-10T00:00:00,7.0,True,1,1,1,1
DO-20-1071|2020-02-10,DO-20-1071,DO-20-1071,J:DO,CR20,f,2020-02-10,1,0,True,1,observed_burden,2020-02-17T00:00:00,7.0,True,1,1,1,1
DO-20-1071|2020-02-17,DO-20-1071,DO-20-1071,J:DO,CR20,f,2020-02-17,1,0,True,1,observed_burden,2020-02-24T00:00:00,7.0,True,1,1,1,1
DO-20-1071|2020-02-24,DO-20-1071,DO-20-1071,J:DO,CR20,f,2020-02-24,1,0,True,1,observed_burden,2020-03-02T00:00:00,7.0,True,1,1,1,1
DO-20-1071|2020-03-02,DO-20-1071,DO-20-1071,J:DO,CR20,f,2020-03-02,1,0,True,1,observed_burden,2020-03-08T00:00:00,6.0,True,1,1,1,1
DO-20-1071|2020-03-08,DO-20-1071,DO-20-1071,J:DO,CR20,f,2020-03-08,1,0,True,1,observed_burden,2020-03-15T00:00:00,7.0,True,1,1,1,1
DO-20-1071|2020-03-15,DO-20-1071,DO-20-1071,J:DO,CR20,f,2020-03-15,1,0,True,2,terminal_ES,2020-03-19T00:00:00,,False,0,0,0,1
DO-20-1074|2019-10-08,DO-20-1074,DO-20-1074,J:DO,CR20,f,2019-10-08,1,2,False,-1,no_assessment_in_window,,,False,0,0,0,1
DO-20-1074|2019-10-29,DO-20-1074,DO-20-1074,J:DO,CR20,f,2019-10-29,1,0,True,1,observed_burden,2019-11-05T00:00:00,7.0,True,1,1,1,1
DO-20-1074|2019-11-05,DO-20-1074,DO-20-1074,J:DO,CR20,f,2019-11-05,1,0,True,1,observed_burden,2019-11-12T00:00:00,7.0,True,1,1,1,1
DO-20-1074|2019-11-12,DO-20-1074,DO-20-1074,J:DO,CR20,f,2019-11-12,1,0,True,1,observed_burden,2019-11-19T00:00:00,7.0,True,1,1,1,1
DO-20-1074|2019-11-19,DO-20-1074,DO-20-1074,J:DO,CR20,f,2019-11-19,1,0,True,1,observed_burden,2019-11-25T00:00:00,6.0,True,1,1,1,1
DO-20-1074|2019-11-25,DO-20-1074,DO-20-1074,J:DO,CR20,f,2019-11-25,1,0,True,1,observed_burden,2019-12-03T00:00:00,8.0,True,1,1,1,1
DO-20-1074|2019-12-03,DO-20-1074,DO-20-1074,J:DO,CR20,f,2019-12-03,1,0,True,1,observed_burden,2019-12-10T00:00:00,7.0,True,1,1,1,1
DO-20-1074|2019-12-10,DO-20-1074,DO-20-1074,J:DO,CR20,f,2019-12-10,1,0,True,1,observed_burden,2019-12-17T00:00:00,7.0,True,1,1,1,1
DO-20-1074|2019-12-17,DO-20-1074,DO-20-1074,J:DO,CR20,f,2019-12-17,1,0,True,1,observed_burden,2019-12-23T00:00:00,6.0,True,1,1,1,1
DO-20-1074|2019-12-23,DO-20-1074,DO-20-1074,J:DO,CR20,f,2019-12-23,1,0,True,-1,no_assessment_in_window,,,False,0,0,0,1
DO-20-1074|2020-01-02,DO-20-1074,DO-20-1074,J:DO,CR20,f,2020-01-02,1,0,True,1,observed_burden,2020-01-07T00:00:00,5.0,True,1,1,1,1
DO-20-1074|2020-01-07,DO-20-1074,DO-20-1074,J:DO,CR20,f,2020-01-07,1,0,True,1,observed_burden,2020-01-14T00:00:00,7.0,True,1,1,1,1
DO-20-1074|2020-01-14,DO-20-1074,DO-20-1074,J:DO,CR20,f,2020-01-14,1,0,True,-1,no_assessment_in_window,,,False,0,0,0,1
DO-20-1074|2020-01-27,DO-20-1074,DO-20-1074,J:DO,CR20,f,2020-01-27,1,0,True,1,observed_burden,2020-02-03T00:00:00,7.0,True,1,1,1,1
DO-20-1074|2020-02-03,DO-20-1074,DO-20-1074,J:DO,CR20,f,2020-02-03,1,0,True,1,observed_burden,2020-02-10T00:00:00,7.0,True,1,1,1,1
DO-20-1074|2020-02-10,DO-20-1074,DO-20-1074,J:DO,CR20,f,2020-02-10,1,0,True,1,observed_burden,2020-02-17T00:00:00,7.0,True,1,1,1,1
DO-20-1074|2020-02-17,DO-20-1074,DO-20-1074,J:DO,CR20,f,2020-02-17,1,0,True,1,observed_burden,2020-02-24T00:00:00,7.0,True,1,1,1,1
DO-20-1074|2020-02-24,DO-20-1074,DO-20-1074,J:DO,CR20,f,2020-02-24,1,0,True,1,observed_burden,2020-03-02T00:00:00,7.0,True,1,1,1,1
DO-20-1074|2020-03-02,DO-20-1074,DO-20-1074,J:DO,CR20,f,2020-03-02,1,0,True,1,observed_burden,2020-03-08T00:00:00,6.0,True,1,1,1,1
DO-20-1074|2020-03-08,DO-20-1074,DO-20-1074,J:DO,CR20,f,2020-03-08,1,0,True,1,observed_burden,2020-03-15T00:00:00,7.0,True,1,1,1,1
DO-20-1074|2020-03-15,DO-20-1074,DO-20-1074,J:DO,CR20,f,2020-03-15,1,0,True,-1,no_assessment_in_window,,,False,0,0,0,1
DO-20-1074|2020-03-29,DO-20-1074,DO-20-1074,J:DO,CR20,f,2020-03-29,1,0,True,1,observed_burden,2020-04-05T00:00:00,7.0,True,1,1,1,1
DO-20-1074|2020-04-05,DO-20-1074,DO-20-1074,J:DO,CR20,f,2020-04-05,1,0,True,1,observed_burden,2020-04-12T00:00:00,7.0,True,1,1,1,1
DO-20-1074|2020-04-12,DO-20-1074,DO-20-1074,J:DO,CR20,f,2020-04-12,1,0,True,2,terminal_FD,2020-04-20T00:00:00,,False,0,0,0,1
DO-20-1087|2019-10-08,DO-20-1087,DO-20-1087,J:DO,CR20,f,2019-10-08,-1,2,False,1,observed_burden,2019-10-15T00:00:00,7.0,True,1,1,1,1
DO-20-1087|2019-10-15,DO-20-1087,DO-20-1087,J:DO,CR20,f,2019-10-15,1,0,True,0,observed_burden,2019-10-22T00:00:00,7.0,True,1,1,1,1
DO-20-1087|2019-10-22,DO-20-1087,DO-20-1087,J:DO,CR20,f,2019-10-22,0,0,True,-1,no_assessment_in_window,,,False,0,0,0,1
DO-20-1087|2019-11-13,DO-20-1087,DO-20-1087,J:DO,CR20,f,2019-11-13,1,0,True,2,terminal_FD,2019-11-19T00:00:00,,False,0,0,0,1
DO-20-1097|2019-12-10,DO-20-1097,DO-20-1097,J:DO,CR20,f,2019-12-10,1,0,True,1,observed_burden,2019-12-17T00:00:00,7.0,True,1,1,1,2
DO-20-1097|2019-12-17,DO-20-1097,DO-20-1097,J:DO,CR20,f,2019-12-17,1,0,True,1,observed_burden,2019-12-23T00:00:00,6.0,True,1,1,1,2
DO-20-1097|2019-12-23,DO-20-1097,DO-20-1097,J:DO,CR20,f,2019-12-23,1,0,True,-1,no_assessment_in_window,,,False,0,0,0,2
DO-20-1097|2020-01-07,DO-20-1097,DO-20-1097,J:DO,CR20,f,2020-01-07,1,0,True,1,observed_burden,2020-01-14T00:00:00,7.0,True,1,1,1,2
DO-20-1097|2020-01-14,DO-20-1097,DO-20-1097,J:DO,CR20,f,2020-01-14,1,0,True,1,observed_burden,2020-01-20T00:00:00,6.0,True,1,1,1,2
DO-20-1097|2020-01-20,DO-20-1097,DO-20-1097,J:DO,CR20,f,2020-01-20,1,0,True,-1,no_assessment_in_window,,,False,0,0,0,2
DO-20-1097|2020-03-02,DO-20-1097,DO-20-1097,J:DO,CR20,f,2020-03-02,1,0,True,1,observed_burden,2020-03-08T00:00:00,6.0,True,1,1,1,2
DO-20-1097|2020-03-08,DO-20-1097,DO-20-1097,J:DO,CR20,f,2020-03-08,1,0,True,1,observed_burden,2020-03-15T00:00:00,7.0,True,1,1,1,2
DO-20-1097|2020-03-15,DO-20-1097,DO-20-1097,J:DO,CR20,f,2020-03-15,1,0,True,0,observed_burden,2020-03-22T00:00:00,7.0,True,1,1,1,2
DO-20-1097|2020-03-22,DO-20-1097,DO-20-1097,J:DO,CR20,f,2020-03-22,0,0,True,-1,no_assessment_in_window,,,False,0,0,0,2
DO-20-1097|2020-04-05,DO-20-1097,DO-20-1097,J:DO,CR20,f,2020-04-05,0,0,True,0,observed_burden,2020-04-12T00:00:00,7.0,True,1,1,1,2
DO-20-1097|2020-04-12,DO-20-1097,DO-20-1097,J:DO,CR20,f,2020-04-12,0,0,True,-1,no_assessment_in_window,,,False,0,0,0,2
DO-20-1097|2020-04-26,DO-20-1097,DO-20-1097,J:DO,CR20,f,2020-04-26,1,0,True,0,observed_burden,2020-05-03T00:00:00,7.0,True,1,1,1,2
DO-20-1097|2020-05-03,DO-20-1097,DO-20-1097,J:DO,CR20,f,2020-05-03,0,0,True,0,observed_burden,2020-05-10T00:00:00,7.0,True,1,1,1,2
DO-20-1097|2020-05-10,DO-20-1097,DO-20-1097,J:DO,CR20,f,2020-05-10,0,0,True,0,observed_burden,2020-05-17T00:00:00,7.0,True,1,1,1,2
DO-20-1097|2020-05-17,DO-20-1097,DO-20-1097,J:DO,CR20,f,2020-05-17,0,0,True,0,observed_burden,2020-05-25T00:00:00,8.0,True,1,1,1,2
DO-20-1097|2020-05-25,DO-20-1097,DO-20-1097,J:DO,CR20,f,2020-05-25,0,0,True,1,observed_burden,2020-05-31T00:00:00,6.0,True,1,1,1,2
DO-20-1097|2020-05-31,DO-20-1097,DO-20-1097,J:DO,CR20,f,2020-05-31,1,0,True,0,observed_burden,2020-06-07T00:00:00,7.0,True,1,1,1,2
DO-20-1097|2020-06-07,DO-20-1097,DO-20-1097,J:DO,CR20,f,2020-06-07,0,0,True,1,observed_burden,2020-06-14T00:00:00,7.0,True,1,1,1,2
DO-20-1097|2020-06-14,DO-20-1097,DO-20-1097,J:DO,CR20,f,2020-06-14,1,0,True,1,observed_burden,2020-06-21T00:00:00,7.0,True,1,1,1,2
DO-20-1097|2020-06-21,DO-20-1097,DO-20-1097,J:DO,CR20,f,2020-06-21,1,0,True,1,observed_burden,2020-06-28T00:00:00,7.0,True,1,1,1,2
DO-20-1097|2020-06-28,DO-20-1097,DO-20-1097,J:DO,CR20,f,2020-06-28,1,0,True,1,observed_burden,2020-07-05T00:00:00,7.0,True,1,1,1,2
DO-20-1097|2020-07-05,DO-20-1097,DO-20-1097,J:DO,CR20,f,2020-07-05,1,0,True,1,observed_burden,2020-07-12T00:00:00,7.0,True,1,1,1,2
DO-20-1097|2020-07-12,DO-20-1097,DO-20-1097,J:DO,CR20,f,2020-07-12,1,0,True,-1,no_assessment_in_window,,,False,0,0,0,2
DO-20-1097|2020-07-26,DO-20-1097,DO-20-1097,J:DO,CR20,f,2020-07-26,1,0,True,1,observed_burden,2020-08-03T00:00:00,8.0,True,1,1,1,2
DO-20-1097|2020-08-03,DO-20-1097,DO-20-1097,J:DO,CR20,f,2020-08-03,1,0,True,1,observed_burden,2020-08-09T00:00:00,6.0,True,1,1,1,2
DO-20-1097|2020-08-09,DO-20-1097,DO-20-1097,J:DO,CR20,f,2020-08-09,1,0,True,1,observed_burden,2020-08-16T00:00:00,7.0,True,1,1,1,2
DO-20-1097|2020-08-16,DO-20-1097,DO-20-1097,J:DO,CR20,f,2020-08-16,1,0,True,2,terminal_FD,2020-08-24T00:00:00,,False,0,0,0,2
DO-20-1098|2019-12-10,DO-20-1098,DO-20-1098,J:DO,CR20,f,2019-12-10,1,0,True,0,observed_burden,2019-12-17T00:00:00,7.0,True,1,1,1,4
DO-20-1098|2019-12-17,DO-20-1098,DO-20-1098,J:DO,CR20,f,2019-12-17,0,0,True,1,observed_burden,2019-12-23T00:00:00,6.0,True,1,1,1,4
DO-20-1098|2019-12-23,DO-20-1098,DO-20-1098,J:DO,CR20,f,2019-12-23,1,0,True,-1,no_assessment_in_window,,,False,0,0,0,4
DO-20-1098|2020-01-07,DO-20-1098,DO-20-1098,J:DO,CR20,f,2020-01-07,1,0,True,0,observed_burden,2020-01-14T00:00:00,7.0,True,1,1,1,4
DO-20-1098|2020-01-14,DO-20-1098,DO-20-1098,J:DO,CR20,f,2020-01-14,0,0,True,0,observed_burden,2020-01-20T00:00:00,6.0,True,1,1,1,4
DO-20-1098|2020-01-20,DO-20-1098,DO-20-1098,J:DO,CR20,f,2020-01-20,0,0,True,-1,no_assessment_in_window,,,False,0,0,0,4
DO-20-1098|2020-03-02,DO-20-1098,DO-20-1098,J:DO,CR20,f,2020-03-02,1,0,True,1,observed_burden,2020-03-08T00:00:00,6.0,True,1,1,1,4
DO-20-1098|2020-03-08,DO-20-1098,DO-20-1098,J:DO,CR20,f,2020-03-08,1,0,True,2,terminal_FD,2020-03-16T00:00:00,,False,0,0,0,4
DO-20-1100|2019-12-10,DO-20-1100,DO-20-1100,J:DO,CR20,f,2019-12-10,1,0,True,1,observed_burden,2019-12-17T00:00:00,7.0,True,1,1,1,2
DO-20-1100|2019-12-17,DO-20-1100,DO-20-1100,J:DO,CR20,f,2019-12-17,1,0,True,1,observed_burden,2019-12-23T00:00:00,6.0,True,1,1,1,2
DO-20-1100|2019-12-23,DO-20-1100,DO-20-1100,J:DO,CR20,f,2019-12-23,1,0,True,-1,no_assessment_in_window,,,False,0,0,0,2
DO-20-1100|2020-01-07,DO-20-1100,DO-20-1100,J:DO,CR20,f,2020-01-07,1,0,True,1,observed_burden,2020-01-14T00:00:00,7.0,True,1,1,1,2
DO-20-1100|2020-01-14,DO-20-1100,DO-20-1100,J:DO,CR20,f,2020-01-14,1,0,True,0,observed_burden,2020-01-20T00:00:00,6.0,True,1,1,1,2
DO-20-1100|2020-01-20,DO-20-1100,DO-20-1100,J:DO,CR20,f,2020-01-20,0,0,True,-1,no_assessment_in_window,,,False,0,0,0,2
DO-20-1101|2019-12-10,DO-20-1101,DO-20-1101,J:DO,CR20,f,2019-12-10,0,0,True,1,observed_burden,2019-12-17T00:00:00,7.0,True,1,1,1,3
DO-20-1101|2019-12-17,DO-20-1101,DO-20-1101,J:DO,CR20,f,2019-12-17,1,0,True,0,observed_burden,2019-12-23T00:00:00,6.0,True,1,1,1,3
DO-20-1101|2019-12-23,DO-20-1101,DO-20-1101,J:DO,CR20,f,2019-12-23,0,0,True,-1,no_assessment_in_window,,,False,0,0,0,3
DO-20-1101|2020-01-07,DO-20-1101,DO-20-1101,J:DO,CR20,f,2020-01-07,1,0,True,0,observed_burden,2020-01-14T00:00:00,7.0,True,1,1,1,3
DO-20-1101|2020-01-14,DO-20-1101,DO-20-1101,J:DO,CR20,f,2020-01-14,0,0,True,0,observed_burden,2020-01-20T00:00:00,6.0,True,1,1,1,3
DO-20-1101|2020-01-20,DO-20-1101,DO-20-1101,J:DO,CR20,f,2020-01-20,0,0,True,-1,no_assessment_in_window,,,False,0,0,0,3
DO-20-1101|2020-03-02,DO-20-1101,DO-20-1101,J:DO,CR20,f,2020-03-02,1,0,True,0,observed_burden,2020-03-08T00:00:00,6.0,True,1,1,1,3
DO-20-1101|2020-03-08,DO-20-1101,DO-20-1101,J:DO,CR20,f,2020-03-08,0,0,True,1,observed_burden,2020-03-15T00:00:00,7.0,True,1,1,1,3
DO-20-1101|2020-03-15,DO-20-1101,DO-20-1101,J:DO,CR20,f,2020-03-15,1,0,True,0,observed_burden,2020-03-22T00:00:00,7.0,True,1,1,1,3
DO-20-1101|2020-03-22,DO-20-1101,DO-20-1101,J:DO,CR20,f,2020-03-22,0,0,True,-1,no_assessment_in_window,,,False,0,0,0,3
DO-20-1101|2020-04-05,DO-20-1101,DO-20-1101,J:DO,CR20,f,2020-04-05,0,0,True,0,observed_burden,2020-04-12T00:00:00,7.0,True,1,1,1,3
DO-20-1101|2020-04-12,DO-20-1101,DO-20-1101,J:DO,CR20,f,2020-04-12,0,0,True,-1,no_assessment_in_window,,,False,0,0,0,3
DO-20-1101|2020-04-26,DO-20-1101,DO-20-1101,J:DO,CR20,f,2020-04-26,1,0,True,1,observed_burden,2020-05-03T00:00:00,7.0,True,1,1,1,3
DO-20-1101|2020-05-03,DO-20-1101,DO-20-1101,J:DO,CR20,f,2020-05-03,1,0,True,1,observed_burden,2020-05-10T00:00:00,7.0,True,1,1,1,3
DO-20-1101|2020-05-10,DO-20-1101,DO-20-1101,J:DO,CR20,f,2020-05-10,1,0,True,1,observed_burden,2020-05-17T00:00:00,7.0,True,1,1,1,3
DO-20-1101|2020-05-17,DO-20-1101,DO-20-1101,J:DO,CR20,f,2020-05-17,1,0,True,1,observed_burden,2020-05-25T00:00:00,8.0,True,1,1,1,3
DO-20-1101|2020-05-25,DO-20-1101,DO-20-1101,J:DO,CR20,f,2020-05-25,1,0,True,0,observed_burden,2020-05-31T00:00:00,6.0,True,1,1,1,3
DO-20-1101|2020-05-31,DO-20-1101,DO-20-1101,J:DO,CR20,f,2020-05-31,0,0,True,1,observed_burden,2020-06-07T00:00:00,7.0,True,1,1,1,3
DO-20-1101|2020-06-07,DO-20-1101,DO-20-1101,J:DO,CR20,f,2020-06-07,1,0,True,0,observed_burden,2020-06-14T00:00:00,7.0,True,1,1,1,3
DO-20-1101|2020-06-14,DO-20-1101,DO-20-1101,J:DO,CR20,f,2020-06-14,0,0,True,1,observed_burden,2020-06-21T00:00:00,7.0,True,1,1,1,3
DO-20-1101|2020-06-21,DO-20-1101,DO-20-1101,J:DO,CR20,f,2020-06-21,1,0,True,1,observed_burden,2020-06-28T00:00:00,7.0,True,1,1,1,3
DO-20-1101|2020-06-28,DO-20-1101,DO-20-1101,J:DO,CR20,f,2020-06-28,1,0,True,0,observed_burden,2020-07-05T00:00:00,7.0,True,1,1,1,3
DO-20-1101|2020-07-05,DO-20-1101,DO-20-1101,J:DO,CR20,f,2020-07-05,0,0,True,1,observed_burden,2020-07-12T00:00:00,7.0,True,1,1,1,3
DO-20-1101|2020-07-12,DO-20-1101,DO-20-1101,J:DO,CR20,f,2020-07-12,1,0,True,-1,no_assessment_in_window,,,False,0,0,0,3
DO-20-1101|2020-07-26,DO-20-1101,DO-20-1101,J:DO,CR20,f,2020-07-26,1,0,True,1,observed_burden,2020-08-03T00:00:00,8.0,True,1,1,1,3
DO-20-1101|2020-08-03,DO-20-1101,DO-20-1101,J:DO,CR20,f,2020-08-03,1,0,True,1,observed_burden,2020-08-09T00:00:00,6.0,True,1,1,1,3
DO-20-1101|2020-08-09,DO-20-1101,DO-20-1101,J:DO,CR20,f,2020-08-09,1,0,True,1,observed_burden,2020-08-16T00:00:00,7.0,True,1,1,1,3
DO-20-1101|2020-08-16,DO-20-1101,DO-20-1101,J:DO,CR20,f,2020-08-16,1,0,True,1,observed_burden,2020-08-24T00:00:00,8.0,True,1,1,1,3
DO-20-1101|2020-08-24,DO-20-1101,DO-20-1101,J:DO,CR20,f,2020-08-24,1,0,True,1,observed_burden,2020-08-30T00:00:00,6.0,True,1,1,1,3
DO-20-1101|2020-08-30,DO-20-1101,DO-20-1101,J:DO,CR20,f,2020-08-30,1,0,True,1,observed_burden,2020-09-07T00:00:00,8.0,True,1,1,1,3
DO-20-1101|2020-09-07,DO-20-1101,DO-20-1101,J:DO,CR20,f,2020-09-07,1,0,True,1,observed_burden,2020-09-13T00:00:00,6.0,True,1,1,1,3
DO-20-1101|2020-09-13,DO-20-1101,DO-20-1101,J:DO,CR20,f,2020-09-13,1,0,True,-1,no_assessment_in_window,,,False,0,0,0,3
DO-20-1109|2019-12-10,DO-20-1109,DO-20-1109,J:DO,CR20,f,2019-12-10,0,0,True,1,observed_burden,2019-12-17T00:00:00,7.0,True,1,1,1,1
DO-20-1109|2019-12-17,DO-20-1109,DO-20-1109,J:DO,CR20,f,2019-12-17,1,0,True,1,observed_burden,2019-12-23T00:00:00,6.0,True,1,1,1,1
DO-20-1109|2019-12-23,DO-20-1109,DO-20-1109,J:DO,CR20,f,2019-12-23,1,0,True,-1,no_assessment_in_window,,,False,0,0,0,1
DO-20-1109|2020-01-02,DO-20-1109,DO-20-1109,J:DO,CR20,f,2020-01-02,1,0,True,1,observed_burden,2020-01-07T00:00:00,5.0,True,1,1,1,1
DO-20-1109|2020-01-07,DO-20-1109,DO-20-1109,J:DO,CR20,f,2020-01-07,1,0,True,1,observed_burden,2020-01-14T00:00:00,7.0,True,1,1,1,1
DO-20-1109|2020-01-14,DO-20-1109,DO-20-1109,J:DO,CR20,f,2020-01-14,1,0,True,1,observed_burden,2020-01-20T00:00:00,6.0,True,1,1,1,1
DO-20-1109|2020-01-20,DO-20-1109,DO-20-1109,J:DO,CR20,f,2020-01-20,1,0,True,-1,no_assessment_in_window,,,False,0,0,0,1
DO-20-1109|2020-03-02,DO-20-1109,DO-20-1109,J:DO,CR20,f,2020-03-02,1,0,True,0,observed_burden,2020-03-08T00:00:00,6.0,True,1,1,1,1
DO-20-1109|2020-03-08,DO-20-1109,DO-20-1109,J:DO,CR20,f,2020-03-08,0,0,True,1,observed_burden,2020-03-15T00:00:00,7.0,True,1,1,1,1
DO-20-1109|2020-03-15,DO-20-1109,DO-20-1109,J:DO,CR20,f,2020-03-15,1,0,True,0,observed_burden,2020-03-22T00:00:00,7.0,True,1,1,1,1
DO-20-1109|2020-03-22,DO-20-1109,DO-20-1109,J:DO,CR20,f,2020-03-22,0,0,True,-1,no_assessment_in_window,,,False,0,0,0,1
DO-20-1109|2020-04-05,DO-20-1109,DO-20-1109,J:DO,CR20,f,2020-04-05,1,0,True,1,observed_burden,2020-04-12T00:00:00,7.0,True,1,1,1,1
DO-20-1109|2020-04-12,DO-20-1109,DO-20-1109,J:DO,CR20,f,2020-04-12,1,0,True,-1,no_assessment_in_window,,,False,0,0,0,1
DO-20-1109|2020-04-26,DO-20-1109,DO-20-1109,J:DO,CR20,f,2020-04-26,1,0,True,0,observed_burden,2020-05-03T00:00:00,7.0,True,1,1,1,1
DO-20-1109|2020-05-03,DO-20-1109,DO-20-1109,J:DO,CR20,f,2020-05-03,0,0,True,0,observed_burden,2020-05-10T00:00:00,7.0,True,1,1,1,1
DO-20-1109|2020-05-10,DO-20-1109,DO-20-1109,J:DO,CR20,f,2020-05-10,0,0,True,0,observed_burden,2020-05-17T00:00:00,7.0,True,1,1,1,1
DO-20-1109|2020-05-17,DO-20-1109,DO-20-1109,J:DO,CR20,f,2020-05-17,0,0,True,0,observed_burden,2020-05-25T00:00:00,8.0,True,1,1,1,1
DO-20-1109|2020-05-25,DO-20-1109,DO-20-1109,J:DO,CR20,f,2020-05-25,0,0,True,1,observed_burden,2020-05-31T00:00:00,6.0,True,1,1,1,1
DO-20-1109|2020-05-31,DO-20-1109,DO-20-1109,J:DO,CR20,f,2020-05-31,1,0,True,0,observed_burden,2020-06-07T00:00:00,7.0,True,1,1,1,1
DO-20-1109|2020-06-07,DO-20-1109,DO-20-1109,J:DO,CR20,f,2020-06-07,0,0,True,1,observed_burden,2020-06-14T00:00:00,7.0,True,1,1,1,1
DO-20-1109|2020-06-14,DO-20-1109,DO-20-1109,J:DO,CR20,f,2020-06-14,1,0,True,1,observed_burden,2020-06-21T00:00:00,7.0,True,1,1,1,1
DO-20-1109|2020-06-21,DO-20-1109,DO-20-1109,J:DO,CR20,f,2020-06-21,1,0,True,1,observed_burden,2020-06-28T00:00:00,7.0,True,1,1,1,1
DO-20-1109|2020-06-28,DO-20-1109,DO-20-1109,J:DO,CR20,f,2020-06-28,1,0,True,0,observed_burden,2020-07-05T00:00:00,7.0,True,1,1,1,1
DO-20-1109|2020-07-05,DO-20-1109,DO-20-1109,J:DO,CR20,f,2020-07-05,0,0,True,0,observed_burden,2020-07-12T00:00:00,7.0,True,1,1,1,1
DO-20-1109|2020-07-12,DO-20-1109,DO-20-1109,J:DO,CR20,f,2020-07-12,0,0,True,-1,no_assessment_in_window,,,False,0,0,0,1
DO-20-1109|2020-07-26,DO-20-1109,DO-20-1109,J:DO,CR20,f,2020-07-26,1,0,True,0,observed_burden,2020-08-03T00:00:00,8.0,True,1,1,1,1
DO-20-1109|2020-08-03,DO-20-1109,DO-20-1109,J:DO,CR20,f,2020-08-03,0,0,True,1,observed_burden,2020-08-09T00:00:00,6.0,True,1,1,1,1
DO-20-1109|2020-08-09,DO-20-1109,DO-20-1109,J:DO,CR20,f,2020-08-09,1,0,True,1,observed_burden,2020-08-16T00:00:00,7.0,True,1,1,1,1
DO-20-1109|2020-08-16,DO-20-1109,DO-20-1109,J:DO,CR20,f,2020-08-16,1,0,True,1,observed_burden,2020-08-24T00:00:00,8.0,True,1,1,1,1
DO-20-1109|2020-08-24,DO-20-1109,DO-20-1109,J:DO,CR20,f,2020-08-24,1,0,True,1,observed_burden,2020-08-30T00:00:00,6.0,True,1,1,1,1
DO-20-1109|2020-08-30,DO-20-1109,DO-20-1109,J:DO,CR20,f,2020-08-30,1,0,True,1,observed_burden,2020-09-07T00:00:00,8.0,True,1,1,1,1
DO-20-1109|2020-09-07,DO-20-1109,DO-20-1109,J:DO,CR20,f,2020-09-07,1,0,True,1,observed_burden,2020-09-13T00:00:00,6.0,True,1,1,1,1
DO-20-1109|2020-09-13,DO-20-1109,DO-20-1109,J:DO,CR20,f,2020-09-13,1,0,True,-1,no_assessment_in_window,,,False,0,0,0,1
DO-20-1116|2019-12-11,DO-20-1116,DO-20-1116,J:DO,CR20,f,2019-12-11,0,0,True,0,observed_burden,2019-12-19T00:00:00,8.0,True,1,1,1,0
DO-20-1116|2019-12-19,DO-20-1116,DO-20-1116,J:DO,CR20,f,2019-12-19,0,0,True,1,observed_burden,2019-12-24T00:00:00,5.0,True,1,1,1,0
DO-20-1116|2019-12-24,DO-20-1116,DO-20-1116,J:DO,CR20,f,2019-12-24,1,0,True,-1,no_assessment_in_window,,,False,0,0,0,0
DO-20-1116|2020-01-03,DO-20-1116,DO-20-1116,J:DO,CR20,f,2020-01-03,1,0,True,1,observed_burden,2020-01-08T00:00:00,5.0,True,1,1,1,0
DO-20-1116|2020-01-08,DO-20-1116,DO-20-1116,J:DO,CR20,f,2020-01-08,1,0,True,1,observed_burden,2020-01-15T00:00:00,7.0,True,1,1,1,0
DO-20-1116|2020-01-15,DO-20-1116,DO-20-1116,J:DO,CR20,f,2020-01-15,1,0,True,1,observed_burden,2020-01-20T00:00:00,5.0,True,1,1,1,0
DO-20-1116|2020-01-20,DO-20-1116,DO-20-1116,J:DO,CR20,f,2020-01-20,1,0,True,-1,no_assessment_in_window,,,False,0,0,0,0
DO-20-1122|2019-12-11,DO-20-1122,DO-20-1122,J:DO,CR20,f,2019-12-11,0,0,True,0,observed_burden,2019-12-19T00:00:00,8.0,True,1,1,1,1
DO-20-1122|2019-12-19,DO-20-1122,DO-20-1122,J:DO,CR20,f,2019-12-19,0,0,True,1,observed_burden,2019-12-24T00:00:00,5.0,True,1,1,1,1
DO-20-1122|2019-12-24,DO-20-1122,DO-20-1122,J:DO,CR20,f,2019-12-24,1,0,True,-1,no_assessment_in_window,,,False,0,0,0,1
DO-20-1122|2020-01-03,DO-20-1122,DO-20-1122,J:DO,CR20,f,2020-01-03,0,0,True,1,observed_burden,2020-01-08T00:00:00,5.0,True,1,1,1,1
DO-20-1122|2020-01-08,DO-20-1122,DO-20-1122,J:DO,CR20,f,2020-01-08,1,0,True,0,observed_burden,2020-01-15T00:00:00,7.0,True,1,1,1,1
DO-20-1122|2020-01-15,DO-20-1122,DO-20-1122,J:DO,CR20,f,2020-01-15,0,0,True,0,observed_burden,2020-01-20T00:00:00,5.0,True,1,1,1,1
DO-20-1122|2020-01-20,DO-20-1122,DO-20-1122,J:DO,CR20,f,2020-01-20,0,0,True,-1,no_assessment_in_window,,,False,0,0,0,1
DO-20-1122|2020-02-03,DO-20-1122,DO-20-1122,J:DO,CR20,f,2020-02-03,0,0,True,0,observed_burden,2020-02-11T00:00:00,8.0,True,1,1,1,1
DO-20-1122|2020-02-11,DO-20-1122,DO-20-1122,J:DO,CR20,f,2020-02-11,0,0,True,-1,no_assessment_in_window,,,False,0,0,0,1
DO-20-1122|2020-02-25,DO-20-1122,DO-20-1122,J:DO,CR20,f,2020-02-25,0,0,True,-1,no_assessment_in_window,,,False,0,0,0,1
DO-20-1122|2020-03-09,DO-20-1122,DO-20-1122,J:DO,CR20,f,2020-03-09,0,0,True,1,observed_burden,2020-03-16T00:00:00,7.0,True,1,1,1,1
DO-20-1122|2020-03-16,DO-20-1122,DO-20-1122,J:DO,CR20,f,2020-03-16,1,0,True,1,observed_burden,2020-03-23T00:00:00,7.0,True,1,1,1,1
DO-20-1122|2020-03-23,DO-20-1122,DO-20-1122,J:DO,CR20,f,2020-03-23,1,0,True,1,observed_burden,2020-03-30T00:00:00,7.0,True,1,1,1,1
DO-20-1122|2020-03-30,DO-20-1122,DO-20-1122,J:DO,CR20,f,2020-03-30,1,0,True,0,observed_burden,2020-04-06T00:00:00,7.0,True,1,1,1,1
DO-20-1122|2020-04-06,DO-20-1122,DO-20-1122,J:DO,CR20,f,2020-04-06,0,0,True,0,observed_burden,2020-04-13T00:00:00,7.0,True,1,1,1,1
DO-20-1122|2020-04-13,DO-20-1122,DO-20-1122,J:DO,CR20,f,2020-04-13,0,0,True,0,observed_burden,2020-04-20T00:00:00,7.0,True,1,1,1,1
DO-20-1122|2020-04-20,DO-20-1122,DO-20-1122,J:DO,CR20,f,2020-04-20,0,0,True,0,observed_burden,2020-04-27T00:00:00,7.0,True,1,1,1,1
DO-20-1122|2020-04-27,DO-20-1122,DO-20-1122,J:DO,CR20,f,2020-04-27,0,0,True,0,observed_burden,2020-05-04T00:00:00,7.0,True,1,1,1,1
DO-20-1122|2020-05-04,DO-20-1122,DO-20-1122,J:DO,CR20,f,2020-05-04,0,0,True,0,observed_burden,2020-05-11T00:00:00,7.0,True,1,1,1,1
DO-20-1122|2020-05-11,DO-20-1122,DO-20-1122,J:DO,CR20,f,2020-05-11,0,0,True,-1,no_assessment_in_window,,,False,0,0,0,1
DO-20-1122|2020-05-26,DO-20-1122,DO-20-1122,J:DO,CR20,f,2020-05-26,1,0,True,1,observed_burden,2020-06-01T00:00:00,6.0,True,1,1,1,1
DO-20-1122|2020-06-01,DO-20-1122,DO-20-1122,J:DO,CR20,f,2020-06-01,1,0,True,1,observed_burden,2020-06-08T00:00:00,7.0,True,1,1,1,1
DO-20-1122|2020-06-08,DO-20-1122,DO-20-1122,J:DO,CR20,f,2020-06-08,1,0,True,1,observed_burden,2020-06-15T00:00:00,7.0,True,1,1,1,1
DO-20-1122|2020-06-15,DO-20-1122,DO-20-1122,J:DO,CR20,f,2020-06-15,1,0,True,2,terminal_FD,2020-06-22T00:00:00,,False,0,0,0,1
DO-20-1123|2019-12-11,DO-20-1123,DO-20-1123,J:DO,CR20,f,2019-12-11,1,0,True,0,observed_burden,2019-12-19T00:00:00,8.0,True,1,1,1,4
DO-20-1123|2019-12-19,DO-20-1123,DO-20-1123,J:DO,CR20,f,2019-12-19,0,0,True,1,observed_burden,2019-12-24T00:00:00,5.0,True,1,1,1,4
DO-20-1123|2019-12-24,DO-20-1123,DO-20-1123,J:DO,CR20,f,2019-12-24,1,0,True,-1,no_assessment_in_window,,,False,0,0,0,4
DO-20-1123|2020-01-03,DO-20-1123,DO-20-1123,J:DO,CR20,f,2020-01-03,0,0,True,1,observed_burden,2020-01-08T00:00:00,5.0,True,1,1,1,4
DO-20-1123|2020-01-08,DO-20-1123,DO-20-1123,J:DO,CR20,f,2020-01-08,1,0,True,1,observed_burden,2020-01-15T00:00:00,7.0,True,1,1,1,4
DO-20-1123|2020-01-15,DO-20-1123,DO-20-1123,J:DO,CR20,f,2020-01-15,1,0,True,1,observed_burden,2020-01-20T00:00:00,5.0,True,1,1,1,4
DO-20-1123|2020-01-20,DO-20-1123,DO-20-1123,J:DO,CR20,f,2020-01-20,1,0,True,-1,no_assessment_in_window,,,False,0,0,0,4
DO-20-1123|2020-02-03,DO-20-1123,DO-20-1123,J:DO,CR20,f,2020-02-03,0,0,True,1,observed_burden,2020-02-11T00:00:00,8.0,True,1,1,1,4
DO-20-1123|2020-02-11,DO-20-1123,DO-20-1123,J:DO,CR20,f,2020-02-11,1,0,True,-1,no_assessment_in_window,,,False,0,0,0,4
DO-20-1123|2020-02-25,DO-20-1123,DO-20-1123,J:DO,CR20,f,2020-02-25,1,0,True,-1,no_assessment_in_window,,,False,0,0,0,4
DO-20-1123|2020-03-09,DO-20-1123,DO-20-1123,J:DO,CR20,f,2020-03-09,0,0,True,1,observed_burden,2020-03-16T00:00:00,7.0,True,1,1,1,4
DO-20-1123|2020-03-16,DO-20-1123,DO-20-1123,J:DO,CR20,f,2020-03-16,1,0,True,0,observed_burden,2020-03-23T00:00:00,7.0,True,1,1,1,4
DO-20-1123|2020-03-23,DO-20-1123,DO-20-1123,J:DO,CR20,f,2020-03-23,0,0,True,1,observed_burden,2020-03-30T00:00:00,7.0,True,1,1,1,4
DO-20-1123|2020-03-30,DO-20-1123,DO-20-1123,J:DO,CR20,f,2020-03-30,1,0,True,0,observed_burden,2020-04-06T00:00:00,7.0,True,1,1,1,4
DO-20-1123|2020-04-06,DO-20-1123,DO-20-1123,J:DO,CR20,f,2020-04-06,0,0,True,1,observed_burden,2020-04-13T00:00:00,7.0,True,1,1,1,4
DO-20-1123|2020-04-13,DO-20-1123,DO-20-1123,J:DO,CR20,f,2020-04-13,1,0,True,1,observed_burden,2020-04-20T00:00:00,7.0,True,1,1,1,4
DO-20-1123|2020-04-20,DO-20-1123,DO-20-1123,J:DO,CR20,f,2020-04-20,1,0,True,1,observed_burden,2020-04-27T00:00:00,7.0,True,1,1,1,4
DO-20-1123|2020-04-27,DO-20-1123,DO-20-1123,J:DO,CR20,f,2020-04-27,1,0,True,0,observed_burden,2020-05-04T00:00:00,7.0,True,1,1,1,4
DO-20-1123|2020-05-04,DO-20-1123,DO-20-1123,J:DO,CR20,f,2020-05-04,0,0,True,0,observed_burden,2020-05-11T00:00:00,7.0,True,1,1,1,4
DO-20-1123|2020-05-11,DO-20-1123,DO-20-1123,J:DO,CR20,f,2020-05-11,0,0,True,-1,no_assessment_in_window,,,False,0,0,0,4
DO-20-1123|2020-05-26,DO-20-1123,DO-20-1123,J:DO,CR20,f,2020-05-26,1,0,True,1,observed_burden,2020-06-01T00:00:00,6.0,True,1,1,1,4
DO-20-1123|2020-06-01,DO-20-1123,DO-20-1123,J:DO,CR20,f,2020-06-01,1,0,True,1,observed_burden,2020-06-08T00:00:00,7.0,True,1,1,1,4
DO-20-1123|2020-06-08,DO-20-1123,DO-20-1123,J:DO,CR20,f,2020-06-08,1,0,True,1,observed_burden,2020-06-15T00:00:00,7.0,True,1,1,1,4
DO-20-1123|2020-06-15,DO-20-1123,DO-20-1123,J:DO,CR20,f,2020-06-15,1,0,True,1,observed_burden,2020-06-22T00:00:00,7.0,True,1,1,1,4
DO-20-1123|2020-06-22,DO-20-1123,DO-20-1123,J:DO,CR20,f,2020-06-22,1,0,True,1,observed_burden,2020-06-29T00:00:00,7.0,True,1,1,1,4
DO-20-1123|2020-06-29,DO-20-1123,DO-20-1123,J:DO,CR20,f,2020-06-29,1,0,True,1,observed_burden,2020-07-06T00:00:00,7.0,True,1,1,1,4
DO-20-1123|2020-07-06,DO-20-1123,DO-20-1123,J:DO,CR20,f,2020-07-06,1,0,True,1,observed_burden,2020-07-13T00:00:00,7.0,True,1,1,1,4
DO-20-1123|2020-07-13,DO-20-1123,DO-20-1123,J:DO,CR20,f,2020-07-13,1,0,True,1,observed_burden,2020-07-20T00:00:00,7.0,True,1,1,1,4
DO-20-1123|2020-07-20,DO-20-1123,DO-20-1123,J:DO,CR20,f,2020-07-20,1,0,True,-1,no_assessment_in_window,,,False,0,0,0,4
DO-20-1123|2020-08-03,DO-20-1123,DO-20-1123,J:DO,CR20,f,2020-08-03,1,0,True,1,observed_burden,2020-08-10T00:00:00,7.0,True,1,1,1,4
DO-20-1123|2020-08-10,DO-20-1123,DO-20-1123,J:DO,CR20,f,2020-08-10,1,0,True,1,observed_burden,2020-08-17T00:00:00,7.0,True,1,1,1,4
DO-20-1123|2020-08-17,DO-20-1123,DO-20-1123,J:DO,CR20,f,2020-08-17,1,0,True,1,observed_burden,2020-08-24T00:00:00,7.0,True,1,1,1,4
DO-20-1123|2020-08-24,DO-20-1123,DO-20-1123,J:DO,CR20,f,2020-08-24,1,0,True,1,observed_burden,2020-08-31T00:00:00,7.0,True,1,1,1,4
DO-20-1123|2020-08-31,DO-20-1123,DO-20-1123,J:DO,CR20,f,2020-08-31,1,0,True,1,observed_burden,2020-09-07T00:00:00,7.0,True,1,1,1,4
DO-20-1123|2020-09-07,DO-20-1123,DO-20-1123,J:DO,CR20,f,2020-09-07,1,0,True,2,terminal_FD,2020-09-11T00:00:00,,False,0,0,0,4
DO-20-1124|2019-12-11,DO-20-1124,DO-20-1124,J:DO,CR20,f,2019-12-11,1,0,True,0,observed_burden,2019-12-19T00:00:00,8.0,True,1,1,1,2
DO-20-1124|2019-12-19,DO-20-1124,DO-20-1124,J:DO,CR20,f,2019-12-19,0,0,True,1,observed_burden,2019-12-24T00:00:00,5.0,True,1,1,1,2
DO-20-1124|2019-12-24,DO-20-1124,DO-20-1124,J:DO,CR20,f,2019-12-24,1,0,True,-1,no_assessment_in_window,,,False,0,0,0,2
DO-20-1124|2020-01-03,DO-20-1124,DO-20-1124,J:DO,CR20,f,2020-01-03,1,0,True,0,observed_burden,2020-01-08T00:00:00,5.0,True,1,1,1,2
DO-20-1124|2020-01-08,DO-20-1124,DO-20-1124,J:DO,CR20,f,2020-01-08,0,0,True,1,observed_burden,2020-01-15T00:00:00,7.0,True,1,1,1,2
DO-20-1124|2020-01-15,DO-20-1124,DO-20-1124,J:DO,CR20,f,2020-01-15,1,0,True,0,observed_burden,2020-01-20T00:00:00,5.0,True,1,1,1,2
DO-20-1124|2020-01-20,DO-20-1124,DO-20-1124,J:DO,CR20,f,2020-01-20,0,0,True,-1,no_assessment_in_window,,,False,0,0,0,2
DO-20-1124|2020-02-03,DO-20-1124,DO-20-1124,J:DO,CR20,f,2020-02-03,0,0,True,1,observed_burden,2020-02-11T00:00:00,8.0,True,1,1,1,2
DO-20-1124|2020-02-11,DO-20-1124,DO-20-1124,J:DO,CR20,f,2020-02-11,1,0,True,-1,no_assessment_in_window,,,False,0,0,0,2
DO-20-1124|2020-02-25,DO-20-1124,DO-20-1124,J:DO,CR20,f,2020-02-25,1,0,True,-1,no_assessment_in_window,,,False,0,0,0,2
DO-20-1124|2020-03-09,DO-20-1124,DO-20-1124,J:DO,CR20,f,2020-03-09,0,0,True,1,observed_burden,2020-03-16T00:00:00,7.0,True,1,1,1,2
DO-20-1124|2020-03-16,DO-20-1124,DO-20-1124,J:DO,CR20,f,2020-03-16,1,0,True,0,observed_burden,2020-03-23T00:00:00,7.0,True,1,1,1,2
DO-20-1124|2020-03-23,DO-20-1124,DO-20-1124,J:DO,CR20,f,2020-03-23,0,0,True,1,observed_burden,2020-03-30T00:00:00,7.0,True,1,1,1,2
DO-20-1124|2020-03-30,DO-20-1124,DO-20-1124,J:DO,CR20,f,2020-03-30,1,0,True,0,observed_burden,2020-04-06T00:00:00,7.0,True,1,1,1,2
DO-20-1124|2020-04-06,DO-20-1124,DO-20-1124,J:DO,CR20,f,2020-04-06,0,0,True,0,observed_burden,2020-04-13T00:00:00,7.0,True,1,1,1,2
DO-20-1124|2020-04-13,DO-20-1124,DO-20-1124,J:DO,CR20,f,2020-04-13,0,0,True,1,observed_burden,2020-04-20T00:00:00,7.0,True,1,1,1,2
DO-20-1124|2020-04-20,DO-20-1124,DO-20-1124,J:DO,CR20,f,2020-04-20,1,0,True,1,observed_burden,2020-04-27T00:00:00,7.0,True,1,1,1,2
DO-20-1124|2020-04-27,DO-20-1124,DO-20-1124,J:DO,CR20,f,2020-04-27,1,0,True,0,observed_burden,2020-05-04T00:00:00,7.0,True,1,1,1,2
DO-20-1124|2020-05-04,DO-20-1124,DO-20-1124,J:DO,CR20,f,2020-05-04,0,0,True,0,observed_burden,2020-05-11T00:00:00,7.0,True,1,1,1,2
DO-20-1124|2020-05-11,DO-20-1124,DO-20-1124,J:DO,CR20,f,2020-05-11,0,0,True,-1,no_assessment_in_window,,,False,0,0,0,2
DO-20-1124|2020-05-26,DO-20-1124,DO-20-1124,J:DO,CR20,f,2020-05-26,1,0,True,1,observed_burden,2020-06-01T00:00:00,6.0,True,1,1,1,2
DO-20-1124|2020-06-01,DO-20-1124,DO-20-1124,J:DO,CR20,f,2020-06-01,1,0,True,1,observed_burden,2020-06-08T00:00:00,7.0,True,1,1,1,2
DO-20-1124|2020-06-08,DO-20-1124,DO-20-1124,J:DO,CR20,f,2020-06-08,1,0,True,1,observed_burden,2020-06-15T00:00:00,7.0,True,1,1,1,2
DO-20-1124|2020-06-15,DO-20-1124,DO-20-1124,J:DO,CR20,f,2020-06-15,1,0,True,1,observed_burden,2020-06-22T00:00:00,7.0,True,1,1,1,2
DO-20-1124|2020-06-22,DO-20-1124,DO-20-1124,J:DO,CR20,f,2020-06-22,1,0,True,1,observed_burden,2020-06-29T00:00:00,7.0,True,1,1,1,2
DO-20-1124|2020-06-29,DO-20-1124,DO-20-1124,J:DO,CR20,f,2020-06-29,1,0,True,1,observed_burden,2020-07-06T00:00:00,7.0,True,1,1,1,2
DO-20-1124|2020-07-06,DO-20-1124,DO-20-1124,J:DO,CR20,f,2020-07-06,1,0,True,1,observed_burden,2020-07-13T00:00:00,7.0,True,1,1,1,2
DO-20-1124|2020-07-13,DO-20-1124,DO-20-1124,J:DO,CR20,f,2020-07-13,1,0,True,1,observed_burden,2020-07-20T00:00:00,7.0,True,1,1,1,2
DO-20-1124|2020-07-20,DO-20-1124,DO-20-1124,J:DO,CR20,f,2020-07-20,1,0,True,-1,no_assessment_in_window,,,False,0,0,0,2
DO-20-1124|2020-08-03,DO-20-1124,DO-20-1124,J:DO,CR20,f,2020-08-03,1,0,True,2,terminal_FD,2020-08-09T00:00:00,,False,0,0,0,2
DO-20-1126|2019-12-11,DO-20-1126,DO-20-1126,J:DO,CR20,f,2019-12-11,1,0,True,0,observed_burden,2019-12-19T00:00:00,8.0,True,1,1,1,1
DO-20-1126|2019-12-19,DO-20-1126,DO-20-1126,J:DO,CR20,f,2019-12-19,0,0,True,1,observed_burden,2019-12-24T00:00:00,5.0,True,1,1,1,1
DO-20-1126|2019-12-24,DO-20-1126,DO-20-1126,J:DO,CR20,f,2019-12-24,1,0,True,-1,no_assessment_in_window,,,False,0,0,0,1
DO-20-1126|2020-01-03,DO-20-1126,DO-20-1126,J:DO,CR20,f,2020-01-03,1,0,True,1,observed_burden,2020-01-08T00:00:00,5.0,True,1,1,1,1
DO-20-1126|2020-01-08,DO-20-1126,DO-20-1126,J:DO,CR20,f,2020-01-08,1,0,True,1,observed_burden,2020-01-15T00:00:00,7.0,True,1,1,1,1
DO-20-1126|2020-01-15,DO-20-1126,DO-20-1126,J:DO,CR20,f,2020-01-15,1,0,True,1,observed_burden,2020-01-20T00:00:00,5.0,True,1,1,1,1
DO-20-1126|2020-01-20,DO-20-1126,DO-20-1126,J:DO,CR20,f,2020-01-20,1,0,True,2,terminal_FD,2020-01-28T00:00:00,,False,0,0,0,1
DO-20-1127|2019-12-11,DO-20-1127,DO-20-1127,J:DO,CR20,f,2019-12-11,0,0,True,0,observed_burden,2019-12-19T00:00:00,8.0,True,1,1,1,3
DO-20-1127|2019-12-19,DO-20-1127,DO-20-1127,J:DO,CR20,f,2019-12-19,0,0,True,1,observed_burden,2019-12-24T00:00:00,5.0,True,1,1,1,3
DO-20-1127|2019-12-24,DO-20-1127,DO-20-1127,J:DO,CR20,f,2019-12-24,1,0,True,-1,no_assessment_in_window,,,False,0,0,0,3
DO-20-1127|2020-01-03,DO-20-1127,DO-20-1127,J:DO,CR20,f,2020-01-03,0,0,True,0,observed_burden,2020-01-08T00:00:00,5.0,True,1,1,1,3
DO-20-1127|2020-01-08,DO-20-1127,DO-20-1127,J:DO,CR20,f,2020-01-08,0,0,True,1,observed_burden,2020-01-15T00:00:00,7.0,True,1,1,1,3
DO-20-1127|2020-01-15,DO-20-1127,DO-20-1127,J:DO,CR20,f,2020-01-15,1,0,True,0,observed_burden,2020-01-20T00:00:00,5.0,True,1,1,1,3
DO-20-1127|2020-01-20,DO-20-1127,DO-20-1127,J:DO,CR20,f,2020-01-20,0,0,True,-1,no_assessment_in_window,,,False,0,0,0,3
DO-20-1127|2020-02-03,DO-20-1127,DO-20-1127,J:DO,CR20,f,2020-02-03,0,0,True,0,observed_burden,2020-02-11T00:00:00,8.0,True,1,1,1,3
DO-20-1127|2020-02-11,DO-20-1127,DO-20-1127,J:DO,CR20,f,2020-02-11,0,0,True,-1,no_assessment_in_window,,,False,0,0,0,3
DO-20-1127|2020-02-25,DO-20-1127,DO-20-1127,J:DO,CR20,f,2020-02-25,1,0,True,-1,no_assessment_in_window,,,False,0,0,0,3
DO-20-1127|2020-03-09,DO-20-1127,DO-20-1127,J:DO,CR20,f,2020-03-09,0,0,True,0,observed_burden,2020-03-16T00:00:00,7.0,True,1,1,1,3
DO-20-1127|2020-03-16,DO-20-1127,DO-20-1127,J:DO,CR20,f,2020-03-16,0,0,True,0,observed_burden,2020-03-23T00:00:00,7.0,True,1,1,1,3
DO-20-1127|2020-03-23,DO-20-1127,DO-20-1127,J:DO,CR20,f,2020-03-23,0,0,True,1,observed_burden,2020-03-30T00:00:00,7.0,True,1,1,1,3
DO-20-1127|2020-03-30,DO-20-1127,DO-20-1127,J:DO,CR20,f,2020-03-30,1,0,True,0,observed_burden,2020-04-06T00:00:00,7.0,True,1,1,1,3
DO-20-1127|2020-04-06,DO-20-1127,DO-20-1127,J:DO,CR20,f,2020-04-06,0,0,True,0,observed_burden,2020-04-13T00:00:00,7.0,True,1,1,1,3
DO-20-1127|2020-04-13,DO-20-1127,DO-20-1127,J:DO,CR20,f,2020-04-13,0,0,True,0,observed_burden,2020-04-20T00:00:00,7.0,True,1,1,1,3
DO-20-1127|2020-04-20,DO-20-1127,DO-20-1127,J:DO,CR20,f,2020-04-20,0,0,True,0,observed_burden,2020-04-27T00:00:00,7.0,True,1,1,1,3
DO-20-1127|2020-04-27,DO-20-1127,DO-20-1127,J:DO,CR20,f,2020-04-27,0,0,True,0,observed_burden,2020-05-04T00:00:00,7.0,True,1,1,1,3
DO-20-1127|2020-05-04,DO-20-1127,DO-20-1127,J:DO,CR20,f,2020-05-04,0,0,True,0,observed_burden,2020-05-11T00:00:00,7.0,True,1,1,1,3
DO-20-1127|2020-05-11,DO-20-1127,DO-20-1127,J:DO,CR20,f,2020-05-11,0,0,True,-1,no_assessment_in_window,,,False,0,0,0,3
DO-20-1127|2020-05-26,DO-20-1127,DO-20-1127,J:DO,CR20,f,2020-05-26,1,0,True,1,observed_burden,2020-06-01T00:00:00,6.0,True,1,1,1,3
DO-20-1127|2020-06-01,DO-20-1127,DO-20-1127,J:DO,CR20,f,2020-06-01,1,0,True,1,observed_burden,2020-06-08T00:00:00,7.0,True,1,1,1,3
DO-20-1127|2020-06-08,DO-20-1127,DO-20-1127,J:DO,CR20,f,2020-06-08,1,0,True,1,observed_burden,2020-06-15T00:00:00,7.0,True,1,1,1,3
DO-20-1127|2020-06-15,DO-20-1127,DO-20-1127,J:DO,CR20,f,2020-06-15,1,0,True,1,observed_burden,2020-06-22T00:00:00,7.0,True,1,1,1,3
DO-20-1127|2020-06-22,DO-20-1127,DO-20-1127,J:DO,CR20,f,2020-06-22,1,0,True,1,observed_burden,2020-06-29T00:00:00,7.0,True,1,1,1,3
DO-20-1127|2020-06-29,DO-20-1127,DO-20-1127,J:DO,CR20,f,2020-06-29,1,0,True,1,observed_burden,2020-07-06T00:00:00,7.0,True,1,1,1,3
DO-20-1127|2020-07-06,DO-20-1127,DO-20-1127,J:DO,CR20,f,2020-07-06,1,0,True,1,observed_burden,2020-07-13T00:00:00,7.0,True,1,1,1,3
DO-20-1127|2020-07-13,DO-20-1127,DO-20-1127,J:DO,CR20,f,2020-07-13,1,0,True,1,observed_burden,2020-07-20T00:00:00,7.0,True,1,1,1,3
DO-20-1127|2020-07-20,DO-20-1127,DO-20-1127,J:DO,CR20,f,2020-07-20,1,0,True,-1,no_assessment_in_window,,,False,0,0,0,3
DO-20-1127|2020-08-03,DO-20-1127,DO-20-1127,J:DO,CR20,f,2020-08-03,1,0,True,1,observed_burden,2020-08-10T00:00:00,7.0,True,1,1,1,3
DO-20-1127|2020-08-10,DO-20-1127,DO-20-1127,J:DO,CR20,f,2020-08-10,1,0,True,1,observed_burden,2020-08-17T00:00:00,7.0,True,1,1,1,3
DO-20-1127|2020-08-17,DO-20-1127,DO-20-1127,J:DO,CR20,f,2020-08-17,1,0,True,1,observed_burden,2020-08-24T00:00:00,7.0,True,1,1,1,3
DO-20-1127|2020-08-24,DO-20-1127,DO-20-1127,J:DO,CR20,f,2020-08-24,1,0,True,1,observed_burden,2020-08-31T00:00:00,7.0,True,1,1,1,3
DO-20-1127|2020-08-31,DO-20-1127,DO-20-1127,J:DO,CR20,f,2020-08-31,1,0,True,1,observed_burden,2020-09-07T00:00:00,7.0,True,1,1,1,3
DO-20-1127|2020-09-07,DO-20-1127,DO-20-1127,J:DO,CR20,f,2020-09-07,1,0,True,1,observed_burden,2020-09-13T00:00:00,6.0,True,1,1,1,3
DO-20-1127|2020-09-13,DO-20-1127,DO-20-1127,J:DO,CR20,f,2020-09-13,1,0,True,2,terminal_ES,2020-09-21T00:00:00,,False,0,0,0,3
DO-20-1128|2019-12-11,DO-20-1128,DO-20-1128,J:DO,CR20,f,2019-12-11,1,0,True,0,observed_burden,2019-12-19T00:00:00,8.0,True,1,1,1,0
DO-20-1128|2019-12-19,DO-20-1128,DO-20-1128,J:DO,CR20,f,2019-12-19,0,0,True,0,observed_burden,2019-12-24T00:00:00,5.0,True,1,1,1,0
DO-20-1128|2019-12-24,DO-20-1128,DO-20-1128,J:DO,CR20,f,2019-12-24,0,0,True,-1,no_assessment_in_window,,,False,0,0,0,0
DO-20-1128|2020-01-03,DO-20-1128,DO-20-1128,J:DO,CR20,f,2020-01-03,1,0,True,1,observed_burden,2020-01-08T00:00:00,5.0,True,1,1,1,0
DO-20-1128|2020-01-08,DO-20-1128,DO-20-1128,J:DO,CR20,f,2020-01-08,1,0,True,1,observed_burden,2020-01-15T00:00:00,7.0,True,1,1,1,0
DO-20-1128|2020-01-15,DO-20-1128,DO-20-1128,J:DO,CR20,f,2020-01-15,1,0,True,1,observed_burden,2020-01-20T00:00:00,5.0,True,1,1,1,0
DO-20-1128|2020-01-20,DO-20-1128,DO-20-1128,J:DO,CR20,f,2020-01-20,1,0,True,-1,no_assessment_in_window,,,False,0,0,0,0
DO-20-1128|2020-02-03,DO-20-1128,DO-20-1128,J:DO,CR20,f,2020-02-03,1,0,True,2,terminal_FD,2020-02-11T00:00:00,,False,0,0,0,0
DO-20-1129|2020-02-25,DO-20-1129,DO-20-1129,J:DO,CR20,f,2020-02-25,0,0,True,1,observed_burden,2020-03-04T00:00:00,8.0,True,1,1,1,0
DO-20-1129|2020-03-04,DO-20-1129,DO-20-1129,J:DO,CR20,f,2020-03-04,1,0,True,1,observed_burden,2020-03-10T00:00:00,6.0,True,1,1,1,0
DO-20-1129|2020-03-10,DO-20-1129,DO-20-1129,J:DO,CR20,f,2020-03-10,1,0,True,1,observed_burden,2020-03-17T00:00:00,7.0,True,1,1,1,0
DO-20-1129|2020-03-17,DO-20-1129,DO-20-1129,J:DO,CR20,f,2020-03-17,1,0,True,1,observed_burden,2020-03-24T00:00:00,7.0,True,1,1,1,0
DO-20-1129|2020-03-24,DO-20-1129,DO-20-1129,J:DO,CR20,f,2020-03-24,1,0,True,1,observed_burden,2020-03-31T00:00:00,7.0,True,1,1,1,0
DO-20-1129|2020-03-31,DO-20-1129,DO-20-1129,J:DO,CR20,f,2020-03-31,1,0,True,1,observed_burden,2020-04-07T00:00:00,7.0,True,1,1,1,0
DO-20-1129|2020-04-07,DO-20-1129,DO-20-1129,J:DO,CR20,f,2020-04-07,1,0,True,0,observed_burden,2020-04-14T00:00:00,7.0,True,1,1,1,0
DO-20-1129|2020-04-14,DO-20-1129,DO-20-1129,J:DO,CR20,f,2020-04-14,0,0,True,0,observed_burden,2020-04-21T00:00:00,7.0,True,1,1,1,0
DO-20-1129|2020-04-21,DO-20-1129,DO-20-1129,J:DO,CR20,f,2020-04-21,0,0,True,-1,no_assessment_in_window,,,False,0,0,0,0
DO-20-1129|2020-05-05,DO-20-1129,DO-20-1129,J:DO,CR20,f,2020-05-05,1,0,True,1,observed_burden,2020-05-12T00:00:00,7.0,True,1,1,1,0
DO-20-1129|2020-05-12,DO-20-1129,DO-20-1129,J:DO,CR20,f,2020-05-12,1,0,True,1,observed_burden,2020-05-19T00:00:00,7.0,True,1,1,1,0
DO-20-1129|2020-05-19,DO-20-1129,DO-20-1129,J:DO,CR20,f,2020-05-19,1,0,True,1,observed_burden,2020-05-27T00:00:00,8.0,True,1,1,1,0
DO-20-1129|2020-05-27,DO-20-1129,DO-20-1129,J:DO,CR20,f,2020-05-27,1,0,True,1,observed_burden,2020-06-02T00:00:00,6.0,True,1,1,1,0
DO-20-1129|2020-06-02,DO-20-1129,DO-20-1129,J:DO,CR20,f,2020-06-02,1,0,True,1,observed_burden,2020-06-09T00:00:00,7.0,True,1,1,1,0
DO-20-1129|2020-06-09,DO-20-1129,DO-20-1129,J:DO,CR20,f,2020-06-09,1,0,True,1,observed_burden,2020-06-16T00:00:00,7.0,True,1,1,1,0
DO-20-1129|2020-06-16,DO-20-1129,DO-20-1129,J:DO,CR20,f,2020-06-16,1,0,True,1,observed_burden,2020-06-23T00:00:00,7.0,True,1,1,1,0
DO-20-1129|2020-06-23,DO-20-1129,DO-20-1129,J:DO,CR20,f,2020-06-23,1,0,True,1,observed_burden,2020-06-30T00:00:00,7.0,True,1,1,1,0
DO-20-1129|2020-06-30,DO-20-1129,DO-20-1129,J:DO,CR20,f,2020-06-30,1,0,True,1,observed_burden,2020-07-07T00:00:00,7.0,True,1,1,1,0
DO-20-1129|2020-07-07,DO-20-1129,DO-20-1129,J:DO,CR20,f,2020-07-07,1,0,True,2,terminal_FD,2020-07-10T00:00:00,,False,0,0,0,0
DO-20-1132|2020-02-25,DO-20-1132,DO-20-1132,J:DO,CR20,f,2020-02-25,0,0,True,1,observed_burden,2020-03-04T00:00:00,8.0,True,1,1,1,1
DO-20-1132|2020-03-04,DO-20-1132,DO-20-1132,J:DO,CR20,f,2020-03-04,1,0,True,2,terminal_FD,2020-03-09T00:00:00,,False,0,0,0,1
DO-20-1135|2020-02-25,DO-20-1135,DO-20-1135,J:DO,CR20,f,2020-02-25,0,0,True,1,observed_burden,2020-03-04T00:00:00,8.0,True,1,1,1,3
DO-20-1135|2020-03-04,DO-20-1135,DO-20-1135,J:DO,CR20,f,2020-03-04,1,0,True,0,observed_burden,2020-03-10T00:00:00,6.0,True,1,1,1,3
DO-20-1135|2020-03-10,DO-20-1135,DO-20-1135,J:DO,CR20,f,2020-03-10,0,0,True,1,observed_burden,2020-03-17T00:00:00,7.0,True,1,1,1,3
DO-20-1135|2020-03-17,DO-20-1135,DO-20-1135,J:DO,CR20,f,2020-03-17,1,0,True,1,observed_burden,2020-03-24T00:00:00,7.0,True,1,1,1,3
DO-20-1135|2020-03-24,DO-20-1135,DO-20-1135,J:DO,CR20,f,2020-03-24,1,0,True,1,observed_burden,2020-03-31T00:00:00,7.0,True,1,1,1,3
DO-20-1135|2020-03-31,DO-20-1135,DO-20-1135,J:DO,CR20,f,2020-03-31,1,0,True,1,observed_burden,2020-04-07T00:00:00,7.0,True,1,1,1,3
DO-20-1135|2020-04-07,DO-20-1135,DO-20-1135,J:DO,CR20,f,2020-04-07,1,0,True,1,observed_burden,2020-04-14T00:00:00,7.0,True,1,1,1,3
DO-20-1135|2020-04-14,DO-20-1135,DO-20-1135,J:DO,CR20,f,2020-04-14,1,0,True,0,observed_burden,2020-04-21T00:00:00,7.0,True,1,1,1,3
DO-20-1135|2020-04-21,DO-20-1135,DO-20-1135,J:DO,CR20,f,2020-04-21,0,0,True,-1,no_assessment_in_window,,,False,0,0,0,3
DO-20-1135|2020-05-05,DO-20-1135,DO-20-1135,J:DO,CR20,f,2020-05-05,0,0,True,0,observed_burden,2020-05-12T00:00:00,7.0,True,1,1,1,3
DO-20-1135|2020-05-12,DO-20-1135,DO-20-1135,J:DO,CR20,f,2020-05-12,0,0,True,1,observed_burden,2020-05-19T00:00:00,7.0,True,1,1,1,3
DO-20-1135|2020-05-19,DO-20-1135,DO-20-1135,J:DO,CR20,f,2020-05-19,1,0,True,0,observed_burden,2020-05-27T00:00:00,8.0,True,1,1,1,3
DO-20-1135|2020-05-27,DO-20-1135,DO-20-1135,J:DO,CR20,f,2020-05-27,0,0,True,1,observed_burden,2020-06-02T00:00:00,6.0,True,1,1,1,3
DO-20-1135|2020-06-02,DO-20-1135,DO-20-1135,J:DO,CR20,f,2020-06-02,1,0,True,0,observed_burden,2020-06-09T00:00:00,7.0,True,1,1,1,3
DO-20-1135|2020-06-09,DO-20-1135,DO-20-1135,J:DO,CR20,f,2020-06-09,0,0,True,0,observed_burden,2020-06-16T00:00:00,7.0,True,1,1,1,3
DO-20-1135|2020-06-16,DO-20-1135,DO-20-1135,J:DO,CR20,f,2020-06-16,0,0,True,2,terminal_FD,2020-06-24T00:00:00,,False,1,1,1,3
DO-20-1135|2020-06-23,DO-20-1135,DO-20-1135,J:DO,CR20,f,2020-06-23,1,0,True,2,terminal_FD,2020-06-24T00:00:00,,False,0,0,0,3
DO-20-1136|2020-02-25,DO-20-1136,DO-20-1136,J:DO,CR20,f,2020-02-25,0,0,True,1,observed_burden,2020-03-04T00:00:00,8.0,True,1,1,1,2
DO-20-1136|2020-03-04,DO-20-1136,DO-20-1136,J:DO,CR20,f,2020-03-04,1,0,True,0,observed_burden,2020-03-10T00:00:00,6.0,True,1,1,1,2
DO-20-1136|2020-03-10,DO-20-1136,DO-20-1136,J:DO,CR20,f,2020-03-10,0,0,True,1,observed_burden,2020-03-17T00:00:00,7.0,True,1,1,1,2
DO-20-1136|2020-03-17,DO-20-1136,DO-20-1136,J:DO,CR20,f,2020-03-17,1,0,True,1,observed_burden,2020-03-24T00:00:00,7.0,True,1,1,1,2
DO-20-1136|2020-03-24,DO-20-1136,DO-20-1136,J:DO,CR20,f,2020-03-24,1,0,True,1,observed_burden,2020-03-31T00:00:00,7.0,True,1,1,1,2
DO-20-1136|2020-03-31,DO-20-1136,DO-20-1136,J:DO,CR20,f,2020-03-31,1,0,True,0,observed_burden,2020-04-07T00:00:00,7.0,True,1,1,1,2
DO-20-1136|2020-04-07,DO-20-1136,DO-20-1136,J:DO,CR20,f,2020-04-07,0,0,True,0,observed_burden,2020-04-14T00:00:00,7.0,True,1,1,1,2
DO-20-1136|2020-04-14,DO-20-1136,DO-20-1136,J:DO,CR20,f,2020-04-14,0,0,True,1,observed_burden,2020-04-21T00:00:00,7.0,True,1,1,1,2
DO-20-1136|2020-04-21,DO-20-1136,DO-20-1136,J:DO,CR20,f,2020-04-21,1,0,True,-1,no_assessment_in_window,,,False,0,0,0,2
DO-20-1136|2020-05-05,DO-20-1136,DO-20-1136,J:DO,CR20,f,2020-05-05,0,0,True,0,observed_burden,2020-05-12T00:00:00,7.0,True,1,1,1,2
DO-20-1136|2020-05-12,DO-20-1136,DO-20-1136,J:DO,CR20,f,2020-05-12,0,0,True,0,observed_burden,2020-05-19T00:00:00,7.0,True,1,1,1,2
DO-20-1136|2020-05-19,DO-20-1136,DO-20-1136,J:DO,CR20,f,2020-05-19,0,0,True,0,observed_burden,2020-05-27T00:00:00,8.0,True,1,1,1,2
DO-20-1136|2020-05-27,DO-20-1136,DO-20-1136,J:DO,CR20,f,2020-05-27,0,0,True,1,observed_burden,2020-06-02T00:00:00,6.0,True,1,1,1,2
DO-20-1136|2020-06-02,DO-20-1136,DO-20-1136,J:DO,CR20,f,2020-06-02,1,0,True,1,observed_burden,2020-06-09T00:00:00,7.0,True,1,1,1,2
DO-20-1136|2020-06-09,DO-20-1136,DO-20-1136,J:DO,CR20,f,2020-06-09,1,0,True,1,observed_burden,2020-06-16T00:00:00,7.0,True,1,1,1,2
DO-20-1136|2020-06-16,DO-20-1136,DO-20-1136,J:DO,CR20,f,2020-06-16,1,0,True,-1,no_assessment_in_window,,,False,0,0,0,2
DO-20-1136|2020-06-30,DO-20-1136,DO-20-1136,J:DO,CR20,f,2020-06-30,1,0,True,1,observed_burden,2020-07-07T00:00:00,7.0,True,1,1,1,2
DO-20-1136|2020-07-07,DO-20-1136,DO-20-1136,J:DO,CR20,f,2020-07-07,1,0,True,-1,no_assessment_in_window,,,False,0,0,0,2
DO-20-1136|2020-07-21,DO-20-1136,DO-20-1136,J:DO,CR20,f,2020-07-21,1,0,True,-1,no_assessment_in_window,,,False,0,0,0,2
DO-20-1136|2020-08-04,DO-20-1136,DO-20-1136,J:DO,CR20,f,2020-08-04,1,0,True,1,observed_burden,2020-08-11T00:00:00,7.0,True,1,1,1,2
DO-20-1136|2020-08-11,DO-20-1136,DO-20-1136,J:DO,CR20,f,2020-08-11,1,0,True,1,observed_burden,2020-08-18T00:00:00,7.0,True,1,1,1,2
DO-20-1136|2020-08-18,DO-20-1136,DO-20-1136,J:DO,CR20,f,2020-08-18,1,0,True,1,observed_burden,2020-08-24T00:00:00,6.0,True,1,1,1,2
DO-20-1136|2020-08-24,DO-20-1136,DO-20-1136,J:DO,CR20,f,2020-08-24,1,0,True,1,observed_burden,2020-09-01T00:00:00,8.0,True,1,1,1,2
DO-20-1136|2020-09-01,DO-20-1136,DO-20-1136,J:DO,CR20,f,2020-09-01,1,0,True,1,observed_burden,2020-09-07T00:00:00,6.0,True,1,1,1,2
DO-20-1136|2020-09-07,DO-20-1136,DO-20-1136,J:DO,CR20,f,2020-09-07,1,0,True,0,observed_burden,2020-09-13T00:00:00,6.0,True,1,1,1,2
DO-20-1136|2020-09-13,DO-20-1136,DO-20-1136,J:DO,CR20,f,2020-09-13,0,0,True,1,observed_burden,2020-09-20T00:00:00,7.0,True,1,1,1,2
DO-20-1136|2020-09-20,DO-20-1136,DO-20-1136,J:DO,CR20,f,2020-09-20,1,0,True,1,observed_burden,2020-09-28T00:00:00,8.0,True,1,1,1,2
DO-20-1136|2020-09-28,DO-20-1136,DO-20-1136,J:DO,CR20,f,2020-09-28,1,0,True,1,observed_burden,2020-10-05T00:00:00,7.0,True,1,1,1,2
DO-20-1136|2020-10-05,DO-20-1136,DO-20-1136,J:DO,CR20,f,2020-10-05,1,0,True,0,observed_burden,2020-10-11T00:00:00,6.0,True,1,1,1,2
DO-20-1136|2020-10-11,DO-20-1136,DO-20-1136,J:DO,CR20,f,2020-10-11,0,0,True,1,observed_burden,2020-10-18T00:00:00,7.0,True,1,1,1,2
DO-20-1136|2020-10-18,DO-20-1136,DO-20-1136,J:DO,CR20,f,2020-10-18,1,0,True,1,observed_burden,2020-10-27T00:00:00,9.0,True,1,1,1,2
DO-20-1136|2020-10-27,DO-20-1136,DO-20-1136,J:DO,CR20,f,2020-10-27,1,0,True,1,observed_burden,2020-11-03T00:00:00,7.0,True,1,1,1,2
DO-20-1136|2020-11-03,DO-20-1136,DO-20-1136,J:DO,CR20,f,2020-11-03,1,0,True,1,observed_burden,2020-11-09T00:00:00,6.0,True,1,1,1,2
DO-20-1136|2020-11-09,DO-20-1136,DO-20-1136,J:DO,CR20,f,2020-11-09,1,0,True,1,observed_burden,2020-11-17T00:00:00,8.0,True,1,1,1,2
DO-20-1136|2020-11-17,DO-20-1136,DO-20-1136,J:DO,CR20,f,2020-11-17,1,0,True,1,observed_burden,2020-11-24T00:00:00,7.0,True,1,1,1,2
DO-20-1136|2020-11-24,DO-20-1136,DO-20-1136,J:DO,CR20,f,2020-11-24,1,0,True,1,observed_burden,2020-12-01T00:00:00,7.0,True,1,1,1,2
DO-20-1136|2020-12-01,DO-20-1136,DO-20-1136,J:DO,CR20,f,2020-12-01,1,0,True,1,observed_burden,2020-12-08T00:00:00,7.0,True,1,1,1,2
DO-20-1136|2020-12-08,DO-20-1136,DO-20-1136,J:DO,CR20,f,2020-12-08,1,0,True,0,observed_burden,2020-12-15T00:00:00,7.0,True,1,1,1,2
DO-20-1136|2020-12-15,DO-20-1136,DO-20-1136,J:DO,CR20,f,2020-12-15,0,0,True,1,observed_burden,2020-12-22T00:00:00,7.0,True,1,1,1,2
DO-20-1136|2020-12-22,DO-20-1136,DO-20-1136,J:DO,CR20,f,2020-12-22,1,0,True,1,observed_burden,2020-12-29T00:00:00,7.0,True,1,1,1,2
DO-20-1136|2020-12-29,DO-20-1136,DO-20-1136,J:DO,CR20,f,2020-12-29,1,0,True,-1,no_assessment_in_window,,,False,0,0,0,2
DO-20-1136|2021-01-11,DO-20-1136,DO-20-1136,J:DO,CR20,f,2021-01-11,1,0,True,1,observed_burden,2021-01-19T00:00:00,8.0,True,1,1,1,2
DO-20-1136|2021-01-19,DO-20-1136,DO-20-1136,J:DO,CR20,f,2021-01-19,1,0,True,1,observed_burden,2021-01-27T00:00:00,8.0,True,1,1,1,2
DO-20-1136|2021-01-27,DO-20-1136,DO-20-1136,J:DO,CR20,f,2021-01-27,1,0,True,1,observed_burden,2021-02-01T00:00:00,5.0,True,1,1,1,2
DO-20-1136|2021-02-01,DO-20-1136,DO-20-1136,J:DO,CR20,f,2021-02-01,1,0,True,1,observed_burden,2021-02-09T00:00:00,8.0,True,1,1,1,2
DO-20-1136|2021-02-09,DO-20-1136,DO-20-1136,J:DO,CR20,f,2021-02-09,1,0,True,1,observed_burden,2021-02-15T00:00:00,6.0,True,1,1,1,2
DO-20-1136|2021-02-15,DO-20-1136,DO-20-1136,J:DO,CR20,f,2021-02-15,1,0,True,1,observed_burden,2021-02-23T00:00:00,8.0,True,1,1,1,2
DO-20-1136|2021-02-23,DO-20-1136,DO-20-1136,J:DO,CR20,f,2021-02-23,1,0,True,1,observed_burden,2021-03-03T00:00:00,8.0,True,1,1,1,2
DO-20-1136|2021-03-03,DO-20-1136,DO-20-1136,J:DO,CR20,f,2021-03-03,1,0,True,1,observed_burden,2021-03-09T00:00:00,6.0,True,1,1,1,2
DO-20-1136|2021-03-09,DO-20-1136,DO-20-1136,J:DO,CR20,f,2021-03-09,1,0,True,1,observed_burden,2021-03-15T00:00:00,6.0,True,1,1,1,2
DO-20-1136|2021-03-15,DO-20-1136,DO-20-1136,J:DO,CR20,f,2021-03-15,1,0,True,-1,no_assessment_in_window,,,False,0,0,0,2
DO-20-1136|2021-03-29,DO-20-1136,DO-20-1136,J:DO,CR20,f,2021-03-29,1,0,True,1,observed_burden,2021-04-05T00:00:00,7.0,True,1,1,1,2
DO-20-1136|2021-04-05,DO-20-1136,DO-20-1136,J:DO,CR20,f,2021-04-05,1,0,True,1,observed_burden,2021-04-12T00:00:00,7.0,True,1,1,1,2
DO-20-1136|2021-04-12,DO-20-1136,DO-20-1136,J:DO,CR20,f,2021-04-12,1,0,True,1,observed_burden,2021-04-19T00:00:00,7.0,True,1,1,1,2
DO-20-1136|2021-04-19,DO-20-1136,DO-20-1136,J:DO,CR20,f,2021-04-19,1,0,True,1,observed_burden,2021-04-27T00:00:00,8.0,True,1,1,1,2
DO-20-1136|2021-04-27,DO-20-1136,DO-20-1136,J:DO,CR20,f,2021-04-27,1,0,True,1,observed_burden,2021-05-03T00:00:00,6.0,True,1,1,1,2
DO-20-1136|2021-05-03,DO-20-1136,DO-20-1136,J:DO,CR20,f,2021-05-03,1,0,True,1,observed_burden,2021-05-10T00:00:00,7.0,True,1,1,1,2
DO-20-1136|2021-05-10,DO-20-1136,DO-20-1136,J:DO,CR20,f,2021-05-10,1,0,True,1,observed_burden,2021-05-17T00:00:00,7.0,True,1,1,1,2
DO-20-1136|2021-05-17,DO-20-1136,DO-20-1136,J:DO,CR20,f,2021-05-17,1,0,True,1,observed_burden,2021-05-24T00:00:00,7.0,True,1,1,1,2
DO-20-1136|2021-05-24,DO-20-1136,DO-20-1136,J:DO,CR20,f,2021-05-24,1,0,True,-1,no_assessment_in_window,,,False,0,0,0,2
DO-20-1138|2020-02-25,DO-20-1138,DO-20-1138,J:DO,CR20,f,2020-02-25,0,0,True,2,terminal_FD,2020-03-02T00:00:00,,False,0,0,0,0
DO-20-1146|2020-02-25,DO-20-1146,DO-20-1146,J:DO,CR20,f,2020-02-25,0,0,True,1,observed_burden,2020-03-04T00:00:00,8.0,True,1,1,1,1
DO-20-1146|2020-03-04,DO-20-1146,DO-20-1146,J:DO,CR20,f,2020-03-04,1,0,True,1,observed_burden,2020-03-10T00:00:00,6.0,True,1,1,1,1
DO-20-1146|2020-03-10,DO-20-1146,DO-20-1146,J:DO,CR20,f,2020-03-10,1,0,True,1,observed_burden,2020-03-17T00:00:00,7.0,True,1,1,1,1
DO-20-1146|2020-03-17,DO-20-1146,DO-20-1146,J:DO,CR20,f,2020-03-17,1,0,True,1,observed_burden,2020-03-24T00:00:00,7.0,True,1,1,1,1
DO-20-1146|2020-03-24,DO-20-1146,DO-20-1146,J:DO,CR20,f,2020-03-24,1,0,True,1,observed_burden,2020-03-31T00:00:00,7.0,True,1,1,1,1
DO-20-1146|2020-03-31,DO-20-1146,DO-20-1146,J:DO,CR20,f,2020-03-31,1,0,True,1,observed_burden,2020-04-07T00:00:00,7.0,True,1,1,1,1
DO-20-1146|2020-04-07,DO-20-1146,DO-20-1146,J:DO,CR20,f,2020-04-07,1,0,True,1,observed_burden,2020-04-14T00:00:00,7.0,True,1,1,1,1
DO-20-1146|2020-04-14,DO-20-1146,DO-20-1146,J:DO,CR20,f,2020-04-14,1,0,True,1,observed_burden,2020-04-21T00:00:00,7.0,True,1,1,1,1
DO-20-1146|2020-04-21,DO-20-1146,DO-20-1146,J:DO,CR20,f,2020-04-21,1,0,True,-1,no_assessment_in_window,,,False,0,0,0,1
DO-20-1146|2020-05-05,DO-20-1146,DO-20-1146,J:DO,CR20,f,2020-05-05,0,0,True,0,observed_burden,2020-05-12T00:00:00,7.0,True,1,1,1,1
DO-20-1146|2020-05-12,DO-20-1146,DO-20-1146,J:DO,CR20,f,2020-05-12,0,0,True,1,observed_burden,2020-05-19T00:00:00,7.0,True,1,1,1,1
DO-20-1146|2020-05-19,DO-20-1146,DO-20-1146,J:DO,CR20,f,2020-05-19,1,0,True,1,observed_burden,2020-05-27T00:00:00,8.0,True,1,1,1,1
DO-20-1146|2020-05-27,DO-20-1146,DO-20-1146,J:DO,CR20,f,2020-05-27,1,0,True,1,observed_burden,2020-06-02T00:00:00,6.0,True,1,1,1,1
DO-20-1146|2020-06-02,DO-20-1146,DO-20-1146,J:DO,CR20,f,2020-06-02,1,0,True,1,observed_burden,2020-06-09T00:00:00,7.0,True,1,1,1,1
DO-20-1146|2020-06-09,DO-20-1146,DO-20-1146,J:DO,CR20,f,2020-06-09,1,0,True,1,observed_burden,2020-06-16T00:00:00,7.0,True,1,1,1,1
DO-20-1146|2020-06-16,DO-20-1146,DO-20-1146,J:DO,CR20,f,2020-06-16,1,0,True,2,terminal_FD,2020-06-22T00:00:00,,False,0,0,0,1
DO-20-1147|2020-02-25,DO-20-1147,DO-20-1147,J:DO,CR20,f,2020-02-25,0,0,True,0,observed_burden,2020-03-04T00:00:00,8.0,True,1,1,1,3
DO-20-1147|2020-03-04,DO-20-1147,DO-20-1147,J:DO,CR20,f,2020-03-04,0,0,True,0,observed_burden,2020-03-10T00:00:00,6.0,True,1,1,1,3
DO-20-1147|2020-03-10,DO-20-1147,DO-20-1147,J:DO,CR20,f,2020-03-10,0,0,True,0,observed_burden,2020-03-17T00:00:00,7.0,True,1,1,1,3
DO-20-1147|2020-03-17,DO-20-1147,DO-20-1147,J:DO,CR20,f,2020-03-17,0,0,True,1,observed_burden,2020-03-24T00:00:00,7.0,True,1,1,1,3
DO-20-1147|2020-03-24,DO-20-1147,DO-20-1147,J:DO,CR20,f,2020-03-24,1,0,True,2,terminal_RE,2020-03-27T00:00:00,,False,0,0,0,3
DO-20-1151|2020-02-25,DO-20-1151,DO-20-1151,J:DO,CR20,f,2020-02-25,0,0,True,1,observed_burden,2020-03-04T00:00:00,8.0,True,1,1,1,0
DO-20-1151|2020-03-04,DO-20-1151,DO-20-1151,J:DO,CR20,f,2020-03-04,1,0,True,0,observed_burden,2020-03-10T00:00:00,6.0,True,1,1,1,0
DO-20-1151|2020-03-10,DO-20-1151,DO-20-1151,J:DO,CR20,f,2020-03-10,0,0,True,0,observed_burden,2020-03-17T00:00:00,7.0,True,1,1,1,0
DO-20-1151|2020-03-17,DO-20-1151,DO-20-1151,J:DO,CR20,f,2020-03-17,0,0,True,0,observed_burden,2020-03-24T00:00:00,7.0,True,1,1,1,0
DO-20-1151|2020-03-24,DO-20-1151,DO-20-1151,J:DO,CR20,f,2020-03-24,0,0,True,0,observed_burden,2020-03-31T00:00:00,7.0,True,1,1,1,0
DO-20-1151|2020-03-31,DO-20-1151,DO-20-1151,J:DO,CR20,f,2020-03-31,0,0,True,0,observed_burden,2020-04-07T00:00:00,7.0,True,1,1,1,0
DO-20-1151|2020-04-07,DO-20-1151,DO-20-1151,J:DO,CR20,f,2020-04-07,0,0,True,0,observed_burden,2020-04-14T00:00:00,7.0,True,1,1,1,0
DO-20-1151|2020-04-14,DO-20-1151,DO-20-1151,J:DO,CR20,f,2020-04-14,0,0,True,1,observed_burden,2020-04-21T00:00:00,7.0,True,1,1,1,0
DO-20-1151|2020-04-21,DO-20-1151,DO-20-1151,J:DO,CR20,f,2020-04-21,1,0,True,-1,no_assessment_in_window,,,False,0,0,0,0
DO-20-1151|2020-05-05,DO-20-1151,DO-20-1151,J:DO,CR20,f,2020-05-05,0,0,True,0,observed_burden,2020-05-12T00:00:00,7.0,True,1,1,1,0
DO-20-1151|2020-05-12,DO-20-1151,DO-20-1151,J:DO,CR20,f,2020-05-12,0,0,True,1,observed_burden,2020-05-19T00:00:00,7.0,True,1,1,1,0
DO-20-1151|2020-05-19,DO-20-1151,DO-20-1151,J:DO,CR20,f,2020-05-19,1,0,True,0,observed_burden,2020-05-27T00:00:00,8.0,True,1,1,1,0
DO-20-1151|2020-05-27,DO-20-1151,DO-20-1151,J:DO,CR20,f,2020-05-27,0,0,True,1,observed_burden,2020-06-02T00:00:00,6.0,True,1,1,1,0
DO-20-1151|2020-06-02,DO-20-1151,DO-20-1151,J:DO,CR20,f,2020-06-02,1,0,True,0,observed_burden,2020-06-09T00:00:00,7.0,True,1,1,1,0
DO-20-1151|2020-06-09,DO-20-1151,DO-20-1151,J:DO,CR20,f,2020-06-09,0,0,True,0,observed_burden,2020-06-16T00:00:00,7.0,True,1,1,1,0
DO-20-1151|2020-06-16,DO-20-1151,DO-20-1151,J:DO,CR20,f,2020-06-16,0,0,True,0,observed_burden,2020-06-23T00:00:00,7.0,True,1,1,1,0
DO-20-1151|2020-06-23,DO-20-1151,DO-20-1151,J:DO,CR20,f,2020-06-23,0,0,True,0,observed_burden,2020-06-30T00:00:00,7.0,True,1,1,1,0
DO-20-1151|2020-06-30,DO-20-1151,DO-20-1151,J:DO,CR20,f,2020-06-30,0,0,True,1,observed_burden,2020-07-07T00:00:00,7.0,True,1,1,1,0
DO-20-1151|2020-07-07,DO-20-1151,DO-20-1151,J:DO,CR20,f,2020-07-07,1,0,True,0,observed_burden,2020-07-14T00:00:00,7.0,True,1,1,1,0
DO-20-1151|2020-07-14,DO-20-1151,DO-20-1151,J:DO,CR20,f,2020-07-14,0,0,True,0,observed_burden,2020-07-21T00:00:00,7.0,True,1,1,1,0
DO-20-1151|2020-07-21,DO-20-1151,DO-20-1151,J:DO,CR20,f,2020-07-21,0,0,True,0,observed_burden,2020-07-28T00:00:00,7.0,True,1,1,1,0
DO-20-1151|2020-07-28,DO-20-1151,DO-20-1151,J:DO,CR20,f,2020-07-28,0,0,True,-1,no_assessment_in_window,,,False,0,0,0,0
DO-20-1151|2020-08-18,DO-20-1151,DO-20-1151,J:DO,CR20,f,2020-08-18,0,0,True,-1,no_assessment_in_window,,,False,0,0,0,0
DO-20-1151|2020-09-01,DO-20-1151,DO-20-1151,J:DO,CR20,f,2020-09-01,0,0,True,1,observed_burden,2020-09-07T00:00:00,6.0,True,1,1,1,0
DO-20-1151|2020-09-07,DO-20-1151,DO-20-1151,J:DO,CR20,f,2020-09-07,1,0,True,1,observed_burden,2020-09-13T00:00:00,6.0,True,1,1,1,0
DO-20-1151|2020-09-13,DO-20-1151,DO-20-1151,J:DO,CR20,f,2020-09-13,1,0,True,1,observed_burden,2020-09-20T00:00:00,7.0,True,1,1,1,0
DO-20-1151|2020-09-20,DO-20-1151,DO-20-1151,J:DO,CR20,f,2020-09-20,1,0,True,1,observed_burden,2020-09-28T00:00:00,8.0,True,1,1,1,0
DO-20-1151|2020-09-28,DO-20-1151,DO-20-1151,J:DO,CR20,f,2020-09-28,1,0,True,1,observed_burden,2020-10-05T00:00:00,7.0,True,1,1,1,0
DO-20-1151|2020-10-05,DO-20-1151,DO-20-1151,J:DO,CR20,f,2020-10-05,1,0,True,1,observed_burden,2020-10-11T00:00:00,6.0,True,1,1,1,0
DO-20-1151|2020-10-11,DO-20-1151,DO-20-1151,J:DO,CR20,f,2020-10-11,1,0,True,1,observed_burden,2020-10-18T00:00:00,7.0,True,1,1,1,0
DO-20-1151|2020-10-18,DO-20-1151,DO-20-1151,J:DO,CR20,f,2020-10-18,1,0,True,1,observed_burden,2020-10-27T00:00:00,9.0,True,1,1,1,0
DO-20-1151|2020-10-27,DO-20-1151,DO-20-1151,J:DO,CR20,f,2020-10-27,1,0,True,1,observed_burden,2020-11-03T00:00:00,7.0,True,1,1,1,0
DO-20-1151|2020-11-03,DO-20-1151,DO-20-1151,J:DO,CR20,f,2020-11-03,1,0,True,1,observed_burden,2020-11-09T00:00:00,6.0,True,1,1,1,0
DO-20-1151|2020-11-09,DO-20-1151,DO-20-1151,J:DO,CR20,f,2020-11-09,1,0,True,1,observed_burden,2020-11-17T00:00:00,8.0,True,1,1,1,0
DO-20-1151|2020-11-17,DO-20-1151,DO-20-1151,J:DO,CR20,f,2020-11-17,1,0,True,1,observed_burden,2020-11-24T00:00:00,7.0,True,1,1,1,0
DO-20-1151|2020-11-24,DO-20-1151,DO-20-1151,J:DO,CR20,f,2020-11-24,1,0,True,1,observed_burden,2020-12-01T00:00:00,7.0,True,1,1,1,0
DO-20-1151|2020-12-01,DO-20-1151,DO-20-1151,J:DO,CR20,f,2020-12-01,1,0,True,1,observed_burden,2020-12-08T00:00:00,7.0,True,1,1,1,0
DO-20-1151|2020-12-08,DO-20-1151,DO-20-1151,J:DO,CR20,f,2020-12-08,1,0,True,0,observed_burden,2020-12-15T00:00:00,7.0,True,1,1,1,0
DO-20-1151|2020-12-15,DO-20-1151,DO-20-1151,J:DO,CR20,f,2020-12-15,0,0,True,1,observed_burden,2020-12-22T00:00:00,7.0,True,1,1,1,0
DO-20-1151|2020-12-22,DO-20-1151,DO-20-1151,J:DO,CR20,f,2020-12-22,1,0,True,1,observed_burden,2020-12-29T00:00:00,7.0,True,1,1,1,0
DO-20-1151|2020-12-29,DO-20-1151,DO-20-1151,J:DO,CR20,f,2020-12-29,1,0,True,1,observed_burden,2021-01-05T00:00:00,7.0,True,1,1,1,0
DO-20-1151|2021-01-05,DO-20-1151,DO-20-1151,J:DO,CR20,f,2021-01-05,1,0,True,1,observed_burden,2021-01-11T00:00:00,6.0,True,1,1,1,0
DO-20-1151|2021-01-11,DO-20-1151,DO-20-1151,J:DO,CR20,f,2021-01-11,1,0,True,1,observed_burden,2021-01-19T00:00:00,8.0,True,1,1,1,0
DO-20-1151|2021-01-19,DO-20-1151,DO-20-1151,J:DO,CR20,f,2021-01-19,1,0,True,-1,no_assessment_in_window,,,False,0,0,0,0
DO-20-1151|2021-02-01,DO-20-1151,DO-20-1151,J:DO,CR20,f,2021-02-01,1,0,True,1,observed_burden,2021-02-09T00:00:00,8.0,True,1,1,1,0
DO-20-1151|2021-02-09,DO-20-1151,DO-20-1151,J:DO,CR20,f,2021-02-09,1,0,True,1,observed_burden,2021-02-15T00:00:00,6.0,True,1,1,1,0
DO-20-1151|2021-02-15,DO-20-1151,DO-20-1151,J:DO,CR20,f,2021-02-15,1,0,True,1,observed_burden,2021-02-23T00:00:00,8.0,True,1,1,1,0
DO-20-1151|2021-02-23,DO-20-1151,DO-20-1151,J:DO,CR20,f,2021-02-23,1,0,True,1,observed_burden,2021-03-03T00:00:00,8.0,True,1,1,1,0
DO-20-1151|2021-03-03,DO-20-1151,DO-20-1151,J:DO,CR20,f,2021-03-03,1,0,True,1,observed_burden,2021-03-09T00:00:00,6.0,True,1,1,1,0
DO-20-1151|2021-03-09,DO-20-1151,DO-20-1151,J:DO,CR20,f,2021-03-09,1,0,True,1,observed_burden,2021-03-15T00:00:00,6.0,True,1,1,1,0
DO-20-1151|2021-03-15,DO-20-1151,DO-20-1151,J:DO,CR20,f,2021-03-15,1,0,True,1,observed_burden,2021-03-22T00:00:00,7.0,True,1,1,1,0
DO-20-1151|2021-03-22,DO-20-1151,DO-20-1151,J:DO,CR20,f,2021-03-22,1,0,True,2,terminal_FD,2021-03-31T00:00:00,,False,1,1,1,0
DO-20-1151|2021-03-29,DO-20-1151,DO-20-1151,J:DO,CR20,f,2021-03-29,1,0,True,2,terminal_FD,2021-03-31T00:00:00,,False,0,0,0,0
DO-20-1152|2020-02-25,DO-20-1152,DO-20-1152,J:DO,CR20,f,2020-02-25,0,0,True,1,observed_burden,2020-03-04T00:00:00,8.0,True,1,1,1,2
DO-20-1152|2020-03-04,DO-20-1152,DO-20-1152,J:DO,CR20,f,2020-03-04,1,0,True,1,observed_burden,2020-03-10T00:00:00,6.0,True,1,1,1,2
DO-20-1152|2020-03-10,DO-20-1152,DO-20-1152,J:DO,CR20,f,2020-03-10,1,0,True,1,observed_burden,2020-03-17T00:00:00,7.0,True,1,1,1,2
DO-20-1152|2020-03-17,DO-20-1152,DO-20-1152,J:DO,CR20,f,2020-03-17,1,0,True,1,observed_burden,2020-03-24T00:00:00,7.0,True,1,1,1,2
DO-20-1152|2020-03-24,DO-20-1152,DO-20-1152,J:DO,CR20,f,2020-03-24,1,0,True,1,observed_burden,2020-03-31T00:00:00,7.0,True,1,1,1,2
DO-20-1152|2020-03-31,DO-20-1152,DO-20-1152,J:DO,CR20,f,2020-03-31,1,0,True,1,observed_burden,2020-04-07T00:00:00,7.0,True,1,1,1,2
DO-20-1152|2020-04-07,DO-20-1152,DO-20-1152,J:DO,CR20,f,2020-04-07,1,0,True,1,observed_burden,2020-04-14T00:00:00,7.0,True,1,1,1,2
DO-20-1152|2020-04-14,DO-20-1152,DO-20-1152,J:DO,CR20,f,2020-04-14,1,0,True,1,observed_burden,2020-04-21T00:00:00,7.0,True,1,1,1,2
DO-20-1152|2020-04-21,DO-20-1152,DO-20-1152,J:DO,CR20,f,2020-04-21,1,0,True,-1,no_assessment_in_window,,,False,0,0,0,2
DO-20-1152|2020-05-05,DO-20-1152,DO-20-1152,J:DO,CR20,f,2020-05-05,1,0,True,0,observed_burden,2020-05-12T00:00:00,7.0,True,1,1,1,2
DO-20-1152|2020-05-12,DO-20-1152,DO-20-1152,J:DO,CR20,f,2020-05-12,0,0,True,1,observed_burden,2020-05-19T00:00:00,7.0,True,1,1,1,2
DO-20-1152|2020-05-19,DO-20-1152,DO-20-1152,J:DO,CR20,f,2020-05-19,1,0,True,1,observed_burden,2020-05-27T00:00:00,8.0,True,1,1,1,2
DO-20-1152|2020-05-27,DO-20-1152,DO-20-1152,J:DO,CR20,f,2020-05-27,1,0,True,1,observed_burden,2020-06-02T00:00:00,6.0,True,1,1,1,2
DO-20-1152|2020-06-02,DO-20-1152,DO-20-1152,J:DO,CR20,f,2020-06-02,1,0,True,1,observed_burden,2020-06-09T00:00:00,7.0,True,1,1,1,2
DO-20-1152|2020-06-09,DO-20-1152,DO-20-1152,J:DO,CR20,f,2020-06-09,1,0,True,1,observed_burden,2020-06-16T00:00:00,7.0,True,1,1,1,2
DO-20-1152|2020-06-16,DO-20-1152,DO-20-1152,J:DO,CR20,f,2020-06-16,1,0,True,1,observed_burden,2020-06-23T00:00:00,7.0,True,1,1,1,2
DO-20-1152|2020-06-23,DO-20-1152,DO-20-1152,J:DO,CR20,f,2020-06-23,1,0,True,1,observed_burden,2020-06-30T00:00:00,7.0,True,1,1,1,2
DO-20-1152|2020-06-30,DO-20-1152,DO-20-1152,J:DO,CR20,f,2020-06-30,1,0,True,1,observed_burden,2020-07-07T00:00:00,7.0,True,1,1,1,2
DO-20-1152|2020-07-07,DO-20-1152,DO-20-1152,J:DO,CR20,f,2020-07-07,1,0,True,1,observed_burden,2020-07-14T00:00:00,7.0,True,1,1,1,2
DO-20-1152|2020-07-14,DO-20-1152,DO-20-1152,J:DO,CR20,f,2020-07-14,1,0,True,1,observed_burden,2020-07-21T00:00:00,7.0,True,1,1,1,2
DO-20-1152|2020-07-21,DO-20-1152,DO-20-1152,J:DO,CR20,f,2020-07-21,1,0,True,1,observed_burden,2020-07-28T00:00:00,7.0,True,1,1,1,2
DO-20-1152|2020-07-28,DO-20-1152,DO-20-1152,J:DO,CR20,f,2020-07-28,1,0,True,-1,no_assessment_in_window,,,False,0,0,0,2
DO-20-1152|2020-08-18,DO-20-1152,DO-20-1152,J:DO,CR20,f,2020-08-18,1,0,True,-1,no_assessment_in_window,,,False,0,0,0,2
DO-20-1152|2020-09-01,DO-20-1152,DO-20-1152,J:DO,CR20,f,2020-09-01,1,0,True,0,observed_burden,2020-09-07T00:00:00,6.0,True,1,1,1,2
DO-20-1152|2020-09-07,DO-20-1152,DO-20-1152,J:DO,CR20,f,2020-09-07,0,0,True,1,observed_burden,2020-09-13T00:00:00,6.0,True,1,1,1,2
DO-20-1152|2020-09-13,DO-20-1152,DO-20-1152,J:DO,CR20,f,2020-09-13,1,0,True,1,observed_burden,2020-09-20T00:00:00,7.0,True,1,1,1,2
DO-20-1152|2020-09-20,DO-20-1152,DO-20-1152,J:DO,CR20,f,2020-09-20,1,0,True,1,observed_burden,2020-09-28T00:00:00,8.0,True,1,1,1,2
DO-20-1152|2020-09-28,DO-20-1152,DO-20-1152,J:DO,CR20,f,2020-09-28,1,0,True,1,observed_burden,2020-10-05T00:00:00,7.0,True,1,1,1,2
DO-20-1152|2020-10-05,DO-20-1152,DO-20-1152,J:DO,CR20,f,2020-10-05,1,0,True,1,observed_burden,2020-10-11T00:00:00,6.0,True,1,1,1,2
DO-20-1152|2020-10-11,DO-20-1152,DO-20-1152,J:DO,CR20,f,2020-10-11,1,0,True,1,observed_burden,2020-10-18T00:00:00,7.0,True,1,1,1,2
DO-20-1152|2020-10-18,DO-20-1152,DO-20-1152,J:DO,CR20,f,2020-10-18,1,0,True,1,observed_burden,2020-10-27T00:00:00,9.0,True,1,1,1,2
DO-20-1152|2020-10-27,DO-20-1152,DO-20-1152,J:DO,CR20,f,2020-10-27,1,0,True,1,observed_burden,2020-11-03T00:00:00,7.0,True,1,1,1,2
DO-20-1152|2020-11-03,DO-20-1152,DO-20-1152,J:DO,CR20,f,2020-11-03,1,0,True,1,observed_burden,2020-11-09T00:00:00,6.0,True,1,1,1,2
DO-20-1152|2020-11-09,DO-20-1152,DO-20-1152,J:DO,CR20,f,2020-11-09,1,0,True,1,observed_burden,2020-11-17T00:00:00,8.0,True,1,1,1,2
DO-20-1152|2020-11-17,DO-20-1152,DO-20-1152,J:DO,CR20,f,2020-11-17,1,0,True,1,observed_burden,2020-11-24T00:00:00,7.0,True,1,1,1,2
DO-20-1152|2020-11-24,DO-20-1152,DO-20-1152,J:DO,CR20,f,2020-11-24,1,0,True,1,observed_burden,2020-12-01T00:00:00,7.0,True,1,1,1,2
DO-20-1152|2020-12-01,DO-20-1152,DO-20-1152,J:DO,CR20,f,2020-12-01,1,0,True,1,observed_burden,2020-12-08T00:00:00,7.0,True,1,1,1,2
DO-20-1152|2020-12-08,DO-20-1152,DO-20-1152,J:DO,CR20,f,2020-12-08,1,0,True,1,observed_burden,2020-12-15T00:00:00,7.0,True,1,1,1,2
DO-20-1152|2020-12-15,DO-20-1152,DO-20-1152,J:DO,CR20,f,2020-12-15,1,0,True,1,observed_burden,2020-12-22T00:00:00,7.0,True,1,1,1,2
DO-20-1152|2020-12-22,DO-20-1152,DO-20-1152,J:DO,CR20,f,2020-12-22,1,0,True,1,observed_burden,2020-12-29T00:00:00,7.0,True,1,1,1,2
DO-20-1152|2020-12-29,DO-20-1152,DO-20-1152,J:DO,CR20,f,2020-12-29,1,0,True,1,observed_burden,2021-01-05T00:00:00,7.0,True,1,1,1,2
DO-20-1152|2021-01-05,DO-20-1152,DO-20-1152,J:DO,CR20,f,2021-01-05,1,0,True,1,observed_burden,2021-01-11T00:00:00,6.0,True,1,1,1,2
DO-20-1152|2021-01-11,DO-20-1152,DO-20-1152,J:DO,CR20,f,2021-01-11,1,0,True,1,observed_burden,2021-01-19T00:00:00,8.0,True,1,1,1,2
DO-20-1152|2021-01-19,DO-20-1152,DO-20-1152,J:DO,CR20,f,2021-01-19,1,0,True,-1,no_assessment_in_window,,,False,0,0,0,2
DO-20-1152|2021-02-01,DO-20-1152,DO-20-1152,J:DO,CR20,f,2021-02-01,1,0,True,1,observed_burden,2021-02-09T00:00:00,8.0,True,1,1,1,2
DO-20-1152|2021-02-09,DO-20-1152,DO-20-1152,J:DO,CR20,f,2021-02-09,1,0,True,1,observed_burden,2021-02-15T00:00:00,6.0,True,1,1,1,2
DO-20-1152|2021-02-15,DO-20-1152,DO-20-1152,J:DO,CR20,f,2021-02-15,1,0,True,1,observed_burden,2021-02-23T00:00:00,8.0,True,1,1,1,2
DO-20-1152|2021-02-23,DO-20-1152,DO-20-1152,J:DO,CR20,f,2021-02-23,1,0,True,1,observed_burden,2021-03-03T00:00:00,8.0,True,1,1,1,2
DO-20-1152|2021-03-03,DO-20-1152,DO-20-1152,J:DO,CR20,f,2021-03-03,1,0,True,1,observed_burden,2021-03-09T00:00:00,6.0,True,1,1,1,2
DO-20-1152|2021-03-09,DO-20-1152,DO-20-1152,J:DO,CR20,f,2021-03-09,1,0,True,1,observed_burden,2021-03-15T00:00:00,6.0,True,1,1,1,2
DO-20-1152|2021-03-15,DO-20-1152,DO-20-1152,J:DO,CR20,f,2021-03-15,1,0,True,1,observed_burden,2021-03-22T00:00:00,7.0,True,1,1,1,2
DO-20-1152|2021-03-22,DO-20-1152,DO-20-1152,J:DO,CR20,f,2021-03-22,1,0,True,1,observed_burden,2021-03-29T00:00:00,7.0,True,1,1,1,2
DO-20-1152|2021-03-29,DO-20-1152,DO-20-1152,J:DO,CR20,f,2021-03-29,1,0,True,2,terminal_FD,2021-04-02T00:00:00,,False,0,0,0,2
DO-20-1156|2020-02-25,DO-20-1156,DO-20-1156,J:DO,CR20,f,2020-02-25,0,0,True,0,observed_burden,2020-03-04T00:00:00,8.0,True,1,1,1,2
DO-20-1156|2020-03-04,DO-20-1156,DO-20-1156,J:DO,CR20,f,2020-03-04,0,0,True,0,observed_burden,2020-03-10T00:00:00,6.0,True,1,1,1,2
DO-20-1156|2020-03-10,DO-20-1156,DO-20-1156,J:DO,CR20,f,2020-03-10,0,0,True,0,observed_burden,2020-03-17T00:00:00,7.0,True,1,1,1,2
DO-20-1156|2020-03-17,DO-20-1156,DO-20-1156,J:DO,CR20,f,2020-03-17,0,0,True,0,observed_burden,2020-03-24T00:00:00,7.0,True,1,1,1,2
DO-20-1156|2020-03-24,DO-20-1156,DO-20-1156,J:DO,CR20,f,2020-03-24,0,0,True,0,observed_burden,2020-03-31T00:00:00,7.0,True,1,1,1,2
DO-20-1156|2020-03-31,DO-20-1156,DO-20-1156,J:DO,CR20,f,2020-03-31,0,0,True,1,observed_burden,2020-04-07T00:00:00,7.0,True,1,1,1,2
DO-20-1156|2020-04-07,DO-20-1156,DO-20-1156,J:DO,CR20,f,2020-04-07,1,0,True,0,observed_burden,2020-04-14T00:00:00,7.0,True,1,1,1,2
DO-20-1156|2020-04-14,DO-20-1156,DO-20-1156,J:DO,CR20,f,2020-04-14,0,0,True,1,observed_burden,2020-04-21T00:00:00,7.0,True,1,1,1,2
DO-20-1156|2020-04-21,DO-20-1156,DO-20-1156,J:DO,CR20,f,2020-04-21,1,0,True,-1,no_assessment_in_window,,,False,0,0,0,2
DO-20-1156|2020-05-05,DO-20-1156,DO-20-1156,J:DO,CR20,f,2020-05-05,0,0,True,0,observed_burden,2020-05-12T00:00:00,7.0,True,1,1,1,2
DO-20-1156|2020-05-12,DO-20-1156,DO-20-1156,J:DO,CR20,f,2020-05-12,0,0,True,1,observed_burden,2020-05-19T00:00:00,7.0,True,1,1,1,2
DO-20-1156|2020-05-19,DO-20-1156,DO-20-1156,J:DO,CR20,f,2020-05-19,1,0,True,0,observed_burden,2020-05-27T00:00:00,8.0,True,1,1,1,2
DO-20-1156|2020-05-27,DO-20-1156,DO-20-1156,J:DO,CR20,f,2020-05-27,0,0,True,-1,no_assessment_in_window,,,False,0,0,0,2
DO-20-1156|2020-06-09,DO-20-1156,DO-20-1156,J:DO,CR20,f,2020-06-09,0,0,True,0,observed_burden,2020-06-16T00:00:00,7.0,True,1,1,1,2
DO-20-1156|2020-06-16,DO-20-1156,DO-20-1156,J:DO,CR20,f,2020-06-16,0,0,True,0,observed_burden,2020-06-23T00:00:00,7.0,True,1,1,1,2
DO-20-1156|2020-06-23,DO-20-1156,DO-20-1156,J:DO,CR20,f,2020-06-23,0,0,True,0,observed_burden,2020-06-30T00:00:00,7.0,True,1,1,1,2
DO-20-1156|2020-06-30,DO-20-1156,DO-20-1156,J:DO,CR20,f,2020-06-30,0,0,True,0,observed_burden,2020-07-07T00:00:00,7.0,True,1,1,1,2
DO-20-1156|2020-07-07,DO-20-1156,DO-20-1156,J:DO,CR20,f,2020-07-07,0,0,True,0,observed_burden,2020-07-14T00:00:00,7.0,True,1,1,1,2
DO-20-1156|2020-07-14,DO-20-1156,DO-20-1156,J:DO,CR20,f,2020-07-14,0,0,True,0,observed_burden,2020-07-21T00:00:00,7.0,True,1,1,1,2
DO-20-1156|2020-07-21,DO-20-1156,DO-20-1156,J:DO,CR20,f,2020-07-21,0,0,True,0,observed_burden,2020-07-28T00:00:00,7.0,True,1,1,1,2
DO-20-1156|2020-07-28,DO-20-1156,DO-20-1156,J:DO,CR20,f,2020-07-28,0,0,True,-1,no_assessment_in_window,,,False,0,0,0,2
DO-20-1156|2020-08-18,DO-20-1156,DO-20-1156,J:DO,CR20,f,2020-08-18,0,0,True,-1,no_assessment_in_window,,,False,0,0,0,2
DO-20-1156|2020-09-01,DO-20-1156,DO-20-1156,J:DO,CR20,f,2020-09-01,0,0,True,0,observed_burden,2020-09-07T00:00:00,6.0,True,1,1,1,2
DO-20-1156|2020-09-07,DO-20-1156,DO-20-1156,J:DO,CR20,f,2020-09-07,0,0,True,0,observed_burden,2020-09-13T00:00:00,6.0,True,1,1,1,2
DO-20-1156|2020-09-13,DO-20-1156,DO-20-1156,J:DO,CR20,f,2020-09-13,0,0,True,1,observed_burden,2020-09-20T00:00:00,7.0,True,1,1,1,2
DO-20-1156|2020-09-20,DO-20-1156,DO-20-1156,J:DO,CR20,f,2020-09-20,1,0,True,1,observed_burden,2020-09-28T00:00:00,8.0,True,1,1,1,2
DO-20-1156|2020-09-28,DO-20-1156,DO-20-1156,J:DO,CR20,f,2020-09-28,1,0,True,1,observed_burden,2020-10-05T00:00:00,7.0,True,1,1,1,2
DO-20-1156|2020-10-05,DO-20-1156,DO-20-1156,J:DO,CR20,f,2020-10-05,1,0,True,0,observed_burden,2020-10-11T00:00:00,6.0,True,1,1,1,2
DO-20-1156|2020-10-11,DO-20-1156,DO-20-1156,J:DO,CR20,f,2020-10-11,0,0,True,1,observed_burden,2020-10-18T00:00:00,7.0,True,1,1,1,2
DO-20-1156|2020-10-18,DO-20-1156,DO-20-1156,J:DO,CR20,f,2020-10-18,1,0,True,0,observed_burden,2020-10-27T00:00:00,9.0,True,1,1,1,2
DO-20-1156|2020-10-27,DO-20-1156,DO-20-1156,J:DO,CR20,f,2020-10-27,0,0,True,1,observed_burden,2020-11-03T00:00:00,7.0,True,1,1,1,2
DO-20-1156|2020-11-03,DO-20-1156,DO-20-1156,J:DO,CR20,f,2020-11-03,1,0,True,0,observed_burden,2020-11-09T00:00:00,6.0,True,1,1,1,2
DO-20-1156|2020-11-09,DO-20-1156,DO-20-1156,J:DO,CR20,f,2020-11-09,0,0,True,1,observed_burden,2020-11-17T00:00:00,8.0,True,1,1,1,2
DO-20-1156|2020-11-17,DO-20-1156,DO-20-1156,J:DO,CR20,f,2020-11-17,1,0,True,1,observed_burden,2020-11-24T00:00:00,7.0,True,1,1,1,2
DO-20-1156|2020-11-24,DO-20-1156,DO-20-1156,J:DO,CR20,f,2020-11-24,1,0,True,1,observed_burden,2020-12-01T00:00:00,7.0,True,1,1,1,2
DO-20-1156|2020-12-01,DO-20-1156,DO-20-1156,J:DO,CR20,f,2020-12-01,1,0,True,1,observed_burden,2020-12-08T00:00:00,7.0,True,1,1,1,2
DO-20-1156|2020-12-08,DO-20-1156,DO-20-1156,J:DO,CR20,f,2020-12-08,1,0,True,1,observed_burden,2020-12-15T00:00:00,7.0,True,1,1,1,2
DO-20-1156|2020-12-15,DO-20-1156,DO-20-1156,J:DO,CR20,f,2020-12-15,1,0,True,1,observed_burden,2020-12-22T00:00:00,7.0,True,1,1,1,2
DO-20-1156|2020-12-22,DO-20-1156,DO-20-1156,J:DO,CR20,f,2020-12-22,1,0,True,1,observed_burden,2020-12-29T00:00:00,7.0,True,1,1,1,2
DO-20-1156|2020-12-29,DO-20-1156,DO-20-1156,J:DO,CR20,f,2020-12-29,1,0,True,1,observed_burden,2021-01-05T00:00:00,7.0,True,1,1,1,2
DO-20-1156|2021-01-05,DO-20-1156,DO-20-1156,J:DO,CR20,f,2021-01-05,1,0,True,2,terminal_FD,2021-01-11T00:00:00,,False,0,0,0,2
DO-20-1157|2020-02-25,DO-20-1157,DO-20-1157,J:DO,CR20,f,2020-02-25,0,0,True,1,observed_burden,2020-03-04T00:00:00,8.0,True,1,1,1,2
DO-20-1157|2020-03-04,DO-20-1157,DO-20-1157,J:DO,CR20,f,2020-03-04,1,0,True,1,observed_burden,2020-03-10T00:00:00,6.0,True,1,1,1,2
DO-20-1157|2020-03-10,DO-20-1157,DO-20-1157,J:DO,CR20,f,2020-03-10,1,0,True,0,observed_burden,2020-03-17T00:00:00,7.0,True,1,1,1,2
DO-20-1157|2020-03-17,DO-20-1157,DO-20-1157,J:DO,CR20,f,2020-03-17,0,0,True,1,observed_burden,2020-03-24T00:00:00,7.0,True,1,1,1,2
DO-20-1157|2020-03-24,DO-20-1157,DO-20-1157,J:DO,CR20,f,2020-03-24,1,0,True,0,observed_burden,2020-03-31T00:00:00,7.0,True,1,1,1,2
DO-20-1157|2020-03-31,DO-20-1157,DO-20-1157,J:DO,CR20,f,2020-03-31,0,0,True,1,observed_burden,2020-04-07T00:00:00,7.0,True,1,1,1,2
DO-20-1157|2020-04-07,DO-20-1157,DO-20-1157,J:DO,CR20,f,2020-04-07,1,0,True,1,observed_burden,2020-04-14T00:00:00,7.0,True,1,1,1,2
DO-20-1157|2020-04-14,DO-20-1157,DO-20-1157,J:DO,CR20,f,2020-04-14,1,0,True,0,observed_burden,2020-04-21T00:00:00,7.0,True,1,1,1,2
DO-20-1157|2020-04-21,DO-20-1157,DO-20-1157,J:DO,CR20,f,2020-04-21,0,0,True,-1,no_assessment_in_window,,,False,0,0,0,2
DO-20-1157|2020-05-05,DO-20-1157,DO-20-1157,J:DO,CR20,f,2020-05-05,1,0,True,1,observed_burden,2020-05-12T00:00:00,7.0,True,1,1,1,2
DO-20-1157|2020-05-12,DO-20-1157,DO-20-1157,J:DO,CR20,f,2020-05-12,1,0,True,0,observed_burden,2020-05-19T00:00:00,7.0,True,1,1,1,2
DO-20-1157|2020-05-19,DO-20-1157,DO-20-1157,J:DO,CR20,f,2020-05-19,0,0,True,0,observed_burden,2020-05-27T00:00:00,8.0,True,1,1,1,2
DO-20-1157|2020-05-27,DO-20-1157,DO-20-1157,J:DO,CR20,f,2020-05-27,0,0,True,1,observed_burden,2020-06-02T00:00:00,6.0,True,1,1,1,2
DO-20-1157|2020-06-02,DO-20-1157,DO-20-1157,J:DO,CR20,f,2020-06-02,1,0,True,0,observed_burden,2020-06-09T00:00:00,7.0,True,1,1,1,2
DO-20-1157|2020-06-09,DO-20-1157,DO-20-1157,J:DO,CR20,f,2020-06-09,0,0,True,0,observed_burden,2020-06-16T00:00:00,7.0,True,1,1,1,2
DO-20-1157|2020-06-16,DO-20-1157,DO-20-1157,J:DO,CR20,f,2020-06-16,0,0,True,0,observed_burden,2020-06-23T00:00:00,7.0,True,1,1,1,2
DO-20-1157|2020-06-23,DO-20-1157,DO-20-1157,J:DO,CR20,f,2020-06-23,0,0,True,0,observed_burden,2020-06-30T00:00:00,7.0,True,1,1,1,2
DO-20-1157|2020-06-30,DO-20-1157,DO-20-1157,J:DO,CR20,f,2020-06-30,0,0,True,0,observed_burden,2020-07-07T00:00:00,7.0,True,1,1,1,2
DO-20-1157|2020-07-07,DO-20-1157,DO-20-1157,J:DO,CR20,f,2020-07-07,0,0,True,1,observed_burden,2020-07-14T00:00:00,7.0,True,1,1,1,2
DO-20-1157|2020-07-14,DO-20-1157,DO-20-1157,J:DO,CR20,f,2020-07-14,1,0,True,1,observed_burden,2020-07-21T00:00:00,7.0,True,1,1,1,2
DO-20-1157|2020-07-21,DO-20-1157,DO-20-1157,J:DO,CR20,f,2020-07-21,1,0,True,1,observed_burden,2020-07-28T00:00:00,7.0,True,1,1,1,2
DO-20-1157|2020-07-28,DO-20-1157,DO-20-1157,J:DO,CR20,f,2020-07-28,1,0,True,-1,no_assessment_in_window,,,False,0,0,0,2
DO-20-1157|2020-08-18,DO-20-1157,DO-20-1157,J:DO,CR20,f,2020-08-18,1,0,True,-1,no_assessment_in_window,,,False,0,0,0,2
DO-20-1157|2020-09-01,DO-20-1157,DO-20-1157,J:DO,CR20,f,2020-09-01,1,0,True,1,observed_burden,2020-09-07T00:00:00,6.0,True,1,1,1,2
DO-20-1157|2020-09-07,DO-20-1157,DO-20-1157,J:DO,CR20,f,2020-09-07,1,0,True,1,observed_burden,2020-09-13T00:00:00,6.0,True,1,1,1,2
DO-20-1157|2020-09-13,DO-20-1157,DO-20-1157,J:DO,CR20,f,2020-09-13,1,0,True,1,observed_burden,2020-09-20T00:00:00,7.0,True,1,1,1,2
DO-20-1157|2020-09-20,DO-20-1157,DO-20-1157,J:DO,CR20,f,2020-09-20,1,0,True,1,observed_burden,2020-09-28T00:00:00,8.0,True,1,1,1,2
DO-20-1157|2020-09-28,DO-20-1157,DO-20-1157,J:DO,CR20,f,2020-09-28,1,0,True,1,observed_burden,2020-10-05T00:00:00,7.0,True,1,1,1,2
DO-20-1157|2020-10-05,DO-20-1157,DO-20-1157,J:DO,CR20,f,2020-10-05,1,0,True,1,observed_burden,2020-10-11T00:00:00,6.0,True,1,1,1,2
DO-20-1157|2020-10-11,DO-20-1157,DO-20-1157,J:DO,CR20,f,2020-10-11,1,0,True,1,observed_burden,2020-10-18T00:00:00,7.0,True,1,1,1,2
DO-20-1157|2020-10-18,DO-20-1157,DO-20-1157,J:DO,CR20,f,2020-10-18,1,0,True,1,observed_burden,2020-10-27T00:00:00,9.0,True,1,1,1,2
DO-20-1157|2020-10-27,DO-20-1157,DO-20-1157,J:DO,CR20,f,2020-10-27,1,0,True,1,observed_burden,2020-11-03T00:00:00,7.0,True,1,1,1,2
DO-20-1157|2020-11-03,DO-20-1157,DO-20-1157,J:DO,CR20,f,2020-11-03,1,0,True,1,observed_burden,2020-11-09T00:00:00,6.0,True,1,1,1,2
DO-20-1157|2020-11-09,DO-20-1157,DO-20-1157,J:DO,CR20,f,2020-11-09,1,0,True,1,observed_burden,2020-11-17T00:00:00,8.0,True,1,1,1,2
DO-20-1157|2020-11-17,DO-20-1157,DO-20-1157,J:DO,CR20,f,2020-11-17,1,0,True,1,observed_burden,2020-11-24T00:00:00,7.0,True,1,1,1,2
DO-20-1157|2020-11-24,DO-20-1157,DO-20-1157,J:DO,CR20,f,2020-11-24,1,0,True,1,observed_burden,2020-12-01T00:00:00,7.0,True,1,1,1,2
DO-20-1157|2020-12-01,DO-20-1157,DO-20-1157,J:DO,CR20,f,2020-12-01,1,0,True,1,observed_burden,2020-12-08T00:00:00,7.0,True,1,1,1,2
DO-20-1157|2020-12-08,DO-20-1157,DO-20-1157,J:DO,CR20,f,2020-12-08,1,0,True,2,terminal_FD,2020-12-11T00:00:00,,False,0,0,0,2
DO-20-1158|2020-02-25,DO-20-1158,DO-20-1158,J:DO,CR20,f,2020-02-25,0,0,True,1,observed_burden,2020-03-04T00:00:00,8.0,True,1,1,1,1
DO-20-1158|2020-03-04,DO-20-1158,DO-20-1158,J:DO,CR20,f,2020-03-04,1,0,True,1,observed_burden,2020-03-10T00:00:00,6.0,True,1,1,1,1
DO-20-1158|2020-03-10,DO-20-1158,DO-20-1158,J:DO,CR20,f,2020-03-10,1,0,True,1,observed_burden,2020-03-17T00:00:00,7.0,True,1,1,1,1
DO-20-1158|2020-03-17,DO-20-1158,DO-20-1158,J:DO,CR20,f,2020-03-17,1,0,True,1,observed_burden,2020-03-24T00:00:00,7.0,True,1,1,1,1
DO-20-1158|2020-03-24,DO-20-1158,DO-20-1158,J:DO,CR20,f,2020-03-24,1,0,True,1,observed_burden,2020-03-31T00:00:00,7.0,True,1,1,1,1
DO-20-1158|2020-03-31,DO-20-1158,DO-20-1158,J:DO,CR20,f,2020-03-31,1,0,True,1,observed_burden,2020-04-07T00:00:00,7.0,True,1,1,1,1
DO-20-1158|2020-04-07,DO-20-1158,DO-20-1158,J:DO,CR20,f,2020-04-07,1,0,True,1,observed_burden,2020-04-14T00:00:00,7.0,True,1,1,1,1
DO-20-1158|2020-04-14,DO-20-1158,DO-20-1158,J:DO,CR20,f,2020-04-14,1,0,True,1,observed_burden,2020-04-21T00:00:00,7.0,True,1,1,1,1
DO-20-1158|2020-04-21,DO-20-1158,DO-20-1158,J:DO,CR20,f,2020-04-21,1,0,True,-1,no_assessment_in_window,,,False,0,0,0,1
DO-20-1158|2020-05-05,DO-20-1158,DO-20-1158,J:DO,CR20,f,2020-05-05,1,0,True,1,observed_burden,2020-05-12T00:00:00,7.0,True,1,1,1,1
DO-20-1158|2020-05-12,DO-20-1158,DO-20-1158,J:DO,CR20,f,2020-05-12,1,0,True,1,observed_burden,2020-05-19T00:00:00,7.0,True,1,1,1,1
DO-20-1158|2020-05-19,DO-20-1158,DO-20-1158,J:DO,CR20,f,2020-05-19,1,0,True,1,observed_burden,2020-05-27T00:00:00,8.0,True,1,1,1,1
DO-20-1158|2020-05-27,DO-20-1158,DO-20-1158,J:DO,CR20,f,2020-05-27,1,0,True,1,observed_burden,2020-06-02T00:00:00,6.0,True,1,1,1,1
DO-20-1158|2020-06-02,DO-20-1158,DO-20-1158,J:DO,CR20,f,2020-06-02,1,0,True,1,observed_burden,2020-06-09T00:00:00,7.0,True,1,1,1,1
DO-20-1158|2020-06-09,DO-20-1158,DO-20-1158,J:DO,CR20,f,2020-06-09,1,0,True,1,observed_burden,2020-06-16T00:00:00,7.0,True,1,1,1,1
DO-20-1158|2020-06-16,DO-20-1158,DO-20-1158,J:DO,CR20,f,2020-06-16,1,0,True,1,observed_burden,2020-06-23T00:00:00,7.0,True,1,1,1,1
DO-20-1158|2020-06-23,DO-20-1158,DO-20-1158,J:DO,CR20,f,2020-06-23,1,0,True,1,observed_burden,2020-06-30T00:00:00,7.0,True,1,1,1,1
DO-20-1158|2020-06-30,DO-20-1158,DO-20-1158,J:DO,CR20,f,2020-06-30,1,0,True,1,observed_burden,2020-07-07T00:00:00,7.0,True,1,1,1,1
DO-20-1158|2020-07-07,DO-20-1158,DO-20-1158,J:DO,CR20,f,2020-07-07,1,0,True,1,observed_burden,2020-07-14T00:00:00,7.0,True,1,1,1,1
DO-20-1158|2020-07-14,DO-20-1158,DO-20-1158,J:DO,CR20,f,2020-07-14,1,0,True,1,observed_burden,2020-07-21T00:00:00,7.0,True,1,1,1,1
DO-20-1158|2020-07-21,DO-20-1158,DO-20-1158,J:DO,CR20,f,2020-07-21,1,0,True,2,terminal_FD,2020-07-24T00:00:00,,False,0,0,0,1
DO-20-1164|2020-06-21,DO-20-1164,DO-20-1164,J:DO,CR20,f,2020-06-21,1,0,True,1,observed_burden,2020-06-28T00:00:00,7.0,True,1,1,1,0
DO-20-1164|2020-06-28,DO-20-1164,DO-20-1164,J:DO,CR20,f,2020-06-28,1,0,True,2,terminal_ES,2020-07-06T00:00:00,,False,0,0,0,0
DO-20-1168|2020-06-28,DO-20-1168,DO-20-1168,J:DO,CR20,f,2020-06-28,0,0,True,-1,no_assessment_in_window,,,False,0,0,0,0
DO-20-1168|2020-07-19,DO-20-1168,DO-20-1168,J:DO,CR20,f,2020-07-19,0,0,True,-1,no_assessment_in_window,,,False,0,0,0,0
DO-20-1168|2020-08-25,DO-20-1168,DO-20-1168,J:DO,CR20,f,2020-08-25,0,0,True,1,observed_burden,2020-08-30T00:00:00,5.0,True,1,1,1,0
DO-20-1168|2020-08-30,DO-20-1168,DO-20-1168,J:DO,CR20,f,2020-08-30,1,0,True,-1,no_assessment_in_window,,,False,0,0,0,0
DO-20-1168|2020-09-14,DO-20-1168,DO-20-1168,J:DO,CR20,f,2020-09-14,0,0,True,1,observed_burden,2020-09-21T00:00:00,7.0,True,1,1,1,0
DO-20-1168|2020-09-21,DO-20-1168,DO-20-1168,J:DO,CR20,f,2020-09-21,1,0,True,1,observed_burden,2020-09-30T00:00:00,9.0,True,1,1,1,0
DO-20-1168|2020-09-30,DO-20-1168,DO-20-1168,J:DO,CR20,f,2020-09-30,1,0,True,-1,no_assessment_in_window,,,False,0,0,0,0
DO-20-1170|2020-06-21,DO-20-1170,DO-20-1170,J:DO,CR20,f,2020-06-21,1,0,True,1,observed_burden,2020-06-28T00:00:00,7.0,True,1,1,1,3
DO-20-1170|2020-06-28,DO-20-1170,DO-20-1170,J:DO,CR20,f,2020-06-28,1,0,True,-1,no_assessment_in_window,,,False,0,0,0,3
DO-20-1170|2020-07-19,DO-20-1170,DO-20-1170,J:DO,CR20,f,2020-07-19,0,0,True,-1,no_assessment_in_window,,,False,0,0,0,3
DO-20-1170|2020-08-03,DO-20-1170,DO-20-1170,J:DO,CR20,f,2020-08-03,1,0,True,-1,no_assessment_in_window,,,False,0,0,0,3
DO-20-1170|2020-08-25,DO-20-1170,DO-20-1170,J:DO,CR20,f,2020-08-25,1,0,True,1,observed_burden,2020-08-30T00:00:00,5.0,True,1,1,1,3
DO-20-1170|2020-08-30,DO-20-1170,DO-20-1170,J:DO,CR20,f,2020-08-30,1,0,True,-1,no_assessment_in_window,,,False,0,0,0,3
DO-20-1170|2020-09-14,DO-20-1170,DO-20-1170,J:DO,CR20,f,2020-09-14,1,0,True,1,observed_burden,2020-09-21T00:00:00,7.0,True,1,1,1,3
DO-20-1170|2020-09-21,DO-20-1170,DO-20-1170,J:DO,CR20,f,2020-09-21,1,0,True,1,observed_burden,2020-09-30T00:00:00,9.0,True,1,1,1,3
DO-20-1170|2020-09-30,DO-20-1170,DO-20-1170,J:DO,CR20,f,2020-09-30,1,0,True,-1,no_assessment_in_window,,,False,0,0,0,3
DO-20-1170|2020-10-28,DO-20-1170,DO-20-1170,J:DO,CR20,f,2020-10-28,1,0,True,1,observed_burden,2020-11-04T00:00:00,7.0,True,1,1,1,3
DO-20-1170|2020-11-04,DO-20-1170,DO-20-1170,J:DO,CR20,f,2020-11-04,1,0,True,1,observed_burden,2020-11-10T00:00:00,6.0,True,1,1,1,3
DO-20-1170|2020-11-10,DO-20-1170,DO-20-1170,J:DO,CR20,f,2020-11-10,1,0,True,1,observed_burden,2020-11-17T00:00:00,7.0,True,1,1,1,3
DO-20-1170|2020-11-17,DO-20-1170,DO-20-1170,J:DO,CR20,f,2020-11-17,1,0,True,1,observed_burden,2020-11-24T00:00:00,7.0,True,1,1,1,3
DO-20-1170|2020-11-24,DO-20-1170,DO-20-1170,J:DO,CR20,f,2020-11-24,1,0,True,1,observed_burden,2020-12-01T00:00:00,7.0,True,1,1,1,3
DO-20-1170|2020-12-01,DO-20-1170,DO-20-1170,J:DO,CR20,f,2020-12-01,1,0,True,1,observed_burden,2020-12-08T00:00:00,7.0,True,1,1,1,3
DO-20-1170|2020-12-08,DO-20-1170,DO-20-1170,J:DO,CR20,f,2020-12-08,1,0,True,2,terminal_ES,2020-12-14T00:00:00,,False,0,0,0,3
DO-20-1178|2020-06-22,DO-20-1178,DO-20-1178,J:DO,CR20,f,2020-06-22,0,0,True,0,observed_burden,2020-06-29T00:00:00,7.0,True,1,1,1,3
DO-20-1178|2020-06-29,DO-20-1178,DO-20-1178,J:DO,CR20,f,2020-06-29,0,0,True,0,observed_burden,2020-07-06T00:00:00,7.0,True,1,1,1,3
DO-20-1178|2020-07-06,DO-20-1178,DO-20-1178,J:DO,CR20,f,2020-07-06,0,0,True,-1,no_assessment_in_window,,,False,0,0,0,3
DO-20-1178|2020-07-20,DO-20-1178,DO-20-1178,J:DO,CR20,f,2020-07-20,0,0,True,-1,no_assessment_in_window,,,False,0,0,0,3
DO-20-1178|2020-08-04,DO-20-1178,DO-20-1178,J:DO,CR20,f,2020-08-04,0,0,True,-1,no_assessment_in_window,,,False,0,0,0,3
DO-20-1178|2020-08-25,DO-20-1178,DO-20-1178,J:DO,CR20,f,2020-08-25,1,0,True,-1,no_assessment_in_window,,,False,0,0,0,3
DO-20-1178|2020-09-08,DO-20-1178,DO-20-1178,J:DO,CR20,f,2020-09-08,1,0,True,1,observed_burden,2020-09-14T00:00:00,6.0,True,1,1,1,3
DO-20-1178|2020-09-14,DO-20-1178,DO-20-1178,J:DO,CR20,f,2020-09-14,1,0,True,1,observed_burden,2020-09-21T00:00:00,7.0,True,1,1,1,3
DO-20-1178|2020-09-21,DO-20-1178,DO-20-1178,J:DO,CR20,f,2020-09-21,1,0,True,0,observed_burden,2020-09-30T00:00:00,9.0,True,1,1,1,3
DO-20-1178|2020-09-30,DO-20-1178,DO-20-1178,J:DO,CR20,f,2020-09-30,0,0,True,1,observed_burden,2020-10-06T00:00:00,6.0,True,1,1,1,3
DO-20-1178|2020-10-06,DO-20-1178,DO-20-1178,J:DO,CR20,f,2020-10-06,1,0,True,0,observed_burden,2020-10-12T00:00:00,6.0,True,1,1,1,3
DO-20-1178|2020-10-12,DO-20-1178,DO-20-1178,J:DO,CR20,f,2020-10-12,0,0,True,1,observed_burden,2020-10-20T00:00:00,8.0,True,1,1,1,3
DO-20-1178|2020-10-20,DO-20-1178,DO-20-1178,J:DO,CR20,f,2020-10-20,1,0,True,1,observed_burden,2020-10-28T00:00:00,8.0,True,1,1,1,3
DO-20-1178|2020-10-28,DO-20-1178,DO-20-1178,J:DO,CR20,f,2020-10-28,1,0,True,-1,no_assessment_in_window,,,False,0,0,0,3
DO-20-1178|2020-11-10,DO-20-1178,DO-20-1178,J:DO,CR20,f,2020-11-10,1,0,True,-1,no_assessment_in_window,,,False,0,0,0,3
DO-20-1179|2020-06-22,DO-20-1179,DO-20-1179,J:DO,CR20,f,2020-06-22,1,0,True,1,observed_burden,2020-06-29T00:00:00,7.0,True,1,1,1,4
DO-20-1179|2020-06-29,DO-20-1179,DO-20-1179,J:DO,CR20,f,2020-06-29,1,0,True,0,observed_burden,2020-07-06T00:00:00,7.0,True,1,1,1,4
DO-20-1179|2020-07-06,DO-20-1179,DO-20-1179,J:DO,CR20,f,2020-07-06,0,0,True,-1,no_assessment_in_window,,,False,0,0,0,4
DO-20-1179|2020-07-20,DO-20-1179,DO-20-1179,J:DO,CR20,f,2020-07-20,1,0,True,-1,no_assessment_in_window,,,False,0,0,0,4
DO-20-1179|2020-08-04,DO-20-1179,DO-20-1179,J:DO,CR20,f,2020-08-04,0,0,True,-1,no_assessment_in_window,,,False,0,0,0,4
DO-20-1179|2020-08-25,DO-20-1179,DO-20-1179,J:DO,CR20,f,2020-08-25,1,0,True,-1,no_assessment_in_window,,,False,0,0,0,4
DO-20-1179|2020-09-08,DO-20-1179,DO-20-1179,J:DO,CR20,f,2020-09-08,1,0,True,1,observed_burden,2020-09-14T00:00:00,6.0,True,1,1,1,4
DO-20-1179|2020-09-14,DO-20-1179,DO-20-1179,J:DO,CR20,f,2020-09-14,1,0,True,1,observed_burden,2020-09-21T00:00:00,7.0,True,1,1,1,4
DO-20-1179|2020-09-21,DO-20-1179,DO-20-1179,J:DO,CR20,f,2020-09-21,1,0,True,1,observed_burden,2020-09-30T00:00:00,9.0,True,1,1,1,4
DO-20-1179|2020-09-30,DO-20-1179,DO-20-1179,J:DO,CR20,f,2020-09-30,1,0,True,1,observed_burden,2020-10-06T00:00:00,6.0,True,1,1,1,4
DO-20-1179|2020-10-06,DO-20-1179,DO-20-1179,J:DO,CR20,f,2020-10-06,1,0,True,1,observed_burden,2020-10-12T00:00:00,6.0,True,1,1,1,4
DO-20-1179|2020-10-12,DO-20-1179,DO-20-1179,J:DO,CR20,f,2020-10-12,1,0,True,1,observed_burden,2020-10-20T00:00:00,8.0,True,1,1,1,4
DO-20-1179|2020-10-20,DO-20-1179,DO-20-1179,J:DO,CR20,f,2020-10-20,1,0,True,2,terminal_ES,2020-10-28T00:00:00,,False,0,0,0,4
DO-20-1183|2020-06-22,DO-20-1183,DO-20-1183,J:DO,CR20,f,2020-06-22,0,0,True,1,observed_burden,2020-06-29T00:00:00,7.0,True,1,1,1,3
DO-20-1183|2020-06-29,DO-20-1183,DO-20-1183,J:DO,CR20,f,2020-06-29,1,0,True,1,observed_burden,2020-07-06T00:00:00,7.0,True,1,1,1,3
DO-20-1183|2020-07-06,DO-20-1183,DO-20-1183,J:DO,CR20,f,2020-07-06,1,0,True,-1,no_assessment_in_window,,,False,0,0,0,3
DO-20-1183|2020-07-20,DO-20-1183,DO-20-1183,J:DO,CR20,f,2020-07-20,0,0,True,-1,no_assessment_in_window,,,False,0,0,0,3
DO-20-1183|2020-08-04,DO-20-1183,DO-20-1183,J:DO,CR20,f,2020-08-04,1,0,True,-1,no_assessment_in_window,,,False,0,0,0,3
DO-20-1183|2020-08-25,DO-20-1183,DO-20-1183,J:DO,CR20,f,2020-08-25,1,0,True,-1,no_assessment_in_window,,,False,0,0,0,3
DO-20-1183|2020-09-08,DO-20-1183,DO-20-1183,J:DO,CR20,f,2020-09-08,1,0,True,1,observed_burden,2020-09-14T00:00:00,6.0,True,1,1,1,3
DO-20-1183|2020-09-14,DO-20-1183,DO-20-1183,J:DO,CR20,f,2020-09-14,1,0,True,1,observed_burden,2020-09-21T00:00:00,7.0,True,1,1,1,3
DO-20-1183|2020-09-21,DO-20-1183,DO-20-1183,J:DO,CR20,f,2020-09-21,1,0,True,2,terminal_ES,2020-09-24T00:00:00,,False,0,0,0,3
DO-20-1186|2020-06-22,DO-20-1186,DO-20-1186,J:DO,CR20,f,2020-06-22,0,0,True,0,observed_burden,2020-06-29T00:00:00,7.0,True,1,1,1,0
DO-20-1186|2020-06-29,DO-20-1186,DO-20-1186,J:DO,CR20,f,2020-06-29,0,0,True,1,observed_burden,2020-07-06T00:00:00,7.0,True,1,1,1,0
DO-20-1186|2020-07-06,DO-20-1186,DO-20-1186,J:DO,CR20,f,2020-07-06,1,0,True,-1,no_assessment_in_window,,,False,0,0,0,0
DO-20-1186|2020-07-20,DO-20-1186,DO-20-1186,J:DO,CR20,f,2020-07-20,0,0,True,-1,no_assessment_in_window,,,False,0,0,0,0
DO-20-1186|2020-08-04,DO-20-1186,DO-20-1186,J:DO,CR20,f,2020-08-04,0,0,True,-1,no_assessment_in_window,,,False,0,0,0,0
DO-20-1186|2020-08-25,DO-20-1186,DO-20-1186,J:DO,CR20,f,2020-08-25,1,0,True,-1,no_assessment_in_window,,,False,0,0,0,0
DO-20-1186|2020-09-08,DO-20-1186,DO-20-1186,J:DO,CR20,f,2020-09-08,0,0,True,1,observed_burden,2020-09-14T00:00:00,6.0,True,1,1,1,0
DO-20-1186|2020-09-14,DO-20-1186,DO-20-1186,J:DO,CR20,f,2020-09-14,1,0,True,1,observed_burden,2020-09-21T00:00:00,7.0,True,1,1,1,0
DO-20-1186|2020-09-21,DO-20-1186,DO-20-1186,J:DO,CR20,f,2020-09-21,1,0,True,1,observed_burden,2020-09-30T00:00:00,9.0,True,1,1,1,0
DO-20-1186|2020-09-30,DO-20-1186,DO-20-1186,J:DO,CR20,f,2020-09-30,1,0,True,1,observed_burden,2020-10-06T00:00:00,6.0,True,1,1,1,0
DO-20-1186|2020-10-06,DO-20-1186,DO-20-1186,J:DO,CR20,f,2020-10-06,1,0,True,1,observed_burden,2020-10-12T00:00:00,6.0,True,1,1,1,0
DO-20-1186|2020-10-12,DO-20-1186,DO-20-1186,J:DO,CR20,f,2020-10-12,1,0,True,1,observed_burden,2020-10-20T00:00:00,8.0,True,1,1,1,0
DO-20-1186|2020-10-20,DO-20-1186,DO-20-1186,J:DO,CR20,f,2020-10-20,1,0,True,1,observed_burden,2020-10-28T00:00:00,8.0,True,1,1,1,0
DO-20-1186|2020-10-28,DO-20-1186,DO-20-1186,J:DO,CR20,f,2020-10-28,1,0,True,-1,no_assessment_in_window,,,False,0,0,0,0
DO-20-1186|2020-11-10,DO-20-1186,DO-20-1186,J:DO,CR20,f,2020-11-10,1,0,True,-1,no_assessment_in_window,,,False,0,0,0,0
DO-20-1186|2020-11-24,DO-20-1186,DO-20-1186,J:DO,CR20,f,2020-11-24,1,0,True,1,observed_burden,2020-12-01T00:00:00,7.0,True,1,1,1,0
DO-20-1186|2020-12-01,DO-20-1186,DO-20-1186,J:DO,CR20,f,2020-12-01,1,0,True,1,observed_burden,2020-12-08T00:00:00,7.0,True,1,1,1,0
DO-20-1186|2020-12-08,DO-20-1186,DO-20-1186,J:DO,CR20,f,2020-12-08,1,0,True,0,observed_burden,2020-12-15T00:00:00,7.0,True,1,1,1,0
DO-20-1186|2020-12-15,DO-20-1186,DO-20-1186,J:DO,CR20,f,2020-12-15,0,0,True,1,observed_burden,2020-12-22T00:00:00,7.0,True,1,1,1,0
DO-20-1186|2020-12-22,DO-20-1186,DO-20-1186,J:DO,CR20,f,2020-12-22,1,0,True,1,observed_burden,2020-12-29T00:00:00,7.0,True,1,1,1,0
DO-20-1186|2020-12-29,DO-20-1186,DO-20-1186,J:DO,CR20,f,2020-12-29,1,0,True,1,observed_burden,2021-01-05T00:00:00,7.0,True,1,1,1,0
DO-20-1186|2021-01-05,DO-20-1186,DO-20-1186,J:DO,CR20,f,2021-01-05,1,0,True,1,observed_burden,2021-01-11T00:00:00,6.0,True,1,1,1,0
DO-20-1186|2021-01-11,DO-20-1186,DO-20-1186,J:DO,CR20,f,2021-01-11,1,0,True,1,observed_burden,2021-01-19T00:00:00,8.0,True,1,1,1,0
DO-20-1186|2021-01-19,DO-20-1186,DO-20-1186,J:DO,CR20,f,2021-01-19,1,0,True,1,observed_burden,2021-01-27T00:00:00,8.0,True,1,1,1,0
DO-20-1186|2021-01-27,DO-20-1186,DO-20-1186,J:DO,CR20,f,2021-01-27,1,0,True,1,observed_burden,2021-02-01T00:00:00,5.0,True,1,1,1,0
DO-20-1186|2021-02-01,DO-20-1186,DO-20-1186,J:DO,CR20,f,2021-02-01,1,0,True,1,observed_burden,2021-02-09T00:00:00,8.0,True,1,1,1,0
DO-20-1186|2021-02-09,DO-20-1186,DO-20-1186,J:DO,CR20,f,2021-02-09,1,0,True,1,observed_burden,2021-02-15T00:00:00,6.0,True,1,1,1,0
DO-20-1186|2021-02-15,DO-20-1186,DO-20-1186,J:DO,CR20,f,2021-02-15,1,0,True,1,observed_burden,2021-02-23T00:00:00,8.0,True,1,1,1,0
DO-20-1186|2021-02-23,DO-20-1186,DO-20-1186,J:DO,CR20,f,2021-02-23,1,0,True,1,observed_burden,2021-03-03T00:00:00,8.0,True,1,1,1,0
DO-20-1186|2021-03-03,DO-20-1186,DO-20-1186,J:DO,CR20,f,2021-03-03,1,0,True,1,observed_burden,2021-03-09T00:00:00,6.0,True,1,1,1,0
DO-20-1186|2021-03-09,DO-20-1186,DO-20-1186,J:DO,CR20,f,2021-03-09,1,0,True,1,observed_burden,2021-03-15T00:00:00,6.0,True,1,1,1,0
DO-20-1186|2021-03-15,DO-20-1186,DO-20-1186,J:DO,CR20,f,2021-03-15,1,0,True,1,observed_burden,2021-03-22T00:00:00,7.0,True,1,1,1,0
DO-20-1186|2021-03-22,DO-20-1186,DO-20-1186,J:DO,CR20,f,2021-03-22,1,0,True,2,terminal_FD,2021-03-29T00:00:00,,False,0,0,0,0
DO-20-1188|2020-06-22,DO-20-1188,DO-20-1188,J:DO,CR20,f,2020-06-22,1,0,True,1,observed_burden,2020-06-29T00:00:00,7.0,True,1,1,1,4
DO-20-1188|2020-06-29,DO-20-1188,DO-20-1188,J:DO,CR20,f,2020-06-29,1,0,True,1,observed_burden,2020-07-06T00:00:00,7.0,True,1,1,1,4
DO-20-1188|2020-07-06,DO-20-1188,DO-20-1188,J:DO,CR20,f,2020-07-06,1,0,True,-1,no_assessment_in_window,,,False,0,0,0,4
DO-20-1188|2020-07-20,DO-20-1188,DO-20-1188,J:DO,CR20,f,2020-07-20,1,0,True,-1,no_assessment_in_window,,,False,0,0,0,4
DO-20-1188|2020-08-04,DO-20-1188,DO-20-1188,J:DO,CR20,f,2020-08-04,1,0,True,-1,no_assessment_in_window,,,False,0,0,0,4
DO-20-1188|2020-08-25,DO-20-1188,DO-20-1188,J:DO,CR20,f,2020-08-25,1,0,True,-1,no_assessment_in_window,,,False,0,0,0,4
DO-20-1188|2020-09-08,DO-20-1188,DO-20-1188,J:DO,CR20,f,2020-09-08,1,0,True,1,observed_burden,2020-09-14T00:00:00,6.0,True,1,1,1,4
DO-20-1188|2020-09-14,DO-20-1188,DO-20-1188,J:DO,CR20,f,2020-09-14,1,0,True,1,observed_burden,2020-09-21T00:00:00,7.0,True,1,1,1,4
DO-20-1188|2020-09-21,DO-20-1188,DO-20-1188,J:DO,CR20,f,2020-09-21,1,0,True,1,observed_burden,2020-09-30T00:00:00,9.0,True,1,1,1,4
DO-20-1188|2020-09-30,DO-20-1188,DO-20-1188,J:DO,CR20,f,2020-09-30,1,0,True,1,observed_burden,2020-10-06T00:00:00,6.0,True,1,1,1,4
DO-20-1188|2020-10-06,DO-20-1188,DO-20-1188,J:DO,CR20,f,2020-10-06,1,0,True,1,observed_burden,2020-10-12T00:00:00,6.0,True,1,1,1,4
DO-20-1188|2020-10-12,DO-20-1188,DO-20-1188,J:DO,CR20,f,2020-10-12,1,0,True,1,observed_burden,2020-10-20T00:00:00,8.0,True,1,1,1,4
DO-20-1188|2020-10-20,DO-20-1188,DO-20-1188,J:DO,CR20,f,2020-10-20,1,0,True,1,observed_burden,2020-10-28T00:00:00,8.0,True,1,1,1,4
DO-20-1188|2020-10-28,DO-20-1188,DO-20-1188,J:DO,CR20,f,2020-10-28,1,0,True,-1,no_assessment_in_window,,,False,0,0,0,4
DO-20-1188|2020-11-10,DO-20-1188,DO-20-1188,J:DO,CR20,f,2020-11-10,1,0,True,-1,no_assessment_in_window,,,False,0,0,0,4
DO-20-1188|2020-11-24,DO-20-1188,DO-20-1188,J:DO,CR20,f,2020-11-24,1,0,True,1,observed_burden,2020-12-01T00:00:00,7.0,True,1,1,1,4
DO-20-1188|2020-12-01,DO-20-1188,DO-20-1188,J:DO,CR20,f,2020-12-01,1,0,True,1,observed_burden,2020-12-08T00:00:00,7.0,True,1,1,1,4
DO-20-1188|2020-12-08,DO-20-1188,DO-20-1188,J:DO,CR20,f,2020-12-08,1,0,True,1,observed_burden,2020-12-15T00:00:00,7.0,True,1,1,1,4
DO-20-1188|2020-12-15,DO-20-1188,DO-20-1188,J:DO,CR20,f,2020-12-15,1,0,True,1,observed_burden,2020-12-22T00:00:00,7.0,True,1,1,1,4
DO-20-1188|2020-12-22,DO-20-1188,DO-20-1188,J:DO,CR20,f,2020-12-22,1,0,True,1,observed_burden,2020-12-29T00:00:00,7.0,True,1,1,1,4
DO-20-1188|2020-12-29,DO-20-1188,DO-20-1188,J:DO,CR20,f,2020-12-29,1,0,True,1,observed_burden,2021-01-05T00:00:00,7.0,True,1,1,1,4
DO-20-1188|2021-01-05,DO-20-1188,DO-20-1188,J:DO,CR20,f,2021-01-05,1,0,True,1,observed_burden,2021-01-11T00:00:00,6.0,True,1,1,1,4
DO-20-1188|2021-01-11,DO-20-1188,DO-20-1188,J:DO,CR20,f,2021-01-11,1,0,True,1,observed_burden,2021-01-19T00:00:00,8.0,True,1,1,1,4
DO-20-1188|2021-01-19,DO-20-1188,DO-20-1188,J:DO,CR20,f,2021-01-19,1,0,True,1,observed_burden,2021-01-27T00:00:00,8.0,True,1,1,1,4
DO-20-1188|2021-01-27,DO-20-1188,DO-20-1188,J:DO,CR20,f,2021-01-27,1,0,True,1,observed_burden,2021-02-01T00:00:00,5.0,True,1,1,1,4
DO-20-1188|2021-02-01,DO-20-1188,DO-20-1188,J:DO,CR20,f,2021-02-01,1,0,True,1,observed_burden,2021-02-09T00:00:00,8.0,True,1,1,1,4
DO-20-1188|2021-02-09,DO-20-1188,DO-20-1188,J:DO,CR20,f,2021-02-09,1,0,True,2,terminal_FD,2021-02-15T00:00:00,,False,0,0,0,4
DO-20-1189|2020-06-22,DO-20-1189,DO-20-1189,J:DO,CR20,f,2020-06-22,0,0,True,0,observed_burden,2020-06-29T00:00:00,7.0,True,1,1,1,2
DO-20-1189|2020-06-29,DO-20-1189,DO-20-1189,J:DO,CR20,f,2020-06-29,0,0,True,1,observed_burden,2020-07-06T00:00:00,7.0,True,1,1,1,2
DO-20-1189|2020-07-06,DO-20-1189,DO-20-1189,J:DO,CR20,f,2020-07-06,1,0,True,-1,no_assessment_in_window,,,False,0,0,0,2
DO-20-1189|2020-07-20,DO-20-1189,DO-20-1189,J:DO,CR20,f,2020-07-20,1,0,True,-1,no_assessment_in_window,,,False,0,0,0,2
DO-20-1189|2020-08-04,DO-20-1189,DO-20-1189,J:DO,CR20,f,2020-08-04,1,0,True,2,terminal_FD,2020-08-09T00:00:00,,False,0,0,0,2
DO-20-1190|2020-06-22,DO-20-1190,DO-20-1190,J:DO,CR20,f,2020-06-22,0,0,True,1,observed_burden,2020-06-29T00:00:00,7.0,True,1,1,1,3
DO-20-1190|2020-06-29,DO-20-1190,DO-20-1190,J:DO,CR20,f,2020-06-29,1,0,True,0,observed_burden,2020-07-06T00:00:00,7.0,True,1,1,1,3
DO-20-1190|2020-07-06,DO-20-1190,DO-20-1190,J:DO,CR20,f,2020-07-06,0,0,True,-1,no_assessment_in_window,,,False,0,0,0,3
DO-20-1190|2020-07-20,DO-20-1190,DO-20-1190,J:DO,CR20,f,2020-07-20,0,0,True,-1,no_assessment_in_window,,,False,0,0,0,3
DO-20-1190|2020-08-04,DO-20-1190,DO-20-1190,J:DO,CR20,f,2020-08-04,1,0,True,-1,no_assessment_in_window,,,False,0,0,0,3
DO-20-1190|2020-08-25,DO-20-1190,DO-20-1190,J:DO,CR20,f,2020-08-25,1,0,True,-1,no_assessment_in_window,,,False,0,0,0,3
DO-20-1190|2020-09-08,DO-20-1190,DO-20-1190,J:DO,CR20,f,2020-09-08,1,0,True,1,observed_burden,2020-09-14T00:00:00,6.0,True,1,1,1,3
DO-20-1190|2020-09-14,DO-20-1190,DO-20-1190,J:DO,CR20,f,2020-09-14,1,0,True,1,observed_burden,2020-09-21T00:00:00,7.0,True,1,1,1,3
DO-20-1190|2020-09-21,DO-20-1190,DO-20-1190,J:DO,CR20,f,2020-09-21,1,0,True,1,observed_burden,2020-09-30T00:00:00,9.0,True,1,1,1,3
DO-20-1190|2020-09-30,DO-20-1190,DO-20-1190,J:DO,CR20,f,2020-09-30,1,0,True,1,observed_burden,2020-10-06T00:00:00,6.0,True,1,1,1,3
DO-20-1190|2020-10-06,DO-20-1190,DO-20-1190,J:DO,CR20,f,2020-10-06,1,0,True,1,observed_burden,2020-10-12T00:00:00,6.0,True,1,1,1,3
DO-20-1190|2020-10-12,DO-20-1190,DO-20-1190,J:DO,CR20,f,2020-10-12,1,0,True,1,observed_burden,2020-10-20T00:00:00,8.0,True,1,1,1,3
DO-20-1190|2020-10-20,DO-20-1190,DO-20-1190,J:DO,CR20,f,2020-10-20,1,0,True,2,terminal_ES,2020-10-28T00:00:00,,False,0,0,0,3
DO-2D-4039|2019-10-08,DO-2D-4039,DO-2D-4039,J:DO,IF2,f,2019-10-08,1,2,False,1,observed_burden,2019-10-15T00:00:00,7.0,True,1,1,1,0
DO-2D-4039|2019-10-15,DO-2D-4039,DO-2D-4039,J:DO,IF2,f,2019-10-15,1,0,True,1,observed_burden,2019-10-22T00:00:00,7.0,True,1,1,1,0
DO-2D-4039|2019-10-22,DO-2D-4039,DO-2D-4039,J:DO,IF2,f,2019-10-22,1,0,True,1,observed_burden,2019-10-29T00:00:00,7.0,True,1,1,1,0
DO-2D-4039|2019-10-29,DO-2D-4039,DO-2D-4039,J:DO,IF2,f,2019-10-29,1,0,True,1,observed_burden,2019-11-06T00:00:00,8.0,True,1,1,1,0
DO-2D-4039|2019-11-06,DO-2D-4039,DO-2D-4039,J:DO,IF2,f,2019-11-06,1,0,True,1,observed_burden,2019-11-13T00:00:00,7.0,True,1,1,1,0
DO-2D-4039|2019-11-13,DO-2D-4039,DO-2D-4039,J:DO,IF2,f,2019-11-13,1,0,True,1,observed_burden,2019-11-20T00:00:00,7.0,True,1,1,1,0
DO-2D-4039|2019-11-20,DO-2D-4039,DO-2D-4039,J:DO,IF2,f,2019-11-20,1,0,True,1,observed_burden,2019-11-26T00:00:00,6.0,True,1,1,1,0
DO-2D-4039|2019-11-26,DO-2D-4039,DO-2D-4039,J:DO,IF2,f,2019-11-26,1,0,True,1,observed_burden,2019-12-04T00:00:00,8.0,True,1,1,1,0
DO-2D-4039|2019-12-04,DO-2D-4039,DO-2D-4039,J:DO,IF2,f,2019-12-04,1,0,True,-1,no_assessment_in_window,,,False,0,0,0,0
DO-2D-4039|2019-12-19,DO-2D-4039,DO-2D-4039,J:DO,IF2,f,2019-12-19,1,0,True,1,observed_burden,2019-12-24T00:00:00,5.0,True,1,1,1,0
DO-2D-4039|2019-12-24,DO-2D-4039,DO-2D-4039,J:DO,IF2,f,2019-12-24,1,0,True,-1,no_assessment_in_window,,,False,0,0,0,0
DO-2D-4039|2020-01-03,DO-2D-4039,DO-2D-4039,J:DO,IF2,f,2020-01-03,1,0,True,-1,no_assessment_in_window,,,False,0,0,0,0
DO-2D-4039|2020-01-15,DO-2D-4039,DO-2D-4039,J:DO,IF2,f,2020-01-15,1,0,True,1,observed_burden,2020-01-20T00:00:00,5.0,True,1,1,1,0
DO-2D-4039|2020-01-20,DO-2D-4039,DO-2D-4039,J:DO,IF2,f,2020-01-20,1,0,True,1,observed_burden,2020-01-27T00:00:00,7.0,True,1,1,1,0
DO-2D-4039|2020-01-27,DO-2D-4039,DO-2D-4039,J:DO,IF2,f,2020-01-27,1,0,True,1,observed_burden,2020-02-03T00:00:00,7.0,True,1,1,1,0
DO-2D-4039|2020-02-03,DO-2D-4039,DO-2D-4039,J:DO,IF2,f,2020-02-03,1,0,True,1,observed_burden,2020-02-11T00:00:00,8.0,True,1,1,1,0
DO-2D-4039|2020-02-11,DO-2D-4039,DO-2D-4039,J:DO,IF2,f,2020-02-11,1,0,True,1,observed_burden,2020-02-18T00:00:00,7.0,True,1,1,1,0
DO-2D-4039|2020-02-18,DO-2D-4039,DO-2D-4039,J:DO,IF2,f,2020-02-18,1,0,True,1,observed_burden,2020-02-25T00:00:00,7.0,True,1,1,1,0
DO-2D-4039|2020-02-25,DO-2D-4039,DO-2D-4039,J:DO,IF2,f,2020-02-25,1,0,True,2,terminal_ES,2020-02-28T00:00:00,,False,0,0,0,0
DO-2D-4043|2019-10-08,DO-2D-4043,DO-2D-4043,J:DO,IF2,f,2019-10-08,-1,2,False,1,observed_burden,2019-10-15T00:00:00,7.0,True,1,1,1,3
DO-2D-4043|2019-10-15,DO-2D-4043,DO-2D-4043,J:DO,IF2,f,2019-10-15,1,0,True,1,observed_burden,2019-10-22T00:00:00,7.0,True,1,1,1,3
DO-2D-4043|2019-10-22,DO-2D-4043,DO-2D-4043,J:DO,IF2,f,2019-10-22,1,0,True,2,terminal_FD,2019-10-30T00:00:00,,False,0,0,0,3
DO-2D-4062|2019-10-08,DO-2D-4062,DO-2D-4062,J:DO,IF2,f,2019-10-08,-1,2,False,-1,no_assessment_in_window,,,False,0,0,0,0
DO-2D-4062|2019-10-22,DO-2D-4062,DO-2D-4062,J:DO,IF2,f,2019-10-22,1,0,True,1,observed_burden,2019-10-29T00:00:00,7.0,True,1,1,1,0
DO-2D-4062|2019-10-29,DO-2D-4062,DO-2D-4062,J:DO,IF2,f,2019-10-29,1,0,True,1,observed_burden,2019-11-06T00:00:00,8.0,True,1,1,1,0
DO-2D-4062|2019-11-06,DO-2D-4062,DO-2D-4062,J:DO,IF2,f,2019-11-06,1,0,True,-1,no_assessment_in_window,,,False,0,0,0,0
DO-2D-4062|2019-11-26,DO-2D-4062,DO-2D-4062,J:DO,IF2,f,2019-11-26,1,0,True,1,observed_burden,2019-12-04T00:00:00,8.0,True,1,1,1,0
DO-2D-4062|2019-12-04,DO-2D-4062,DO-2D-4062,J:DO,IF2,f,2019-12-04,1,0,True,1,observed_burden,2019-12-11T00:00:00,7.0,True,1,1,1,0
DO-2D-4062|2019-12-11,DO-2D-4062,DO-2D-4062,J:DO,IF2,f,2019-12-11,1,0,True,1,observed_burden,2019-12-19T00:00:00,8.0,True,1,1,1,0
DO-2D-4062|2019-12-19,DO-2D-4062,DO-2D-4062,J:DO,IF2,f,2019-12-19,1,0,True,-1,no_assessment_in_window,,,False,0,0,0,0
DO-2D-4072|2019-10-08,DO-2D-4072,DO-2D-4072,J:DO,IF2,f,2019-10-08,-1,2,False,1,observed_burden,2019-10-15T00:00:00,7.0,True,1,1,1,3
DO-2D-4072|2019-10-15,DO-2D-4072,DO-2D-4072,J:DO,IF2,f,2019-10-15,1,0,True,-1,no_assessment_in_window,,,False,0,0,0,3
DO-2D-4079|2019-10-08,DO-2D-4079,DO-2D-4079,J:DO,IF2,f,2019-10-08,1,2,False,1,observed_burden,2019-10-15T00:00:00,7.0,True,1,1,1,1
DO-2D-4079|2019-10-15,DO-2D-4079,DO-2D-4079,J:DO,IF2,f,2019-10-15,1,0,True,-1,no_assessment_in_window,,,False,0,0,0,1
DO-2D-4079|2019-11-05,DO-2D-4079,DO-2D-4079,J:DO,IF2,f,2019-11-05,1,0,True,1,observed_burden,2019-11-12T00:00:00,7.0,True,1,1,1,1
DO-2D-4079|2019-11-12,DO-2D-4079,DO-2D-4079,J:DO,IF2,f,2019-11-12,1,0,True,1,observed_burden,2019-11-19T00:00:00,7.0,True,1,1,1,1
DO-2D-4079|2019-11-19,DO-2D-4079,DO-2D-4079,J:DO,IF2,f,2019-11-19,1,0,True,1,observed_burden,2019-11-25T00:00:00,6.0,True,1,1,1,1
DO-2D-4079|2019-11-25,DO-2D-4079,DO-2D-4079,J:DO,IF2,f,2019-11-25,1,0,True,1,observed_burden,2019-12-03T00:00:00,8.0,True,1,1,1,1
DO-2D-4079|2019-12-03,DO-2D-4079,DO-2D-4079,J:DO,IF2,f,2019-12-03,1,0,True,1,observed_burden,2019-12-10T00:00:00,7.0,True,1,1,1,1
DO-2D-4079|2019-12-10,DO-2D-4079,DO-2D-4079,J:DO,IF2,f,2019-12-10,1,0,True,0,observed_burden,2019-12-17T00:00:00,7.0,True,1,1,1,1
DO-2D-4079|2019-12-17,DO-2D-4079,DO-2D-4079,J:DO,IF2,f,2019-12-17,0,0,True,2,terminal_FD,2019-12-23T00:00:00,,False,0,0,0,1
DO-2D-4083|2019-10-08,DO-2D-4083,DO-2D-4083,J:DO,IF2,f,2019-10-08,0,2,False,0,observed_burden,2019-10-15T00:00:00,7.0,True,1,1,1,0
DO-2D-4083|2019-10-15,DO-2D-4083,DO-2D-4083,J:DO,IF2,f,2019-10-15,0,0,True,0,observed_burden,2019-10-22T00:00:00,7.0,True,1,1,1,0
DO-2D-4083|2019-10-22,DO-2D-4083,DO-2D-4083,J:DO,IF2,f,2019-10-22,0,0,True,-1,no_assessment_in_window,,,False,0,0,0,0
DO-2D-4083|2019-11-13,DO-2D-4083,DO-2D-4083,J:DO,IF2,f,2019-11-13,1,0,True,1,observed_burden,2019-11-20T00:00:00,7.0,True,1,1,1,0
DO-2D-4083|2019-11-20,DO-2D-4083,DO-2D-4083,J:DO,IF2,f,2019-11-20,1,0,True,0,observed_burden,2019-11-26T00:00:00,6.0,True,1,1,1,0
DO-2D-4083|2019-11-26,DO-2D-4083,DO-2D-4083,J:DO,IF2,f,2019-11-26,0,0,True,1,observed_burden,2019-12-04T00:00:00,8.0,True,1,1,1,0
DO-2D-4083|2019-12-04,DO-2D-4083,DO-2D-4083,J:DO,IF2,f,2019-12-04,1,0,True,1,observed_burden,2019-12-11T00:00:00,7.0,True,1,1,1,0
DO-2D-4083|2019-12-11,DO-2D-4083,DO-2D-4083,J:DO,IF2,f,2019-12-11,1,0,True,1,observed_burden,2019-12-19T00:00:00,8.0,True,1,1,1,0
DO-2D-4083|2019-12-19,DO-2D-4083,DO-2D-4083,J:DO,IF2,f,2019-12-19,1,0,True,1,observed_burden,2019-12-24T00:00:00,5.0,True,1,1,1,0
DO-2D-4083|2019-12-24,DO-2D-4083,DO-2D-4083,J:DO,IF2,f,2019-12-24,1,0,True,-1,no_assessment_in_window,,,False,0,0,0,0
DO-2D-4083|2020-01-03,DO-2D-4083,DO-2D-4083,J:DO,IF2,f,2020-01-03,1,0,True,1,observed_burden,2020-01-08T00:00:00,5.0,True,1,1,1,0
DO-2D-4083|2020-01-08,DO-2D-4083,DO-2D-4083,J:DO,IF2,f,2020-01-08,1,0,True,1,observed_burden,2020-01-15T00:00:00,7.0,True,1,1,1,0
DO-2D-4083|2020-01-15,DO-2D-4083,DO-2D-4083,J:DO,IF2,f,2020-01-15,1,0,True,0,observed_burden,2020-01-20T00:00:00,5.0,True,1,1,1,0
DO-2D-4083|2020-01-20,DO-2D-4083,DO-2D-4083,J:DO,IF2,f,2020-01-20,0,0,True,1,observed_burden,2020-01-27T00:00:00,7.0,True,1,1,1,0
DO-2D-4083|2020-01-27,DO-2D-4083,DO-2D-4083,J:DO,IF2,f,2020-01-27,1,0,True,2,terminal_ES,2020-01-30T00:00:00,,False,0,0,0,0
DO-2D-4084|2019-10-08,DO-2D-4084,DO-2D-4084,J:DO,IF2,f,2019-10-08,-1,2,False,1,observed_burden,2019-10-15T00:00:00,7.0,True,1,1,1,2
DO-2D-4084|2019-10-15,DO-2D-4084,DO-2D-4084,J:DO,IF2,f,2019-10-15,1,0,True,1,observed_burden,2019-10-22T00:00:00,7.0,True,1,1,1,2
DO-2D-4084|2019-10-22,DO-2D-4084,DO-2D-4084,J:DO,IF2,f,2019-10-22,1,0,True,-1,no_assessment_in_window,,,False,0,0,0,2
DO-2D-4084|2019-11-13,DO-2D-4084,DO-2D-4084,J:DO,IF2,f,2019-11-13,1,0,True,0,observed_burden,2019-11-20T00:00:00,7.0,True,1,1,1,2
DO-2D-4084|2019-11-20,DO-2D-4084,DO-2D-4084,J:DO,IF2,f,2019-11-20,0,0,True,0,observed_burden,2019-11-26T00:00:00,6.0,True,1,1,1,2
DO-2D-4084|2019-11-26,DO-2D-4084,DO-2D-4084,J:DO,IF2,f,2019-11-26,0,0,True,1,observed_burden,2019-12-04T00:00:00,8.0,True,1,1,1,2
DO-2D-4084|2019-12-04,DO-2D-4084,DO-2D-4084,J:DO,IF2,f,2019-12-04,1,0,True,1,observed_burden,2019-12-11T00:00:00,7.0,True,1,1,1,2
DO-2D-4084|2019-12-11,DO-2D-4084,DO-2D-4084,J:DO,IF2,f,2019-12-11,1,0,True,1,observed_burden,2019-12-19T00:00:00,8.0,True,1,1,1,2
DO-2D-4084|2019-12-19,DO-2D-4084,DO-2D-4084,J:DO,IF2,f,2019-12-19,1,0,True,1,observed_burden,2019-12-24T00:00:00,5.0,True,1,1,1,2
DO-2D-4084|2019-12-24,DO-2D-4084,DO-2D-4084,J:DO,IF2,f,2019-12-24,1,0,True,-1,no_assessment_in_window,,,False,0,0,0,2
DO-2D-4084|2020-01-03,DO-2D-4084,DO-2D-4084,J:DO,IF2,f,2020-01-03,1,0,True,0,observed_burden,2020-01-08T00:00:00,5.0,True,1,1,1,2
DO-2D-4084|2020-01-08,DO-2D-4084,DO-2D-4084,J:DO,IF2,f,2020-01-08,0,0,True,1,observed_burden,2020-01-15T00:00:00,7.0,True,1,1,1,2
DO-2D-4084|2020-01-15,DO-2D-4084,DO-2D-4084,J:DO,IF2,f,2020-01-15,1,0,True,1,observed_burden,2020-01-20T00:00:00,5.0,True,1,1,1,2
DO-2D-4084|2020-01-20,DO-2D-4084,DO-2D-4084,J:DO,IF2,f,2020-01-20,1,0,True,1,observed_burden,2020-01-27T00:00:00,7.0,True,1,1,1,2
DO-2D-4084|2020-01-27,DO-2D-4084,DO-2D-4084,J:DO,IF2,f,2020-01-27,1,0,True,1,observed_burden,2020-02-03T00:00:00,7.0,True,1,1,1,2
DO-2D-4084|2020-02-03,DO-2D-4084,DO-2D-4084,J:DO,IF2,f,2020-02-03,1,0,True,0,observed_burden,2020-02-11T00:00:00,8.0,True,1,1,1,2
DO-2D-4084|2020-02-11,DO-2D-4084,DO-2D-4084,J:DO,IF2,f,2020-02-11,0,0,True,1,observed_burden,2020-02-18T00:00:00,7.0,True,1,1,1,2
DO-2D-4084|2020-02-18,DO-2D-4084,DO-2D-4084,J:DO,IF2,f,2020-02-18,1,0,True,1,observed_burden,2020-02-25T00:00:00,7.0,True,1,1,1,2
DO-2D-4084|2020-02-25,DO-2D-4084,DO-2D-4084,J:DO,IF2,f,2020-02-25,1,0,True,2,terminal_FD,2020-03-02T00:00:00,,False,0,0,0,2
DO-2D-4092|2019-10-08,DO-2D-4092,DO-2D-4092,J:DO,IF2,f,2019-10-08,-1,2,False,1,observed_burden,2019-10-15T00:00:00,7.0,True,1,1,1,2
DO-2D-4092|2019-10-15,DO-2D-4092,DO-2D-4092,J:DO,IF2,f,2019-10-15,1,0,True,0,observed_burden,2019-10-22T00:00:00,7.0,True,1,1,1,2
DO-2D-4092|2019-10-22,DO-2D-4092,DO-2D-4092,J:DO,IF2,f,2019-10-22,0,0,True,-1,no_assessment_in_window,,,False,0,0,0,2
DO-2D-4092|2019-11-13,DO-2D-4092,DO-2D-4092,J:DO,IF2,f,2019-11-13,0,0,True,1,observed_burden,2019-11-20T00:00:00,7.0,True,1,1,1,2
DO-2D-4092|2019-11-20,DO-2D-4092,DO-2D-4092,J:DO,IF2,f,2019-11-20,1,0,True,1,observed_burden,2019-11-26T00:00:00,6.0,True,1,1,1,2
DO-2D-4092|2019-11-26,DO-2D-4092,DO-2D-4092,J:DO,IF2,f,2019-11-26,1,0,True,0,observed_burden,2019-12-04T00:00:00,8.0,True,1,1,1,2
DO-2D-4092|2019-12-04,DO-2D-4092,DO-2D-4092,J:DO,IF2,f,2019-12-04,0,0,True,0,observed_burden,2019-12-11T00:00:00,7.0,True,1,1,1,2
DO-2D-4092|2019-12-11,DO-2D-4092,DO-2D-4092,J:DO,IF2,f,2019-12-11,0,0,True,1,observed_burden,2019-12-19T00:00:00,8.0,True,1,1,1,2
DO-2D-4092|2019-12-19,DO-2D-4092,DO-2D-4092,J:DO,IF2,f,2019-12-19,1,0,True,0,observed_burden,2019-12-24T00:00:00,5.0,True,1,1,1,2
DO-2D-4092|2019-12-24,DO-2D-4092,DO-2D-4092,J:DO,IF2,f,2019-12-24,0,0,True,-1,no_assessment_in_window,,,False,0,0,0,2
DO-2D-4092|2020-01-03,DO-2D-4092,DO-2D-4092,J:DO,IF2,f,2020-01-03,1,0,True,1,observed_burden,2020-01-08T00:00:00,5.0,True,1,1,1,2
DO-2D-4092|2020-01-08,DO-2D-4092,DO-2D-4092,J:DO,IF2,f,2020-01-08,1,0,True,1,observed_burden,2020-01-15T00:00:00,7.0,True,1,1,1,2
DO-2D-4092|2020-01-15,DO-2D-4092,DO-2D-4092,J:DO,IF2,f,2020-01-15,1,0,True,2,terminal_FD,2020-01-21T00:00:00,,False,0,0,0,2
DO-2D-4097|2019-12-10,DO-2D-4097,DO-2D-4097,J:DO,IF2,f,2019-12-10,1,0,True,1,observed_burden,2019-12-18T00:00:00,8.0,True,1,1,1,4
DO-2D-4097|2019-12-18,DO-2D-4097,DO-2D-4097,J:DO,IF2,f,2019-12-18,1,0,True,1,observed_burden,2019-12-23T00:00:00,5.0,True,1,1,1,4
DO-2D-4097|2019-12-23,DO-2D-4097,DO-2D-4097,J:DO,IF2,f,2019-12-23,1,0,True,-1,no_assessment_in_window,,,False,0,0,0,4
DO-2D-4097|2020-01-07,DO-2D-4097,DO-2D-4097,J:DO,IF2,f,2020-01-07,1,0,True,1,observed_burden,2020-01-14T00:00:00,7.0,True,1,1,1,4
DO-2D-4097|2020-01-14,DO-2D-4097,DO-2D-4097,J:DO,IF2,f,2020-01-14,1,0,True,-1,survival_through_day9_unestablished,,,True,1,1,1,4
DO-2D-4097|2020-01-20,DO-2D-4097,DO-2D-4097,J:DO,IF2,f,2020-01-20,1,0,True,-1,no_assessment_in_window,,,False,0,0,0,4
DO-2D-4099|2019-12-10,DO-2D-4099,DO-2D-4099,J:DO,IF2,f,2019-12-10,1,0,True,1,observed_burden,2019-12-18T00:00:00,8.0,True,1,1,1,1
DO-2D-4099|2019-12-18,DO-2D-4099,DO-2D-4099,J:DO,IF2,f,2019-12-18,1,0,True,0,observed_burden,2019-12-23T00:00:00,5.0,True,1,1,1,1
DO-2D-4099|2019-12-23,DO-2D-4099,DO-2D-4099,J:DO,IF2,f,2019-12-23,0,0,True,-1,no_assessment_in_window,,,False,0,0,0,1
DO-2D-4099|2020-01-02,DO-2D-4099,DO-2D-4099,J:DO,IF2,f,2020-01-02,1,0,True,1,observed_burden,2020-01-07T00:00:00,5.0,True,1,1,1,1
DO-2D-4099|2020-01-07,DO-2D-4099,DO-2D-4099,J:DO,IF2,f,2020-01-07,1,0,True,1,observed_burden,2020-01-14T00:00:00,7.0,True,1,1,1,1
DO-2D-4099|2020-01-14,DO-2D-4099,DO-2D-4099,J:DO,IF2,f,2020-01-14,1,0,True,1,observed_burden,2020-01-20T00:00:00,6.0,True,1,1,1,1
DO-2D-4099|2020-01-20,DO-2D-4099,DO-2D-4099,J:DO,IF2,f,2020-01-20,1,0,True,-1,no_assessment_in_window,,,False,0,0,0,1
DO-2D-4112|2019-12-10,DO-2D-4112,DO-2D-4112,J:DO,IF2,f,2019-12-10,1,0,True,1,observed_burden,2019-12-18T00:00:00,8.0,True,1,1,1,0
DO-2D-4112|2019-12-18,DO-2D-4112,DO-2D-4112,J:DO,IF2,f,2019-12-18,1,0,True,2,terminal_FD,2019-12-27T00:00:00,,False,1,1,1,0
DO-2D-4112|2019-12-23,DO-2D-4112,DO-2D-4112,J:DO,IF2,f,2019-12-23,1,0,True,2,terminal_FD,2019-12-27T00:00:00,,False,0,0,0,0
DO-2D-4113|2019-12-11,DO-2D-4113,DO-2D-4113,J:DO,IF2,f,2019-12-11,1,0,True,0,observed_burden,2019-12-19T00:00:00,8.0,True,1,1,1,4
DO-2D-4113|2019-12-19,DO-2D-4113,DO-2D-4113,J:DO,IF2,f,2019-12-19,0,0,True,1,observed_burden,2019-12-24T00:00:00,5.0,True,1,1,1,4
DO-2D-4113|2019-12-24,DO-2D-4113,DO-2D-4113,J:DO,IF2,f,2019-12-24,1,0,True,-1,no_assessment_in_window,,,False,0,0,0,4
DO-2D-4113|2020-01-03,DO-2D-4113,DO-2D-4113,J:DO,IF2,f,2020-01-03,1,0,True,1,observed_burden,2020-01-08T00:00:00,5.0,True,1,1,1,4
DO-2D-4113|2020-01-08,DO-2D-4113,DO-2D-4113,J:DO,IF2,f,2020-01-08,1,0,True,1,observed_burden,2020-01-15T00:00:00,7.0,True,1,1,1,4
DO-2D-4113|2020-01-15,DO-2D-4113,DO-2D-4113,J:DO,IF2,f,2020-01-15,1,0,True,1,observed_burden,2020-01-20T00:00:00,5.0,True,1,1,1,4
DO-2D-4113|2020-01-20,DO-2D-4113,DO-2D-4113,J:DO,IF2,f,2020-01-20,1,0,True,0,observed_burden,2020-01-27T00:00:00,7.0,True,1,1,1,4
DO-2D-4113|2020-01-27,DO-2D-4113,DO-2D-4113,J:DO,IF2,f,2020-01-27,0,0,True,0,observed_burden,2020-02-03T00:00:00,7.0,True,1,1,1,4
DO-2D-4113|2020-02-03,DO-2D-4113,DO-2D-4113,J:DO,IF2,f,2020-02-03,0,0,True,1,observed_burden,2020-02-11T00:00:00,8.0,True,1,1,1,4
DO-2D-4113|2020-02-11,DO-2D-4113,DO-2D-4113,J:DO,IF2,f,2020-02-11,1,0,True,-1,no_assessment_in_window,,,False,0,0,0,4
DO-2D-4113|2020-02-25,DO-2D-4113,DO-2D-4113,J:DO,IF2,f,2020-02-25,1,0,True,-1,no_assessment_in_window,,,False,0,0,0,4
DO-2D-4113|2020-03-09,DO-2D-4113,DO-2D-4113,J:DO,IF2,f,2020-03-09,0,0,True,1,observed_burden,2020-03-16T00:00:00,7.0,True,1,1,1,4
DO-2D-4113|2020-03-16,DO-2D-4113,DO-2D-4113,J:DO,IF2,f,2020-03-16,1,0,True,0,observed_burden,2020-03-23T00:00:00,7.0,True,1,1,1,4
DO-2D-4113|2020-03-23,DO-2D-4113,DO-2D-4113,J:DO,IF2,f,2020-03-23,0,0,True,1,observed_burden,2020-03-30T00:00:00,7.0,True,1,1,1,4
DO-2D-4113|2020-03-30,DO-2D-4113,DO-2D-4113,J:DO,IF2,f,2020-03-30,1,0,True,0,observed_burden,2020-04-06T00:00:00,7.0,True,1,1,1,4
DO-2D-4113|2020-04-06,DO-2D-4113,DO-2D-4113,J:DO,IF2,f,2020-04-06,0,0,True,0,observed_burden,2020-04-13T00:00:00,7.0,True,1,1,1,4
DO-2D-4113|2020-04-13,DO-2D-4113,DO-2D-4113,J:DO,IF2,f,2020-04-13,0,0,True,1,observed_burden,2020-04-20T00:00:00,7.0,True,1,1,1,4
DO-2D-4113|2020-04-20,DO-2D-4113,DO-2D-4113,J:DO,IF2,f,2020-04-20,1,0,True,1,observed_burden,2020-04-27T00:00:00,7.0,True,1,1,1,4
DO-2D-4113|2020-04-27,DO-2D-4113,DO-2D-4113,J:DO,IF2,f,2020-04-27,1,0,True,0,observed_burden,2020-05-04T00:00:00,7.0,True,1,1,1,4
DO-2D-4113|2020-05-04,DO-2D-4113,DO-2D-4113,J:DO,IF2,f,2020-05-04,0,0,True,1,observed_burden,2020-05-11T00:00:00,7.0,True,1,1,1,4
DO-2D-4113|2020-05-11,DO-2D-4113,DO-2D-4113,J:DO,IF2,f,2020-05-11,1,0,True,-1,no_assessment_in_window,,,False,0,0,0,4
DO-2D-4113|2020-06-01,DO-2D-4113,DO-2D-4113,J:DO,IF2,f,2020-06-01,1,0,True,1,observed_burden,2020-06-08T00:00:00,7.0,True,1,1,1,4
DO-2D-4113|2020-06-08,DO-2D-4113,DO-2D-4113,J:DO,IF2,f,2020-06-08,1,0,True,1,observed_burden,2020-06-15T00:00:00,7.0,True,1,1,1,4
DO-2D-4113|2020-06-15,DO-2D-4113,DO-2D-4113,J:DO,IF2,f,2020-06-15,1,0,True,-1,no_assessment_in_window,,,False,0,0,0,4
DO-2D-4113|2020-06-29,DO-2D-4113,DO-2D-4113,J:DO,IF2,f,2020-06-29,1,0,True,1,observed_burden,2020-07-06T00:00:00,7.0,True,1,1,1,4
DO-2D-4113|2020-07-06,DO-2D-4113,DO-2D-4113,J:DO,IF2,f,2020-07-06,1,0,True,1,observed_burden,2020-07-13T00:00:00,7.0,True,1,1,1,4
DO-2D-4113|2020-07-13,DO-2D-4113,DO-2D-4113,J:DO,IF2,f,2020-07-13,1,0,True,1,observed_burden,2020-07-20T00:00:00,7.0,True,1,1,1,4
DO-2D-4113|2020-07-20,DO-2D-4113,DO-2D-4113,J:DO,IF2,f,2020-07-20,1,0,True,1,observed_burden,2020-07-26T00:00:00,6.0,True,1,1,1,4
DO-2D-4113|2020-07-26,DO-2D-4113,DO-2D-4113,J:DO,IF2,f,2020-07-26,1,0,True,2,terminal_FD,2020-07-30T00:00:00,,False,0,0,0,4
DO-2D-4114|2019-12-11,DO-2D-4114,DO-2D-4114,J:DO,IF2,f,2019-12-11,1,0,True,0,observed_burden,2019-12-19T00:00:00,8.0,True,1,1,1,4
DO-2D-4114|2019-12-19,DO-2D-4114,DO-2D-4114,J:DO,IF2,f,2019-12-19,0,0,True,0,observed_burden,2019-12-24T00:00:00,5.0,True,1,1,1,4
DO-2D-4114|2019-12-24,DO-2D-4114,DO-2D-4114,J:DO,IF2,f,2019-12-24,0,0,True,-1,no_assessment_in_window,,,False,0,0,0,4
DO-2D-4114|2020-01-03,DO-2D-4114,DO-2D-4114,J:DO,IF2,f,2020-01-03,0,0,True,0,observed_burden,2020-01-08T00:00:00,5.0,True,1,1,1,4
DO-2D-4114|2020-01-08,DO-2D-4114,DO-2D-4114,J:DO,IF2,f,2020-01-08,0,0,True,1,observed_burden,2020-01-15T00:00:00,7.0,True,1,1,1,4
DO-2D-4114|2020-01-15,DO-2D-4114,DO-2D-4114,J:DO,IF2,f,2020-01-15,1,0,True,0,observed_burden,2020-01-20T00:00:00,5.0,True,1,1,1,4
DO-2D-4114|2020-01-20,DO-2D-4114,DO-2D-4114,J:DO,IF2,f,2020-01-20,0,0,True,0,observed_burden,2020-01-27T00:00:00,7.0,True,1,1,1,4
DO-2D-4114|2020-01-27,DO-2D-4114,DO-2D-4114,J:DO,IF2,f,2020-01-27,0,0,True,0,observed_burden,2020-02-03T00:00:00,7.0,True,1,1,1,4
DO-2D-4114|2020-02-03,DO-2D-4114,DO-2D-4114,J:DO,IF2,f,2020-02-03,0,0,True,1,observed_burden,2020-02-11T00:00:00,8.0,True,1,1,1,4
DO-2D-4114|2020-02-11,DO-2D-4114,DO-2D-4114,J:DO,IF2,f,2020-02-11,1,0,True,-1,no_assessment_in_window,,,False,0,0,0,4
DO-2D-4114|2020-02-25,DO-2D-4114,DO-2D-4114,J:DO,IF2,f,2020-02-25,0,0,True,-1,no_assessment_in_window,,,False,0,0,0,4
DO-2D-4114|2020-03-09,DO-2D-4114,DO-2D-4114,J:DO,IF2,f,2020-03-09,0,0,True,0,observed_burden,2020-03-16T00:00:00,7.0,True,1,1,1,4
DO-2D-4114|2020-03-16,DO-2D-4114,DO-2D-4114,J:DO,IF2,f,2020-03-16,0,0,True,0,observed_burden,2020-03-23T00:00:00,7.0,True,1,1,1,4
DO-2D-4114|2020-03-23,DO-2D-4114,DO-2D-4114,J:DO,IF2,f,2020-03-23,0,0,True,0,observed_burden,2020-03-30T00:00:00,7.0,True,1,1,1,4
DO-2D-4114|2020-03-30,DO-2D-4114,DO-2D-4114,J:DO,IF2,f,2020-03-30,0,0,True,0,observed_burden,2020-04-06T00:00:00,7.0,True,1,1,1,4
DO-2D-4114|2020-04-06,DO-2D-4114,DO-2D-4114,J:DO,IF2,f,2020-04-06,0,0,True,0,observed_burden,2020-04-13T00:00:00,7.0,True,1,1,1,4
DO-2D-4114|2020-04-13,DO-2D-4114,DO-2D-4114,J:DO,IF2,f,2020-04-13,0,0,True,0,observed_burden,2020-04-20T00:00:00,7.0,True,1,1,1,4
DO-2D-4114|2020-04-20,DO-2D-4114,DO-2D-4114,J:DO,IF2,f,2020-04-20,0,0,True,0,observed_burden,2020-04-27T00:00:00,7.0,True,1,1,1,4
DO-2D-4114|2020-04-27,DO-2D-4114,DO-2D-4114,J:DO,IF2,f,2020-04-27,0,0,True,0,observed_burden,2020-05-04T00:00:00,7.0,True,1,1,1,4
DO-2D-4114|2020-05-04,DO-2D-4114,DO-2D-4114,J:DO,IF2,f,2020-05-04,0,0,True,1,observed_burden,2020-05-11T00:00:00,7.0,True,1,1,1,4
DO-2D-4114|2020-05-11,DO-2D-4114,DO-2D-4114,J:DO,IF2,f,2020-05-11,1,0,True,-1,no_assessment_in_window,,,False,0,0,0,4
DO-2D-4119|2019-12-11,DO-2D-4119,DO-2D-4119,J:DO,IF2,f,2019-12-11,0,0,True,0,observed_burden,2019-12-19T00:00:00,8.0,True,1,1,1,0
DO-2D-4119|2019-12-19,DO-2D-4119,DO-2D-4119,J:DO,IF2,f,2019-12-19,0,0,True,0,observed_burden,2019-12-24T00:00:00,5.0,True,1,1,1,0
DO-2D-4119|2019-12-24,DO-2D-4119,DO-2D-4119,J:DO,IF2,f,2019-12-24,0,0,True,-1,no_assessment_in_window,,,False,0,0,0,0
DO-2D-4119|2020-01-03,DO-2D-4119,DO-2D-4119,J:DO,IF2,f,2020-01-03,1,0,True,1,observed_burden,2020-01-08T00:00:00,5.0,True,1,1,1,0
DO-2D-4119|2020-01-08,DO-2D-4119,DO-2D-4119,J:DO,IF2,f,2020-01-08,1,0,True,1,observed_burden,2020-01-15T00:00:00,7.0,True,1,1,1,0
DO-2D-4119|2020-01-15,DO-2D-4119,DO-2D-4119,J:DO,IF2,f,2020-01-15,1,0,True,1,observed_burden,2020-01-20T00:00:00,5.0,True,1,1,1,0
DO-2D-4119|2020-01-20,DO-2D-4119,DO-2D-4119,J:DO,IF2,f,2020-01-20,1,0,True,0,observed_burden,2020-01-27T00:00:00,7.0,True,1,1,1,0
DO-2D-4119|2020-01-27,DO-2D-4119,DO-2D-4119,J:DO,IF2,f,2020-01-27,0,0,True,1,observed_burden,2020-02-03T00:00:00,7.0,True,1,1,1,0
DO-2D-4119|2020-02-03,DO-2D-4119,DO-2D-4119,J:DO,IF2,f,2020-02-03,1,0,True,2,terminal_FD,2020-02-07T00:00:00,,False,0,0,0,0
DO-2D-4122|2019-12-11,DO-2D-4122,DO-2D-4122,J:DO,IF2,f,2019-12-11,1,0,True,0,observed_burden,2019-12-19T00:00:00,8.0,True,1,1,1,1
DO-2D-4122|2019-12-19,DO-2D-4122,DO-2D-4122,J:DO,IF2,f,2019-12-19,0,0,True,0,observed_burden,2019-12-24T00:00:00,5.0,True,1,1,1,1
DO-2D-4122|2019-12-24,DO-2D-4122,DO-2D-4122,J:DO,IF2,f,2019-12-24,0,0,True,-1,no_assessment_in_window,,,False,0,0,0,1
DO-2D-4122|2020-01-03,DO-2D-4122,DO-2D-4122,J:DO,IF2,f,2020-01-03,1,0,True,0,observed_burden,2020-01-08T00:00:00,5.0,True,1,1,1,1
DO-2D-4122|2020-01-08,DO-2D-4122,DO-2D-4122,J:DO,IF2,f,2020-01-08,0,0,True,1,observed_burden,2020-01-15T00:00:00,7.0,True,1,1,1,1
DO-2D-4122|2020-01-15,DO-2D-4122,DO-2D-4122,J:DO,IF2,f,2020-01-15,1,0,True,0,observed_burden,2020-01-20T00:00:00,5.0,True,1,1,1,1
DO-2D-4122|2020-01-20,DO-2D-4122,DO-2D-4122,J:DO,IF2,f,2020-01-20,0,0,True,0,observed_burden,2020-01-27T00:00:00,7.0,True,1,1,1,1
DO-2D-4122|2020-01-27,DO-2D-4122,DO-2D-4122,J:DO,IF2,f,2020-01-27,0,0,True,0,observed_burden,2020-02-03T00:00:00,7.0,True,1,1,1,1
DO-2D-4122|2020-02-03,DO-2D-4122,DO-2D-4122,J:DO,IF2,f,2020-02-03,0,0,True,0,observed_burden,2020-02-11T00:00:00,8.0,True,1,1,1,1
DO-2D-4122|2020-02-11,DO-2D-4122,DO-2D-4122,J:DO,IF2,f,2020-02-11,0,0,True,-1,no_assessment_in_window,,,False,0,0,0,1
DO-2D-4122|2020-02-25,DO-2D-4122,DO-2D-4122,J:DO,IF2,f,2020-02-25,0,0,True,-1,no_assessment_in_window,,,False,0,0,0,1
DO-2D-4122|2020-03-09,DO-2D-4122,DO-2D-4122,J:DO,IF2,f,2020-03-09,0,0,True,0,observed_burden,2020-03-16T00:00:00,7.0,True,1,1,1,1
DO-2D-4122|2020-03-16,DO-2D-4122,DO-2D-4122,J:DO,IF2,f,2020-03-16,0,0,True,0,observed_burden,2020-03-23T00:00:00,7.0,True,1,1,1,1
DO-2D-4122|2020-03-23,DO-2D-4122,DO-2D-4122,J:DO,IF2,f,2020-03-23,0,0,True,1,observed_burden,2020-03-30T00:00:00,7.0,True,1,1,1,1
DO-2D-4122|2020-03-30,DO-2D-4122,DO-2D-4122,J:DO,IF2,f,2020-03-30,1,0,True,0,observed_burden,2020-04-06T00:00:00,7.0,True,1,1,1,1
DO-2D-4122|2020-04-06,DO-2D-4122,DO-2D-4122,J:DO,IF2,f,2020-04-06,0,0,True,0,observed_burden,2020-04-13T00:00:00,7.0,True,1,1,1,1
DO-2D-4122|2020-04-13,DO-2D-4122,DO-2D-4122,J:DO,IF2,f,2020-04-13,0,0,True,1,observed_burden,2020-04-20T00:00:00,7.0,True,1,1,1,1
DO-2D-4122|2020-04-20,DO-2D-4122,DO-2D-4122,J:DO,IF2,f,2020-04-20,1,0,True,0,observed_burden,2020-04-27T00:00:00,7.0,True,1,1,1,1
DO-2D-4122|2020-04-27,DO-2D-4122,DO-2D-4122,J:DO,IF2,f,2020-04-27,0,0,True,0,observed_burden,2020-05-04T00:00:00,7.0,True,1,1,1,1
DO-2D-4122|2020-05-04,DO-2D-4122,DO-2D-4122,J:DO,IF2,f,2020-05-04,0,0,True,0,observed_burden,2020-05-11T00:00:00,7.0,True,1,1,1,1
DO-2D-4122|2020-05-11,DO-2D-4122,DO-2D-4122,J:DO,IF2,f,2020-05-11,0,0,True,-1,no_assessment_in_window,,,False,0,0,0,1
DO-2D-4122|2020-06-01,DO-2D-4122,DO-2D-4122,J:DO,IF2,f,2020-06-01,1,0,True,1,observed_burden,2020-06-08T00:00:00,7.0,True,1,1,1,1
DO-2D-4122|2020-06-08,DO-2D-4122,DO-2D-4122,J:DO,IF2,f,2020-06-08,1,0,True,2,terminal_FD,2020-06-14T00:00:00,,False,0,0,0,1
DO-2D-4123|2019-12-11,DO-2D-4123,DO-2D-4123,J:DO,IF2,f,2019-12-11,1,0,True,2,terminal_ES,2019-12-19T00:00:00,,False,0,0,0,1
DO-2D-4124|2019-12-11,DO-2D-4124,DO-2D-4124,J:DO,IF2,f,2019-12-11,0,0,True,0,observed_burden,2019-12-19T00:00:00,8.0,True,1,1,1,2
DO-2D-4124|2019-12-19,DO-2D-4124,DO-2D-4124,J:DO,IF2,f,2019-12-19,0,0,True,1,observed_burden,2019-12-24T00:00:00,5.0,True,1,1,1,2
DO-2D-4124|2019-12-24,DO-2D-4124,DO-2D-4124,J:DO,IF2,f,2019-12-24,1,0,True,-1,no_assessment_in_window,,,False,0,0,0,2
DO-2D-4124|2020-01-03,DO-2D-4124,DO-2D-4124,J:DO,IF2,f,2020-01-03,1,0,True,1,observed_burden,2020-01-08T00:00:00,5.0,True,1,1,1,2
DO-2D-4124|2020-01-08,DO-2D-4124,DO-2D-4124,J:DO,IF2,f,2020-01-08,1,0,True,2,terminal_FD,2020-01-15T00:00:00,,False,0,0,0,2
DO-2D-4128|2019-12-11,DO-2D-4128,DO-2D-4128,J:DO,IF2,f,2019-12-11,1,0,True,0,observed_burden,2019-12-19T00:00:00,8.0,True,1,1,1,1
DO-2D-4128|2019-12-19,DO-2D-4128,DO-2D-4128,J:DO,IF2,f,2019-12-19,0,0,True,1,observed_burden,2019-12-24T00:00:00,5.0,True,1,1,1,1
DO-2D-4128|2019-12-24,DO-2D-4128,DO-2D-4128,J:DO,IF2,f,2019-12-24,1,0,True,-1,no_assessment_in_window,,,False,0,0,0,1
DO-2D-4128|2020-01-03,DO-2D-4128,DO-2D-4128,J:DO,IF2,f,2020-01-03,1,0,True,1,observed_burden,2020-01-08T00:00:00,5.0,True,1,1,1,1
DO-2D-4128|2020-01-08,DO-2D-4128,DO-2D-4128,J:DO,IF2,f,2020-01-08,1,0,True,1,observed_burden,2020-01-15T00:00:00,7.0,True,1,1,1,1
DO-2D-4128|2020-01-15,DO-2D-4128,DO-2D-4128,J:DO,IF2,f,2020-01-15,1,0,True,1,observed_burden,2020-01-20T00:00:00,5.0,True,1,1,1,1
DO-2D-4128|2020-01-20,DO-2D-4128,DO-2D-4128,J:DO,IF2,f,2020-01-20,1,0,True,0,observed_burden,2020-01-27T00:00:00,7.0,True,1,1,1,1
DO-2D-4128|2020-01-27,DO-2D-4128,DO-2D-4128,J:DO,IF2,f,2020-01-27,0,0,True,0,observed_burden,2020-02-03T00:00:00,7.0,True,1,1,1,1
DO-2D-4128|2020-02-03,DO-2D-4128,DO-2D-4128,J:DO,IF2,f,2020-02-03,0,0,True,1,observed_burden,2020-02-11T00:00:00,8.0,True,1,1,1,1
DO-2D-4128|2020-02-11,DO-2D-4128,DO-2D-4128,J:DO,IF2,f,2020-02-11,1,0,True,-1,no_assessment_in_window,,,False,0,0,0,1
DO-2D-4128|2020-02-25,DO-2D-4128,DO-2D-4128,J:DO,IF2,f,2020-02-25,1,0,True,-1,no_assessment_in_window,,,False,0,0,0,1
DO-2D-4128|2020-03-09,DO-2D-4128,DO-2D-4128,J:DO,IF2,f,2020-03-09,0,0,True,1,observed_burden,2020-03-16T00:00:00,7.0,True,1,1,1,1
DO-2D-4128|2020-03-16,DO-2D-4128,DO-2D-4128,J:DO,IF2,f,2020-03-16,1,0,True,0,observed_burden,2020-03-23T00:00:00,7.0,True,1,1,1,1
DO-2D-4128|2020-03-23,DO-2D-4128,DO-2D-4128,J:DO,IF2,f,2020-03-23,0,0,True,2,terminal_FD,2020-03-28T00:00:00,,False,0,0,0,1
DO-2D-4130|2020-02-25,DO-2D-4130,DO-2D-4130,J:DO,IF2,f,2020-02-25,0,0,True,1,observed_burden,2020-03-04T00:00:00,8.0,True,1,1,1,0
DO-2D-4130|2020-03-04,DO-2D-4130,DO-2D-4130,J:DO,IF2,f,2020-03-04,1,0,True,1,observed_burden,2020-03-10T00:00:00,6.0,True,1,1,1,0
DO-2D-4130|2020-03-10,DO-2D-4130,DO-2D-4130,J:DO,IF2,f,2020-03-10,1,0,True,1,observed_burden,2020-03-17T00:00:00,7.0,True,1,1,1,0
DO-2D-4130|2020-03-17,DO-2D-4130,DO-2D-4130,J:DO,IF2,f,2020-03-17,1,0,True,2,terminal_FD,2020-03-23T00:00:00,,False,0,0,0,0
DO-2D-4132|2020-02-25,DO-2D-4132,DO-2D-4132,J:DO,IF2,f,2020-02-25,0,0,True,0,observed_burden,2020-03-04T00:00:00,8.0,True,1,1,1,0
DO-2D-4132|2020-03-04,DO-2D-4132,DO-2D-4132,J:DO,IF2,f,2020-03-04,0,0,True,0,observed_burden,2020-03-10T00:00:00,6.0,True,1,1,1,0
DO-2D-4132|2020-03-10,DO-2D-4132,DO-2D-4132,J:DO,IF2,f,2020-03-10,0,0,True,0,observed_burden,2020-03-17T00:00:00,7.0,True,1,1,1,0
DO-2D-4132|2020-03-17,DO-2D-4132,DO-2D-4132,J:DO,IF2,f,2020-03-17,0,0,True,1,observed_burden,2020-03-24T00:00:00,7.0,True,1,1,1,0
DO-2D-4132|2020-03-24,DO-2D-4132,DO-2D-4132,J:DO,IF2,f,2020-03-24,1,0,True,0,observed_burden,2020-03-31T00:00:00,7.0,True,1,1,1,0
DO-2D-4132|2020-03-31,DO-2D-4132,DO-2D-4132,J:DO,IF2,f,2020-03-31,0,0,True,0,observed_burden,2020-04-07T00:00:00,7.0,True,1,1,1,0
DO-2D-4132|2020-04-07,DO-2D-4132,DO-2D-4132,J:DO,IF2,f,2020-04-07,0,0,True,0,observed_burden,2020-04-14T00:00:00,7.0,True,1,1,1,0
DO-2D-4132|2020-04-14,DO-2D-4132,DO-2D-4132,J:DO,IF2,f,2020-04-14,0,0,True,1,observed_burden,2020-04-21T00:00:00,7.0,True,1,1,1,0
DO-2D-4132|2020-04-21,DO-2D-4132,DO-2D-4132,J:DO,IF2,f,2020-04-21,1,0,True,-1,no_assessment_in_window,,,False,0,0,0,0
DO-2D-4133|2020-02-25,DO-2D-4133,DO-2D-4133,J:DO,IF2,f,2020-02-25,0,0,True,1,observed_burden,2020-03-04T00:00:00,8.0,True,1,1,1,2
DO-2D-4133|2020-03-04,DO-2D-4133,DO-2D-4133,J:DO,IF2,f,2020-03-04,1,0,True,1,observed_burden,2020-03-10T00:00:00,6.0,True,1,1,1,2
DO-2D-4133|2020-03-10,DO-2D-4133,DO-2D-4133,J:DO,IF2,f,2020-03-10,1,0,True,1,observed_burden,2020-03-17T00:00:00,7.0,True,1,1,1,2
DO-2D-4133|2020-03-17,DO-2D-4133,DO-2D-4133,J:DO,IF2,f,2020-03-17,1,0,True,1,observed_burden,2020-03-24T00:00:00,7.0,True,1,1,1,2
DO-2D-4133|2020-03-24,DO-2D-4133,DO-2D-4133,J:DO,IF2,f,2020-03-24,1,0,True,1,observed_burden,2020-03-31T00:00:00,7.0,True,1,1,1,2
DO-2D-4133|2020-03-31,DO-2D-4133,DO-2D-4133,J:DO,IF2,f,2020-03-31,1,0,True,2,terminal_FD,2020-04-03T00:00:00,,False,0,0,0,2
DO-2D-4143|2020-03-04,DO-2D-4143,DO-2D-4143,J:DO,IF2,f,2020-03-04,0,0,True,0,observed_burden,2020-03-10T00:00:00,6.0,True,1,1,1,2
DO-2D-4143|2020-03-10,DO-2D-4143,DO-2D-4143,J:DO,IF2,f,2020-03-10,0,0,True,1,observed_burden,2020-03-17T00:00:00,7.0,True,1,1,1,2
DO-2D-4143|2020-03-17,DO-2D-4143,DO-2D-4143,J:DO,IF2,f,2020-03-17,1,0,True,1,observed_burden,2020-03-24T00:00:00,7.0,True,1,1,1,2
DO-2D-4143|2020-03-24,DO-2D-4143,DO-2D-4143,J:DO,IF2,f,2020-03-24,1,0,True,0,observed_burden,2020-03-31T00:00:00,7.0,True,1,1,1,2
DO-2D-4143|2020-03-31,DO-2D-4143,DO-2D-4143,J:DO,IF2,f,2020-03-31,0,0,True,1,observed_burden,2020-04-07T00:00:00,7.0,True,1,1,1,2
DO-2D-4143|2020-04-07,DO-2D-4143,DO-2D-4143,J:DO,IF2,f,2020-04-07,1,0,True,0,observed_burden,2020-04-14T00:00:00,7.0,True,1,1,1,2
DO-2D-4143|2020-04-14,DO-2D-4143,DO-2D-4143,J:DO,IF2,f,2020-04-14,0,0,True,1,observed_burden,2020-04-21T00:00:00,7.0,True,1,1,1,2
DO-2D-4143|2020-04-21,DO-2D-4143,DO-2D-4143,J:DO,IF2,f,2020-04-21,1,0,True,-1,no_assessment_in_window,,,False,0,0,0,2
DO-2D-4143|2020-05-05,DO-2D-4143,DO-2D-4143,J:DO,IF2,f,2020-05-05,0,0,True,0,observed_burden,2020-05-12T00:00:00,7.0,True,1,1,1,2
DO-2D-4143|2020-05-12,DO-2D-4143,DO-2D-4143,J:DO,IF2,f,2020-05-12,0,0,True,1,observed_burden,2020-05-19T00:00:00,7.0,True,1,1,1,2
DO-2D-4143|2020-05-19,DO-2D-4143,DO-2D-4143,J:DO,IF2,f,2020-05-19,1,0,True,0,observed_burden,2020-05-27T00:00:00,8.0,True,1,1,1,2
DO-2D-4143|2020-05-27,DO-2D-4143,DO-2D-4143,J:DO,IF2,f,2020-05-27,0,0,True,1,observed_burden,2020-06-02T00:00:00,6.0,True,1,1,1,2
DO-2D-4143|2020-06-02,DO-2D-4143,DO-2D-4143,J:DO,IF2,f,2020-06-02,1,0,True,0,observed_burden,2020-06-09T00:00:00,7.0,True,1,1,1,2
DO-2D-4143|2020-06-09,DO-2D-4143,DO-2D-4143,J:DO,IF2,f,2020-06-09,0,0,True,0,observed_burden,2020-06-16T00:00:00,7.0,True,1,1,1,2
DO-2D-4143|2020-06-16,DO-2D-4143,DO-2D-4143,J:DO,IF2,f,2020-06-16,0,0,True,0,observed_burden,2020-06-23T00:00:00,7.0,True,1,1,1,2
DO-2D-4143|2020-06-23,DO-2D-4143,DO-2D-4143,J:DO,IF2,f,2020-06-23,0,0,True,1,observed_burden,2020-06-30T00:00:00,7.0,True,1,1,1,2
DO-2D-4143|2020-06-30,DO-2D-4143,DO-2D-4143,J:DO,IF2,f,2020-06-30,1,0,True,2,terminal_FD,2020-07-09T00:00:00,,False,1,1,1,2
DO-2D-4143|2020-07-07,DO-2D-4143,DO-2D-4143,J:DO,IF2,f,2020-07-07,1,0,True,2,terminal_FD,2020-07-09T00:00:00,,False,0,0,0,2
DO-2D-4145|2020-03-04,DO-2D-4145,DO-2D-4145,J:DO,IF2,f,2020-03-04,0,0,True,1,observed_burden,2020-03-10T00:00:00,6.0,True,1,1,1,4
DO-2D-4145|2020-03-10,DO-2D-4145,DO-2D-4145,J:DO,IF2,f,2020-03-10,1,0,True,1,observed_burden,2020-03-17T00:00:00,7.0,True,1,1,1,4
DO-2D-4145|2020-03-17,DO-2D-4145,DO-2D-4145,J:DO,IF2,f,2020-03-17,1,0,True,1,observed_burden,2020-03-24T00:00:00,7.0,True,1,1,1,4
DO-2D-4145|2020-03-24,DO-2D-4145,DO-2D-4145,J:DO,IF2,f,2020-03-24,1,0,True,1,observed_burden,2020-03-31T00:00:00,7.0,True,1,1,1,4
DO-2D-4145|2020-03-31,DO-2D-4145,DO-2D-4145,J:DO,IF2,f,2020-03-31,1,0,True,1,observed_burden,2020-04-07T00:00:00,7.0,True,1,1,1,4
DO-2D-4145|2020-04-07,DO-2D-4145,DO-2D-4145,J:DO,IF2,f,2020-04-07,1,0,True,0,observed_burden,2020-04-14T00:00:00,7.0,True,1,1,1,4
DO-2D-4145|2020-04-14,DO-2D-4145,DO-2D-4145,J:DO,IF2,f,2020-04-14,0,0,True,0,observed_burden,2020-04-21T00:00:00,7.0,True,1,1,1,4
DO-2D-4145|2020-04-21,DO-2D-4145,DO-2D-4145,J:DO,IF2,f,2020-04-21,0,0,True,-1,no_assessment_in_window,,,False,0,0,0,4
DO-2D-4145|2020-05-05,DO-2D-4145,DO-2D-4145,J:DO,IF2,f,2020-05-05,0,0,True,0,observed_burden,2020-05-12T00:00:00,7.0,True,1,1,1,4
DO-2D-4145|2020-05-12,DO-2D-4145,DO-2D-4145,J:DO,IF2,f,2020-05-12,0,0,True,0,observed_burden,2020-05-19T00:00:00,7.0,True,1,1,1,4
DO-2D-4145|2020-05-19,DO-2D-4145,DO-2D-4145,J:DO,IF2,f,2020-05-19,0,0,True,0,observed_burden,2020-05-27T00:00:00,8.0,True,1,1,1,4
DO-2D-4145|2020-05-27,DO-2D-4145,DO-2D-4145,J:DO,IF2,f,2020-05-27,0,0,True,2,terminal_FD,2020-06-03T00:00:00,,False,0,0,0,4
DO-2D-4148|2020-03-04,DO-2D-4148,DO-2D-4148,J:DO,IF2,f,2020-03-04,0,0,True,1,observed_burden,2020-03-10T00:00:00,6.0,True,1,1,1,4
DO-2D-4148|2020-03-10,DO-2D-4148,DO-2D-4148,J:DO,IF2,f,2020-03-10,1,0,True,1,observed_burden,2020-03-17T00:00:00,7.0,True,1,1,1,4
DO-2D-4148|2020-03-17,DO-2D-4148,DO-2D-4148,J:DO,IF2,f,2020-03-17,1,0,True,0,observed_burden,2020-03-24T00:00:00,7.0,True,1,1,1,4
DO-2D-4148|2020-03-24,DO-2D-4148,DO-2D-4148,J:DO,IF2,f,2020-03-24,0,0,True,1,observed_burden,2020-03-31T00:00:00,7.0,True,1,1,1,4
DO-2D-4148|2020-03-31,DO-2D-4148,DO-2D-4148,J:DO,IF2,f,2020-03-31,1,0,True,1,observed_burden,2020-04-07T00:00:00,7.0,True,1,1,1,4
DO-2D-4148|2020-04-07,DO-2D-4148,DO-2D-4148,J:DO,IF2,f,2020-04-07,1,0,True,1,observed_burden,2020-04-14T00:00:00,7.0,True,1,1,1,4
DO-2D-4148|2020-04-14,DO-2D-4148,DO-2D-4148,J:DO,IF2,f,2020-04-14,1,0,True,1,observed_burden,2020-04-21T00:00:00,7.0,True,1,1,1,4
DO-2D-4148|2020-04-21,DO-2D-4148,DO-2D-4148,J:DO,IF2,f,2020-04-21,1,0,True,-1,no_assessment_in_window,,,False,0,0,0,4
DO-2D-4148|2020-05-05,DO-2D-4148,DO-2D-4148,J:DO,IF2,f,2020-05-05,0,0,True,0,observed_burden,2020-05-12T00:00:00,7.0,True,1,1,1,4
DO-2D-4148|2020-05-12,DO-2D-4148,DO-2D-4148,J:DO,IF2,f,2020-05-12,0,0,True,1,observed_burden,2020-05-19T00:00:00,7.0,True,1,1,1,4
DO-2D-4148|2020-05-19,DO-2D-4148,DO-2D-4148,J:DO,IF2,f,2020-05-19,1,0,True,1,observed_burden,2020-05-27T00:00:00,8.0,True,1,1,1,4
DO-2D-4148|2020-05-27,DO-2D-4148,DO-2D-4148,J:DO,IF2,f,2020-05-27,1,0,True,1,observed_burden,2020-06-02T00:00:00,6.0,True,1,1,1,4
DO-2D-4148|2020-06-02,DO-2D-4148,DO-2D-4148,J:DO,IF2,f,2020-06-02,1,0,True,1,observed_burden,2020-06-09T00:00:00,7.0,True,1,1,1,4
DO-2D-4148|2020-06-09,DO-2D-4148,DO-2D-4148,J:DO,IF2,f,2020-06-09,1,0,True,1,observed_burden,2020-06-16T00:00:00,7.0,True,1,1,1,4
DO-2D-4148|2020-06-16,DO-2D-4148,DO-2D-4148,J:DO,IF2,f,2020-06-16,1,0,True,1,observed_burden,2020-06-23T00:00:00,7.0,True,1,1,1,4
DO-2D-4148|2020-06-23,DO-2D-4148,DO-2D-4148,J:DO,IF2,f,2020-06-23,1,0,True,1,observed_burden,2020-06-30T00:00:00,7.0,True,1,1,1,4
DO-2D-4148|2020-06-30,DO-2D-4148,DO-2D-4148,J:DO,IF2,f,2020-06-30,1,0,True,1,observed_burden,2020-07-07T00:00:00,7.0,True,1,1,1,4
DO-2D-4148|2020-07-07,DO-2D-4148,DO-2D-4148,J:DO,IF2,f,2020-07-07,1,0,True,1,observed_burden,2020-07-14T00:00:00,7.0,True,1,1,1,4
DO-2D-4148|2020-07-14,DO-2D-4148,DO-2D-4148,J:DO,IF2,f,2020-07-14,1,0,True,1,observed_burden,2020-07-21T00:00:00,7.0,True,1,1,1,4
DO-2D-4148|2020-07-21,DO-2D-4148,DO-2D-4148,J:DO,IF2,f,2020-07-21,1,0,True,1,observed_burden,2020-07-28T00:00:00,7.0,True,1,1,1,4
DO-2D-4148|2020-07-28,DO-2D-4148,DO-2D-4148,J:DO,IF2,f,2020-07-28,1,0,True,1,observed_burden,2020-08-04T00:00:00,7.0,True,1,1,1,4
DO-2D-4148|2020-08-04,DO-2D-4148,DO-2D-4148,J:DO,IF2,f,2020-08-04,1,0,True,-1,no_assessment_in_window,,,False,0,0,0,4
DO-2D-4148|2020-08-18,DO-2D-4148,DO-2D-4148,J:DO,IF2,f,2020-08-18,1,0,True,1,observed_burden,2020-08-24T00:00:00,6.0,True,1,1,1,4
DO-2D-4148|2020-08-24,DO-2D-4148,DO-2D-4148,J:DO,IF2,f,2020-08-24,1,0,True,0,observed_burden,2020-09-01T00:00:00,8.0,True,1,1,1,4
DO-2D-4148|2020-09-01,DO-2D-4148,DO-2D-4148,J:DO,IF2,f,2020-09-01,0,0,True,-1,no_assessment_in_window,,,False,0,0,0,4
DO-2D-4149|2020-03-04,DO-2D-4149,DO-2D-4149,J:DO,IF2,f,2020-03-04,0,0,True,0,observed_burden,2020-03-10T00:00:00,6.0,True,1,1,1,3
DO-2D-4149|2020-03-10,DO-2D-4149,DO-2D-4149,J:DO,IF2,f,2020-03-10,0,0,True,0,observed_burden,2020-03-17T00:00:00,7.0,True,1,1,1,3
DO-2D-4149|2020-03-17,DO-2D-4149,DO-2D-4149,J:DO,IF2,f,2020-03-17,0,0,True,1,observed_burden,2020-03-24T00:00:00,7.0,True,1,1,1,3
DO-2D-4149|2020-03-24,DO-2D-4149,DO-2D-4149,J:DO,IF2,f,2020-03-24,1,0,True,0,observed_burden,2020-03-31T00:00:00,7.0,True,1,1,1,3
DO-2D-4149|2020-03-31,DO-2D-4149,DO-2D-4149,J:DO,IF2,f,2020-03-31,0,0,True,0,observed_burden,2020-04-07T00:00:00,7.0,True,1,1,1,3
DO-2D-4149|2020-04-07,DO-2D-4149,DO-2D-4149,J:DO,IF2,f,2020-04-07,0,0,True,0,observed_burden,2020-04-14T00:00:00,7.0,True,1,1,1,3
DO-2D-4149|2020-04-14,DO-2D-4149,DO-2D-4149,J:DO,IF2,f,2020-04-14,0,0,True,0,observed_burden,2020-04-21T00:00:00,7.0,True,1,1,1,3
DO-2D-4149|2020-04-21,DO-2D-4149,DO-2D-4149,J:DO,IF2,f,2020-04-21,0,0,True,-1,no_assessment_in_window,,,False,0,0,0,3
DO-2D-4149|2020-05-05,DO-2D-4149,DO-2D-4149,J:DO,IF2,f,2020-05-05,0,0,True,0,observed_burden,2020-05-12T00:00:00,7.0,True,1,1,1,3
DO-2D-4149|2020-05-12,DO-2D-4149,DO-2D-4149,J:DO,IF2,f,2020-05-12,0,0,True,0,observed_burden,2020-05-19T00:00:00,7.0,True,1,1,1,3
DO-2D-4149|2020-05-19,DO-2D-4149,DO-2D-4149,J:DO,IF2,f,2020-05-19,0,0,True,0,observed_burden,2020-05-27T00:00:00,8.0,True,1,1,1,3
DO-2D-4149|2020-05-27,DO-2D-4149,DO-2D-4149,J:DO,IF2,f,2020-05-27,0,0,True,0,observed_burden,2020-06-02T00:00:00,6.0,True,1,1,1,3
DO-2D-4149|2020-06-02,DO-2D-4149,DO-2D-4149,J:DO,IF2,f,2020-06-02,0,0,True,0,observed_burden,2020-06-09T00:00:00,7.0,True,1,1,1,3
DO-2D-4149|2020-06-09,DO-2D-4149,DO-2D-4149,J:DO,IF2,f,2020-06-09,0,0,True,0,observed_burden,2020-06-16T00:00:00,7.0,True,1,1,1,3
DO-2D-4149|2020-06-16,DO-2D-4149,DO-2D-4149,J:DO,IF2,f,2020-06-16,0,0,True,0,observed_burden,2020-06-23T00:00:00,7.0,True,1,1,1,3
DO-2D-4149|2020-06-23,DO-2D-4149,DO-2D-4149,J:DO,IF2,f,2020-06-23,0,0,True,0,observed_burden,2020-06-30T00:00:00,7.0,True,1,1,1,3
DO-2D-4149|2020-06-30,DO-2D-4149,DO-2D-4149,J:DO,IF2,f,2020-06-30,0,0,True,0,observed_burden,2020-07-07T00:00:00,7.0,True,1,1,1,3
DO-2D-4149|2020-07-07,DO-2D-4149,DO-2D-4149,J:DO,IF2,f,2020-07-07,0,0,True,0,observed_burden,2020-07-14T00:00:00,7.0,True,1,1,1,3
DO-2D-4149|2020-07-14,DO-2D-4149,DO-2D-4149,J:DO,IF2,f,2020-07-14,0,0,True,0,observed_burden,2020-07-21T00:00:00,7.0,True,1,1,1,3
DO-2D-4149|2020-07-21,DO-2D-4149,DO-2D-4149,J:DO,IF2,f,2020-07-21,0,0,True,0,observed_burden,2020-07-28T00:00:00,7.0,True,1,1,1,3
DO-2D-4149|2020-07-28,DO-2D-4149,DO-2D-4149,J:DO,IF2,f,2020-07-28,0,0,True,1,observed_burden,2020-08-04T00:00:00,7.0,True,1,1,1,3
DO-2D-4149|2020-08-04,DO-2D-4149,DO-2D-4149,J:DO,IF2,f,2020-08-04,1,0,True,-1,no_assessment_in_window,,,False,0,0,0,3
DO-2D-4149|2020-08-18,DO-2D-4149,DO-2D-4149,J:DO,IF2,f,2020-08-18,0,0,True,0,observed_burden,2020-08-24T00:00:00,6.0,True,1,1,1,3
DO-2D-4149|2020-08-24,DO-2D-4149,DO-2D-4149,J:DO,IF2,f,2020-08-24,0,0,True,1,observed_burden,2020-09-01T00:00:00,8.0,True,1,1,1,3
DO-2D-4149|2020-09-01,DO-2D-4149,DO-2D-4149,J:DO,IF2,f,2020-09-01,1,0,True,-1,no_assessment_in_window,,,False,0,0,0,3
DO-2D-4149|2020-09-13,DO-2D-4149,DO-2D-4149,J:DO,IF2,f,2020-09-13,1,0,True,1,observed_burden,2020-09-20T00:00:00,7.0,True,1,1,1,3
DO-2D-4149|2020-09-20,DO-2D-4149,DO-2D-4149,J:DO,IF2,f,2020-09-20,1,0,True,1,observed_burden,2020-09-28T00:00:00,8.0,True,1,1,1,3
DO-2D-4149|2020-09-28,DO-2D-4149,DO-2D-4149,J:DO,IF2,f,2020-09-28,1,0,True,1,observed_burden,2020-10-05T00:00:00,7.0,True,1,1,1,3
DO-2D-4149|2020-10-05,DO-2D-4149,DO-2D-4149,J:DO,IF2,f,2020-10-05,1,0,True,1,observed_burden,2020-10-11T00:00:00,6.0,True,1,1,1,3
DO-2D-4149|2020-10-11,DO-2D-4149,DO-2D-4149,J:DO,IF2,f,2020-10-11,1,0,True,1,observed_burden,2020-10-18T00:00:00,7.0,True,1,1,1,3
DO-2D-4149|2020-10-18,DO-2D-4149,DO-2D-4149,J:DO,IF2,f,2020-10-18,1,0,True,2,terminal_FD,2020-10-25T00:00:00,,False,0,0,0,3
DO-2D-4150|2020-03-04,DO-2D-4150,DO-2D-4150,J:DO,IF2,f,2020-03-04,1,0,True,1,observed_burden,2020-03-10T00:00:00,6.0,True,1,1,1,0
DO-2D-4150|2020-03-10,DO-2D-4150,DO-2D-4150,J:DO,IF2,f,2020-03-10,1,0,True,1,observed_burden,2020-03-17T00:00:00,7.0,True,1,1,1,0
DO-2D-4150|2020-03-17,DO-2D-4150,DO-2D-4150,J:DO,IF2,f,2020-03-17,1,0,True,1,observed_burden,2020-03-24T00:00:00,7.0,True,1,1,1,0
DO-2D-4150|2020-03-24,DO-2D-4150,DO-2D-4150,J:DO,IF2,f,2020-03-24,1,0,True,1,observed_burden,2020-03-31T00:00:00,7.0,True,1,1,1,0
DO-2D-4150|2020-03-31,DO-2D-4150,DO-2D-4150,J:DO,IF2,f,2020-03-31,1,0,True,1,observed_burden,2020-04-07T00:00:00,7.0,True,1,1,1,0
DO-2D-4150|2020-04-07,DO-2D-4150,DO-2D-4150,J:DO,IF2,f,2020-04-07,1,0,True,1,observed_burden,2020-04-14T00:00:00,7.0,True,1,1,1,0
DO-2D-4150|2020-04-14,DO-2D-4150,DO-2D-4150,J:DO,IF2,f,2020-04-14,1,0,True,1,observed_burden,2020-04-21T00:00:00,7.0,True,1,1,1,0
DO-2D-4150|2020-04-21,DO-2D-4150,DO-2D-4150,J:DO,IF2,f,2020-04-21,1,0,True,-1,no_assessment_in_window,,,False,0,0,0,0
DO-2D-4151|2020-03-04,DO-2D-4151,DO-2D-4151,J:DO,IF2,f,2020-03-04,0,0,True,1,observed_burden,2020-03-10T00:00:00,6.0,True,1,1,1,3
DO-2D-4151|2020-03-10,DO-2D-4151,DO-2D-4151,J:DO,IF2,f,2020-03-10,1,0,True,0,observed_burden,2020-03-17T00:00:00,7.0,True,1,1,1,3
DO-2D-4151|2020-03-17,DO-2D-4151,DO-2D-4151,J:DO,IF2,f,2020-03-17,0,0,True,1,observed_burden,2020-03-24T00:00:00,7.0,True,1,1,1,3
DO-2D-4151|2020-03-24,DO-2D-4151,DO-2D-4151,J:DO,IF2,f,2020-03-24,1,0,True,1,observed_burden,2020-03-31T00:00:00,7.0,True,1,1,1,3
DO-2D-4151|2020-03-31,DO-2D-4151,DO-2D-4151,J:DO,IF2,f,2020-03-31,1,0,True,1,observed_burden,2020-04-07T00:00:00,7.0,True,1,1,1,3
DO-2D-4151|2020-04-07,DO-2D-4151,DO-2D-4151,J:DO,IF2,f,2020-04-07,1,0,True,1,observed_burden,2020-04-14T00:00:00,7.0,True,1,1,1,3
DO-2D-4151|2020-04-14,DO-2D-4151,DO-2D-4151,J:DO,IF2,f,2020-04-14,1,0,True,0,observed_burden,2020-04-21T00:00:00,7.0,True,1,1,1,3
DO-2D-4151|2020-04-21,DO-2D-4151,DO-2D-4151,J:DO,IF2,f,2020-04-21,0,0,True,-1,no_assessment_in_window,,,False,0,0,0,3
DO-2D-4151|2020-05-05,DO-2D-4151,DO-2D-4151,J:DO,IF2,f,2020-05-05,0,0,True,0,observed_burden,2020-05-12T00:00:00,7.0,True,1,1,1,3
DO-2D-4151|2020-05-12,DO-2D-4151,DO-2D-4151,J:DO,IF2,f,2020-05-12,0,0,True,1,observed_burden,2020-05-19T00:00:00,7.0,True,1,1,1,3
DO-2D-4151|2020-05-19,DO-2D-4151,DO-2D-4151,J:DO,IF2,f,2020-05-19,1,0,True,0,observed_burden,2020-05-27T00:00:00,8.0,True,1,1,1,3
DO-2D-4151|2020-05-27,DO-2D-4151,DO-2D-4151,J:DO,IF2,f,2020-05-27,0,0,True,1,observed_burden,2020-06-02T00:00:00,6.0,True,1,1,1,3
DO-2D-4151|2020-06-02,DO-2D-4151,DO-2D-4151,J:DO,IF2,f,2020-06-02,1,0,True,1,observed_burden,2020-06-09T00:00:00,7.0,True,1,1,1,3
DO-2D-4151|2020-06-09,DO-2D-4151,DO-2D-4151,J:DO,IF2,f,2020-06-09,1,0,True,1,observed_burden,2020-06-16T00:00:00,7.0,True,1,1,1,3
DO-2D-4151|2020-06-16,DO-2D-4151,DO-2D-4151,J:DO,IF2,f,2020-06-16,1,0,True,1,observed_burden,2020-06-23T00:00:00,7.0,True,1,1,1,3
DO-2D-4151|2020-06-23,DO-2D-4151,DO-2D-4151,J:DO,IF2,f,2020-06-23,1,0,True,1,observed_burden,2020-06-30T00:00:00,7.0,True,1,1,1,3
DO-2D-4151|2020-06-30,DO-2D-4151,DO-2D-4151,J:DO,IF2,f,2020-06-30,1,0,True,1,observed_burden,2020-07-07T00:00:00,7.0,True,1,1,1,3
DO-2D-4151|2020-07-07,DO-2D-4151,DO-2D-4151,J:DO,IF2,f,2020-07-07,1,0,True,1,observed_burden,2020-07-14T00:00:00,7.0,True,1,1,1,3
DO-2D-4151|2020-07-14,DO-2D-4151,DO-2D-4151,J:DO,IF2,f,2020-07-14,1,0,True,1,observed_burden,2020-07-21T00:00:00,7.0,True,1,1,1,3
DO-2D-4151|2020-07-21,DO-2D-4151,DO-2D-4151,J:DO,IF2,f,2020-07-21,1,0,True,1,observed_burden,2020-07-28T00:00:00,7.0,True,1,1,1,3
DO-2D-4151|2020-07-28,DO-2D-4151,DO-2D-4151,J:DO,IF2,f,2020-07-28,1,0,True,1,observed_burden,2020-08-04T00:00:00,7.0,True,1,1,1,3
DO-2D-4151|2020-08-04,DO-2D-4151,DO-2D-4151,J:DO,IF2,f,2020-08-04,1,0,True,-1,no_assessment_in_window,,,False,0,0,0,3
DO-2D-4151|2020-08-18,DO-2D-4151,DO-2D-4151,J:DO,IF2,f,2020-08-18,1,0,True,-1,other_exit_MSG,2020-08-24T00:00:00,,False,0,0,0,3
DO-2D-4157|2020-03-04,DO-2D-4157,DO-2D-4157,J:DO,IF2,f,2020-03-04,0,0,True,0,observed_burden,2020-03-10T00:00:00,6.0,True,1,1,1,4
DO-2D-4157|2020-03-10,DO-2D-4157,DO-2D-4157,J:DO,IF2,f,2020-03-10,0,0,True,1,observed_burden,2020-03-17T00:00:00,7.0,True,1,1,1,4
DO-2D-4157|2020-03-17,DO-2D-4157,DO-2D-4157,J:DO,IF2,f,2020-03-17,1,0,True,1,observed_burden,2020-03-24T00:00:00,7.0,True,1,1,1,4
DO-2D-4157|2020-03-24,DO-2D-4157,DO-2D-4157,J:DO,IF2,f,2020-03-24,1,0,True,1,observed_burden,2020-03-31T00:00:00,7.0,True,1,1,1,4
DO-2D-4157|2020-03-31,DO-2D-4157,DO-2D-4157,J:DO,IF2,f,2020-03-31,1,0,True,1,observed_burden,2020-04-07T00:00:00,7.0,True,1,1,1,4
DO-2D-4157|2020-04-07,DO-2D-4157,DO-2D-4157,J:DO,IF2,f,2020-04-07,1,0,True,1,observed_burden,2020-04-14T00:00:00,7.0,True,1,1,1,4
DO-2D-4157|2020-04-14,DO-2D-4157,DO-2D-4157,J:DO,IF2,f,2020-04-14,1,0,True,1,observed_burden,2020-04-21T00:00:00,7.0,True,1,1,1,4
DO-2D-4157|2020-04-21,DO-2D-4157,DO-2D-4157,J:DO,IF2,f,2020-04-21,1,0,True,2,terminal_FD,2020-04-24T00:00:00,,False,0,0,0,4
DO-2D-4158|2020-03-04,DO-2D-4158,DO-2D-4158,J:DO,IF2,f,2020-03-04,0,0,True,0,observed_burden,2020-03-10T00:00:00,6.0,True,1,1,1,3
DO-2D-4158|2020-03-10,DO-2D-4158,DO-2D-4158,J:DO,IF2,f,2020-03-10,0,0,True,1,observed_burden,2020-03-17T00:00:00,7.0,True,1,1,1,3
DO-2D-4158|2020-03-17,DO-2D-4158,DO-2D-4158,J:DO,IF2,f,2020-03-17,1,0,True,1,observed_burden,2020-03-24T00:00:00,7.0,True,1,1,1,3
DO-2D-4158|2020-03-24,DO-2D-4158,DO-2D-4158,J:DO,IF2,f,2020-03-24,1,0,True,0,observed_burden,2020-03-31T00:00:00,7.0,True,1,1,1,3
DO-2D-4158|2020-03-31,DO-2D-4158,DO-2D-4158,J:DO,IF2,f,2020-03-31,0,0,True,0,observed_burden,2020-04-07T00:00:00,7.0,True,1,1,1,3
DO-2D-4158|2020-04-07,DO-2D-4158,DO-2D-4158,J:DO,IF2,f,2020-04-07,0,0,True,0,observed_burden,2020-04-14T00:00:00,7.0,True,1,1,1,3
DO-2D-4158|2020-04-14,DO-2D-4158,DO-2D-4158,J:DO,IF2,f,2020-04-14,0,0,True,0,observed_burden,2020-04-21T00:00:00,7.0,True,1,1,1,3
DO-2D-4158|2020-04-21,DO-2D-4158,DO-2D-4158,J:DO,IF2,f,2020-04-21,0,0,True,-1,no_assessment_in_window,,,False,0,0,0,3
DO-2D-4158|2020-05-05,DO-2D-4158,DO-2D-4158,J:DO,IF2,f,2020-05-05,0,0,True,1,observed_burden,2020-05-12T00:00:00,7.0,True,1,1,1,3
DO-2D-4158|2020-05-12,DO-2D-4158,DO-2D-4158,J:DO,IF2,f,2020-05-12,1,0,True,1,observed_burden,2020-05-19T00:00:00,7.0,True,1,1,1,3
DO-2D-4158|2020-05-19,DO-2D-4158,DO-2D-4158,J:DO,IF2,f,2020-05-19,1,0,True,2,terminal_FD,2020-05-26T00:00:00,,False,0,0,0,3
DO-2D-4162|2020-06-21,DO-2D-4162,DO-2D-4162,J:DO,IF2,f,2020-06-21,1,0,True,1,observed_burden,2020-06-28T00:00:00,7.0,True,1,1,1,3
DO-2D-4162|2020-06-28,DO-2D-4162,DO-2D-4162,J:DO,IF2,f,2020-06-28,1,0,True,-1,no_assessment_in_window,,,False,0,0,0,3
DO-2D-4165|2020-06-21,DO-2D-4165,DO-2D-4165,J:DO,IF2,f,2020-06-21,1,0,True,1,observed_burden,2020-06-28T00:00:00,7.0,True,1,1,1,3
DO-2D-4165|2020-06-28,DO-2D-4165,DO-2D-4165,J:DO,IF2,f,2020-06-28,1,0,True,-1,no_assessment_in_window,,,False,0,0,0,3
DO-2D-4165|2020-07-19,DO-2D-4165,DO-2D-4165,J:DO,IF2,f,2020-07-19,0,0,True,-1,no_assessment_in_window,,,False,0,0,0,3
DO-2D-4165|2020-08-03,DO-2D-4165,DO-2D-4165,J:DO,IF2,f,2020-08-03,1,0,True,-1,no_assessment_in_window,,,False,0,0,0,3
DO-2D-4165|2020-08-30,DO-2D-4165,DO-2D-4165,J:DO,IF2,f,2020-08-30,1,0,True,1,observed_burden,2020-09-08T00:00:00,9.0,True,1,1,1,3
DO-2D-4165|2020-09-08,DO-2D-4165,DO-2D-4165,J:DO,IF2,f,2020-09-08,1,0,True,1,observed_burden,2020-09-14T00:00:00,6.0,True,1,1,1,3
DO-2D-4165|2020-09-14,DO-2D-4165,DO-2D-4165,J:DO,IF2,f,2020-09-14,1,0,True,0,observed_burden,2020-09-21T00:00:00,7.0,True,1,1,1,3
DO-2D-4165|2020-09-21,DO-2D-4165,DO-2D-4165,J:DO,IF2,f,2020-09-21,0,0,True,1,observed_burden,2020-09-30T00:00:00,9.0,True,1,1,1,3
DO-2D-4165|2020-09-30,DO-2D-4165,DO-2D-4165,J:DO,IF2,f,2020-09-30,1,0,True,-1,no_assessment_in_window,,,False,0,0,0,3
DO-2D-4167|2020-06-21,DO-2D-4167,DO-2D-4167,J:DO,IF2,f,2020-06-21,0,0,True,0,observed_burden,2020-06-28T00:00:00,7.0,True,1,1,1,1
DO-2D-4167|2020-06-28,DO-2D-4167,DO-2D-4167,J:DO,IF2,f,2020-06-28,0,0,True,-1,no_assessment_in_window,,,False,0,0,0,1
DO-2D-4167|2020-07-19,DO-2D-4167,DO-2D-4167,J:DO,IF2,f,2020-07-19,1,0,True,-1,no_assessment_in_window,,,False,0,0,0,1
DO-2D-4167|2020-08-03,DO-2D-4167,DO-2D-4167,J:DO,IF2,f,2020-08-03,0,0,True,-1,no_assessment_in_window,,,False,0,0,0,1
DO-2D-4167|2020-08-25,DO-2D-4167,DO-2D-4167,J:DO,IF2,f,2020-08-25,0,0,True,0,observed_burden,2020-08-30T00:00:00,5.0,True,1,1,1,1
DO-2D-4167|2020-08-30,DO-2D-4167,DO-2D-4167,J:DO,IF2,f,2020-08-30,0,0,True,0,observed_burden,2020-09-08T00:00:00,9.0,True,1,1,1,1
DO-2D-4167|2020-09-08,DO-2D-4167,DO-2D-4167,J:DO,IF2,f,2020-09-08,0,0,True,0,observed_burden,2020-09-14T00:00:00,6.0,True,1,1,1,1
DO-2D-4167|2020-09-14,DO-2D-4167,DO-2D-4167,J:DO,IF2,f,2020-09-14,0,0,True,0,observed_burden,2020-09-21T00:00:00,7.0,True,1,1,1,1
DO-2D-4167|2020-09-21,DO-2D-4167,DO-2D-4167,J:DO,IF2,f,2020-09-21,0,0,True,0,observed_burden,2020-09-30T00:00:00,9.0,True,1,1,1,1
DO-2D-4167|2020-09-30,DO-2D-4167,DO-2D-4167,J:DO,IF2,f,2020-09-30,0,0,True,-1,no_assessment_in_window,,,False,0,0,0,1
DO-2D-4167|2020-10-28,DO-2D-4167,DO-2D-4167,J:DO,IF2,f,2020-10-28,0,0,True,0,observed_burden,2020-11-04T00:00:00,7.0,True,1,1,1,1
DO-2D-4167|2020-11-04,DO-2D-4167,DO-2D-4167,J:DO,IF2,f,2020-11-04,0,0,True,0,observed_burden,2020-11-10T00:00:00,6.0,True,1,1,1,1
DO-2D-4167|2020-11-10,DO-2D-4167,DO-2D-4167,J:DO,IF2,f,2020-11-10,0,0,True,0,observed_burden,2020-11-17T00:00:00,7.0,True,1,1,1,1
DO-2D-4167|2020-11-17,DO-2D-4167,DO-2D-4167,J:DO,IF2,f,2020-11-17,0,0,True,1,observed_burden,2020-11-24T00:00:00,7.0,True,1,1,1,1
DO-2D-4167|2020-11-24,DO-2D-4167,DO-2D-4167,J:DO,IF2,f,2020-11-24,1,0,True,0,observed_burden,2020-12-01T00:00:00,7.0,True,1,1,1,1
DO-2D-4167|2020-12-01,DO-2D-4167,DO-2D-4167,J:DO,IF2,f,2020-12-01,0,0,True,0,observed_burden,2020-12-08T00:00:00,7.0,True,1,1,1,1
DO-2D-4167|2020-12-08,DO-2D-4167,DO-2D-4167,J:DO,IF2,f,2020-12-08,0,0,True,1,observed_burden,2020-12-15T00:00:00,7.0,True,1,1,1,1
DO-2D-4167|2020-12-15,DO-2D-4167,DO-2D-4167,J:DO,IF2,f,2020-12-15,1,0,True,0,observed_burden,2020-12-22T00:00:00,7.0,True,1,1,1,1
DO-2D-4167|2020-12-22,DO-2D-4167,DO-2D-4167,J:DO,IF2,f,2020-12-22,0,0,True,2,terminal_FD,2020-12-31T00:00:00,,False,0,0,0,1
DO-2D-4168|2020-06-21,DO-2D-4168,DO-2D-4168,J:DO,IF2,f,2020-06-21,0,0,True,0,observed_burden,2020-06-28T00:00:00,7.0,True,1,1,1,1
DO-2D-4168|2020-06-28,DO-2D-4168,DO-2D-4168,J:DO,IF2,f,2020-06-28,0,0,True,-1,no_assessment_in_window,,,False,0,0,0,1
DO-2D-4168|2020-07-19,DO-2D-4168,DO-2D-4168,J:DO,IF2,f,2020-07-19,1,0,True,-1,no_assessment_in_window,,,False,0,0,0,1
DO-2D-4168|2020-08-03,DO-2D-4168,DO-2D-4168,J:DO,IF2,f,2020-08-03,1,0,True,-1,no_assessment_in_window,,,False,0,0,0,1
DO-2D-4168|2020-08-25,DO-2D-4168,DO-2D-4168,J:DO,IF2,f,2020-08-25,0,0,True,-1,other_exit_MSG,2020-08-31T00:00:00,,False,0,0,0,1
DO-2D-4171|2020-06-21,DO-2D-4171,DO-2D-4171,J:DO,IF2,f,2020-06-21,1,0,True,1,observed_burden,2020-06-28T00:00:00,7.0,True,1,1,1,2
DO-2D-4171|2020-06-28,DO-2D-4171,DO-2D-4171,J:DO,IF2,f,2020-06-28,1,0,True,-1,no_assessment_in_window,,,False,0,0,0,2
DO-2D-4171|2020-07-19,DO-2D-4171,DO-2D-4171,J:DO,IF2,f,2020-07-19,1,0,True,-1,no_assessment_in_window,,,False,0,0,0,2
DO-2D-4171|2020-08-03,DO-2D-4171,DO-2D-4171,J:DO,IF2,f,2020-08-03,1,0,True,-1,no_assessment_in_window,,,False,0,0,0,2
DO-2D-4171|2020-08-25,DO-2D-4171,DO-2D-4171,J:DO,IF2,f,2020-08-25,0,0,True,0,observed_burden,2020-08-30T00:00:00,5.0,True,1,1,1,2
DO-2D-4171|2020-08-30,DO-2D-4171,DO-2D-4171,J:DO,IF2,f,2020-08-30,0,0,True,1,observed_burden,2020-09-08T00:00:00,9.0,True,1,1,1,2
DO-2D-4171|2020-09-08,DO-2D-4171,DO-2D-4171,J:DO,IF2,f,2020-09-08,1,0,True,1,observed_burden,2020-09-14T00:00:00,6.0,True,1,1,1,2
DO-2D-4171|2020-09-14,DO-2D-4171,DO-2D-4171,J:DO,IF2,f,2020-09-14,1,0,True,0,observed_burden,2020-09-21T00:00:00,7.0,True,1,1,1,2
DO-2D-4171|2020-09-21,DO-2D-4171,DO-2D-4171,J:DO,IF2,f,2020-09-21,0,0,True,1,observed_burden,2020-09-30T00:00:00,9.0,True,1,1,1,2
DO-2D-4171|2020-09-30,DO-2D-4171,DO-2D-4171,J:DO,IF2,f,2020-09-30,1,0,True,-1,no_assessment_in_window,,,False,0,0,0,2
DO-2D-4171|2020-10-28,DO-2D-4171,DO-2D-4171,J:DO,IF2,f,2020-10-28,0,0,True,0,observed_burden,2020-11-04T00:00:00,7.0,True,1,1,1,2
DO-2D-4171|2020-11-04,DO-2D-4171,DO-2D-4171,J:DO,IF2,f,2020-11-04,0,0,True,0,observed_burden,2020-11-10T00:00:00,6.0,True,1,1,1,2
DO-2D-4171|2020-11-10,DO-2D-4171,DO-2D-4171,J:DO,IF2,f,2020-11-10,0,0,True,0,observed_burden,2020-11-17T00:00:00,7.0,True,1,1,1,2
DO-2D-4171|2020-11-17,DO-2D-4171,DO-2D-4171,J:DO,IF2,f,2020-11-17,0,0,True,1,observed_burden,2020-11-24T00:00:00,7.0,True,1,1,1,2
DO-2D-4171|2020-11-24,DO-2D-4171,DO-2D-4171,J:DO,IF2,f,2020-11-24,1,0,True,0,observed_burden,2020-12-01T00:00:00,7.0,True,1,1,1,2
DO-2D-4171|2020-12-01,DO-2D-4171,DO-2D-4171,J:DO,IF2,f,2020-12-01,0,0,True,0,observed_burden,2020-12-08T00:00:00,7.0,True,1,1,1,2
DO-2D-4171|2020-12-08,DO-2D-4171,DO-2D-4171,J:DO,IF2,f,2020-12-08,0,0,True,1,observed_burden,2020-12-15T00:00:00,7.0,True,1,1,1,2
DO-2D-4171|2020-12-15,DO-2D-4171,DO-2D-4171,J:DO,IF2,f,2020-12-15,1,0,True,0,observed_burden,2020-12-22T00:00:00,7.0,True,1,1,1,2
DO-2D-4171|2020-12-22,DO-2D-4171,DO-2D-4171,J:DO,IF2,f,2020-12-22,0,0,True,0,observed_burden,2020-12-29T00:00:00,7.0,True,1,1,1,2
DO-2D-4171|2020-12-29,DO-2D-4171,DO-2D-4171,J:DO,IF2,f,2020-12-29,0,0,True,1,observed_burden,2021-01-05T00:00:00,7.0,True,1,1,1,2
DO-2D-4171|2021-01-05,DO-2D-4171,DO-2D-4171,J:DO,IF2,f,2021-01-05,1,0,True,-1,no_assessment_in_window,,,False,0,0,0,2
DO-2D-4171|2021-01-19,DO-2D-4171,DO-2D-4171,J:DO,IF2,f,2021-01-19,1,0,True,1,observed_burden,2021-01-27T00:00:00,8.0,True,1,1,1,2
DO-2D-4171|2021-01-27,DO-2D-4171,DO-2D-4171,J:DO,IF2,f,2021-01-27,1,0,True,1,observed_burden,2021-02-01T00:00:00,5.0,True,1,1,1,2
DO-2D-4171|2021-02-01,DO-2D-4171,DO-2D-4171,J:DO,IF2,f,2021-02-01,1,0,True,1,observed_burden,2021-02-09T00:00:00,8.0,True,1,1,1,2
DO-2D-4171|2021-02-09,DO-2D-4171,DO-2D-4171,J:DO,IF2,f,2021-02-09,1,0,True,1,observed_burden,2021-02-15T00:00:00,6.0,True,1,1,1,2
DO-2D-4171|2021-02-15,DO-2D-4171,DO-2D-4171,J:DO,IF2,f,2021-02-15,1,0,True,1,observed_burden,2021-02-23T00:00:00,8.0,True,1,1,1,2
DO-2D-4171|2021-02-23,DO-2D-4171,DO-2D-4171,J:DO,IF2,f,2021-02-23,1,0,True,2,terminal_FD,2021-03-01T00:00:00,,False,0,0,0,2
DO-2D-4172|2020-06-21,DO-2D-4172,DO-2D-4172,J:DO,IF2,f,2020-06-21,0,0,True,0,observed_burden,2020-06-28T00:00:00,7.0,True,1,1,1,3
DO-2D-4172|2020-06-28,DO-2D-4172,DO-2D-4172,J:DO,IF2,f,2020-06-28,0,0,True,-1,no_assessment_in_window,,,False,0,0,0,3
DO-2D-4172|2020-07-19,DO-2D-4172,DO-2D-4172,J:DO,IF2,f,2020-07-19,1,0,True,-1,no_assessment_in_window,,,False,0,0,0,3
DO-2D-4172|2020-08-03,DO-2D-4172,DO-2D-4172,J:DO,IF2,f,2020-08-03,0,0,True,-1,no_assessment_in_window,,,False,0,0,0,3
DO-2D-4172|2020-08-25,DO-2D-4172,DO-2D-4172,J:DO,IF2,f,2020-08-25,0,0,True,0,observed_burden,2020-08-30T00:00:00,5.0,True,1,1,1,3
DO-2D-4172|2020-08-30,DO-2D-4172,DO-2D-4172,J:DO,IF2,f,2020-08-30,0,0,True,1,observed_burden,2020-09-08T00:00:00,9.0,True,1,1,1,3
DO-2D-4172|2020-09-08,DO-2D-4172,DO-2D-4172,J:DO,IF2,f,2020-09-08,1,0,True,1,observed_burden,2020-09-14T00:00:00,6.0,True,1,1,1,3
DO-2D-4172|2020-09-14,DO-2D-4172,DO-2D-4172,J:DO,IF2,f,2020-09-14,1,0,True,0,observed_burden,2020-09-21T00:00:00,7.0,True,1,1,1,3
DO-2D-4172|2020-09-21,DO-2D-4172,DO-2D-4172,J:DO,IF2,f,2020-09-21,0,0,True,1,observed_burden,2020-09-30T00:00:00,9.0,True,1,1,1,3
DO-2D-4172|2020-09-30,DO-2D-4172,DO-2D-4172,J:DO,IF2,f,2020-09-30,1,0,True,-1,no_assessment_in_window,,,False,0,0,0,3
DO-2D-4172|2020-10-28,DO-2D-4172,DO-2D-4172,J:DO,IF2,f,2020-10-28,0,0,True,0,observed_burden,2020-11-04T00:00:00,7.0,True,1,1,1,3
DO-2D-4172|2020-11-04,DO-2D-4172,DO-2D-4172,J:DO,IF2,f,2020-11-04,0,0,True,0,observed_burden,2020-11-10T00:00:00,6.0,True,1,1,1,3
DO-2D-4172|2020-11-10,DO-2D-4172,DO-2D-4172,J:DO,IF2,f,2020-11-10,0,0,True,0,observed_burden,2020-11-17T00:00:00,7.0,True,1,1,1,3
DO-2D-4172|2020-11-17,DO-2D-4172,DO-2D-4172,J:DO,IF2,f,2020-11-17,0,0,True,1,observed_burden,2020-11-24T00:00:00,7.0,True,1,1,1,3
DO-2D-4172|2020-11-24,DO-2D-4172,DO-2D-4172,J:DO,IF2,f,2020-11-24,1,0,True,0,observed_burden,2020-12-01T00:00:00,7.0,True,1,1,1,3
DO-2D-4172|2020-12-01,DO-2D-4172,DO-2D-4172,J:DO,IF2,f,2020-12-01,0,0,True,0,observed_burden,2020-12-08T00:00:00,7.0,True,1,1,1,3
DO-2D-4172|2020-12-08,DO-2D-4172,DO-2D-4172,J:DO,IF2,f,2020-12-08,0,0,True,1,observed_burden,2020-12-15T00:00:00,7.0,True,1,1,1,3
DO-2D-4172|2020-12-15,DO-2D-4172,DO-2D-4172,J:DO,IF2,f,2020-12-15,1,0,True,0,observed_burden,2020-12-22T00:00:00,7.0,True,1,1,1,3
DO-2D-4172|2020-12-22,DO-2D-4172,DO-2D-4172,J:DO,IF2,f,2020-12-22,0,0,True,2,terminal_FD,2020-12-26T00:00:00,,False,0,0,0,3
DO-2D-4174|2020-06-21,DO-2D-4174,DO-2D-4174,J:DO,IF2,f,2020-06-21,1,0,True,1,observed_burden,2020-06-28T00:00:00,7.0,True,1,1,1,0
DO-2D-4174|2020-06-28,DO-2D-4174,DO-2D-4174,J:DO,IF2,f,2020-06-28,1,0,True,-1,no_assessment_in_window,,,False,0,0,0,0
DO-2D-4174|2020-07-19,DO-2D-4174,DO-2D-4174,J:DO,IF2,f,2020-07-19,1,0,True,2,terminal_FD,2020-07-27T00:00:00,,False,0,0,0,0
DO-2D-4180|2020-06-22,DO-2D-4180,DO-2D-4180,J:DO,IF2,f,2020-06-22,1,0,True,1,observed_burden,2020-06-29T00:00:00,7.0,True,1,1,1,1
DO-2D-4180|2020-06-29,DO-2D-4180,DO-2D-4180,J:DO,IF2,f,2020-06-29,1,0,True,-1,no_assessment_in_window,,,False,0,0,0,1
DO-2D-4180|2020-07-13,DO-2D-4180,DO-2D-4180,J:DO,IF2,f,2020-07-13,1,0,True,1,observed_burden,2020-07-20T00:00:00,7.0,True,1,1,1,1
DO-2D-4180|2020-07-20,DO-2D-4180,DO-2D-4180,J:DO,IF2,f,2020-07-20,1,0,True,-1,no_assessment_in_window,,,False,0,0,0,1
DO-2D-4180|2020-08-04,DO-2D-4180,DO-2D-4180,J:DO,IF2,f,2020-08-04,1,0,True,1,observed_burden,2020-08-10T00:00:00,6.0,True,1,1,1,1
DO-2D-4180|2020-08-10,DO-2D-4180,DO-2D-4180,J:DO,IF2,f,2020-08-10,1,0,True,-1,no_assessment_in_window,,,False,0,0,0,1
DO-2D-4180|2020-08-25,DO-2D-4180,DO-2D-4180,J:DO,IF2,f,2020-08-25,1,0,True,-1,no_assessment_in_window,,,False,0,0,0,1
DO-2D-4180|2020-09-08,DO-2D-4180,DO-2D-4180,J:DO,IF2,f,2020-09-08,1,0,True,1,observed_burden,2020-09-14T00:00:00,6.0,True,1,1,1,1
DO-2D-4180|2020-09-14,DO-2D-4180,DO-2D-4180,J:DO,IF2,f,2020-09-14,1,0,True,1,observed_burden,2020-09-21T00:00:00,7.0,True,1,1,1,1
DO-2D-4180|2020-09-21,DO-2D-4180,DO-2D-4180,J:DO,IF2,f,2020-09-21,1,0,True,2,terminal_FD,2020-09-27T00:00:00,,False,0,0,0,1
DO-2D-4184|2020-06-22,DO-2D-4184,DO-2D-4184,J:DO,IF2,f,2020-06-22,1,0,True,1,observed_burden,2020-06-29T00:00:00,7.0,True,1,1,1,2
DO-2D-4184|2020-06-29,DO-2D-4184,DO-2D-4184,J:DO,IF2,f,2020-06-29,1,0,True,-1,no_assessment_in_window,,,False,0,0,0,2
DO-2D-4184|2020-07-13,DO-2D-4184,DO-2D-4184,J:DO,IF2,f,2020-07-13,1,0,True,1,observed_burden,2020-07-20T00:00:00,7.0,True,1,1,1,2
DO-2D-4184|2020-07-20,DO-2D-4184,DO-2D-4184,J:DO,IF2,f,2020-07-20,1,0,True,-1,no_assessment_in_window,,,False,0,0,0,2
DO-2D-4184|2020-08-04,DO-2D-4184,DO-2D-4184,J:DO,IF2,f,2020-08-04,1,0,True,1,observed_burden,2020-08-10T00:00:00,6.0,True,1,1,1,2
DO-2D-4184|2020-08-10,DO-2D-4184,DO-2D-4184,J:DO,IF2,f,2020-08-10,1,0,True,-1,no_assessment_in_window,,,False,0,0,0,2
DO-2D-4184|2020-08-25,DO-2D-4184,DO-2D-4184,J:DO,IF2,f,2020-08-25,1,0,True,-1,no_assessment_in_window,,,False,0,0,0,2
DO-2D-4184|2020-09-08,DO-2D-4184,DO-2D-4184,J:DO,IF2,f,2020-09-08,1,0,True,2,terminal_FD,2020-09-11T00:00:00,,False,0,0,0,2
DO-2D-4186|2020-06-22,DO-2D-4186,DO-2D-4186,J:DO,IF2,f,2020-06-22,1,0,True,0,observed_burden,2020-06-29T00:00:00,7.0,True,1,1,1,4
DO-2D-4186|2020-06-29,DO-2D-4186,DO-2D-4186,J:DO,IF2,f,2020-06-29,0,0,True,-1,no_assessment_in_window,,,False,0,0,0,4
DO-2D-4186|2020-07-13,DO-2D-4186,DO-2D-4186,J:DO,IF2,f,2020-07-13,1,0,True,1,observed_burden,2020-07-20T00:00:00,7.0,True,1,1,1,4
DO-2D-4186|2020-07-20,DO-2D-4186,DO-2D-4186,J:DO,IF2,f,2020-07-20,1,0,True,-1,no_assessment_in_window,,,False,0,0,0,4
DO-2D-4186|2020-08-04,DO-2D-4186,DO-2D-4186,J:DO,IF2,f,2020-08-04,1,0,True,1,observed_burden,2020-08-10T00:00:00,6.0,True,1,1,1,4
DO-2D-4186|2020-08-10,DO-2D-4186,DO-2D-4186,J:DO,IF2,f,2020-08-10,1,0,True,-1,no_assessment_in_window,,,False,0,0,0,4
DO-2D-4186|2020-08-25,DO-2D-4186,DO-2D-4186,J:DO,IF2,f,2020-08-25,1,0,True,-1,no_assessment_in_window,,,False,0,0,0,4
DO-2D-4186|2020-09-08,DO-2D-4186,DO-2D-4186,J:DO,IF2,f,2020-09-08,1,0,True,1,observed_burden,2020-09-14T00:00:00,6.0,True,1,1,1,4
DO-2D-4186|2020-09-14,DO-2D-4186,DO-2D-4186,J:DO,IF2,f,2020-09-14,1,0,True,1,observed_burden,2020-09-21T00:00:00,7.0,True,1,1,1,4
DO-2D-4186|2020-09-21,DO-2D-4186,DO-2D-4186,J:DO,IF2,f,2020-09-21,1,0,True,1,observed_burden,2020-09-30T00:00:00,9.0,True,1,1,1,4
DO-2D-4186|2020-09-30,DO-2D-4186,DO-2D-4186,J:DO,IF2,f,2020-09-30,1,0,True,1,observed_burden,2020-10-06T00:00:00,6.0,True,1,1,1,4
DO-2D-4186|2020-10-06,DO-2D-4186,DO-2D-4186,J:DO,IF2,f,2020-10-06,1,0,True,1,observed_burden,2020-10-12T00:00:00,6.0,True,1,1,1,4
DO-2D-4186|2020-10-12,DO-2D-4186,DO-2D-4186,J:DO,IF2,f,2020-10-12,1,0,True,1,observed_burden,2020-10-20T00:00:00,8.0,True,1,1,1,4
DO-2D-4186|2020-10-20,DO-2D-4186,DO-2D-4186,J:DO,IF2,f,2020-10-20,1,0,True,1,observed_burden,2020-10-28T00:00:00,8.0,True,1,1,1,4
DO-2D-4186|2020-10-28,DO-2D-4186,DO-2D-4186,J:DO,IF2,f,2020-10-28,1,0,True,-1,no_assessment_in_window,,,False,0,0,0,4
DO-2D-4186|2020-11-10,DO-2D-4186,DO-2D-4186,J:DO,IF2,f,2020-11-10,1,0,True,-1,no_assessment_in_window,,,False,0,0,0,4
DO-2D-4186|2020-11-24,DO-2D-4186,DO-2D-4186,J:DO,IF2,f,2020-11-24,1,0,True,1,observed_burden,2020-12-01T00:00:00,7.0,True,1,1,1,4
DO-2D-4186|2020-12-01,DO-2D-4186,DO-2D-4186,J:DO,IF2,f,2020-12-01,1,0,True,2,terminal_RE,2020-12-04T00:00:00,,False,0,0,0,4
DO-2D-4190|2020-06-22,DO-2D-4190,DO-2D-4190,J:DO,IF2,f,2020-06-22,0,0,True,1,observed_burden,2020-06-29T00:00:00,7.0,True,1,1,1,4
DO-2D-4190|2020-06-29,DO-2D-4190,DO-2D-4190,J:DO,IF2,f,2020-06-29,1,0,True,-1,no_assessment_in_window,,,False,0,0,0,4
DO-2D-4190|2020-07-13,DO-2D-4190,DO-2D-4190,J:DO,IF2,f,2020-07-13,0,0,True,0,observed_burden,2020-07-20T00:00:00,7.0,True,1,1,1,4
DO-2D-4190|2020-07-20,DO-2D-4190,DO-2D-4190,J:DO,IF2,f,2020-07-20,0,0,True,-1,no_assessment_in_window,,,False,0,0,0,4
DO-2D-4190|2020-08-04,DO-2D-4190,DO-2D-4190,J:DO,IF2,f,2020-08-04,0,0,True,0,observed_burden,2020-08-10T00:00:00,6.0,True,1,1,1,4
DO-2D-4190|2020-08-10,DO-2D-4190,DO-2D-4190,J:DO,IF2,f,2020-08-10,0,0,True,-1,no_assessment_in_window,,,False,0,0,0,4
DO-2D-4190|2020-08-25,DO-2D-4190,DO-2D-4190,J:DO,IF2,f,2020-08-25,0,0,True,-1,no_assessment_in_window,,,False,0,0,0,4
DO-2D-4190|2020-09-08,DO-2D-4190,DO-2D-4190,J:DO,IF2,f,2020-09-08,0,0,True,1,observed_burden,2020-09-14T00:00:00,6.0,True,1,1,1,4
DO-2D-4190|2020-09-14,DO-2D-4190,DO-2D-4190,J:DO,IF2,f,2020-09-14,1,0,True,2,terminal_FD,2020-09-20T00:00:00,,False,0,0,0,4
DO-2D-4192|2020-06-22,DO-2D-4192,DO-2D-4192,J:DO,IF2,f,2020-06-22,0,0,True,1,observed_burden,2020-06-29T00:00:00,7.0,True,1,1,1,2
DO-2D-4192|2020-06-29,DO-2D-4192,DO-2D-4192,J:DO,IF2,f,2020-06-29,1,0,True,-1,no_assessment_in_window,,,False,0,0,0,2
DO-2D-4192|2020-07-13,DO-2D-4192,DO-2D-4192,J:DO,IF2,f,2020-07-13,0,0,True,0,observed_burden,2020-07-20T00:00:00,7.0,True,1,1,1,2
DO-2D-4192|2020-07-20,DO-2D-4192,DO-2D-4192,J:DO,IF2,f,2020-07-20,0,0,True,-1,no_assessment_in_window,,,False,0,0,0,2
DO-40-2016|2019-10-08,DO-40-2016,DO-40-2016,J:DO,CR40,f,2019-10-08,1,2,False,1,observed_burden,2019-10-15T00:00:00,7.0,True,1,1,1,4
DO-40-2016|2019-10-15,DO-40-2016,DO-40-2016,J:DO,CR40,f,2019-10-15,1,0,True,1,observed_burden,2019-10-22T00:00:00,7.0,True,1,1,1,4
DO-40-2016|2019-10-22,DO-40-2016,DO-40-2016,J:DO,CR40,f,2019-10-22,1,0,True,1,observed_burden,2019-10-29T00:00:00,7.0,True,1,1,1,4
DO-40-2016|2019-10-29,DO-40-2016,DO-40-2016,J:DO,CR40,f,2019-10-29,1,0,True,1,observed_burden,2019-11-05T00:00:00,7.0,True,1,1,1,4
DO-40-2016|2019-11-05,DO-40-2016,DO-40-2016,J:DO,CR40,f,2019-11-05,1,0,True,1,observed_burden,2019-11-12T00:00:00,7.0,True,1,1,1,4
DO-40-2016|2019-11-12,DO-40-2016,DO-40-2016,J:DO,CR40,f,2019-11-12,1,0,True,1,observed_burden,2019-11-19T00:00:00,7.0,True,1,1,1,4
DO-40-2016|2019-11-19,DO-40-2016,DO-40-2016,J:DO,CR40,f,2019-11-19,1,0,True,2,terminal_FD,2019-11-27T00:00:00,,False,1,1,1,4
DO-40-2016|2019-11-25,DO-40-2016,DO-40-2016,J:DO,CR40,f,2019-11-25,1,0,True,2,terminal_FD,2019-11-27T00:00:00,,False,0,0,0,4
DO-40-2017|2019-10-08,DO-40-2017,DO-40-2017,J:DO,CR40,f,2019-10-08,1,2,False,2,terminal_FD,2019-10-14T00:00:00,,False,0,0,0,1
DO-40-2024|2019-10-08,DO-40-2024,DO-40-2024,J:DO,CR40,f,2019-10-08,1,2,False,1,observed_burden,2019-10-15T00:00:00,7.0,True,1,1,1,0
DO-40-2024|2019-10-15,DO-40-2024,DO-40-2024,J:DO,CR40,f,2019-10-15,1,0,True,1,observed_burden,2019-10-22T00:00:00,7.0,True,1,1,1,0
DO-40-2024|2019-10-22,DO-40-2024,DO-40-2024,J:DO,CR40,f,2019-10-22,1,0,True,1,observed_burden,2019-10-29T00:00:00,7.0,True,1,1,1,0
DO-40-2024|2019-10-29,DO-40-2024,DO-40-2024,J:DO,CR40,f,2019-10-29,1,0,True,1,observed_burden,2019-11-05T00:00:00,7.0,True,1,1,1,0
DO-40-2024|2019-11-05,DO-40-2024,DO-40-2024,J:DO,CR40,f,2019-11-05,1,0,True,1,observed_burden,2019-11-12T00:00:00,7.0,True,1,1,1,0
DO-40-2024|2019-11-12,DO-40-2024,DO-40-2024,J:DO,CR40,f,2019-11-12,1,0,True,1,observed_burden,2019-11-19T00:00:00,7.0,True,1,1,1,0
DO-40-2024|2019-11-19,DO-40-2024,DO-40-2024,J:DO,CR40,f,2019-11-19,1,0,True,1,observed_burden,2019-11-25T00:00:00,6.0,True,1,1,1,0
DO-40-2024|2019-11-25,DO-40-2024,DO-40-2024,J:DO,CR40,f,2019-11-25,1,0,True,1,observed_burden,2019-12-03T00:00:00,8.0,True,1,1,1,0
DO-40-2024|2019-12-03,DO-40-2024,DO-40-2024,J:DO,CR40,f,2019-12-03,1,0,True,1,observed_burden,2019-12-10T00:00:00,7.0,True,1,1,1,0
DO-40-2024|2019-12-10,DO-40-2024,DO-40-2024,J:DO,CR40,f,2019-12-10,1,0,True,1,observed_burden,2019-12-17T00:00:00,7.0,True,1,1,1,0
DO-40-2024|2019-12-17,DO-40-2024,DO-40-2024,J:DO,CR40,f,2019-12-17,1,0,True,-1,no_assessment_in_window,,,False,0,0,0,0
DO-40-2024|2020-01-02,DO-40-2024,DO-40-2024,J:DO,CR40,f,2020-01-02,1,0,True,1,observed_burden,2020-01-07T00:00:00,5.0,True,1,1,1,0
DO-40-2024|2020-01-07,DO-40-2024,DO-40-2024,J:DO,CR40,f,2020-01-07,1,0,True,1,observed_burden,2020-01-14T00:00:00,7.0,True,1,1,1,0
DO-40-2024|2020-01-14,DO-40-2024,DO-40-2024,J:DO,CR40,f,2020-01-14,1,0,True,-1,no_assessment_in_window,,,False,0,0,0,0
DO-40-2024|2020-02-03,DO-40-2024,DO-40-2024,J:DO,CR40,f,2020-02-03,1,0,True,1,observed_burden,2020-02-10T00:00:00,7.0,True,1,1,1,0
DO-40-2024|2020-02-10,DO-40-2024,DO-40-2024,J:DO,CR40,f,2020-02-10,1,0,True,1,observed_burden,2020-02-17T00:00:00,7.0,True,1,1,1,0
DO-40-2024|2020-02-17,DO-40-2024,DO-40-2024,J:DO,CR40,f,2020-02-17,1,0,True,1,observed_burden,2020-02-24T00:00:00,7.0,True,1,1,1,0
DO-40-2024|2020-02-24,DO-40-2024,DO-40-2024,J:DO,CR40,f,2020-02-24,1,0,True,1,observed_burden,2020-03-02T00:00:00,7.0,True,1,1,1,0
DO-40-2024|2020-03-02,DO-40-2024,DO-40-2024,J:DO,CR40,f,2020-03-02,1,0,True,1,observed_burden,2020-03-08T00:00:00,6.0,True,1,1,1,0
DO-40-2024|2020-03-08,DO-40-2024,DO-40-2024,J:DO,CR40,f,2020-03-08,1,0,True,1,observed_burden,2020-03-15T00:00:00,7.0,True,1,1,1,0
DO-40-2024|2020-03-15,DO-40-2024,DO-40-2024,J:DO,CR40,f,2020-03-15,1,0,True,2,terminal_FD,2020-03-18T00:00:00,,False,0,0,0,0
DO-40-2028|2019-10-08,DO-40-2028,DO-40-2028,J:DO,CR40,f,2019-10-08,1,2,False,1,observed_burden,2019-10-15T00:00:00,7.0,True,1,1,1,3
DO-40-2028|2019-10-15,DO-40-2028,DO-40-2028,J:DO,CR40,f,2019-10-15,1,0,True,1,observed_burden,2019-10-22T00:00:00,7.0,True,1,1,1,3
DO-40-2028|2019-10-22,DO-40-2028,DO-40-2028,J:DO,CR40,f,2019-10-22,1,0,True,1,observed_burden,2019-10-29T00:00:00,7.0,True,1,1,1,3
DO-40-2028|2019-10-29,DO-40-2028,DO-40-2028,J:DO,CR40,f,2019-10-29,1,0,True,1,observed_burden,2019-11-05T00:00:00,7.0,True,1,1,1,3
DO-40-2028|2019-11-05,DO-40-2028,DO-40-2028,J:DO,CR40,f,2019-11-05,1,0,True,1,observed_burden,2019-11-12T00:00:00,7.0,True,1,1,1,3
DO-40-2028|2019-11-12,DO-40-2028,DO-40-2028,J:DO,CR40,f,2019-11-12,1,0,True,1,observed_burden,2019-11-19T00:00:00,7.0,True,1,1,1,3
DO-40-2028|2019-11-19,DO-40-2028,DO-40-2028,J:DO,CR40,f,2019-11-19,1,0,True,1,observed_burden,2019-11-25T00:00:00,6.0,True,1,1,1,3
DO-40-2028|2019-11-25,DO-40-2028,DO-40-2028,J:DO,CR40,f,2019-11-25,1,0,True,1,observed_burden,2019-12-03T00:00:00,8.0,True,1,1,1,3
DO-40-2028|2019-12-03,DO-40-2028,DO-40-2028,J:DO,CR40,f,2019-12-03,1,0,True,1,observed_burden,2019-12-10T00:00:00,7.0,True,1,1,1,3
DO-40-2028|2019-12-10,DO-40-2028,DO-40-2028,J:DO,CR40,f,2019-12-10,1,0,True,1,observed_burden,2019-12-17T00:00:00,7.0,True,1,1,1,3
DO-40-2028|2019-12-17,DO-40-2028,DO-40-2028,J:DO,CR40,f,2019-12-17,1,0,True,-1,no_assessment_in_window,,,False,0,0,0,3
DO-40-2028|2020-01-02,DO-40-2028,DO-40-2028,J:DO,CR40,f,2020-01-02,1,0,True,1,observed_burden,2020-01-07T00:00:00,5.0,True,1,1,1,3
DO-40-2028|2020-01-07,DO-40-2028,DO-40-2028,J:DO,CR40,f,2020-01-07,1,0,True,1,observed_burden,2020-01-14T00:00:00,7.0,True,1,1,1,3
DO-40-2028|2020-01-14,DO-40-2028,DO-40-2028,J:DO,CR40,f,2020-01-14,1,0,True,-1,no_assessment_in_window,,,False,0,0,0,3
DO-40-2028|2020-02-03,DO-40-2028,DO-40-2028,J:DO,CR40,f,2020-02-03,1,0,True,1,observed_burden,2020-02-10T00:00:00,7.0,True,1,1,1,3
DO-40-2028|2020-02-10,DO-40-2028,DO-40-2028,J:DO,CR40,f,2020-02-10,1,0,True,1,observed_burden,2020-02-17T00:00:00,7.0,True,1,1,1,3
DO-40-2028|2020-02-17,DO-40-2028,DO-40-2028,J:DO,CR40,f,2020-02-17,1,0,True,1,observed_burden,2020-02-24T00:00:00,7.0,True,1,1,1,3
DO-40-2028|2020-02-24,DO-40-2028,DO-40-2028,J:DO,CR40,f,2020-02-24,1,0,True,1,observed_burden,2020-03-02T00:00:00,7.0,True,1,1,1,3
DO-40-2028|2020-03-02,DO-40-2028,DO-40-2028,J:DO,CR40,f,2020-03-02,1,0,True,1,observed_burden,2020-03-08T00:00:00,6.0,True,1,1,1,3
DO-40-2028|2020-03-08,DO-40-2028,DO-40-2028,J:DO,CR40,f,2020-03-08,1,0,True,1,observed_burden,2020-03-15T00:00:00,7.0,True,1,1,1,3
DO-40-2028|2020-03-15,DO-40-2028,DO-40-2028,J:DO,CR40,f,2020-03-15,1,0,True,0,observed_burden,2020-03-22T00:00:00,7.0,True,1,1,1,3
DO-40-2028|2020-03-22,DO-40-2028,DO-40-2028,J:DO,CR40,f,2020-03-22,0,0,True,-1,no_assessment_in_window,,,False,0,0,0,3
DO-40-2028|2020-04-05,DO-40-2028,DO-40-2028,J:DO,CR40,f,2020-04-05,1,0,True,1,observed_burden,2020-04-12T00:00:00,7.0,True,1,1,1,3
DO-40-2028|2020-04-12,DO-40-2028,DO-40-2028,J:DO,CR40,f,2020-04-12,1,0,True,1,observed_burden,2020-04-19T00:00:00,7.0,True,1,1,1,3
DO-40-2028|2020-04-19,DO-40-2028,DO-40-2028,J:DO,CR40,f,2020-04-19,1,0,True,1,observed_burden,2020-04-26T00:00:00,7.0,True,1,1,1,3
DO-40-2028|2020-04-26,DO-40-2028,DO-40-2028,J:DO,CR40,f,2020-04-26,1,0,True,2,terminal_FD,2020-04-30T00:00:00,,False,0,0,0,3
DO-40-2039|2019-10-08,DO-40-2039,DO-40-2039,J:DO,CR40,f,2019-10-08,1,2,False,1,observed_burden,2019-10-15T00:00:00,7.0,True,1,1,1,0
DO-40-2039|2019-10-15,DO-40-2039,DO-40-2039,J:DO,CR40,f,2019-10-15,1,0,True,1,observed_burden,2019-10-22T00:00:00,7.0,True,1,1,1,0
DO-40-2039|2019-10-22,DO-40-2039,DO-40-2039,J:DO,CR40,f,2019-10-22,1,0,True,1,observed_burden,2019-10-29T00:00:00,7.0,True,1,1,1,0
DO-40-2039|2019-10-29,DO-40-2039,DO-40-2039,J:DO,CR40,f,2019-10-29,1,0,True,1,observed_burden,2019-11-06T00:00:00,8.0,True,1,1,1,0
DO-40-2039|2019-11-06,DO-40-2039,DO-40-2039,J:DO,CR40,f,2019-11-06,1,0,True,1,observed_burden,2019-11-13T00:00:00,7.0,True,1,1,1,0
DO-40-2039|2019-11-13,DO-40-2039,DO-40-2039,J:DO,CR40,f,2019-11-13,1,0,True,1,observed_burden,2019-11-20T00:00:00,7.0,True,1,1,1,0
DO-40-2039|2019-11-20,DO-40-2039,DO-40-2039,J:DO,CR40,f,2019-11-20,1,0,True,1,observed_burden,2019-11-26T00:00:00,6.0,True,1,1,1,0
DO-40-2039|2019-11-26,DO-40-2039,DO-40-2039,J:DO,CR40,f,2019-11-26,1,0,True,-1,no_assessment_in_window,,,False,0,0,0,0
DO-40-2039|2019-12-24,DO-40-2039,DO-40-2039,J:DO,CR40,f,2019-12-24,1,0,True,-1,no_assessment_in_window,,,False,0,0,0,0
DO-40-2039|2020-01-03,DO-40-2039,DO-40-2039,J:DO,CR40,f,2020-01-03,1,0,True,1,observed_burden,2020-01-08T00:00:00,5.0,True,1,1,1,0
DO-40-2039|2020-01-08,DO-40-2039,DO-40-2039,J:DO,CR40,f,2020-01-08,1,0,True,2,terminal_FD,2020-01-16T00:00:00,,False,1,1,1,0
DO-40-2039|2020-01-15,DO-40-2039,DO-40-2039,J:DO,CR40,f,2020-01-15,1,0,True,2,terminal_FD,2020-01-16T00:00:00,,False,0,0,0,0
DO-40-2050|2019-10-08,DO-40-2050,DO-40-2050,J:DO,CR40,f,2019-10-08,1,2,False,-1,no_assessment_in_window,,,False,0,0,0,3
DO-40-2050|2019-10-22,DO-40-2050,DO-40-2050,J:DO,CR40,f,2019-10-22,1,0,True,1,observed_burden,2019-10-29T00:00:00,7.0,True,1,1,1,3
DO-40-2050|2019-10-29,DO-40-2050,DO-40-2050,J:DO,CR40,f,2019-10-29,1,0,True,1,observed_burden,2019-11-06T00:00:00,8.0,True,1,1,1,3
DO-40-2050|2019-11-06,DO-40-2050,DO-40-2050,J:DO,CR40,f,2019-11-06,1,0,True,1,observed_burden,2019-11-13T00:00:00,7.0,True,1,1,1,3
DO-40-2050|2019-11-13,DO-40-2050,DO-40-2050,J:DO,CR40,f,2019-11-13,1,0,True,1,observed_burden,2019-11-20T00:00:00,7.0,True,1,1,1,3
DO-40-2050|2019-11-20,DO-40-2050,DO-40-2050,J:DO,CR40,f,2019-11-20,1,0,True,1,observed_burden,2019-11-26T00:00:00,6.0,True,1,1,1,3
DO-40-2050|2019-11-26,DO-40-2050,DO-40-2050,J:DO,CR40,f,2019-11-26,1,0,True,1,observed_burden,2019-12-04T00:00:00,8.0,True,1,1,1,3
DO-40-2050|2019-12-04,DO-40-2050,DO-40-2050,J:DO,CR40,f,2019-12-04,1,0,True,1,observed_burden,2019-12-11T00:00:00,7.0,True,1,1,1,3
DO-40-2050|2019-12-11,DO-40-2050,DO-40-2050,J:DO,CR40,f,2019-12-11,1,0,True,1,observed_burden,2019-12-19T00:00:00,8.0,True,1,1,1,3
DO-40-2050|2019-12-19,DO-40-2050,DO-40-2050,J:DO,CR40,f,2019-12-19,1,0,True,-1,no_assessment_in_window,,,False,0,0,0,3
DO-40-2050|2020-01-08,DO-40-2050,DO-40-2050,J:DO,CR40,f,2020-01-08,1,0,True,1,observed_burden,2020-01-15T00:00:00,7.0,True,1,1,1,3
DO-40-2050|2020-01-15,DO-40-2050,DO-40-2050,J:DO,CR40,f,2020-01-15,1,0,True,1,observed_burden,2020-01-20T00:00:00,5.0,True,1,1,1,3
DO-40-2050|2020-01-20,DO-40-2050,DO-40-2050,J:DO,CR40,f,2020-01-20,1,0,True,1,observed_burden,2020-01-27T00:00:00,7.0,True,1,1,1,3
DO-40-2050|2020-01-27,DO-40-2050,DO-40-2050,J:DO,CR40,f,2020-01-27,1,0,True,1,observed_burden,2020-02-03T00:00:00,7.0,True,1,1,1,3
DO-40-2050|2020-02-03,DO-40-2050,DO-40-2050,J:DO,CR40,f,2020-02-03,1,0,True,1,observed_burden,2020-02-11T00:00:00,8.0,True,1,1,1,3
DO-40-2050|2020-02-11,DO-40-2050,DO-40-2050,J:DO,CR40,f,2020-02-11,1,0,True,1,observed_burden,2020-02-18T00:00:00,7.0,True,1,1,1,3
DO-40-2050|2020-02-18,DO-40-2050,DO-40-2050,J:DO,CR40,f,2020-02-18,1,0,True,1,observed_burden,2020-02-25T00:00:00,7.0,True,1,1,1,3
DO-40-2050|2020-02-25,DO-40-2050,DO-40-2050,J:DO,CR40,f,2020-02-25,1,0,True,1,observed_burden,2020-03-03T00:00:00,7.0,True,1,1,1,3
DO-40-2050|2020-03-03,DO-40-2050,DO-40-2050,J:DO,CR40,f,2020-03-03,1,0,True,1,observed_burden,2020-03-09T00:00:00,6.0,True,1,1,1,3
DO-40-2050|2020-03-09,DO-40-2050,DO-40-2050,J:DO,CR40,f,2020-03-09,1,0,True,1,observed_burden,2020-03-16T00:00:00,7.0,True,1,1,1,3
DO-40-2050|2020-03-16,DO-40-2050,DO-40-2050,J:DO,CR40,f,2020-03-16,1,0,True,1,observed_burden,2020-03-23T00:00:00,7.0,True,1,1,1,3
DO-40-2050|2020-03-23,DO-40-2050,DO-40-2050,J:DO,CR40,f,2020-03-23,1,0,True,-1,no_assessment_in_window,,,False,0,0,0,3
DO-40-2050|2020-04-13,DO-40-2050,DO-40-2050,J:DO,CR40,f,2020-04-13,1,0,True,1,observed_burden,2020-04-20T00:00:00,7.0,True,1,1,1,3
DO-40-2050|2020-04-20,DO-40-2050,DO-40-2050,J:DO,CR40,f,2020-04-20,1,0,True,1,observed_burden,2020-04-27T00:00:00,7.0,True,1,1,1,3
DO-40-2050|2020-04-27,DO-40-2050,DO-40-2050,J:DO,CR40,f,2020-04-27,1,0,True,-1,no_assessment_in_window,,,False,0,0,0,3
DO-40-2050|2020-05-11,DO-40-2050,DO-40-2050,J:DO,CR40,f,2020-05-11,0,0,True,-1,no_assessment_in_window,,,False,0,0,0,3
DO-40-2050|2020-05-26,DO-40-2050,DO-40-2050,J:DO,CR40,f,2020-05-26,1,0,True,1,observed_burden,2020-06-01T00:00:00,6.0,True,1,1,1,3
DO-40-2050|2020-06-01,DO-40-2050,DO-40-2050,J:DO,CR40,f,2020-06-01,1,0,True,1,observed_burden,2020-06-08T00:00:00,7.0,True,1,1,1,3
DO-40-2050|2020-06-08,DO-40-2050,DO-40-2050,J:DO,CR40,f,2020-06-08,1,0,True,1,observed_burden,2020-06-15T00:00:00,7.0,True,1,1,1,3
DO-40-2050|2020-06-15,DO-40-2050,DO-40-2050,J:DO,CR40,f,2020-06-15,1,0,True,1,observed_burden,2020-06-22T00:00:00,7.0,True,1,1,1,3
DO-40-2050|2020-06-22,DO-40-2050,DO-40-2050,J:DO,CR40,f,2020-06-22,1,0,True,1,observed_burden,2020-06-29T00:00:00,7.0,True,1,1,1,3
DO-40-2050|2020-06-29,DO-40-2050,DO-40-2050,J:DO,CR40,f,2020-06-29,1,0,True,2,terminal_FD,2020-07-08T00:00:00,,False,1,1,1,3
DO-40-2050|2020-07-06,DO-40-2050,DO-40-2050,J:DO,CR40,f,2020-07-06,1,0,True,2,terminal_FD,2020-07-08T00:00:00,,False,0,0,0,3
DO-40-2056|2019-10-08,DO-40-2056,DO-40-2056,J:DO,CR40,f,2019-10-08,1,2,False,-1,no_assessment_in_window,,,False,0,0,0,1
DO-40-2056|2019-10-22,DO-40-2056,DO-40-2056,J:DO,CR40,f,2019-10-22,1,0,True,1,observed_burden,2019-10-29T00:00:00,7.0,True,1,1,1,1
DO-40-2056|2019-10-29,DO-40-2056,DO-40-2056,J:DO,CR40,f,2019-10-29,1,0,True,0,observed_burden,2019-11-06T00:00:00,8.0,True,1,1,1,1
DO-40-2056|2019-11-06,DO-40-2056,DO-40-2056,J:DO,CR40,f,2019-11-06,0,0,True,1,observed_burden,2019-11-13T00:00:00,7.0,True,1,1,1,1
DO-40-2056|2019-11-13,DO-40-2056,DO-40-2056,J:DO,CR40,f,2019-11-13,1,0,True,1,observed_burden,2019-11-20T00:00:00,7.0,True,1,1,1,1
DO-40-2056|2019-11-20,DO-40-2056,DO-40-2056,J:DO,CR40,f,2019-11-20,1,0,True,0,observed_burden,2019-11-26T00:00:00,6.0,True,1,1,1,1
DO-40-2056|2019-11-26,DO-40-2056,DO-40-2056,J:DO,CR40,f,2019-11-26,0,0,True,1,observed_burden,2019-12-04T00:00:00,8.0,True,1,1,1,1
DO-40-2056|2019-12-04,DO-40-2056,DO-40-2056,J:DO,CR40,f,2019-12-04,1,0,True,0,observed_burden,2019-12-11T00:00:00,7.0,True,1,1,1,1
DO-40-2056|2019-12-11,DO-40-2056,DO-40-2056,J:DO,CR40,f,2019-12-11,0,0,True,1,observed_burden,2019-12-19T00:00:00,8.0,True,1,1,1,1
DO-40-2056|2019-12-19,DO-40-2056,DO-40-2056,J:DO,CR40,f,2019-12-19,1,0,True,-1,no_assessment_in_window,,,False,0,0,0,1
DO-40-2056|2020-01-08,DO-40-2056,DO-40-2056,J:DO,CR40,f,2020-01-08,1,0,True,1,observed_burden,2020-01-15T00:00:00,7.0,True,1,1,1,1
DO-40-2056|2020-01-15,DO-40-2056,DO-40-2056,J:DO,CR40,f,2020-01-15,1,0,True,0,observed_burden,2020-01-20T00:00:00,5.0,True,1,1,1,1
DO-40-2056|2020-01-20,DO-40-2056,DO-40-2056,J:DO,CR40,f,2020-01-20,0,0,True,1,observed_burden,2020-01-27T00:00:00,7.0,True,1,1,1,1
DO-40-2056|2020-01-27,DO-40-2056,DO-40-2056,J:DO,CR40,f,2020-01-27,1,0,True,1,observed_burden,2020-02-03T00:00:00,7.0,True,1,1,1,1
DO-40-2056|2020-02-03,DO-40-2056,DO-40-2056,J:DO,CR40,f,2020-02-03,1,0,True,1,observed_burden,2020-02-11T00:00:00,8.0,True,1,1,1,1
DO-40-2056|2020-02-11,DO-40-2056,DO-40-2056,J:DO,CR40,f,2020-02-11,1,0,True,1,observed_burden,2020-02-18T00:00:00,7.0,True,1,1,1,1
DO-40-2056|2020-02-18,DO-40-2056,DO-40-2056,J:DO,CR40,f,2020-02-18,1,0,True,1,observed_burden,2020-02-25T00:00:00,7.0,True,1,1,1,1
DO-40-2056|2020-02-25,DO-40-2056,DO-40-2056,J:DO,CR40,f,2020-02-25,1,0,True,0,observed_burden,2020-03-03T00:00:00,7.0,True,1,1,1,1
DO-40-2056|2020-03-03,DO-40-2056,DO-40-2056,J:DO,CR40,f,2020-03-03,0,0,True,1,observed_burden,2020-03-09T00:00:00,6.0,True,1,1,1,1
DO-40-2056|2020-03-09,DO-40-2056,DO-40-2056,J:DO,CR40,f,2020-03-09,1,0,True,1,observed_burden,2020-03-16T00:00:00,7.0,True,1,1,1,1
DO-40-2056|2020-03-16,DO-40-2056,DO-40-2056,J:DO,CR40,f,2020-03-16,1,0,True,1,observed_burden,2020-03-23T00:00:00,7.0,True,1,1,1,1
DO-40-2056|2020-03-23,DO-40-2056,DO-40-2056,J:DO,CR40,f,2020-03-23,1,0,True,-1,no_assessment_in_window,,,False,0,0,0,1
DO-40-2056|2020-04-13,DO-40-2056,DO-40-2056,J:DO,CR40,f,2020-04-13,1,0,True,1,observed_burden,2020-04-20T00:00:00,7.0,True,1,1,1,1
DO-40-2056|2020-04-20,DO-40-2056,DO-40-2056,J:DO,CR40,f,2020-04-20,1,0,True,1,observed_burden,2020-04-27T00:00:00,7.0,True,1,1,1,1
DO-40-2056|2020-04-27,DO-40-2056,DO-40-2056,J:DO,CR40,f,2020-04-27,1,0,True,-1,no_assessment_in_window,,,False,0,0,0,1
DO-40-2056|2020-05-11,DO-40-2056,DO-40-2056,J:DO,CR40,f,2020-05-11,1,0,True,-1,no_assessment_in_window,,,False,0,0,0,1
DO-40-2056|2020-05-26,DO-40-2056,DO-40-2056,J:DO,CR40,f,2020-05-26,1,0,True,1,observed_burden,2020-06-01T00:00:00,6.0,True,1,1,1,1
DO-40-2056|2020-06-01,DO-40-2056,DO-40-2056,J:DO,CR40,f,2020-06-01,1,0,True,1,observed_burden,2020-06-08T00:00:00,7.0,True,1,1,1,1
DO-40-2056|2020-06-08,DO-40-2056,DO-40-2056,J:DO,CR40,f,2020-06-08,1,0,True,1,observed_burden,2020-06-15T00:00:00,7.0,True,1,1,1,1
DO-40-2056|2020-06-15,DO-40-2056,DO-40-2056,J:DO,CR40,f,2020-06-15,1,0,True,1,observed_burden,2020-06-22T00:00:00,7.0,True,1,1,1,1
DO-40-2056|2020-06-22,DO-40-2056,DO-40-2056,J:DO,CR40,f,2020-06-22,1,0,True,1,observed_burden,2020-06-29T00:00:00,7.0,True,1,1,1,1
DO-40-2056|2020-06-29,DO-40-2056,DO-40-2056,J:DO,CR40,f,2020-06-29,1,0,True,1,observed_burden,2020-07-06T00:00:00,7.0,True,1,1,1,1
DO-40-2056|2020-07-06,DO-40-2056,DO-40-2056,J:DO,CR40,f,2020-07-06,1,0,True,1,observed_burden,2020-07-13T00:00:00,7.0,True,1,1,1,1
DO-40-2056|2020-07-13,DO-40-2056,DO-40-2056,J:DO,CR40,f,2020-07-13,1,0,True,2,terminal_FD,2020-07-21T00:00:00,,False,1,1,1,1
DO-40-2056|2020-07-19,DO-40-2056,DO-40-2056,J:DO,CR40,f,2020-07-19,1,0,True,2,terminal_FD,2020-07-21T00:00:00,,False,0,0,0,1
DO-40-2059|2019-10-08,DO-40-2059,DO-40-2059,J:DO,CR40,f,2019-10-08,1,2,False,-1,no_assessment_in_window,,,False,0,0,0,2
DO-40-2059|2019-10-22,DO-40-2059,DO-40-2059,J:DO,CR40,f,2019-10-22,1,0,True,0,observed_burden,2019-10-29T00:00:00,7.0,True,1,1,1,2
DO-40-2059|2019-10-29,DO-40-2059,DO-40-2059,J:DO,CR40,f,2019-10-29,0,0,True,0,observed_burden,2019-11-06T00:00:00,8.0,True,1,1,1,2
DO-40-2059|2019-11-06,DO-40-2059,DO-40-2059,J:DO,CR40,f,2019-11-06,0,0,True,1,observed_burden,2019-11-13T00:00:00,7.0,True,1,1,1,2
DO-40-2059|2019-11-13,DO-40-2059,DO-40-2059,J:DO,CR40,f,2019-11-13,1,0,True,1,observed_burden,2019-11-20T00:00:00,7.0,True,1,1,1,2
DO-40-2059|2019-11-20,DO-40-2059,DO-40-2059,J:DO,CR40,f,2019-11-20,1,0,True,1,observed_burden,2019-11-26T00:00:00,6.0,True,1,1,1,2
DO-40-2059|2019-11-26,DO-40-2059,DO-40-2059,J:DO,CR40,f,2019-11-26,1,0,True,1,observed_burden,2019-12-04T00:00:00,8.0,True,1,1,1,2
DO-40-2059|2019-12-04,DO-40-2059,DO-40-2059,J:DO,CR40,f,2019-12-04,1,0,True,1,observed_burden,2019-12-11T00:00:00,7.0,True,1,1,1,2
DO-40-2059|2019-12-11,DO-40-2059,DO-40-2059,J:DO,CR40,f,2019-12-11,1,0,True,1,observed_burden,2019-12-19T00:00:00,8.0,True,1,1,1,2
DO-40-2059|2019-12-19,DO-40-2059,DO-40-2059,J:DO,CR40,f,2019-12-19,1,0,True,-1,no_assessment_in_window,,,False,0,0,0,2
DO-40-2059|2020-01-08,DO-40-2059,DO-40-2059,J:DO,CR40,f,2020-01-08,1,0,True,1,observed_burden,2020-01-15T00:00:00,7.0,True,1,1,1,2
DO-40-2059|2020-01-15,DO-40-2059,DO-40-2059,J:DO,CR40,f,2020-01-15,1,0,True,1,observed_burden,2020-01-20T00:00:00,5.0,True,1,1,1,2
DO-40-2059|2020-01-20,DO-40-2059,DO-40-2059,J:DO,CR40,f,2020-01-20,1,0,True,0,observed_burden,2020-01-27T00:00:00,7.0,True,1,1,1,2
DO-40-2059|2020-01-27,DO-40-2059,DO-40-2059,J:DO,CR40,f,2020-01-27,0,0,True,1,observed_burden,2020-02-03T00:00:00,7.0,True,1,1,1,2
DO-40-2059|2020-02-03,DO-40-2059,DO-40-2059,J:DO,CR40,f,2020-02-03,1,0,True,1,observed_burden,2020-02-11T00:00:00,8.0,True,1,1,1,2
DO-40-2059|2020-02-11,DO-40-2059,DO-40-2059,J:DO,CR40,f,2020-02-11,1,0,True,1,observed_burden,2020-02-18T00:00:00,7.0,True,1,1,1,2
DO-40-2059|2020-02-18,DO-40-2059,DO-40-2059,J:DO,CR40,f,2020-02-18,1,0,True,1,observed_burden,2020-02-25T00:00:00,7.0,True,1,1,1,2
DO-40-2059|2020-02-25,DO-40-2059,DO-40-2059,J:DO,CR40,f,2020-02-25,1,0,True,0,observed_burden,2020-03-03T00:00:00,7.0,True,1,1,1,2
DO-40-2059|2020-03-03,DO-40-2059,DO-40-2059,J:DO,CR40,f,2020-03-03,0,0,True,0,observed_burden,2020-03-09T00:00:00,6.0,True,1,1,1,2
DO-40-2059|2020-03-09,DO-40-2059,DO-40-2059,J:DO,CR40,f,2020-03-09,0,0,True,1,observed_burden,2020-03-16T00:00:00,7.0,True,1,1,1,2
DO-40-2059|2020-03-16,DO-40-2059,DO-40-2059,J:DO,CR40,f,2020-03-16,1,0,True,0,observed_burden,2020-03-23T00:00:00,7.0,True,1,1,1,2
DO-40-2059|2020-03-23,DO-40-2059,DO-40-2059,J:DO,CR40,f,2020-03-23,0,0,True,-1,no_assessment_in_window,,,False,0,0,0,2
DO-40-2059|2020-04-13,DO-40-2059,DO-40-2059,J:DO,CR40,f,2020-04-13,1,0,True,2,terminal_FD,2020-04-20T00:00:00,,False,0,0,0,2
DO-40-2061|2019-10-08,DO-40-2061,DO-40-2061,J:DO,CR40,f,2019-10-08,1,2,False,-1,no_assessment_in_window,,,False,0,0,0,1
DO-40-2061|2019-10-22,DO-40-2061,DO-40-2061,J:DO,CR40,f,2019-10-22,1,0,True,1,observed_burden,2019-10-29T00:00:00,7.0,True,1,1,1,1
DO-40-2061|2019-10-29,DO-40-2061,DO-40-2061,J:DO,CR40,f,2019-10-29,1,0,True,1,observed_burden,2019-11-06T00:00:00,8.0,True,1,1,1,1
DO-40-2061|2019-11-06,DO-40-2061,DO-40-2061,J:DO,CR40,f,2019-11-06,1,0,True,1,observed_burden,2019-11-13T00:00:00,7.0,True,1,1,1,1
DO-40-2061|2019-11-13,DO-40-2061,DO-40-2061,J:DO,CR40,f,2019-11-13,1,0,True,1,observed_burden,2019-11-20T00:00:00,7.0,True,1,1,1,1
DO-40-2061|2019-11-20,DO-40-2061,DO-40-2061,J:DO,CR40,f,2019-11-20,1,0,True,1,observed_burden,2019-11-26T00:00:00,6.0,True,1,1,1,1
DO-40-2061|2019-11-26,DO-40-2061,DO-40-2061,J:DO,CR40,f,2019-11-26,1,0,True,1,observed_burden,2019-12-04T00:00:00,8.0,True,1,1,1,1
DO-40-2061|2019-12-04,DO-40-2061,DO-40-2061,J:DO,CR40,f,2019-12-04,1,0,True,1,observed_burden,2019-12-11T00:00:00,7.0,True,1,1,1,1
DO-40-2061|2019-12-11,DO-40-2061,DO-40-2061,J:DO,CR40,f,2019-12-11,1,0,True,1,observed_burden,2019-12-19T00:00:00,8.0,True,1,1,1,1
DO-40-2061|2019-12-19,DO-40-2061,DO-40-2061,J:DO,CR40,f,2019-12-19,1,0,True,-1,no_assessment_in_window,,,False,0,0,0,1
DO-40-2061|2020-01-08,DO-40-2061,DO-40-2061,J:DO,CR40,f,2020-01-08,1,0,True,1,observed_burden,2020-01-15T00:00:00,7.0,True,1,1,1,1
DO-40-2061|2020-01-15,DO-40-2061,DO-40-2061,J:DO,CR40,f,2020-01-15,1,0,True,1,observed_burden,2020-01-20T00:00:00,5.0,True,1,1,1,1
DO-40-2061|2020-01-20,DO-40-2061,DO-40-2061,J:DO,CR40,f,2020-01-20,1,0,True,1,observed_burden,2020-01-27T00:00:00,7.0,True,1,1,1,1
DO-40-2061|2020-01-27,DO-40-2061,DO-40-2061,J:DO,CR40,f,2020-01-27,1,0,True,1,observed_burden,2020-02-03T00:00:00,7.0,True,1,1,1,1
DO-40-2061|2020-02-03,DO-40-2061,DO-40-2061,J:DO,CR40,f,2020-02-03,1,0,True,1,observed_burden,2020-02-11T00:00:00,8.0,True,1,1,1,1
DO-40-2061|2020-02-11,DO-40-2061,DO-40-2061,J:DO,CR40,f,2020-02-11,1,0,True,1,observed_burden,2020-02-18T00:00:00,7.0,True,1,1,1,1
DO-40-2061|2020-02-18,DO-40-2061,DO-40-2061,J:DO,CR40,f,2020-02-18,1,0,True,1,observed_burden,2020-02-25T00:00:00,7.0,True,1,1,1,1
DO-40-2061|2020-02-25,DO-40-2061,DO-40-2061,J:DO,CR40,f,2020-02-25,1,0,True,1,observed_burden,2020-03-03T00:00:00,7.0,True,1,1,1,1
DO-40-2061|2020-03-03,DO-40-2061,DO-40-2061,J:DO,CR40,f,2020-03-03,1,0,True,1,observed_burden,2020-03-09T00:00:00,6.0,True,1,1,1,1
DO-40-2061|2020-03-09,DO-40-2061,DO-40-2061,J:DO,CR40,f,2020-03-09,1,0,True,1,observed_burden,2020-03-16T00:00:00,7.0,True,1,1,1,1
DO-40-2061|2020-03-16,DO-40-2061,DO-40-2061,J:DO,CR40,f,2020-03-16,1,0,True,1,observed_burden,2020-03-23T00:00:00,7.0,True,1,1,1,1
DO-40-2061|2020-03-23,DO-40-2061,DO-40-2061,J:DO,CR40,f,2020-03-23,1,0,True,-1,no_assessment_in_window,,,False,0,0,0,1
DO-40-2061|2020-04-13,DO-40-2061,DO-40-2061,J:DO,CR40,f,2020-04-13,1,0,True,1,observed_burden,2020-04-20T00:00:00,7.0,True,1,1,1,1
DO-40-2061|2020-04-20,DO-40-2061,DO-40-2061,J:DO,CR40,f,2020-04-20,1,0,True,1,observed_burden,2020-04-27T00:00:00,7.0,True,1,1,1,1
DO-40-2061|2020-04-27,DO-40-2061,DO-40-2061,J:DO,CR40,f,2020-04-27,1,0,True,-1,no_assessment_in_window,,,False,0,0,0,1
DO-40-2061|2020-05-11,DO-40-2061,DO-40-2061,J:DO,CR40,f,2020-05-11,1,0,True,-1,no_assessment_in_window,,,False,0,0,0,1
DO-40-2065|2019-10-08,DO-40-2065,DO-40-2065,J:DO,CR40,f,2019-10-08,1,2,False,1,observed_burden,2019-10-15T00:00:00,7.0,True,1,1,1,3
DO-40-2065|2019-10-15,DO-40-2065,DO-40-2065,J:DO,CR40,f,2019-10-15,1,0,True,-1,no_assessment_in_window,,,False,0,0,0,3
DO-40-2066|2019-10-08,DO-40-2066,DO-40-2066,J:DO,CR40,f,2019-10-08,-1,2,False,1,observed_burden,2019-10-15T00:00:00,7.0,True,1,1,1,1
DO-40-2066|2019-10-15,DO-40-2066,DO-40-2066,J:DO,CR40,f,2019-10-15,1,0,True,-1,no_assessment_in_window,,,False,0,0,0,1
DO-40-2066|2019-11-05,DO-40-2066,DO-40-2066,J:DO,CR40,f,2019-11-05,1,0,True,2,terminal_FD,2019-11-14T00:00:00,,False,1,1,1,1
DO-40-2066|2019-11-12,DO-40-2066,DO-40-2066,J:DO,CR40,f,2019-11-12,1,0,True,2,terminal_FD,2019-11-14T00:00:00,,False,0,0,0,1
DO-40-2067|2019-10-08,DO-40-2067,DO-40-2067,J:DO,CR40,f,2019-10-08,-1,2,False,1,observed_burden,2019-10-15T00:00:00,7.0,True,1,1,1,0
DO-40-2067|2019-10-15,DO-40-2067,DO-40-2067,J:DO,CR40,f,2019-10-15,1,0,True,-1,no_assessment_in_window,,,False,0,0,0,0
DO-40-2070|2019-10-08,DO-40-2070,DO-40-2070,J:DO,CR40,f,2019-10-08,-1,2,False,0,observed_burden,2019-10-15T00:00:00,7.0,True,1,1,1,4
DO-40-2070|2019-10-15,DO-40-2070,DO-40-2070,J:DO,CR40,f,2019-10-15,0,0,True,-1,no_assessment_in_window,,,False,0,0,0,4
DO-40-2070|2019-11-05,DO-40-2070,DO-40-2070,J:DO,CR40,f,2019-11-05,1,0,True,0,observed_burden,2019-11-12T00:00:00,7.0,True,1,1,1,4
DO-40-2070|2019-11-12,DO-40-2070,DO-40-2070,J:DO,CR40,f,2019-11-12,0,0,True,1,observed_burden,2019-11-19T00:00:00,7.0,True,1,1,1,4
DO-40-2070|2019-11-19,DO-40-2070,DO-40-2070,J:DO,CR40,f,2019-11-19,1,0,True,1,observed_burden,2019-11-25T00:00:00,6.0,True,1,1,1,4
DO-40-2070|2019-11-25,DO-40-2070,DO-40-2070,J:DO,CR40,f,2019-11-25,1,0,True,1,observed_burden,2019-12-03T00:00:00,8.0,True,1,1,1,4
DO-40-2070|2019-12-03,DO-40-2070,DO-40-2070,J:DO,CR40,f,2019-12-03,1,0,True,1,observed_burden,2019-12-10T00:00:00,7.0,True,1,1,1,4
DO-40-2070|2019-12-10,DO-40-2070,DO-40-2070,J:DO,CR40,f,2019-12-10,1,0,True,1,observed_burden,2019-12-17T00:00:00,7.0,True,1,1,1,4
DO-40-2070|2019-12-17,DO-40-2070,DO-40-2070,J:DO,CR40,f,2019-12-17,1,0,True,1,observed_burden,2019-12-23T00:00:00,6.0,True,1,1,1,4
DO-40-2070|2019-12-23,DO-40-2070,DO-40-2070,J:DO,CR40,f,2019-12-23,1,0,True,-1,no_assessment_in_window,,,False,0,0,0,4
DO-40-2070|2020-01-02,DO-40-2070,DO-40-2070,J:DO,CR40,f,2020-01-02,1,0,True,1,observed_burden,2020-01-07T00:00:00,5.0,True,1,1,1,4
DO-40-2070|2020-01-07,DO-40-2070,DO-40-2070,J:DO,CR40,f,2020-01-07,1,0,True,1,observed_burden,2020-01-14T00:00:00,7.0,True,1,1,1,4
DO-40-2070|2020-01-14,DO-40-2070,DO-40-2070,J:DO,CR40,f,2020-01-14,1,0,True,1,observed_burden,2020-01-20T00:00:00,6.0,True,1,1,1,4
DO-40-2070|2020-01-20,DO-40-2070,DO-40-2070,J:DO,CR40,f,2020-01-20,1,0,True,1,observed_burden,2020-01-27T00:00:00,7.0,True,1,1,1,4
DO-40-2070|2020-01-27,DO-40-2070,DO-40-2070,J:DO,CR40,f,2020-01-27,1,0,True,1,observed_burden,2020-02-03T00:00:00,7.0,True,1,1,1,4
DO-40-2070|2020-02-03,DO-40-2070,DO-40-2070,J:DO,CR40,f,2020-02-03,1,0,True,1,observed_burden,2020-02-10T00:00:00,7.0,True,1,1,1,4
DO-40-2070|2020-02-10,DO-40-2070,DO-40-2070,J:DO,CR40,f,2020-02-10,1,0,True,1,observed_burden,2020-02-17T00:00:00,7.0,True,1,1,1,4
DO-40-2070|2020-02-17,DO-40-2070,DO-40-2070,J:DO,CR40,f,2020-02-17,1,0,True,1,observed_burden,2020-02-24T00:00:00,7.0,True,1,1,1,4
DO-40-2070|2020-02-24,DO-40-2070,DO-40-2070,J:DO,CR40,f,2020-02-24,1,0,True,1,observed_burden,2020-03-02T00:00:00,7.0,True,1,1,1,4
DO-40-2070|2020-03-02,DO-40-2070,DO-40-2070,J:DO,CR40,f,2020-03-02,1,0,True,1,observed_burden,2020-03-08T00:00:00,6.0,True,1,1,1,4
DO-40-2070|2020-03-08,DO-40-2070,DO-40-2070,J:DO,CR40,f,2020-03-08,1,0,True,1,observed_burden,2020-03-15T00:00:00,7.0,True,1,1,1,4
DO-40-2070|2020-03-15,DO-40-2070,DO-40-2070,J:DO,CR40,f,2020-03-15,1,0,True,-1,no_assessment_in_window,,,False,0,0,0,4
DO-40-2070|2020-03-29,DO-40-2070,DO-40-2070,J:DO,CR40,f,2020-03-29,1,0,True,-1,no_assessment_in_window,,,False,0,0,0,4
DO-40-2070|2020-04-12,DO-40-2070,DO-40-2070,J:DO,CR40,f,2020-04-12,1,0,True,1,observed_burden,2020-04-19T00:00:00,7.0,True,1,1,1,4
DO-40-2070|2020-04-19,DO-40-2070,DO-40-2070,J:DO,CR40,f,2020-04-19,1,0,True,1,observed_burden,2020-04-26T00:00:00,7.0,True,1,1,1,4
DO-40-2070|2020-04-26,DO-40-2070,DO-40-2070,J:DO,CR40,f,2020-04-26,1,0,True,1,observed_burden,2020-05-03T00:00:00,7.0,True,1,1,1,4
DO-40-2070|2020-05-03,DO-40-2070,DO-40-2070,J:DO,CR40,f,2020-05-03,1,0,True,1,observed_burden,2020-05-10T00:00:00,7.0,True,1,1,1,4
DO-40-2070|2020-05-10,DO-40-2070,DO-40-2070,J:DO,CR40,f,2020-05-10,1,0,True,1,observed_burden,2020-05-17T00:00:00,7.0,True,1,1,1,4
DO-40-2070|2020-05-17,DO-40-2070,DO-40-2070,J:DO,CR40,f,2020-05-17,1,0,True,1,observed_burden,2020-05-25T00:00:00,8.0,True,1,1,1,4
DO-40-2070|2020-05-25,DO-40-2070,DO-40-2070,J:DO,CR40,f,2020-05-25,1,0,True,1,observed_burden,2020-05-31T00:00:00,6.0,True,1,1,1,4
DO-40-2070|2020-05-31,DO-40-2070,DO-40-2070,J:DO,CR40,f,2020-05-31,1,0,True,1,observed_burden,2020-06-07T00:00:00,7.0,True,1,1,1,4
DO-40-2070|2020-06-07,DO-40-2070,DO-40-2070,J:DO,CR40,f,2020-06-07,1,0,True,1,observed_burden,2020-06-14T00:00:00,7.0,True,1,1,1,4
DO-40-2070|2020-06-14,DO-40-2070,DO-40-2070,J:DO,CR40,f,2020-06-14,1,0,True,1,observed_burden,2020-06-21T00:00:00,7.0,True,1,1,1,4
DO-40-2070|2020-06-21,DO-40-2070,DO-40-2070,J:DO,CR40,f,2020-06-21,1,0,True,1,observed_burden,2020-06-28T00:00:00,7.0,True,1,1,1,4
DO-40-2070|2020-06-28,DO-40-2070,DO-40-2070,J:DO,CR40,f,2020-06-28,1,0,True,1,observed_burden,2020-07-05T00:00:00,7.0,True,1,1,1,4
DO-40-2070|2020-07-05,DO-40-2070,DO-40-2070,J:DO,CR40,f,2020-07-05,1,0,True,1,observed_burden,2020-07-12T00:00:00,7.0,True,1,1,1,4
DO-40-2070|2020-07-12,DO-40-2070,DO-40-2070,J:DO,CR40,f,2020-07-12,1,0,True,1,observed_burden,2020-07-19T00:00:00,7.0,True,1,1,1,4
DO-40-2070|2020-07-19,DO-40-2070,DO-40-2070,J:DO,CR40,f,2020-07-19,1,0,True,-1,no_assessment_in_window,,,False,0,0,0,4
DO-40-2070|2020-08-03,DO-40-2070,DO-40-2070,J:DO,CR40,f,2020-08-03,1,0,True,-1,no_assessment_in_window,,,False,0,0,0,4
DO-40-2070|2020-08-24,DO-40-2070,DO-40-2070,J:DO,CR40,f,2020-08-24,1,0,True,-1,no_assessment_in_window,,,False,0,0,0,4
DO-40-2070|2020-09-07,DO-40-2070,DO-40-2070,J:DO,CR40,f,2020-09-07,1,0,True,1,observed_burden,2020-09-13T00:00:00,6.0,True,1,1,1,4
DO-40-2070|2020-09-13,DO-40-2070,DO-40-2070,J:DO,CR40,f,2020-09-13,1,0,True,1,observed_burden,2020-09-20T00:00:00,7.0,True,1,1,1,4
DO-40-2070|2020-09-20,DO-40-2070,DO-40-2070,J:DO,CR40,f,2020-09-20,1,0,True,1,observed_burden,2020-09-28T00:00:00,8.0,True,1,1,1,4
DO-40-2070|2020-09-28,DO-40-2070,DO-40-2070,J:DO,CR40,f,2020-09-28,1,0,True,1,observed_burden,2020-10-05T00:00:00,7.0,True,1,1,1,4
DO-40-2070|2020-10-05,DO-40-2070,DO-40-2070,J:DO,CR40,f,2020-10-05,1,0,True,1,observed_burden,2020-10-11T00:00:00,6.0,True,1,1,1,4
DO-40-2070|2020-10-11,DO-40-2070,DO-40-2070,J:DO,CR40,f,2020-10-11,1,0,True,-1,no_assessment_in_window,,,False,0,0,0,4
DO-40-2070|2020-10-27,DO-40-2070,DO-40-2070,J:DO,CR40,f,2020-10-27,1,0,True,1,observed_burden,2020-11-03T00:00:00,7.0,True,1,1,1,4
DO-40-2070|2020-11-03,DO-40-2070,DO-40-2070,J:DO,CR40,f,2020-11-03,1,0,True,1,observed_burden,2020-11-09T00:00:00,6.0,True,1,1,1,4
DO-40-2070|2020-11-09,DO-40-2070,DO-40-2070,J:DO,CR40,f,2020-11-09,1,0,True,1,observed_burden,2020-11-17T00:00:00,8.0,True,1,1,1,4
DO-40-2070|2020-11-17,DO-40-2070,DO-40-2070,J:DO,CR40,f,2020-11-17,1,0,True,1,observed_burden,2020-11-24T00:00:00,7.0,True,1,1,1,4
DO-40-2070|2020-11-24,DO-40-2070,DO-40-2070,J:DO,CR40,f,2020-11-24,1,0,True,1,observed_burden,2020-12-01T00:00:00,7.0,True,1,1,1,4
DO-40-2070|2020-12-01,DO-40-2070,DO-40-2070,J:DO,CR40,f,2020-12-01,1,0,True,2,terminal_ES,2020-12-08T00:00:00,,False,0,0,0,4
DO-40-2073|2019-10-08,DO-40-2073,DO-40-2073,J:DO,CR40,f,2019-10-08,-1,2,False,0,observed_burden,2019-10-15T00:00:00,7.0,True,1,1,1,0
DO-40-2073|2019-10-15,DO-40-2073,DO-40-2073,J:DO,CR40,f,2019-10-15,0,0,True,-1,no_assessment_in_window,,,False,0,0,0,0
DO-40-2073|2019-11-05,DO-40-2073,DO-40-2073,J:DO,CR40,f,2019-11-05,0,0,True,0,observed_burden,2019-11-12T00:00:00,7.0,True,1,1,1,0
DO-40-2073|2019-11-12,DO-40-2073,DO-40-2073,J:DO,CR40,f,2019-11-12,0,0,True,1,observed_burden,2019-11-19T00:00:00,7.0,True,1,1,1,0
DO-40-2073|2019-11-19,DO-40-2073,DO-40-2073,J:DO,CR40,f,2019-11-19,1,0,True,1,observed_burden,2019-11-25T00:00:00,6.0,True,1,1,1,0
DO-40-2073|2019-11-25,DO-40-2073,DO-40-2073,J:DO,CR40,f,2019-11-25,1,0,True,1,observed_burden,2019-12-03T00:00:00,8.0,True,1,1,1,0
DO-40-2073|2019-12-03,DO-40-2073,DO-40-2073,J:DO,CR40,f,2019-12-03,1,0,True,1,observed_burden,2019-12-10T00:00:00,7.0,True,1,1,1,0
DO-40-2073|2019-12-10,DO-40-2073,DO-40-2073,J:DO,CR40,f,2019-12-10,1,0,True,1,observed_burden,2019-12-17T00:00:00,7.0,True,1,1,1,0
DO-40-2073|2019-12-17,DO-40-2073,DO-40-2073,J:DO,CR40,f,2019-12-17,1,0,True,1,observed_burden,2019-12-23T00:00:00,6.0,True,1,1,1,0
DO-40-2073|2019-12-23,DO-40-2073,DO-40-2073,J:DO,CR40,f,2019-12-23,1,0,True,-1,no_assessment_in_window,,,False,0,0,0,0
DO-40-2073|2020-01-02,DO-40-2073,DO-40-2073,J:DO,CR40,f,2020-01-02,1,0,True,1,observed_burden,2020-01-07T00:00:00,5.0,True,1,1,1,0
DO-40-2073|2020-01-07,DO-40-2073,DO-40-2073,J:DO,CR40,f,2020-01-07,1,0,True,1,observed_burden,2020-01-14T00:00:00,7.0,True,1,1,1,0
DO-40-2073|2020-01-14,DO-40-2073,DO-40-2073,J:DO,CR40,f,2020-01-14,1,0,True,0,observed_burden,2020-01-20T00:00:00,6.0,True,1,1,1,0
DO-40-2073|2020-01-20,DO-40-2073,DO-40-2073,J:DO,CR40,f,2020-01-20,0,0,True,1,observed_burden,2020-01-27T00:00:00,7.0,True,1,1,1,0
DO-40-2073|2020-01-27,DO-40-2073,DO-40-2073,J:DO,CR40,f,2020-01-27,1,0,True,1,observed_burden,2020-02-03T00:00:00,7.0,True,1,1,1,0
DO-40-2073|2020-02-03,DO-40-2073,DO-40-2073,J:DO,CR40,f,2020-02-03,1,0,True,1,observed_burden,2020-02-10T00:00:00,7.0,True,1,1,1,0
DO-40-2073|2020-02-10,DO-40-2073,DO-40-2073,J:DO,CR40,f,2020-02-10,1,0,True,1,observed_burden,2020-02-17T00:00:00,7.0,True,1,1,1,0
DO-40-2073|2020-02-17,DO-40-2073,DO-40-2073,J:DO,CR40,f,2020-02-17,1,0,True,1,observed_burden,2020-02-24T00:00:00,7.0,True,1,1,1,0
DO-40-2073|2020-02-24,DO-40-2073,DO-40-2073,J:DO,CR40,f,2020-02-24,1,0,True,1,observed_burden,2020-03-02T00:00:00,7.0,True,1,1,1,0
DO-40-2073|2020-03-02,DO-40-2073,DO-40-2073,J:DO,CR40,f,2020-03-02,1,0,True,1,observed_burden,2020-03-08T00:00:00,6.0,True,1,1,1,0
DO-40-2073|2020-03-08,DO-40-2073,DO-40-2073,J:DO,CR40,f,2020-03-08,1,0,True,1,observed_burden,2020-03-15T00:00:00,7.0,True,1,1,1,0
DO-40-2073|2020-03-15,DO-40-2073,DO-40-2073,J:DO,CR40,f,2020-03-15,1,0,True,-1,no_assessment_in_window,,,False,0,0,0,0
DO-40-2073|2020-03-29,DO-40-2073,DO-40-2073,J:DO,CR40,f,2020-03-29,0,0,True,-1,no_assessment_in_window,,,False,0,0,0,0
DO-40-2073|2020-04-12,DO-40-2073,DO-40-2073,J:DO,CR40,f,2020-04-12,0,0,True,1,observed_burden,2020-04-19T00:00:00,7.0,True,1,1,1,0
DO-40-2073|2020-04-19,DO-40-2073,DO-40-2073,J:DO,CR40,f,2020-04-19,1,0,True,0,observed_burden,2020-04-26T00:00:00,7.0,True,1,1,1,0
DO-40-2073|2020-04-26,DO-40-2073,DO-40-2073,J:DO,CR40,f,2020-04-26,0,0,True,0,observed_burden,2020-05-03T00:00:00,7.0,True,1,1,1,0
DO-40-2073|2020-05-03,DO-40-2073,DO-40-2073,J:DO,CR40,f,2020-05-03,0,0,True,2,terminal_FD,2020-05-10T00:00:00,,False,0,0,0,0
DO-40-2077|2019-10-08,DO-40-2077,DO-40-2077,J:DO,CR40,f,2019-10-08,-1,2,False,1,observed_burden,2019-10-15T00:00:00,7.0,True,1,1,1,3
DO-40-2077|2019-10-15,DO-40-2077,DO-40-2077,J:DO,CR40,f,2019-10-15,1,0,True,-1,no_assessment_in_window,,,False,0,0,0,3
DO-40-2077|2019-11-05,DO-40-2077,DO-40-2077,J:DO,CR40,f,2019-11-05,1,0,True,1,observed_burden,2019-11-12T00:00:00,7.0,True,1,1,1,3
DO-40-2077|2019-11-12,DO-40-2077,DO-40-2077,J:DO,CR40,f,2019-11-12,1,0,True,1,observed_burden,2019-11-19T00:00:00,7.0,True,1,1,1,3
DO-40-2077|2019-11-19,DO-40-2077,DO-40-2077,J:DO,CR40,f,2019-11-19,1,0,True,1,observed_burden,2019-11-25T00:00:00,6.0,True,1,1,1,3
DO-40-2077|2019-11-25,DO-40-2077,DO-40-2077,J:DO,CR40,f,2019-11-25,1,0,True,1,observed_burden,2019-12-03T00:00:00,8.0,True,1,1,1,3
DO-40-2077|2019-12-03,DO-40-2077,DO-40-2077,J:DO,CR40,f,2019-12-03,1,0,True,1,observed_burden,2019-12-10T00:00:00,7.0,True,1,1,1,3
DO-40-2077|2019-12-10,DO-40-2077,DO-40-2077,J:DO,CR40,f,2019-12-10,1,0,True,1,observed_burden,2019-12-17T00:00:00,7.0,True,1,1,1,3
DO-40-2077|2019-12-17,DO-40-2077,DO-40-2077,J:DO,CR40,f,2019-12-17,1,0,True,1,observed_burden,2019-12-23T00:00:00,6.0,True,1,1,1,3
DO-40-2077|2019-12-23,DO-40-2077,DO-40-2077,J:DO,CR40,f,2019-12-23,1,0,True,-1,no_assessment_in_window,,,False,0,0,0,3
DO-40-2077|2020-01-02,DO-40-2077,DO-40-2077,J:DO,CR40,f,2020-01-02,0,0,True,1,observed_burden,2020-01-07T00:00:00,5.0,True,1,1,1,3
DO-40-2077|2020-01-07,DO-40-2077,DO-40-2077,J:DO,CR40,f,2020-01-07,1,0,True,1,observed_burden,2020-01-14T00:00:00,7.0,True,1,1,1,3
DO-40-2077|2020-01-14,DO-40-2077,DO-40-2077,J:DO,CR40,f,2020-01-14,1,0,True,1,observed_burden,2020-01-20T00:00:00,6.0,True,1,1,1,3
DO-40-2077|2020-01-20,DO-40-2077,DO-40-2077,J:DO,CR40,f,2020-01-20,1,0,True,1,observed_burden,2020-01-27T00:00:00,7.0,True,1,1,1,3
DO-40-2077|2020-01-27,DO-40-2077,DO-40-2077,J:DO,CR40,f,2020-01-27,1,0,True,1,observed_burden,2020-02-03T00:00:00,7.0,True,1,1,1,3
DO-40-2077|2020-02-03,DO-40-2077,DO-40-2077,J:DO,CR40,f,2020-02-03,1,0,True,1,observed_burden,2020-02-10T00:00:00,7.0,True,1,1,1,3
DO-40-2077|2020-02-10,DO-40-2077,DO-40-2077,J:DO,CR40,f,2020-02-10,1,0,True,1,observed_burden,2020-02-17T00:00:00,7.0,True,1,1,1,3
DO-40-2077|2020-02-17,DO-40-2077,DO-40-2077,J:DO,CR40,f,2020-02-17,1,0,True,1,observed_burden,2020-02-24T00:00:00,7.0,True,1,1,1,3
DO-40-2077|2020-02-24,DO-40-2077,DO-40-2077,J:DO,CR40,f,2020-02-24,1,0,True,1,observed_burden,2020-03-02T00:00:00,7.0,True,1,1,1,3
DO-40-2077|2020-03-02,DO-40-2077,DO-40-2077,J:DO,CR40,f,2020-03-02,1,0,True,1,observed_burden,2020-03-08T00:00:00,6.0,True,1,1,1,3
DO-40-2077|2020-03-08,DO-40-2077,DO-40-2077,J:DO,CR40,f,2020-03-08,1,0,True,1,observed_burden,2020-03-15T00:00:00,7.0,True,1,1,1,3
DO-40-2077|2020-03-15,DO-40-2077,DO-40-2077,J:DO,CR40,f,2020-03-15,1,0,True,-1,no_assessment_in_window,,,False,0,0,0,3
DO-40-2077|2020-03-29,DO-40-2077,DO-40-2077,J:DO,CR40,f,2020-03-29,0,0,True,-1,no_assessment_in_window,,,False,0,0,0,3
DO-40-2077|2020-04-12,DO-40-2077,DO-40-2077,J:DO,CR40,f,2020-04-12,1,0,True,1,observed_burden,2020-04-19T00:00:00,7.0,True,1,1,1,3
DO-40-2077|2020-04-19,DO-40-2077,DO-40-2077,J:DO,CR40,f,2020-04-19,1,0,True,2,terminal_ES,2020-04-22T00:00:00,,False,0,0,0,3
DO-40-2078|2019-10-08,DO-40-2078,DO-40-2078,J:DO,CR40,f,2019-10-08,1,2,False,1,observed_burden,2019-10-15T00:00:00,7.0,True,1,1,1,4
DO-40-2078|2019-10-15,DO-40-2078,DO-40-2078,J:DO,CR40,f,2019-10-15,1,0,True,-1,no_assessment_in_window,,,False,0,0,0,4
DO-40-2078|2019-11-05,DO-40-2078,DO-40-2078,J:DO,CR40,f,2019-11-05,1,0,True,2,terminal_FD,2019-11-07T00:00:00,,False,0,0,0,4
DO-40-2081|2019-10-15,DO-40-2081,DO-40-2081,J:DO,CR40,f,2019-10-15,0,0,True,1,observed_burden,2019-10-22T00:00:00,7.0,True,1,1,1,0
DO-40-2081|2019-10-22,DO-40-2081,DO-40-2081,J:DO,CR40,f,2019-10-22,1,0,True,-1,no_assessment_in_window,,,False,0,0,0,0
DO-40-2081|2019-11-13,DO-40-2081,DO-40-2081,J:DO,CR40,f,2019-11-13,1,0,True,1,observed_burden,2019-11-20T00:00:00,7.0,True,1,1,1,0
DO-40-2081|2019-11-20,DO-40-2081,DO-40-2081,J:DO,CR40,f,2019-11-20,1,0,True,1,observed_burden,2019-11-26T00:00:00,6.0,True,1,1,1,0
DO-40-2081|2019-11-26,DO-40-2081,DO-40-2081,J:DO,CR40,f,2019-11-26,1,0,True,1,observed_burden,2019-12-04T00:00:00,8.0,True,1,1,1,0
DO-40-2081|2019-12-04,DO-40-2081,DO-40-2081,J:DO,CR40,f,2019-12-04,1,0,True,1,observed_burden,2019-12-11T00:00:00,7.0,True,1,1,1,0
DO-40-2081|2019-12-11,DO-40-2081,DO-40-2081,J:DO,CR40,f,2019-12-11,1,0,True,1,observed_burden,2019-12-19T00:00:00,8.0,True,1,1,1,0
DO-40-2081|2019-12-19,DO-40-2081,DO-40-2081,J:DO,CR40,f,2019-12-19,1,0,True,0,observed_burden,2019-12-24T00:00:00,5.0,True,1,1,1,0
DO-40-2081|2019-12-24,DO-40-2081,DO-40-2081,J:DO,CR40,f,2019-12-24,0,0,True,-1,no_assessment_in_window,,,False,0,0,0,0
DO-40-2081|2020-01-03,DO-40-2081,DO-40-2081,J:DO,CR40,f,2020-01-03,1,0,True,0,observed_burden,2020-01-08T00:00:00,5.0,True,1,1,1,0
DO-40-2081|2020-01-08,DO-40-2081,DO-40-2081,J:DO,CR40,f,2020-01-08,0,0,True,1,observed_burden,2020-01-15T00:00:00,7.0,True,1,1,1,0
DO-40-2081|2020-01-15,DO-40-2081,DO-40-2081,J:DO,CR40,f,2020-01-15,1,0,True,1,observed_burden,2020-01-20T00:00:00,5.0,True,1,1,1,0
DO-40-2081|2020-01-20,DO-40-2081,DO-40-2081,J:DO,CR40,f,2020-01-20,1,0,True,1,observed_burden,2020-01-27T00:00:00,7.0,True,1,1,1,0
DO-40-2081|2020-01-27,DO-40-2081,DO-40-2081,J:DO,CR40,f,2020-01-27,1,0,True,0,observed_burden,2020-02-03T00:00:00,7.0,True,1,1,1,0
DO-40-2081|2020-02-03,DO-40-2081,DO-40-2081,J:DO,CR40,f,2020-02-03,0,0,True,1,observed_burden,2020-02-11T00:00:00,8.0,True,1,1,1,0
DO-40-2081|2020-02-11,DO-40-2081,DO-40-2081,J:DO,CR40,f,2020-02-11,1,0,True,1,observed_burden,2020-02-18T00:00:00,7.0,True,1,1,1,0
DO-40-2081|2020-02-18,DO-40-2081,DO-40-2081,J:DO,CR40,f,2020-02-18,1,0,True,1,observed_burden,2020-02-25T00:00:00,7.0,True,1,1,1,0
DO-40-2081|2020-02-25,DO-40-2081,DO-40-2081,J:DO,CR40,f,2020-02-25,1,0,True,0,observed_burden,2020-03-03T00:00:00,7.0,True,1,1,1,0
DO-40-2081|2020-03-03,DO-40-2081,DO-40-2081,J:DO,CR40,f,2020-03-03,0,0,True,0,observed_burden,2020-03-09T00:00:00,6.0,True,1,1,1,0
DO-40-2081|2020-03-09,DO-40-2081,DO-40-2081,J:DO,CR40,f,2020-03-09,0,0,True,-1,no_assessment_in_window,,,False,0,0,0,0
DO-40-2081|2020-03-23,DO-40-2081,DO-40-2081,J:DO,CR40,f,2020-03-23,0,0,True,-1,no_assessment_in_window,,,False,0,0,0,0
DO-40-2081|2020-04-06,DO-40-2081,DO-40-2081,J:DO,CR40,f,2020-04-06,1,0,True,0,observed_burden,2020-04-13T00:00:00,7.0,True,1,1,1,0
DO-40-2081|2020-04-13,DO-40-2081,DO-40-2081,J:DO,CR40,f,2020-04-13,0,0,True,1,observed_burden,2020-04-20T00:00:00,7.0,True,1,1,1,0
DO-40-2081|2020-04-20,DO-40-2081,DO-40-2081,J:DO,CR40,f,2020-04-20,1,0,True,0,observed_burden,2020-04-27T00:00:00,7.0,True,1,1,1,0
DO-40-2081|2020-04-27,DO-40-2081,DO-40-2081,J:DO,CR40,f,2020-04-27,0,0,True,0,observed_burden,2020-05-04T00:00:00,7.0,True,1,1,1,0
DO-40-2081|2020-05-04,DO-40-2081,DO-40-2081,J:DO,CR40,f,2020-05-04,0,0,True,0,observed_burden,2020-05-11T00:00:00,7.0,True,1,1,1,0
DO-40-2081|2020-05-11,DO-40-2081,DO-40-2081,J:DO,CR40,f,2020-05-11,0,0,True,1,observed_burden,2020-05-18T00:00:00,7.0,True,1,1,1,0
DO-40-2081|2020-05-18,DO-40-2081,DO-40-2081,J:DO,CR40,f,2020-05-18,1,0,True,0,observed_burden,2020-05-26T00:00:00,8.0,True,1,1,1,0
DO-40-2081|2020-05-26,DO-40-2081,DO-40-2081,J:DO,CR40,f,2020-05-26,0,0,True,0,observed_burden,2020-06-01T00:00:00,6.0,True,1,1,1,0
DO-40-2081|2020-06-01,DO-40-2081,DO-40-2081,J:DO,CR40,f,2020-06-01,0,0,True,0,observed_burden,2020-06-08T00:00:00,7.0,True,1,1,1,0
DO-40-2081|2020-06-08,DO-40-2081,DO-40-2081,J:DO,CR40,f,2020-06-08,0,0,True,1,observed_burden,2020-06-15T00:00:00,7.0,True,1,1,1,0
DO-40-2081|2020-06-15,DO-40-2081,DO-40-2081,J:DO,CR40,f,2020-06-15,1,0,True,0,observed_burden,2020-06-21T00:00:00,6.0,True,1,1,1,0
DO-40-2081|2020-06-21,DO-40-2081,DO-40-2081,J:DO,CR40,f,2020-06-21,0,0,True,1,observed_burden,2020-06-29T00:00:00,8.0,True,1,1,1,0
DO-40-2081|2020-06-29,DO-40-2081,DO-40-2081,J:DO,CR40,f,2020-06-29,1,0,True,1,observed_burden,2020-07-06T00:00:00,7.0,True,1,1,1,0
DO-40-2081|2020-07-06,DO-40-2081,DO-40-2081,J:DO,CR40,f,2020-07-06,1,0,True,1,observed_burden,2020-07-13T00:00:00,7.0,True,1,1,1,0
DO-40-2081|2020-07-13,DO-40-2081,DO-40-2081,J:DO,CR40,f,2020-07-13,1,0,True,1,observed_burden,2020-07-20T00:00:00,7.0,True,1,1,1,0
DO-40-2081|2020-07-20,DO-40-2081,DO-40-2081,J:DO,CR40,f,2020-07-20,1,0,True,1,observed_burden,2020-07-27T00:00:00,7.0,True,1,1,1,0
DO-40-2081|2020-07-27,DO-40-2081,DO-40-2081,J:DO,CR40,f,2020-07-27,1,0,True,-1,no_assessment_in_window,,,False,0,0,0,0
DO-40-2081|2020-08-10,DO-40-2081,DO-40-2081,J:DO,CR40,f,2020-08-10,1,0,True,1,observed_burden,2020-08-17T00:00:00,7.0,True,1,1,1,0
DO-40-2081|2020-08-17,DO-40-2081,DO-40-2081,J:DO,CR40,f,2020-08-17,1,0,True,-1,no_assessment_in_window,,,False,0,0,0,0
DO-40-2081|2020-08-31,DO-40-2081,DO-40-2081,J:DO,CR40,f,2020-08-31,1,0,True,2,terminal_FD,2020-09-02T00:00:00,,False,0,0,0,0
DO-40-2087|2019-10-08,DO-40-2087,DO-40-2087,J:DO,CR40,f,2019-10-08,1,2,False,1,observed_burden,2019-10-15T00:00:00,7.0,True,1,1,1,4
DO-40-2087|2019-10-15,DO-40-2087,DO-40-2087,J:DO,CR40,f,2019-10-15,1,0,True,1,observed_burden,2019-10-22T00:00:00,7.0,True,1,1,1,4
DO-40-2087|2019-10-22,DO-40-2087,DO-40-2087,J:DO,CR40,f,2019-10-22,1,0,True,-1,no_assessment_in_window,,,False,0,0,0,4
DO-40-2087|2019-11-13,DO-40-2087,DO-40-2087,J:DO,CR40,f,2019-11-13,1,0,True,1,observed_burden,2019-11-20T00:00:00,7.0,True,1,1,1,4
DO-40-2087|2019-11-20,DO-40-2087,DO-40-2087,J:DO,CR40,f,2019-11-20,1,0,True,1,observed_burden,2019-11-26T00:00:00,6.0,True,1,1,1,4
DO-40-2087|2019-11-26,DO-40-2087,DO-40-2087,J:DO,CR40,f,2019-11-26,1,0,True,1,observed_burden,2019-12-04T00:00:00,8.0,True,1,1,1,4
DO-40-2087|2019-12-04,DO-40-2087,DO-40-2087,J:DO,CR40,f,2019-12-04,1,0,True,1,observed_burden,2019-12-11T00:00:00,7.0,True,1,1,1,4
DO-40-2087|2019-12-11,DO-40-2087,DO-40-2087,J:DO,CR40,f,2019-12-11,1,0,True,1,observed_burden,2019-12-19T00:00:00,8.0,True,1,1,1,4
DO-40-2087|2019-12-19,DO-40-2087,DO-40-2087,J:DO,CR40,f,2019-12-19,1,0,True,1,observed_burden,2019-12-24T00:00:00,5.0,True,1,1,1,4
DO-40-2087|2019-12-24,DO-40-2087,DO-40-2087,J:DO,CR40,f,2019-12-24,1,0,True,-1,no_assessment_in_window,,,False,0,0,0,4
DO-40-2087|2020-01-03,DO-40-2087,DO-40-2087,J:DO,CR40,f,2020-01-03,1,0,True,1,observed_burden,2020-01-08T00:00:00,5.0,True,1,1,1,4
DO-40-2087|2020-01-08,DO-40-2087,DO-40-2087,J:DO,CR40,f,2020-01-08,1,0,True,1,observed_burden,2020-01-15T00:00:00,7.0,True,1,1,1,4
DO-40-2087|2020-01-15,DO-40-2087,DO-40-2087,J:DO,CR40,f,2020-01-15,1,0,True,1,observed_burden,2020-01-20T00:00:00,5.0,True,1,1,1,4
DO-40-2087|2020-01-20,DO-40-2087,DO-40-2087,J:DO,CR40,f,2020-01-20,1,0,True,0,observed_burden,2020-01-27T00:00:00,7.0,True,1,1,1,4
DO-40-2087|2020-01-27,DO-40-2087,DO-40-2087,J:DO,CR40,f,2020-01-27,0,0,True,1,observed_burden,2020-02-03T00:00:00,7.0,True,1,1,1,4
DO-40-2087|2020-02-03,DO-40-2087,DO-40-2087,J:DO,CR40,f,2020-02-03,1,0,True,1,observed_burden,2020-02-11T00:00:00,8.0,True,1,1,1,4
DO-40-2087|2020-02-11,DO-40-2087,DO-40-2087,J:DO,CR40,f,2020-02-11,1,0,True,1,observed_burden,2020-02-18T00:00:00,7.0,True,1,1,1,4
DO-40-2087|2020-02-18,DO-40-2087,DO-40-2087,J:DO,CR40,f,2020-02-18,1,0,True,1,observed_burden,2020-02-25T00:00:00,7.0,True,1,1,1,4
DO-40-2087|2020-02-25,DO-40-2087,DO-40-2087,J:DO,CR40,f,2020-02-25,1,0,True,0,observed_burden,2020-03-03T00:00:00,7.0,True,1,1,1,4
DO-40-2087|2020-03-03,DO-40-2087,DO-40-2087,J:DO,CR40,f,2020-03-03,0,0,True,0,observed_burden,2020-03-09T00:00:00,6.0,True,1,1,1,4
DO-40-2087|2020-03-09,DO-40-2087,DO-40-2087,J:DO,CR40,f,2020-03-09,0,0,True,1,observed_burden,2020-03-16T00:00:00,7.0,True,1,1,1,4
DO-40-2087|2020-03-16,DO-40-2087,DO-40-2087,J:DO,CR40,f,2020-03-16,1,0,True,0,observed_burden,2020-03-23T00:00:00,7.0,True,1,1,1,4
DO-40-2087|2020-03-23,DO-40-2087,DO-40-2087,J:DO,CR40,f,2020-03-23,0,0,True,-1,no_assessment_in_window,,,False,0,0,0,4
DO-40-2087|2020-04-06,DO-40-2087,DO-40-2087,J:DO,CR40,f,2020-04-06,1,0,True,1,observed_burden,2020-04-13T00:00:00,7.0,True,1,1,1,4
DO-40-2087|2020-04-13,DO-40-2087,DO-40-2087,J:DO,CR40,f,2020-04-13,1,0,True,1,observed_burden,2020-04-20T00:00:00,7.0,True,1,1,1,4
DO-40-2087|2020-04-20,DO-40-2087,DO-40-2087,J:DO,CR40,f,2020-04-20,1,0,True,1,observed_burden,2020-04-27T00:00:00,7.0,True,1,1,1,4
DO-40-2087|2020-04-27,DO-40-2087,DO-40-2087,J:DO,CR40,f,2020-04-27,1,0,True,0,observed_burden,2020-05-04T00:00:00,7.0,True,1,1,1,4
DO-40-2087|2020-05-04,DO-40-2087,DO-40-2087,J:DO,CR40,f,2020-05-04,0,0,True,0,observed_burden,2020-05-11T00:00:00,7.0,True,1,1,1,4
DO-40-2087|2020-05-11,DO-40-2087,DO-40-2087,J:DO,CR40,f,2020-05-11,0,0,True,1,observed_burden,2020-05-18T00:00:00,7.0,True,1,1,1,4
DO-40-2087|2020-05-18,DO-40-2087,DO-40-2087,J:DO,CR40,f,2020-05-18,1,0,True,1,observed_burden,2020-05-26T00:00:00,8.0,True,1,1,1,4
DO-40-2087|2020-05-26,DO-40-2087,DO-40-2087,J:DO,CR40,f,2020-05-26,1,0,True,1,observed_burden,2020-06-01T00:00:00,6.0,True,1,1,1,4
DO-40-2087|2020-06-01,DO-40-2087,DO-40-2087,J:DO,CR40,f,2020-06-01,1,0,True,1,observed_burden,2020-06-08T00:00:00,7.0,True,1,1,1,4
DO-40-2087|2020-06-08,DO-40-2087,DO-40-2087,J:DO,CR40,f,2020-06-08,1,0,True,1,observed_burden,2020-06-15T00:00:00,7.0,True,1,1,1,4
DO-40-2087|2020-06-15,DO-40-2087,DO-40-2087,J:DO,CR40,f,2020-06-15,1,0,True,1,observed_burden,2020-06-21T00:00:00,6.0,True,1,1,1,4
DO-40-2087|2020-06-21,DO-40-2087,DO-40-2087,J:DO,CR40,f,2020-06-21,1,0,True,1,observed_burden,2020-06-29T00:00:00,8.0,True,1,1,1,4
DO-40-2087|2020-06-29,DO-40-2087,DO-40-2087,J:DO,CR40,f,2020-06-29,1,0,True,2,terminal_ES,2020-07-05T00:00:00,,False,0,0,0,4
DO-40-2088|2019-10-08,DO-40-2088,DO-40-2088,J:DO,CR40,f,2019-10-08,1,2,False,1,observed_burden,2019-10-15T00:00:00,7.0,True,1,1,1,3
DO-40-2088|2019-10-15,DO-40-2088,DO-40-2088,J:DO,CR40,f,2019-10-15,1,0,True,1,observed_burden,2019-10-22T00:00:00,7.0,True,1,1,1,3
DO-40-2088|2019-10-22,DO-40-2088,DO-40-2088,J:DO,CR40,f,2019-10-22,1,0,True,-1,no_assessment_in_window,,,False,0,0,0,3
DO-40-2088|2019-11-13,DO-40-2088,DO-40-2088,J:DO,CR40,f,2019-11-13,1,0,True,1,observed_burden,2019-11-20T00:00:00,7.0,True,1,1,1,3
DO-40-2088|2019-11-20,DO-40-2088,DO-40-2088,J:DO,CR40,f,2019-11-20,1,0,True,1,observed_burden,2019-11-26T00:00:00,6.0,True,1,1,1,3
DO-40-2088|2019-11-26,DO-40-2088,DO-40-2088,J:DO,CR40,f,2019-11-26,1,0,True,1,observed_burden,2019-12-04T00:00:00,8.0,True,1,1,1,3
DO-40-2088|2019-12-04,DO-40-2088,DO-40-2088,J:DO,CR40,f,2019-12-04,1,0,True,1,observed_burden,2019-12-11T00:00:00,7.0,True,1,1,1,3
DO-40-2088|2019-12-11,DO-40-2088,DO-40-2088,J:DO,CR40,f,2019-12-11,1,0,True,1,observed_burden,2019-12-19T00:00:00,8.0,True,1,1,1,3
DO-40-2088|2019-12-19,DO-40-2088,DO-40-2088,J:DO,CR40,f,2019-12-19,1,0,True,1,observed_burden,2019-12-24T00:00:00,5.0,True,1,1,1,3
DO-40-2088|2019-12-24,DO-40-2088,DO-40-2088,J:DO,CR40,f,2019-12-24,1,0,True,-1,no_assessment_in_window,,,False,0,0,0,3
DO-40-2088|2020-01-03,DO-40-2088,DO-40-2088,J:DO,CR40,f,2020-01-03,1,0,True,1,observed_burden,2020-01-08T00:00:00,5.0,True,1,1,1,3
DO-40-2088|2020-01-08,DO-40-2088,DO-40-2088,J:DO,CR40,f,2020-01-08,1,0,True,1,observed_burden,2020-01-15T00:00:00,7.0,True,1,1,1,3
DO-40-2088|2020-01-15,DO-40-2088,DO-40-2088,J:DO,CR40,f,2020-01-15,1,0,True,1,observed_burden,2020-01-20T00:00:00,5.0,True,1,1,1,3
DO-40-2088|2020-01-20,DO-40-2088,DO-40-2088,J:DO,CR40,f,2020-01-20,1,0,True,1,observed_burden,2020-01-27T00:00:00,7.0,True,1,1,1,3
DO-40-2088|2020-01-27,DO-40-2088,DO-40-2088,J:DO,CR40,f,2020-01-27,1,0,True,1,observed_burden,2020-02-03T00:00:00,7.0,True,1,1,1,3
DO-40-2088|2020-02-03,DO-40-2088,DO-40-2088,J:DO,CR40,f,2020-02-03,1,0,True,1,observed_burden,2020-02-11T00:00:00,8.0,True,1,1,1,3
DO-40-2088|2020-02-11,DO-40-2088,DO-40-2088,J:DO,CR40,f,2020-02-11,1,0,True,1,observed_burden,2020-02-18T00:00:00,7.0,True,1,1,1,3
DO-40-2088|2020-02-18,DO-40-2088,DO-40-2088,J:DO,CR40,f,2020-02-18,1,0,True,1,observed_burden,2020-02-25T00:00:00,7.0,True,1,1,1,3
DO-40-2088|2020-02-25,DO-40-2088,DO-40-2088,J:DO,CR40,f,2020-02-25,1,0,True,1,observed_burden,2020-03-03T00:00:00,7.0,True,1,1,1,3
DO-40-2088|2020-03-03,DO-40-2088,DO-40-2088,J:DO,CR40,f,2020-03-03,1,0,True,0,observed_burden,2020-03-09T00:00:00,6.0,True,1,1,1,3
DO-40-2088|2020-03-09,DO-40-2088,DO-40-2088,J:DO,CR40,f,2020-03-09,0,0,True,1,observed_burden,2020-03-16T00:00:00,7.0,True,1,1,1,3
DO-40-2088|2020-03-16,DO-40-2088,DO-40-2088,J:DO,CR40,f,2020-03-16,1,0,True,1,observed_burden,2020-03-23T00:00:00,7.0,True,1,1,1,3
DO-40-2088|2020-03-23,DO-40-2088,DO-40-2088,J:DO,CR40,f,2020-03-23,1,0,True,-1,no_assessment_in_window,,,False,0,0,0,3
DO-40-2088|2020-04-06,DO-40-2088,DO-40-2088,J:DO,CR40,f,2020-04-06,1,0,True,1,observed_burden,2020-04-13T00:00:00,7.0,True,1,1,1,3
DO-40-2088|2020-04-13,DO-40-2088,DO-40-2088,J:DO,CR40,f,2020-04-13,1,0,True,1,observed_burden,2020-04-20T00:00:00,7.0,True,1,1,1,3
DO-40-2088|2020-04-20,DO-40-2088,DO-40-2088,J:DO,CR40,f,2020-04-20,1,0,True,1,observed_burden,2020-04-27T00:00:00,7.0,True,1,1,1,3
DO-40-2088|2020-04-27,DO-40-2088,DO-40-2088,J:DO,CR40,f,2020-04-27,1,0,True,0,observed_burden,2020-05-04T00:00:00,7.0,True,1,1,1,3
DO-40-2088|2020-05-04,DO-40-2088,DO-40-2088,J:DO,CR40,f,2020-05-04,0,0,True,1,observed_burden,2020-05-11T00:00:00,7.0,True,1,1,1,3
DO-40-2088|2020-05-11,DO-40-2088,DO-40-2088,J:DO,CR40,f,2020-05-11,1,0,True,1,observed_burden,2020-05-18T00:00:00,7.0,True,1,1,1,3
DO-40-2088|2020-05-18,DO-40-2088,DO-40-2088,J:DO,CR40,f,2020-05-18,1,0,True,1,observed_burden,2020-05-26T00:00:00,8.0,True,1,1,1,3
DO-40-2088|2020-05-26,DO-40-2088,DO-40-2088,J:DO,CR40,f,2020-05-26,1,0,True,1,observed_burden,2020-06-01T00:00:00,6.0,True,1,1,1,3
DO-40-2088|2020-06-01,DO-40-2088,DO-40-2088,J:DO,CR40,f,2020-06-01,1,0,True,1,observed_burden,2020-06-08T00:00:00,7.0,True,1,1,1,3
DO-40-2088|2020-06-08,DO-40-2088,DO-40-2088,J:DO,CR40,f,2020-06-08,1,0,True,1,observed_burden,2020-06-15T00:00:00,7.0,True,1,1,1,3
DO-40-2088|2020-06-15,DO-40-2088,DO-40-2088,J:DO,CR40,f,2020-06-15,1,0,True,1,observed_burden,2020-06-21T00:00:00,6.0,True,1,1,1,3
DO-40-2088|2020-06-21,DO-40-2088,DO-40-2088,J:DO,CR40,f,2020-06-21,1,0,True,1,observed_burden,2020-06-29T00:00:00,8.0,True,1,1,1,3
DO-40-2088|2020-06-29,DO-40-2088,DO-40-2088,J:DO,CR40,f,2020-06-29,1,0,True,1,observed_burden,2020-07-06T00:00:00,7.0,True,1,1,1,3
DO-40-2088|2020-07-06,DO-40-2088,DO-40-2088,J:DO,CR40,f,2020-07-06,1,0,True,1,observed_burden,2020-07-13T00:00:00,7.0,True,1,1,1,3
DO-40-2088|2020-07-13,DO-40-2088,DO-40-2088,J:DO,CR40,f,2020-07-13,1,0,True,1,observed_burden,2020-07-20T00:00:00,7.0,True,1,1,1,3
DO-40-2088|2020-07-20,DO-40-2088,DO-40-2088,J:DO,CR40,f,2020-07-20,1,0,True,1,observed_burden,2020-07-27T00:00:00,7.0,True,1,1,1,3
DO-40-2088|2020-07-27,DO-40-2088,DO-40-2088,J:DO,CR40,f,2020-07-27,1,0,True,-1,no_assessment_in_window,,,False,0,0,0,3
DO-40-2092|2019-10-08,DO-40-2092,DO-40-2092,J:DO,CR40,f,2019-10-08,1,2,False,1,observed_burden,2019-10-15T00:00:00,7.0,True,1,1,1,3
DO-40-2092|2019-10-15,DO-40-2092,DO-40-2092,J:DO,CR40,f,2019-10-15,1,0,True,1,observed_burden,2019-10-22T00:00:00,7.0,True,1,1,1,3
DO-40-2092|2019-10-22,DO-40-2092,DO-40-2092,J:DO,CR40,f,2019-10-22,1,0,True,-1,no_assessment_in_window,,,False,0,0,0,3
DO-40-2094|2019-10-08,DO-40-2094,DO-40-2094,J:DO,CR40,f,2019-10-08,1,2,False,1,observed_burden,2019-10-15T00:00:00,7.0,True,1,1,1,4
DO-40-2094|2019-10-15,DO-40-2094,DO-40-2094,J:DO,CR40,f,2019-10-15,1,0,True,1,observed_burden,2019-10-22T00:00:00,7.0,True,1,1,1,4
DO-40-2094|2019-10-22,DO-40-2094,DO-40-2094,J:DO,CR40,f,2019-10-22,1,0,True,-1,no_assessment_in_window,,,False,0,0,0,4
DO-40-2097|2019-12-10,DO-40-2097,DO-40-2097,J:DO,CR40,f,2019-12-10,1,0,True,1,observed_burden,2019-12-17T00:00:00,7.0,True,1,1,1,4
DO-40-2097|2019-12-17,DO-40-2097,DO-40-2097,J:DO,CR40,f,2019-12-17,1,0,True,0,observed_burden,2019-12-23T00:00:00,6.0,True,1,1,1,4
DO-40-2097|2019-12-23,DO-40-2097,DO-40-2097,J:DO,CR40,f,2019-12-23,0,0,True,-1,no_assessment_in_window,,,False,0,0,0,4
DO-40-2097|2020-01-07,DO-40-2097,DO-40-2097,J:DO,CR40,f,2020-01-07,1,0,True,1,observed_burden,2020-01-14T00:00:00,7.0,True,1,1,1,4
DO-40-2097|2020-01-14,DO-40-2097,DO-40-2097,J:DO,CR40,f,2020-01-14,1,0,True,-1,survival_through_day9_unestablished,,,True,1,1,1,4
DO-40-2097|2020-01-20,DO-40-2097,DO-40-2097,J:DO,CR40,f,2020-01-20,1,0,True,-1,no_assessment_in_window,,,False,0,0,0,4
DO-40-2099|2019-12-10,DO-40-2099,DO-40-2099,J:DO,CR40,f,2019-12-10,1,0,True,1,observed_burden,2019-12-18T00:00:00,8.0,True,1,1,1,4
DO-40-2099|2019-12-18,DO-40-2099,DO-40-2099,J:DO,CR40,f,2019-12-18,1,0,True,1,observed_burden,2019-12-23T00:00:00,5.0,True,1,1,1,4
DO-40-2099|2019-12-23,DO-40-2099,DO-40-2099,J:DO,CR40,f,2019-12-23,1,0,True,-1,no_assessment_in_window,,,False,0,0,0,4
DO-40-2099|2020-01-07,DO-40-2099,DO-40-2099,J:DO,CR40,f,2020-01-07,0,0,True,0,observed_burden,2020-01-14T00:00:00,7.0,True,1,1,1,4
DO-40-2099|2020-01-14,DO-40-2099,DO-40-2099,J:DO,CR40,f,2020-01-14,0,0,True,0,observed_burden,2020-01-20T00:00:00,6.0,True,1,1,1,4
DO-40-2099|2020-01-20,DO-40-2099,DO-40-2099,J:DO,CR40,f,2020-01-20,0,0,True,-1,no_assessment_in_window,,,False,0,0,0,4
DO-40-2099|2020-03-02,DO-40-2099,DO-40-2099,J:DO,CR40,f,2020-03-02,0,0,True,0,observed_burden,2020-03-08T00:00:00,6.0,True,1,1,1,4
DO-40-2099|2020-03-08,DO-40-2099,DO-40-2099,J:DO,CR40,f,2020-03-08,0,0,True,0,observed_burden,2020-03-15T00:00:00,7.0,True,1,1,1,4
DO-40-2099|2020-03-15,DO-40-2099,DO-40-2099,J:DO,CR40,f,2020-03-15,0,0,True,0,observed_burden,2020-03-22T00:00:00,7.0,True,1,1,1,4
DO-40-2099|2020-03-22,DO-40-2099,DO-40-2099,J:DO,CR40,f,2020-03-22,0,0,True,-1,no_assessment_in_window,,,False,0,0,0,4
DO-40-2099|2020-04-05,DO-40-2099,DO-40-2099,J:DO,CR40,f,2020-04-05,0,0,True,0,observed_burden,2020-04-12T00:00:00,7.0,True,1,1,1,4
DO-40-2099|2020-04-12,DO-40-2099,DO-40-2099,J:DO,CR40,f,2020-04-12,0,0,True,-1,no_assessment_in_window,,,False,0,0,0,4
DO-40-2099|2020-04-26,DO-40-2099,DO-40-2099,J:DO,CR40,f,2020-04-26,1,0,True,1,observed_burden,2020-05-03T00:00:00,7.0,True,1,1,1,4
DO-40-2099|2020-05-03,DO-40-2099,DO-40-2099,J:DO,CR40,f,2020-05-03,1,0,True,1,observed_burden,2020-05-10T00:00:00,7.0,True,1,1,1,4
DO-40-2099|2020-05-10,DO-40-2099,DO-40-2099,J:DO,CR40,f,2020-05-10,1,0,True,1,observed_burden,2020-05-17T00:00:00,7.0,True,1,1,1,4
DO-40-2099|2020-05-17,DO-40-2099,DO-40-2099,J:DO,CR40,f,2020-05-17,1,0,True,1,observed_burden,2020-05-25T00:00:00,8.0,True,1,1,1,4
DO-40-2099|2020-05-25,DO-40-2099,DO-40-2099,J:DO,CR40,f,2020-05-25,1,0,True,0,observed_burden,2020-05-31T00:00:00,6.0,True,1,1,1,4
DO-40-2099|2020-05-31,DO-40-2099,DO-40-2099,J:DO,CR40,f,2020-05-31,0,0,True,1,observed_burden,2020-06-07T00:00:00,7.0,True,1,1,1,4
DO-40-2099|2020-06-07,DO-40-2099,DO-40-2099,J:DO,CR40,f,2020-06-07,1,0,True,0,observed_burden,2020-06-14T00:00:00,7.0,True,1,1,1,4
DO-40-2099|2020-06-14,DO-40-2099,DO-40-2099,J:DO,CR40,f,2020-06-14,0,0,True,1,observed_burden,2020-06-21T00:00:00,7.0,True,1,1,1,4
DO-40-2099|2020-06-21,DO-40-2099,DO-40-2099,J:DO,CR40,f,2020-06-21,1,0,True,1,observed_burden,2020-06-28T00:00:00,7.0,True,1,1,1,4
DO-40-2099|2020-06-28,DO-40-2099,DO-40-2099,J:DO,CR40,f,2020-06-28,1,0,True,0,observed_burden,2020-07-05T00:00:00,7.0,True,1,1,1,4
DO-40-2099|2020-07-05,DO-40-2099,DO-40-2099,J:DO,CR40,f,2020-07-05,0,0,True,1,observed_burden,2020-07-12T00:00:00,7.0,True,1,1,1,4
DO-40-2099|2020-07-12,DO-40-2099,DO-40-2099,J:DO,CR40,f,2020-07-12,1,0,True,-1,no_assessment_in_window,,,False,0,0,0,4
DO-40-2099|2020-08-03,DO-40-2099,DO-40-2099,J:DO,CR40,f,2020-08-03,1,0,True,1,observed_burden,2020-08-09T00:00:00,6.0,True,1,1,1,4
DO-40-2099|2020-08-09,DO-40-2099,DO-40-2099,J:DO,CR40,f,2020-08-09,1,0,True,1,observed_burden,2020-08-16T00:00:00,7.0,True,1,1,1,4
DO-40-2099|2020-08-16,DO-40-2099,DO-40-2099,J:DO,CR40,f,2020-08-16,1,0,True,1,observed_burden,2020-08-24T00:00:00,8.0,True,1,1,1,4
DO-40-2099|2020-08-24,DO-40-2099,DO-40-2099,J:DO,CR40,f,2020-08-24,1,0,True,1,observed_burden,2020-08-30T00:00:00,6.0,True,1,1,1,4
DO-40-2099|2020-08-30,DO-40-2099,DO-40-2099,J:DO,CR40,f,2020-08-30,1,0,True,1,observed_burden,2020-09-07T00:00:00,8.0,True,1,1,1,4
DO-40-2099|2020-09-07,DO-40-2099,DO-40-2099,J:DO,CR40,f,2020-09-07,1,0,True,0,observed_burden,2020-09-13T00:00:00,6.0,True,1,1,1,4
DO-40-2099|2020-09-13,DO-40-2099,DO-40-2099,J:DO,CR40,f,2020-09-13,0,0,True,-1,no_assessment_in_window,,,False,0,0,0,4
DO-40-2099|2020-09-28,DO-40-2099,DO-40-2099,J:DO,CR40,f,2020-09-28,1,0,True,1,observed_burden,2020-10-05T00:00:00,7.0,True,1,1,1,4
DO-40-2099|2020-10-05,DO-40-2099,DO-40-2099,J:DO,CR40,f,2020-10-05,1,0,True,0,observed_burden,2020-10-11T00:00:00,6.0,True,1,1,1,4
DO-40-2099|2020-10-11,DO-40-2099,DO-40-2099,J:DO,CR40,f,2020-10-11,0,0,True,1,observed_burden,2020-10-18T00:00:00,7.0,True,1,1,1,4
DO-40-2099|2020-10-18,DO-40-2099,DO-40-2099,J:DO,CR40,f,2020-10-18,1,0,True,0,observed_burden,2020-10-27T00:00:00,9.0,True,1,1,1,4
DO-40-2099|2020-10-27,DO-40-2099,DO-40-2099,J:DO,CR40,f,2020-10-27,0,0,True,0,observed_burden,2020-11-03T00:00:00,7.0,True,1,1,1,4
DO-40-2099|2020-11-03,DO-40-2099,DO-40-2099,J:DO,CR40,f,2020-11-03,0,0,True,0,observed_burden,2020-11-09T00:00:00,6.0,True,1,1,1,4
DO-40-2099|2020-11-09,DO-40-2099,DO-40-2099,J:DO,CR40,f,2020-11-09,0,0,True,1,observed_burden,2020-11-17T00:00:00,8.0,True,1,1,1,4
DO-40-2099|2020-11-17,DO-40-2099,DO-40-2099,J:DO,CR40,f,2020-11-17,1,0,True,1,observed_burden,2020-11-24T00:00:00,7.0,True,1,1,1,4
DO-40-2099|2020-11-24,DO-40-2099,DO-40-2099,J:DO,CR40,f,2020-11-24,1,0,True,1,observed_burden,2020-12-01T00:00:00,7.0,True,1,1,1,4
DO-40-2099|2020-12-01,DO-40-2099,DO-40-2099,J:DO,CR40,f,2020-12-01,1,0,True,1,observed_burden,2020-12-08T00:00:00,7.0,True,1,1,1,4
DO-40-2099|2020-12-08,DO-40-2099,DO-40-2099,J:DO,CR40,f,2020-12-08,1,0,True,1,observed_burden,2020-12-15T00:00:00,7.0,True,1,1,1,4
DO-40-2099|2020-12-15,DO-40-2099,DO-40-2099,J:DO,CR40,f,2020-12-15,1,0,True,1,observed_burden,2020-12-22T00:00:00,7.0,True,1,1,1,4
DO-40-2099|2020-12-22,DO-40-2099,DO-40-2099,J:DO,CR40,f,2020-12-22,1,0,True,1,observed_burden,2020-12-29T00:00:00,7.0,True,1,1,1,4
DO-40-2099|2020-12-29,DO-40-2099,DO-40-2099,J:DO,CR40,f,2020-12-29,1,0,True,1,observed_burden,2021-01-05T00:00:00,7.0,True,1,1,1,4
DO-40-2099|2021-01-05,DO-40-2099,DO-40-2099,J:DO,CR40,f,2021-01-05,1,0,True,1,observed_burden,2021-01-11T00:00:00,6.0,True,1,1,1,4
DO-40-2099|2021-01-11,DO-40-2099,DO-40-2099,J:DO,CR40,f,2021-01-11,1,0,True,1,observed_burden,2021-01-19T00:00:00,8.0,True,1,1,1,4
DO-40-2099|2021-01-19,DO-40-2099,DO-40-2099,J:DO,CR40,f,2021-01-19,1,0,True,1,observed_burden,2021-01-27T00:00:00,8.0,True,1,1,1,4
DO-40-2099|2021-01-27,DO-40-2099,DO-40-2099,J:DO,CR40,f,2021-01-27,1,0,True,-1,no_assessment_in_window,,,False,0,0,0,4
DO-40-2099|2021-02-09,DO-40-2099,DO-40-2099,J:DO,CR40,f,2021-02-09,1,0,True,-1,no_assessment_in_window,,,False,0,0,0,4
DO-40-2099|2021-03-03,DO-40-2099,DO-40-2099,J:DO,CR40,f,2021-03-03,1,0,True,1,observed_burden,2021-03-09T00:00:00,6.0,True,1,1,1,4
DO-40-2099|2021-03-09,DO-40-2099,DO-40-2099,J:DO,CR40,f,2021-03-09,1,0,True,1,observed_burden,2021-03-15T00:00:00,6.0,True,1,1,1,4
DO-40-2099|2021-03-15,DO-40-2099,DO-40-2099,J:DO,CR40,f,2021-03-15,1,0,True,1,observed_burden,2021-03-22T00:00:00,7.0,True,1,1,1,4
DO-40-2099|2021-03-22,DO-40-2099,DO-40-2099,J:DO,CR40,f,2021-03-22,1,0,True,1,observed_burden,2021-03-29T00:00:00,7.0,True,1,1,1,4
DO-40-2099|2021-03-29,DO-40-2099,DO-40-2099,J:DO,CR40,f,2021-03-29,1,0,True,1,observed_burden,2021-04-05T00:00:00,7.0,True,1,1,1,4
DO-40-2099|2021-04-05,DO-40-2099,DO-40-2099,J:DO,CR40,f,2021-04-05,1,0,True,1,observed_burden,2021-04-12T00:00:00,7.0,True,1,1,1,4
DO-40-2099|2021-04-12,DO-40-2099,DO-40-2099,J:DO,CR40,f,2021-04-12,1,0,True,1,observed_burden,2021-04-19T00:00:00,7.0,True,1,1,1,4
DO-40-2099|2021-04-19,DO-40-2099,DO-40-2099,J:DO,CR40,f,2021-04-19,1,0,True,1,observed_burden,2021-04-27T00:00:00,8.0,True,1,1,1,4
DO-40-2099|2021-04-27,DO-40-2099,DO-40-2099,J:DO,CR40,f,2021-04-27,1,0,True,1,observed_burden,2021-05-03T00:00:00,6.0,True,1,1,1,4
DO-40-2099|2021-05-03,DO-40-2099,DO-40-2099,J:DO,CR40,f,2021-05-03,1,0,True,1,observed_burden,2021-05-10T00:00:00,7.0,True,1,1,1,4
DO-40-2099|2021-05-10,DO-40-2099,DO-40-2099,J:DO,CR40,f,2021-05-10,1,0,True,1,observed_burden,2021-05-17T00:00:00,7.0,True,1,1,1,4
DO-40-2099|2021-05-17,DO-40-2099,DO-40-2099,J:DO,CR40,f,2021-05-17,1,0,True,1,observed_burden,2021-05-24T00:00:00,7.0,True,1,1,1,4
DO-40-2099|2021-05-24,DO-40-2099,DO-40-2099,J:DO,CR40,f,2021-05-24,1,0,True,1,observed_burden,2021-05-31T00:00:00,7.0,True,1,1,1,4
DO-40-2099|2021-05-31,DO-40-2099,DO-40-2099,J:DO,CR40,f,2021-05-31,1,0,True,1,observed_burden,2021-06-07T00:00:00,7.0,True,1,1,1,4
DO-40-2099|2021-06-07,DO-40-2099,DO-40-2099,J:DO,CR40,f,2021-06-07,1,0,True,1,observed_burden,2021-06-14T00:00:00,7.0,True,1,1,1,4
DO-40-2099|2021-06-14,DO-40-2099,DO-40-2099,J:DO,CR40,f,2021-06-14,1,0,True,1,observed_burden,2021-06-22T00:00:00,8.0,True,1,1,1,4
DO-40-2099|2021-06-22,DO-40-2099,DO-40-2099,J:DO,CR40,f,2021-06-22,1,0,True,1,observed_burden,2021-06-27T00:00:00,5.0,True,1,1,1,4
DO-40-2099|2021-06-27,DO-40-2099,DO-40-2099,J:DO,CR40,f,2021-06-27,1,0,True,-1,no_assessment_in_window,,,False,0,0,0,4
DO-40-2099|2021-07-07,DO-40-2099,DO-40-2099,J:DO,CR40,f,2021-07-07,1,0,True,1,observed_burden,2021-07-15T00:00:00,8.0,True,1,1,1,4
DO-40-2099|2021-07-15,DO-40-2099,DO-40-2099,J:DO,CR40,f,2021-07-15,1,0,True,-1,no_assessment_in_window,,,False,0,0,0,4
DO-40-2099|2021-07-28,DO-40-2099,DO-40-2099,J:DO,CR40,f,2021-07-28,1,0,True,-1,no_assessment_in_window,,,False,0,0,0,4
DO-40-2099|2021-09-09,DO-40-2099,DO-40-2099,J:DO,CR40,f,2021-09-09,1,0,True,2,terminal_ES,2021-09-13T00:00:00,,False,0,0,0,4
DO-40-2101|2019-12-10,DO-40-2101,DO-40-2101,J:DO,CR40,f,2019-12-10,1,0,True,1,observed_burden,2019-12-18T00:00:00,8.0,True,1,1,1,4
DO-40-2101|2019-12-18,DO-40-2101,DO-40-2101,J:DO,CR40,f,2019-12-18,1,0,True,1,observed_burden,2019-12-23T00:00:00,5.0,True,1,1,1,4
DO-40-2101|2019-12-23,DO-40-2101,DO-40-2101,J:DO,CR40,f,2019-12-23,1,0,True,-1,no_assessment_in_window,,,False,0,0,0,4
DO-40-2102|2019-12-10,DO-40-2102,DO-40-2102,J:DO,CR40,f,2019-12-10,0,0,True,0,observed_burden,2019-12-18T00:00:00,8.0,True,1,1,1,3
DO-40-2102|2019-12-18,DO-40-2102,DO-40-2102,J:DO,CR40,f,2019-12-18,0,0,True,0,observed_burden,2019-12-23T00:00:00,5.0,True,1,1,1,3
DO-40-2102|2019-12-23,DO-40-2102,DO-40-2102,J:DO,CR40,f,2019-12-23,0,0,True,-1,no_assessment_in_window,,,False,0,0,0,3
DO-40-2102|2020-01-07,DO-40-2102,DO-40-2102,J:DO,CR40,f,2020-01-07,0,0,True,0,observed_burden,2020-01-14T00:00:00,7.0,True,1,1,1,3
DO-40-2102|2020-01-14,DO-40-2102,DO-40-2102,J:DO,CR40,f,2020-01-14,0,0,True,0,observed_burden,2020-01-20T00:00:00,6.0,True,1,1,1,3
DO-40-2102|2020-01-20,DO-40-2102,DO-40-2102,J:DO,CR40,f,2020-01-20,0,0,True,-1,no_assessment_in_window,,,False,0,0,0,3
DO-40-2102|2020-03-02,DO-40-2102,DO-40-2102,J:DO,CR40,f,2020-03-02,0,0,True,1,observed_burden,2020-03-08T00:00:00,6.0,True,1,1,1,3
DO-40-2102|2020-03-08,DO-40-2102,DO-40-2102,J:DO,CR40,f,2020-03-08,1,0,True,0,observed_burden,2020-03-15T00:00:00,7.0,True,1,1,1,3
DO-40-2102|2020-03-15,DO-40-2102,DO-40-2102,J:DO,CR40,f,2020-03-15,0,0,True,0,observed_burden,2020-03-22T00:00:00,7.0,True,1,1,1,3
DO-40-2102|2020-03-22,DO-40-2102,DO-40-2102,J:DO,CR40,f,2020-03-22,0,0,True,-1,no_assessment_in_window,,,False,0,0,0,3
DO-40-2102|2020-04-05,DO-40-2102,DO-40-2102,J:DO,CR40,f,2020-04-05,0,0,True,0,observed_burden,2020-04-12T00:00:00,7.0,True,1,1,1,3
DO-40-2102|2020-04-12,DO-40-2102,DO-40-2102,J:DO,CR40,f,2020-04-12,0,0,True,-1,no_assessment_in_window,,,False,0,0,0,3
DO-40-2102|2020-04-26,DO-40-2102,DO-40-2102,J:DO,CR40,f,2020-04-26,1,0,True,1,observed_burden,2020-05-03T00:00:00,7.0,True,1,1,1,3
DO-40-2102|2020-05-03,DO-40-2102,DO-40-2102,J:DO,CR40,f,2020-05-03,1,0,True,1,observed_burden,2020-05-10T00:00:00,7.0,True,1,1,1,3
DO-40-2102|2020-05-10,DO-40-2102,DO-40-2102,J:DO,CR40,f,2020-05-10,1,0,True,1,observed_burden,2020-05-17T00:00:00,7.0,True,1,1,1,3
DO-40-2102|2020-05-17,DO-40-2102,DO-40-2102,J:DO,CR40,f,2020-05-17,1,0,True,1,observed_burden,2020-05-25T00:00:00,8.0,True,1,1,1,3
DO-40-2102|2020-05-25,DO-40-2102,DO-40-2102,J:DO,CR40,f,2020-05-25,1,0,True,0,observed_burden,2020-05-31T00:00:00,6.0,True,1,1,1,3
DO-40-2102|2020-05-31,DO-40-2102,DO-40-2102,J:DO,CR40,f,2020-05-31,0,0,True,1,observed_burden,2020-06-07T00:00:00,7.0,True,1,1,1,3
DO-40-2102|2020-06-07,DO-40-2102,DO-40-2102,J:DO,CR40,f,2020-06-07,1,0,True,1,observed_burden,2020-06-14T00:00:00,7.0,True,1,1,1,3
DO-40-2102|2020-06-14,DO-40-2102,DO-40-2102,J:DO,CR40,f,2020-06-14,1,0,True,1,observed_burden,2020-06-21T00:00:00,7.0,True,1,1,1,3
DO-40-2102|2020-06-21,DO-40-2102,DO-40-2102,J:DO,CR40,f,2020-06-21,1,0,True,1,observed_burden,2020-06-28T00:00:00,7.0,True,1,1,1,3
DO-40-2102|2020-06-28,DO-40-2102,DO-40-2102,J:DO,CR40,f,2020-06-28,1,0,True,1,observed_burden,2020-07-05T00:00:00,7.0,True,1,1,1,3
DO-40-2102|2020-07-05,DO-40-2102,DO-40-2102,J:DO,CR40,f,2020-07-05,1,0,True,1,observed_burden,2020-07-12T00:00:00,7.0,True,1,1,1,3
DO-40-2102|2020-07-12,DO-40-2102,DO-40-2102,J:DO,CR40,f,2020-07-12,1,0,True,-1,no_assessment_in_window,,,False,0,0,0,3
DO-40-2107|2019-12-10,DO-40-2107,DO-40-2107,J:DO,CR40,f,2019-12-10,0,0,True,0,observed_burden,2019-12-18T00:00:00,8.0,True,1,1,1,4
DO-40-2107|2019-12-18,DO-40-2107,DO-40-2107,J:DO,CR40,f,2019-12-18,0,0,True,0,observed_burden,2019-12-23T00:00:00,5.0,True,1,1,1,4
DO-40-2107|2019-12-23,DO-40-2107,DO-40-2107,J:DO,CR40,f,2019-12-23,0,0,True,-1,no_assessment_in_window,,,False,0,0,0,4
DO-40-2107|2020-01-07,DO-40-2107,DO-40-2107,J:DO,CR40,f,2020-01-07,0,0,True,1,observed_burden,2020-01-14T00:00:00,7.0,True,1,1,1,4
DO-40-2107|2020-01-14,DO-40-2107,DO-40-2107,J:DO,CR40,f,2020-01-14,1,0,True,1,observed_burden,2020-01-20T00:00:00,6.0,True,1,1,1,4
DO-40-2107|2020-01-20,DO-40-2107,DO-40-2107,J:DO,CR40,f,2020-01-20,1,0,True,-1,no_assessment_in_window,,,False,0,0,0,4
DO-40-2107|2020-03-02,DO-40-2107,DO-40-2107,J:DO,CR40,f,2020-03-02,0,0,True,1,observed_burden,2020-03-08T00:00:00,6.0,True,1,1,1,4
DO-40-2107|2020-03-08,DO-40-2107,DO-40-2107,J:DO,CR40,f,2020-03-08,1,0,True,1,observed_burden,2020-03-15T00:00:00,7.0,True,1,1,1,4
DO-40-2107|2020-03-15,DO-40-2107,DO-40-2107,J:DO,CR40,f,2020-03-15,1,0,True,0,observed_burden,2020-03-22T00:00:00,7.0,True,1,1,1,4
DO-40-2107|2020-03-22,DO-40-2107,DO-40-2107,J:DO,CR40,f,2020-03-22,0,0,True,-1,no_assessment_in_window,,,False,0,0,0,4
DO-40-2107|2020-04-05,DO-40-2107,DO-40-2107,J:DO,CR40,f,2020-04-05,0,0,True,0,observed_burden,2020-04-12T00:00:00,7.0,True,1,1,1,4
DO-40-2107|2020-04-12,DO-40-2107,DO-40-2107,J:DO,CR40,f,2020-04-12,0,0,True,-1,no_assessment_in_window,,,False,0,0,0,4
DO-40-2107|2020-04-26,DO-40-2107,DO-40-2107,J:DO,CR40,f,2020-04-26,1,0,True,1,observed_burden,2020-05-03T00:00:00,7.0,True,1,1,1,4
DO-40-2107|2020-05-03,DO-40-2107,DO-40-2107,J:DO,CR40,f,2020-05-03,1,0,True,1,observed_burden,2020-05-10T00:00:00,7.0,True,1,1,1,4
DO-40-2107|2020-05-10,DO-40-2107,DO-40-2107,J:DO,CR40,f,2020-05-10,1,0,True,1,observed_burden,2020-05-17T00:00:00,7.0,True,1,1,1,4
DO-40-2107|2020-05-17,DO-40-2107,DO-40-2107,J:DO,CR40,f,2020-05-17,1,0,True,1,observed_burden,2020-05-25T00:00:00,8.0,True,1,1,1,4
DO-40-2107|2020-05-25,DO-40-2107,DO-40-2107,J:DO,CR40,f,2020-05-25,1,0,True,1,observed_burden,2020-05-31T00:00:00,6.0,True,1,1,1,4
DO-40-2107|2020-05-31,DO-40-2107,DO-40-2107,J:DO,CR40,f,2020-05-31,1,0,True,1,observed_burden,2020-06-07T00:00:00,7.0,True,1,1,1,4
DO-40-2107|2020-06-07,DO-40-2107,DO-40-2107,J:DO,CR40,f,2020-06-07,1,0,True,1,observed_burden,2020-06-14T00:00:00,7.0,True,1,1,1,4
DO-40-2107|2020-06-14,DO-40-2107,DO-40-2107,J:DO,CR40,f,2020-06-14,1,0,True,1,observed_burden,2020-06-21T00:00:00,7.0,True,1,1,1,4
DO-40-2107|2020-06-21,DO-40-2107,DO-40-2107,J:DO,CR40,f,2020-06-21,1,0,True,1,observed_burden,2020-06-28T00:00:00,7.0,True,1,1,1,4
DO-40-2107|2020-06-28,DO-40-2107,DO-40-2107,J:DO,CR40,f,2020-06-28,1,0,True,1,observed_burden,2020-07-05T00:00:00,7.0,True,1,1,1,4
DO-40-2107|2020-07-05,DO-40-2107,DO-40-2107,J:DO,CR40,f,2020-07-05,1,0,True,1,observed_burden,2020-07-12T00:00:00,7.0,True,1,1,1,4
DO-40-2107|2020-07-12,DO-40-2107,DO-40-2107,J:DO,CR40,f,2020-07-12,1,0,True,-1,no_assessment_in_window,,,False,0,0,0,4
DO-40-2107|2020-07-26,DO-40-2107,DO-40-2107,J:DO,CR40,f,2020-07-26,1,0,True,1,observed_burden,2020-08-03T00:00:00,8.0,True,1,1,1,4
DO-40-2107|2020-08-03,DO-40-2107,DO-40-2107,J:DO,CR40,f,2020-08-03,1,0,True,1,observed_burden,2020-08-09T00:00:00,6.0,True,1,1,1,4
DO-40-2107|2020-08-09,DO-40-2107,DO-40-2107,J:DO,CR40,f,2020-08-09,1,0,True,1,observed_burden,2020-08-16T00:00:00,7.0,True,1,1,1,4
DO-40-2107|2020-08-16,DO-40-2107,DO-40-2107,J:DO,CR40,f,2020-08-16,1,0,True,1,observed_burden,2020-08-24T00:00:00,8.0,True,1,1,1,4
DO-40-2107|2020-08-24,DO-40-2107,DO-40-2107,J:DO,CR40,f,2020-08-24,1,0,True,1,observed_burden,2020-08-30T00:00:00,6.0,True,1,1,1,4
DO-40-2107|2020-08-30,DO-40-2107,DO-40-2107,J:DO,CR40,f,2020-08-30,1,0,True,1,observed_burden,2020-09-07T00:00:00,8.0,True,1,1,1,4
DO-40-2107|2020-09-07,DO-40-2107,DO-40-2107,J:DO,CR40,f,2020-09-07,1,0,True,1,observed_burden,2020-09-13T00:00:00,6.0,True,1,1,1,4
DO-40-2107|2020-09-13,DO-40-2107,DO-40-2107,J:DO,CR40,f,2020-09-13,1,0,True,-1,no_assessment_in_window,,,False,0,0,0,4
DO-40-2107|2020-09-28,DO-40-2107,DO-40-2107,J:DO,CR40,f,2020-09-28,1,0,True,1,observed_burden,2020-10-05T00:00:00,7.0,True,1,1,1,4
DO-40-2107|2020-10-05,DO-40-2107,DO-40-2107,J:DO,CR40,f,2020-10-05,1,0,True,1,observed_burden,2020-10-11T00:00:00,6.0,True,1,1,1,4
DO-40-2107|2020-10-11,DO-40-2107,DO-40-2107,J:DO,CR40,f,2020-10-11,1,0,True,0,observed_burden,2020-10-18T00:00:00,7.0,True,1,1,1,4
DO-40-2107|2020-10-18,DO-40-2107,DO-40-2107,J:DO,CR40,f,2020-10-18,0,0,True,1,observed_burden,2020-10-27T00:00:00,9.0,True,1,1,1,4
DO-40-2107|2020-10-27,DO-40-2107,DO-40-2107,J:DO,CR40,f,2020-10-27,1,0,True,1,observed_burden,2020-11-03T00:00:00,7.0,True,1,1,1,4
DO-40-2107|2020-11-03,DO-40-2107,DO-40-2107,J:DO,CR40,f,2020-11-03,1,0,True,1,observed_burden,2020-11-09T00:00:00,6.0,True,1,1,1,4
DO-40-2107|2020-11-09,DO-40-2107,DO-40-2107,J:DO,CR40,f,2020-11-09,1,0,True,1,observed_burden,2020-11-17T00:00:00,8.0,True,1,1,1,4
DO-40-2107|2020-11-17,DO-40-2107,DO-40-2107,J:DO,CR40,f,2020-11-17,1,0,True,1,observed_burden,2020-11-24T00:00:00,7.0,True,1,1,1,4
DO-40-2107|2020-11-24,DO-40-2107,DO-40-2107,J:DO,CR40,f,2020-11-24,1,0,True,1,observed_burden,2020-12-01T00:00:00,7.0,True,1,1,1,4
DO-40-2107|2020-12-01,DO-40-2107,DO-40-2107,J:DO,CR40,f,2020-12-01,1,0,True,1,observed_burden,2020-12-08T00:00:00,7.0,True,1,1,1,4
DO-40-2107|2020-12-08,DO-40-2107,DO-40-2107,J:DO,CR40,f,2020-12-08,1,0,True,1,observed_burden,2020-12-15T00:00:00,7.0,True,1,1,1,4
DO-40-2107|2020-12-15,DO-40-2107,DO-40-2107,J:DO,CR40,f,2020-12-15,1,0,True,1,observed_burden,2020-12-22T00:00:00,7.0,True,1,1,1,4
DO-40-2107|2020-12-22,DO-40-2107,DO-40-2107,J:DO,CR40,f,2020-12-22,1,0,True,1,observed_burden,2020-12-29T00:00:00,7.0,True,1,1,1,4
DO-40-2107|2020-12-29,DO-40-2107,DO-40-2107,J:DO,CR40,f,2020-12-29,1,0,True,1,observed_burden,2021-01-05T00:00:00,7.0,True,1,1,1,4
DO-40-2107|2021-01-05,DO-40-2107,DO-40-2107,J:DO,CR40,f,2021-01-05,1,0,True,1,observed_burden,2021-01-11T00:00:00,6.0,True,1,1,1,4
DO-40-2107|2021-01-11,DO-40-2107,DO-40-2107,J:DO,CR40,f,2021-01-11,1,0,True,1,observed_burden,2021-01-19T00:00:00,8.0,True,1,1,1,4
DO-40-2107|2021-01-19,DO-40-2107,DO-40-2107,J:DO,CR40,f,2021-01-19,1,0,True,1,observed_burden,2021-01-27T00:00:00,8.0,True,1,1,1,4
DO-40-2107|2021-01-27,DO-40-2107,DO-40-2107,J:DO,CR40,f,2021-01-27,1,0,True,-1,no_assessment_in_window,,,False,0,0,0,4
DO-40-2107|2021-02-09,DO-40-2107,DO-40-2107,J:DO,CR40,f,2021-02-09,1,0,True,-1,no_assessment_in_window,,,False,0,0,0,4
DO-40-2107|2021-03-03,DO-40-2107,DO-40-2107,J:DO,CR40,f,2021-03-03,1,0,True,1,observed_burden,2021-03-09T00:00:00,6.0,True,1,1,1,4
DO-40-2107|2021-03-09,DO-40-2107,DO-40-2107,J:DO,CR40,f,2021-03-09,1,0,True,1,observed_burden,2021-03-15T00:00:00,6.0,True,1,1,1,4
DO-40-2107|2021-03-15,DO-40-2107,DO-40-2107,J:DO,CR40,f,2021-03-15,1,0,True,1,observed_burden,2021-03-22T00:00:00,7.0,True,1,1,1,4
DO-40-2107|2021-03-22,DO-40-2107,DO-40-2107,J:DO,CR40,f,2021-03-22,1,0,True,1,observed_burden,2021-03-29T00:00:00,7.0,True,1,1,1,4
DO-40-2107|2021-03-29,DO-40-2107,DO-40-2107,J:DO,CR40,f,2021-03-29,1,0,True,1,observed_burden,2021-04-05T00:00:00,7.0,True,1,1,1,4
DO-40-2107|2021-04-05,DO-40-2107,DO-40-2107,J:DO,CR40,f,2021-04-05,1,0,True,1,observed_burden,2021-04-12T00:00:00,7.0,True,1,1,1,4
DO-40-2107|2021-04-12,DO-40-2107,DO-40-2107,J:DO,CR40,f,2021-04-12,1,0,True,1,observed_burden,2021-04-19T00:00:00,7.0,True,1,1,1,4
DO-40-2107|2021-04-19,DO-40-2107,DO-40-2107,J:DO,CR40,f,2021-04-19,1,0,True,1,observed_burden,2021-04-27T00:00:00,8.0,True,1,1,1,4
DO-40-2107|2021-04-27,DO-40-2107,DO-40-2107,J:DO,CR40,f,2021-04-27,1,0,True,2,terminal_FD,2021-05-03T00:00:00,,False,0,0,0,4
DO-40-2108|2019-12-10,DO-40-2108,DO-40-2108,J:DO,CR40,f,2019-12-10,1,0,True,1,observed_burden,2019-12-18T00:00:00,8.0,True,1,1,1,0
DO-40-2108|2019-12-18,DO-40-2108,DO-40-2108,J:DO,CR40,f,2019-12-18,1,0,True,1,observed_burden,2019-12-23T00:00:00,5.0,True,1,1,1,0
DO-40-2108|2019-12-23,DO-40-2108,DO-40-2108,J:DO,CR40,f,2019-12-23,1,0,True,-1,no_assessment_in_window,,,False,0,0,0,0
DO-40-2108|2020-01-07,DO-40-2108,DO-40-2108,J:DO,CR40,f,2020-01-07,1,0,True,1,observed_burden,2020-01-14T00:00:00,7.0,True,1,1,1,0
DO-40-2108|2020-01-14,DO-40-2108,DO-40-2108,J:DO,CR40,f,2020-01-14,1,0,True,-1,survival_through_day9_unestablished,,,True,1,1,1,0
DO-40-2108|2020-01-20,DO-40-2108,DO-40-2108,J:DO,CR40,f,2020-01-20,1,0,True,-1,no_assessment_in_window,,,False,0,0,0,0
DO-40-2111|2019-12-10,DO-40-2111,DO-40-2111,J:DO,CR40,f,2019-12-10,1,0,True,1,observed_burden,2019-12-18T00:00:00,8.0,True,1,1,1,1
DO-40-2111|2019-12-18,DO-40-2111,DO-40-2111,J:DO,CR40,f,2019-12-18,1,0,True,1,observed_burden,2019-12-23T00:00:00,5.0,True,1,1,1,1
DO-40-2111|2019-12-23,DO-40-2111,DO-40-2111,J:DO,CR40,f,2019-12-23,1,0,True,-1,no_assessment_in_window,,,False,0,0,0,1
DO-40-2111|2020-01-07,DO-40-2111,DO-40-2111,J:DO,CR40,f,2020-01-07,1,0,True,1,observed_burden,2020-01-14T00:00:00,7.0,True,1,1,1,1
DO-40-2111|2020-01-14,DO-40-2111,DO-40-2111,J:DO,CR40,f,2020-01-14,1,0,True,1,observed_burden,2020-01-20T00:00:00,6.0,True,1,1,1,1
DO-40-2111|2020-01-20,DO-40-2111,DO-40-2111,J:DO,CR40,f,2020-01-20,1,0,True,-1,no_assessment_in_window,,,False,0,0,0,1
DO-40-2111|2020-03-02,DO-40-2111,DO-40-2111,J:DO,CR40,f,2020-03-02,1,0,True,1,observed_burden,2020-03-08T00:00:00,6.0,True,1,1,1,1
DO-40-2111|2020-03-08,DO-40-2111,DO-40-2111,J:DO,CR40,f,2020-03-08,1,0,True,1,observed_burden,2020-03-15T00:00:00,7.0,True,1,1,1,1
DO-40-2111|2020-03-15,DO-40-2111,DO-40-2111,J:DO,CR40,f,2020-03-15,1,0,True,0,observed_burden,2020-03-22T00:00:00,7.0,True,1,1,1,1
DO-40-2111|2020-03-22,DO-40-2111,DO-40-2111,J:DO,CR40,f,2020-03-22,0,0,True,-1,no_assessment_in_window,,,False,0,0,0,1
DO-40-2111|2020-04-05,DO-40-2111,DO-40-2111,J:DO,CR40,f,2020-04-05,0,0,True,0,observed_burden,2020-04-12T00:00:00,7.0,True,1,1,1,1
DO-40-2111|2020-04-12,DO-40-2111,DO-40-2111,J:DO,CR40,f,2020-04-12,0,0,True,-1,no_assessment_in_window,,,False,0,0,0,1
DO-40-2111|2020-04-26,DO-40-2111,DO-40-2111,J:DO,CR40,f,2020-04-26,1,0,True,1,observed_burden,2020-05-03T00:00:00,7.0,True,1,1,1,1
DO-40-2111|2020-05-03,DO-40-2111,DO-40-2111,J:DO,CR40,f,2020-05-03,1,0,True,1,observed_burden,2020-05-10T00:00:00,7.0,True,1,1,1,1
DO-40-2111|2020-05-10,DO-40-2111,DO-40-2111,J:DO,CR40,f,2020-05-10,1,0,True,1,observed_burden,2020-05-17T00:00:00,7.0,True,1,1,1,1
DO-40-2111|2020-05-17,DO-40-2111,DO-40-2111,J:DO,CR40,f,2020-05-17,1,0,True,1,observed_burden,2020-05-25T00:00:00,8.0,True,1,1,1,1
DO-40-2111|2020-05-25,DO-40-2111,DO-40-2111,J:DO,CR40,f,2020-05-25,1,0,True,1,observed_burden,2020-05-31T00:00:00,6.0,True,1,1,1,1
DO-40-2111|2020-05-31,DO-40-2111,DO-40-2111,J:DO,CR40,f,2020-05-31,1,0,True,1,observed_burden,2020-06-07T00:00:00,7.0,True,1,1,1,1
DO-40-2111|2020-06-07,DO-40-2111,DO-40-2111,J:DO,CR40,f,2020-06-07,1,0,True,1,observed_burden,2020-06-14T00:00:00,7.0,True,1,1,1,1
DO-40-2111|2020-06-14,DO-40-2111,DO-40-2111,J:DO,CR40,f,2020-06-14,1,0,True,1,observed_burden,2020-06-21T00:00:00,7.0,True,1,1,1,1
DO-40-2111|2020-06-21,DO-40-2111,DO-40-2111,J:DO,CR40,f,2020-06-21,1,0,True,1,observed_burden,2020-06-28T00:00:00,7.0,True,1,1,1,1
DO-40-2111|2020-06-28,DO-40-2111,DO-40-2111,J:DO,CR40,f,2020-06-28,1,0,True,1,observed_burden,2020-07-05T00:00:00,7.0,True,1,1,1,1
DO-40-2111|2020-07-05,DO-40-2111,DO-40-2111,J:DO,CR40,f,2020-07-05,1,0,True,1,observed_burden,2020-07-12T00:00:00,7.0,True,1,1,1,1
DO-40-2111|2020-07-12,DO-40-2111,DO-40-2111,J:DO,CR40,f,2020-07-12,1,0,True,-1,no_assessment_in_window,,,False,0,0,0,1
DO-40-2111|2020-07-26,DO-40-2111,DO-40-2111,J:DO,CR40,f,2020-07-26,1,0,True,1,observed_burden,2020-08-03T00:00:00,8.0,True,1,1,1,1
DO-40-2111|2020-08-03,DO-40-2111,DO-40-2111,J:DO,CR40,f,2020-08-03,1,0,True,1,observed_burden,2020-08-09T00:00:00,6.0,True,1,1,1,1
DO-40-2111|2020-08-09,DO-40-2111,DO-40-2111,J:DO,CR40,f,2020-08-09,1,0,True,1,observed_burden,2020-08-16T00:00:00,7.0,True,1,1,1,1
DO-40-2111|2020-08-16,DO-40-2111,DO-40-2111,J:DO,CR40,f,2020-08-16,1,0,True,1,observed_burden,2020-08-24T00:00:00,8.0,True,1,1,1,1
DO-40-2111|2020-08-24,DO-40-2111,DO-40-2111,J:DO,CR40,f,2020-08-24,1,0,True,1,observed_burden,2020-08-30T00:00:00,6.0,True,1,1,1,1
DO-40-2111|2020-08-30,DO-40-2111,DO-40-2111,J:DO,CR40,f,2020-08-30,1,0,True,1,observed_burden,2020-09-07T00:00:00,8.0,True,1,1,1,1
DO-40-2111|2020-09-07,DO-40-2111,DO-40-2111,J:DO,CR40,f,2020-09-07,1,0,True,1,observed_burden,2020-09-13T00:00:00,6.0,True,1,1,1,1
DO-40-2111|2020-09-13,DO-40-2111,DO-40-2111,J:DO,CR40,f,2020-09-13,1,0,True,-1,no_assessment_in_window,,,False,0,0,0,1
DO-40-2111|2020-09-28,DO-40-2111,DO-40-2111,J:DO,CR40,f,2020-09-28,1,0,True,1,observed_burden,2020-10-05T00:00:00,7.0,True,1,1,1,1
DO-40-2111|2020-10-05,DO-40-2111,DO-40-2111,J:DO,CR40,f,2020-10-05,1,0,True,1,observed_burden,2020-10-11T00:00:00,6.0,True,1,1,1,1
DO-40-2111|2020-10-11,DO-40-2111,DO-40-2111,J:DO,CR40,f,2020-10-11,1,0,True,1,observed_burden,2020-10-18T00:00:00,7.0,True,1,1,1,1
DO-40-2111|2020-10-18,DO-40-2111,DO-40-2111,J:DO,CR40,f,2020-10-18,1,0,True,-1,survival_through_day9_unestablished,,,True,1,1,1,1
DO-40-2111|2020-10-27,DO-40-2111,DO-40-2111,J:DO,CR40,f,2020-10-27,1,0,True,-1,other_exit_MSG,2020-11-03T00:00:00,,False,0,0,0,1
DO-40-2113|2019-12-11,DO-40-2113,DO-40-2113,J:DO,CR40,f,2019-12-11,1,0,True,0,observed_burden,2019-12-19T00:00:00,8.0,True,1,1,1,3
DO-40-2113|2019-12-19,DO-40-2113,DO-40-2113,J:DO,CR40,f,2019-12-19,0,0,True,1,observed_burden,2019-12-24T00:00:00,5.0,True,1,1,1,3
DO-40-2113|2019-12-24,DO-40-2113,DO-40-2113,J:DO,CR40,f,2019-12-24,1,0,True,-1,no_assessment_in_window,,,False,0,0,0,3
DO-40-2113|2020-01-03,DO-40-2113,DO-40-2113,J:DO,CR40,f,2020-01-03,1,0,True,1,observed_burden,2020-01-08T00:00:00,5.0,True,1,1,1,3
DO-40-2113|2020-01-08,DO-40-2113,DO-40-2113,J:DO,CR40,f,2020-01-08,1,0,True,1,observed_burden,2020-01-15T00:00:00,7.0,True,1,1,1,3
DO-40-2113|2020-01-15,DO-40-2113,DO-40-2113,J:DO,CR40,f,2020-01-15,1,0,True,1,observed_burden,2020-01-20T00:00:00,5.0,True,1,1,1,3
DO-40-2113|2020-01-20,DO-40-2113,DO-40-2113,J:DO,CR40,f,2020-01-20,1,0,True,0,observed_burden,2020-01-27T00:00:00,7.0,True,1,1,1,3
DO-40-2113|2020-01-27,DO-40-2113,DO-40-2113,J:DO,CR40,f,2020-01-27,0,0,True,0,observed_burden,2020-02-03T00:00:00,7.0,True,1,1,1,3
DO-40-2113|2020-02-03,DO-40-2113,DO-40-2113,J:DO,CR40,f,2020-02-03,0,0,True,1,observed_burden,2020-02-11T00:00:00,8.0,True,1,1,1,3
DO-40-2113|2020-02-11,DO-40-2113,DO-40-2113,J:DO,CR40,f,2020-02-11,1,0,True,-1,no_assessment_in_window,,,False,0,0,0,3
DO-40-2113|2020-02-25,DO-40-2113,DO-40-2113,J:DO,CR40,f,2020-02-25,1,0,True,-1,no_assessment_in_window,,,False,0,0,0,3
DO-40-2114|2019-12-11,DO-40-2114,DO-40-2114,J:DO,CR40,f,2019-12-11,1,0,True,0,observed_burden,2019-12-19T00:00:00,8.0,True,1,1,1,2
DO-40-2114|2019-12-19,DO-40-2114,DO-40-2114,J:DO,CR40,f,2019-12-19,0,0,True,1,observed_burden,2019-12-24T00:00:00,5.0,True,1,1,1,2
DO-40-2114|2019-12-24,DO-40-2114,DO-40-2114,J:DO,CR40,f,2019-12-24,1,0,True,-1,no_assessment_in_window,,,False,0,0,0,2
DO-40-2114|2020-01-03,DO-40-2114,DO-40-2114,J:DO,CR40,f,2020-01-03,1,0,True,0,observed_burden,2020-01-08T00:00:00,5.0,True,1,1,1,2
DO-40-2114|2020-01-08,DO-40-2114,DO-40-2114,J:DO,CR40,f,2020-01-08,0,0,True,1,observed_burden,2020-01-15T00:00:00,7.0,True,1,1,1,2
DO-40-2114|2020-01-15,DO-40-2114,DO-40-2114,J:DO,CR40,f,2020-01-15,1,0,True,1,observed_burden,2020-01-20T00:00:00,5.0,True,1,1,1,2
DO-40-2114|2020-01-20,DO-40-2114,DO-40-2114,J:DO,CR40,f,2020-01-20,1,0,True,1,observed_burden,2020-01-27T00:00:00,7.0,True,1,1,1,2
DO-40-2114|2020-01-27,DO-40-2114,DO-40-2114,J:DO,CR40,f,2020-01-27,1,0,True,0,observed_burden,2020-02-03T00:00:00,7.0,True,1,1,1,2
DO-40-2114|2020-02-03,DO-40-2114,DO-40-2114,J:DO,CR40,f,2020-02-03,0,0,True,1,observed_burden,2020-02-11T00:00:00,8.0,True,1,1,1,2
DO-40-2114|2020-02-11,DO-40-2114,DO-40-2114,J:DO,CR40,f,2020-02-11,1,0,True,-1,no_assessment_in_window,,,False,0,0,0,2
DO-40-2114|2020-02-25,DO-40-2114,DO-40-2114,J:DO,CR40,f,2020-02-25,0,0,True,-1,no_assessment_in_window,,,False,0,0,0,2
DO-40-2114|2020-03-09,DO-40-2114,DO-40-2114,J:DO,CR40,f,2020-03-09,0,0,True,-1,no_assessment_in_window,,,False,0,0,0,2
DO-40-2115|2019-12-11,DO-40-2115,DO-40-2115,J:DO,CR40,f,2019-12-11,1,0,True,1,observed_burden,2019-12-19T00:00:00,8.0,True,1,1,1,1
DO-40-2115|2019-12-19,DO-40-2115,DO-40-2115,J:DO,CR40,f,2019-12-19,1,0,True,1,observed_burden,2019-12-24T00:00:00,5.0,True,1,1,1,1
DO-40-2115|2019-12-24,DO-40-2115,DO-40-2115,J:DO,CR40,f,2019-12-24,1,0,True,-1,no_assessment_in_window,,,False,0,0,0,1
DO-40-2115|2020-01-03,DO-40-2115,DO-40-2115,J:DO,CR40,f,2020-01-03,1,0,True,1,observed_burden,2020-01-08T00:00:00,5.0,True,1,1,1,1
DO-40-2115|2020-01-08,DO-40-2115,DO-40-2115,J:DO,CR40,f,2020-01-08,1,0,True,1,observed_burden,2020-01-15T00:00:00,7.0,True,1,1,1,1
DO-40-2115|2020-01-15,DO-40-2115,DO-40-2115,J:DO,CR40,f,2020-01-15,1,0,True,1,observed_burden,2020-01-20T00:00:00,5.0,True,1,1,1,1
DO-40-2115|2020-01-20,DO-40-2115,DO-40-2115,J:DO,CR40,f,2020-01-20,1,0,True,1,observed_burden,2020-01-27T00:00:00,7.0,True,1,1,1,1
DO-40-2115|2020-01-27,DO-40-2115,DO-40-2115,J:DO,CR40,f,2020-01-27,1,0,True,0,observed_burden,2020-02-03T00:00:00,7.0,True,1,1,1,1
DO-40-2115|2020-02-03,DO-40-2115,DO-40-2115,J:DO,CR40,f,2020-02-03,0,0,True,1,observed_burden,2020-02-11T00:00:00,8.0,True,1,1,1,1
DO-40-2115|2020-02-11,DO-40-2115,DO-40-2115,J:DO,CR40,f,2020-02-11,1,0,True,-1,no_assessment_in_window,,,False,0,0,0,1
DO-40-2115|2020-02-25,DO-40-2115,DO-40-2115,J:DO,CR40,f,2020-02-25,1,0,True,-1,no_assessment_in_window,,,False,0,0,0,1
DO-40-2115|2020-03-09,DO-40-2115,DO-40-2115,J:DO,CR40,f,2020-03-09,0,0,True,-1,no_assessment_in_window,,,False,0,0,0,1
DO-40-2115|2020-03-23,DO-40-2115,DO-40-2115,J:DO,CR40,f,2020-03-23,0,0,True,1,observed_burden,2020-03-30T00:00:00,7.0,True,1,1,1,1
DO-40-2115|2020-03-30,DO-40-2115,DO-40-2115,J:DO,CR40,f,2020-03-30,1,0,True,-1,no_assessment_in_window,,,False,0,0,0,1
DO-40-2115|2020-04-13,DO-40-2115,DO-40-2115,J:DO,CR40,f,2020-04-13,0,0,True,1,observed_burden,2020-04-20T00:00:00,7.0,True,1,1,1,1
DO-40-2115|2020-04-20,DO-40-2115,DO-40-2115,J:DO,CR40,f,2020-04-20,1,0,True,0,observed_burden,2020-04-27T00:00:00,7.0,True,1,1,1,1
DO-40-2115|2020-04-27,DO-40-2115,DO-40-2115,J:DO,CR40,f,2020-04-27,0,0,True,-1,no_assessment_in_window,,,False,0,0,0,1
DO-40-2115|2020-05-11,DO-40-2115,DO-40-2115,J:DO,CR40,f,2020-05-11,0,0,True,1,observed_burden,2020-05-18T00:00:00,7.0,True,1,1,1,1
DO-40-2115|2020-05-18,DO-40-2115,DO-40-2115,J:DO,CR40,f,2020-05-18,1,0,True,-1,no_assessment_in_window,,,False,0,0,0,1
DO-40-2115|2020-06-01,DO-40-2115,DO-40-2115,J:DO,CR40,f,2020-06-01,0,0,True,0,observed_burden,2020-06-08T00:00:00,7.0,True,1,1,1,1
DO-40-2115|2020-06-08,DO-40-2115,DO-40-2115,J:DO,CR40,f,2020-06-08,0,0,True,1,observed_burden,2020-06-15T00:00:00,7.0,True,1,1,1,1
DO-40-2115|2020-06-15,DO-40-2115,DO-40-2115,J:DO,CR40,f,2020-06-15,1,0,True,-1,no_assessment_in_window,,,False,0,0,0,1
DO-40-2115|2020-06-29,DO-40-2115,DO-40-2115,J:DO,CR40,f,2020-06-29,1,0,True,1,observed_burden,2020-07-06T00:00:00,7.0,True,1,1,1,1
DO-40-2115|2020-07-06,DO-40-2115,DO-40-2115,J:DO,CR40,f,2020-07-06,1,0,True,1,observed_burden,2020-07-13T00:00:00,7.0,True,1,1,1,1
DO-40-2115|2020-07-13,DO-40-2115,DO-40-2115,J:DO,CR40,f,2020-07-13,1,0,True,1,observed_burden,2020-07-20T00:00:00,7.0,True,1,1,1,1
DO-40-2115|2020-07-20,DO-40-2115,DO-40-2115,J:DO,CR40,f,2020-07-20,1,0,True,1,observed_burden,2020-07-26T00:00:00,6.0,True,1,1,1,1
DO-40-2115|2020-07-26,DO-40-2115,DO-40-2115,J:DO,CR40,f,2020-07-26,1,0,True,0,observed_burden,2020-08-03T00:00:00,8.0,True,1,1,1,1
DO-40-2115|2020-08-03,DO-40-2115,DO-40-2115,J:DO,CR40,f,2020-08-03,0,0,True,1,observed_burden,2020-08-10T00:00:00,7.0,True,1,1,1,1
DO-40-2115|2020-08-10,DO-40-2115,DO-40-2115,J:DO,CR40,f,2020-08-10,1,0,True,1,observed_burden,2020-08-17T00:00:00,7.0,True,1,1,1,1
DO-40-2115|2020-08-17,DO-40-2115,DO-40-2115,J:DO,CR40,f,2020-08-17,1,0,True,1,observed_burden,2020-08-24T00:00:00,7.0,True,1,1,1,1
DO-40-2115|2020-08-24,DO-40-2115,DO-40-2115,J:DO,CR40,f,2020-08-24,1,0,True,1,observed_burden,2020-08-31T00:00:00,7.0,True,1,1,1,1
DO-40-2115|2020-08-31,DO-40-2115,DO-40-2115,J:DO,CR40,f,2020-08-31,1,0,True,1,observed_burden,2020-09-07T00:00:00,7.0,True,1,1,1,1
DO-40-2115|2020-09-07,DO-40-2115,DO-40-2115,J:DO,CR40,f,2020-09-07,1,0,True,1,observed_burden,2020-09-13T00:00:00,6.0,True,1,1,1,1
DO-40-2115|2020-09-13,DO-40-2115,DO-40-2115,J:DO,CR40,f,2020-09-13,1,0,True,1,observed_burden,2020-09-20T00:00:00,7.0,True,1,1,1,1
DO-40-2115|2020-09-20,DO-40-2115,DO-40-2115,J:DO,CR40,f,2020-09-20,1,0,True,1,observed_burden,2020-09-28T00:00:00,8.0,True,1,1,1,1
DO-40-2115|2020-09-28,DO-40-2115,DO-40-2115,J:DO,CR40,f,2020-09-28,1,0,True,1,observed_burden,2020-10-05T00:00:00,7.0,True,1,1,1,1
DO-40-2115|2020-10-05,DO-40-2115,DO-40-2115,J:DO,CR40,f,2020-10-05,1,0,True,1,observed_burden,2020-10-11T00:00:00,6.0,True,1,1,1,1
DO-40-2115|2020-10-11,DO-40-2115,DO-40-2115,J:DO,CR40,f,2020-10-11,1,0,True,1,observed_burden,2020-10-18T00:00:00,7.0,True,1,1,1,1
DO-40-2115|2020-10-18,DO-40-2115,DO-40-2115,J:DO,CR40,f,2020-10-18,1,0,True,1,observed_burden,2020-10-27T00:00:00,9.0,True,1,1,1,1
DO-40-2115|2020-10-27,DO-40-2115,DO-40-2115,J:DO,CR40,f,2020-10-27,1,0,True,1,observed_burden,2020-11-03T00:00:00,7.0,True,1,1,1,1
DO-40-2115|2020-11-03,DO-40-2115,DO-40-2115,J:DO,CR40,f,2020-11-03,1,0,True,1,observed_burden,2020-11-09T00:00:00,6.0,True,1,1,1,1
DO-40-2115|2020-11-09,DO-40-2115,DO-40-2115,J:DO,CR40,f,2020-11-09,1,0,True,1,observed_burden,2020-11-17T00:00:00,8.0,True,1,1,1,1
DO-40-2115|2020-11-17,DO-40-2115,DO-40-2115,J:DO,CR40,f,2020-11-17,1,0,True,1,observed_burden,2020-11-24T00:00:00,7.0,True,1,1,1,1
DO-40-2115|2020-11-24,DO-40-2115,DO-40-2115,J:DO,CR40,f,2020-11-24,1,0,True,1,observed_burden,2020-12-01T00:00:00,7.0,True,1,1,1,1
DO-40-2115|2020-12-01,DO-40-2115,DO-40-2115,J:DO,CR40,f,2020-12-01,1,0,True,1,observed_burden,2020-12-08T00:00:00,7.0,True,1,1,1,1
DO-40-2115|2020-12-08,DO-40-2115,DO-40-2115,J:DO,CR40,f,2020-12-08,1,0,True,1,observed_burden,2020-12-15T00:00:00,7.0,True,1,1,1,1
DO-40-2115|2020-12-15,DO-40-2115,DO-40-2115,J:DO,CR40,f,2020-12-15,1,0,True,1,observed_burden,2020-12-22T00:00:00,7.0,True,1,1,1,1
DO-40-2115|2020-12-22,DO-40-2115,DO-40-2115,J:DO,CR40,f,2020-12-22,1,0,True,1,observed_burden,2020-12-29T00:00:00,7.0,True,1,1,1,1
DO-40-2115|2020-12-29,DO-40-2115,DO-40-2115,J:DO,CR40,f,2020-12-29,1,0,True,1,observed_burden,2021-01-05T00:00:00,7.0,True,1,1,1,1
DO-40-2115|2021-01-05,DO-40-2115,DO-40-2115,J:DO,CR40,f,2021-01-05,1,0,True,1,observed_burden,2021-01-11T00:00:00,6.0,True,1,1,1,1
DO-40-2115|2021-01-11,DO-40-2115,DO-40-2115,J:DO,CR40,f,2021-01-11,1,0,True,1,observed_burden,2021-01-19T00:00:00,8.0,True,1,1,1,1
DO-40-2115|2021-01-19,DO-40-2115,DO-40-2115,J:DO,CR40,f,2021-01-19,1,0,True,1,observed_burden,2021-01-27T00:00:00,8.0,True,1,1,1,1
DO-40-2115|2021-01-27,DO-40-2115,DO-40-2115,J:DO,CR40,f,2021-01-27,1,0,True,-1,no_assessment_in_window,,,False,0,0,0,1
DO-40-2115|2021-02-09,DO-40-2115,DO-40-2115,J:DO,CR40,f,2021-02-09,1,0,True,-1,no_assessment_in_window,,,False,0,0,0,1
DO-40-2115|2021-03-03,DO-40-2115,DO-40-2115,J:DO,CR40,f,2021-03-03,1,0,True,1,observed_burden,2021-03-09T00:00:00,6.0,True,1,1,1,1
DO-40-2115|2021-03-09,DO-40-2115,DO-40-2115,J:DO,CR40,f,2021-03-09,1,0,True,1,observed_burden,2021-03-15T00:00:00,6.0,True,1,1,1,1
DO-40-2115|2021-03-15,DO-40-2115,DO-40-2115,J:DO,CR40,f,2021-03-15,1,0,True,1,observed_burden,2021-03-22T00:00:00,7.0,True,1,1,1,1
DO-40-2115|2021-03-22,DO-40-2115,DO-40-2115,J:DO,CR40,f,2021-03-22,1,0,True,1,observed_burden,2021-03-29T00:00:00,7.0,True,1,1,1,1
DO-40-2115|2021-03-29,DO-40-2115,DO-40-2115,J:DO,CR40,f,2021-03-29,1,0,True,1,observed_burden,2021-04-05T00:00:00,7.0,True,1,1,1,1
DO-40-2115|2021-04-05,DO-40-2115,DO-40-2115,J:DO,CR40,f,2021-04-05,1,0,True,-1,no_assessment_in_window,,,False,0,0,0,1
DO-40-2116|2019-12-11,DO-40-2116,DO-40-2116,J:DO,CR40,f,2019-12-11,1,0,True,0,observed_burden,2019-12-19T00:00:00,8.0,True,1,1,1,2
DO-40-2116|2019-12-19,DO-40-2116,DO-40-2116,J:DO,CR40,f,2019-12-19,0,0,True,0,observed_burden,2019-12-24T00:00:00,5.0,True,1,1,1,2
DO-40-2116|2019-12-24,DO-40-2116,DO-40-2116,J:DO,CR40,f,2019-12-24,0,0,True,-1,no_assessment_in_window,,,False,0,0,0,2
DO-40-2116|2020-01-03,DO-40-2116,DO-40-2116,J:DO,CR40,f,2020-01-03,0,0,True,0,observed_burden,2020-01-08T00:00:00,5.0,True,1,1,1,2
DO-40-2116|2020-01-08,DO-40-2116,DO-40-2116,J:DO,CR40,f,2020-01-08,0,0,True,1,observed_burden,2020-01-15T00:00:00,7.0,True,1,1,1,2
DO-40-2116|2020-01-15,DO-40-2116,DO-40-2116,J:DO,CR40,f,2020-01-15,1,0,True,1,observed_burden,2020-01-20T00:00:00,5.0,True,1,1,1,2
DO-40-2116|2020-01-20,DO-40-2116,DO-40-2116,J:DO,CR40,f,2020-01-20,1,0,True,0,observed_burden,2020-01-27T00:00:00,7.0,True,1,1,1,2
DO-40-2116|2020-01-27,DO-40-2116,DO-40-2116,J:DO,CR40,f,2020-01-27,0,0,True,0,observed_burden,2020-02-03T00:00:00,7.0,True,1,1,1,2
DO-40-2116|2020-02-03,DO-40-2116,DO-40-2116,J:DO,CR40,f,2020-02-03,0,0,True,1,observed_burden,2020-02-11T00:00:00,8.0,True,1,1,1,2
DO-40-2116|2020-02-11,DO-40-2116,DO-40-2116,J:DO,CR40,f,2020-02-11,1,0,True,-1,no_assessment_in_window,,,False,0,0,0,2
DO-40-2116|2020-02-25,DO-40-2116,DO-40-2116,J:DO,CR40,f,2020-02-25,1,0,True,-1,no_assessment_in_window,,,False,0,0,0,2
DO-40-2116|2020-03-09,DO-40-2116,DO-40-2116,J:DO,CR40,f,2020-03-09,0,0,True,-1,no_assessment_in_window,,,False,0,0,0,2
DO-40-2116|2020-03-23,DO-40-2116,DO-40-2116,J:DO,CR40,f,2020-03-23,0,0,True,1,observed_burden,2020-03-30T00:00:00,7.0,True,1,1,1,2
DO-40-2116|2020-03-30,DO-40-2116,DO-40-2116,J:DO,CR40,f,2020-03-30,1,0,True,0,observed_burden,2020-04-06T00:00:00,7.0,True,1,1,1,2
DO-40-2116|2020-04-06,DO-40-2116,DO-40-2116,J:DO,CR40,f,2020-04-06,0,0,True,0,observed_burden,2020-04-13T00:00:00,7.0,True,1,1,1,2
DO-40-2116|2020-04-13,DO-40-2116,DO-40-2116,J:DO,CR40,f,2020-04-13,0,0,True,1,observed_burden,2020-04-20T00:00:00,7.0,True,1,1,1,2
DO-40-2116|2020-04-20,DO-40-2116,DO-40-2116,J:DO,CR40,f,2020-04-20,1,0,True,0,observed_burden,2020-04-27T00:00:00,7.0,True,1,1,1,2
DO-40-2116|2020-04-27,DO-40-2116,DO-40-2116,J:DO,CR40,f,2020-04-27,0,0,True,-1,no_assessment_in_window,,,False,0,0,0,2
DO-40-2116|2020-05-11,DO-40-2116,DO-40-2116,J:DO,CR40,f,2020-05-11,0,0,True,0,observed_burden,2020-05-18T00:00:00,7.0,True,1,1,1,2
DO-40-2116|2020-05-18,DO-40-2116,DO-40-2116,J:DO,CR40,f,2020-05-18,0,0,True,-1,no_assessment_in_window,,,False,0,0,0,2
DO-40-2116|2020-06-01,DO-40-2116,DO-40-2116,J:DO,CR40,f,2020-06-01,0,0,True,0,observed_burden,2020-06-08T00:00:00,7.0,True,1,1,1,2
DO-40-2116|2020-06-08,DO-40-2116,DO-40-2116,J:DO,CR40,f,2020-06-08,0,0,True,1,observed_burden,2020-06-15T00:00:00,7.0,True,1,1,1,2
DO-40-2116|2020-06-15,DO-40-2116,DO-40-2116,J:DO,CR40,f,2020-06-15,1,0,True,-1,no_assessment_in_window,,,False,0,0,0,2
DO-40-2116|2020-06-29,DO-40-2116,DO-40-2116,J:DO,CR40,f,2020-06-29,1,0,True,1,observed_burden,2020-07-06T00:00:00,7.0,True,1,1,1,2
DO-40-2116|2020-07-06,DO-40-2116,DO-40-2116,J:DO,CR40,f,2020-07-06,1,0,True,0,observed_burden,2020-07-13T00:00:00,7.0,True,1,1,1,2
DO-40-2116|2020-07-13,DO-40-2116,DO-40-2116,J:DO,CR40,f,2020-07-13,0,0,True,1,observed_burden,2020-07-20T00:00:00,7.0,True,1,1,1,2
DO-40-2116|2020-07-20,DO-40-2116,DO-40-2116,J:DO,CR40,f,2020-07-20,1,0,True,1,observed_burden,2020-07-26T00:00:00,6.0,True,1,1,1,2
DO-40-2116|2020-07-26,DO-40-2116,DO-40-2116,J:DO,CR40,f,2020-07-26,1,0,True,0,observed_burden,2020-08-03T00:00:00,8.0,True,1,1,1,2
DO-40-2116|2020-08-03,DO-40-2116,DO-40-2116,J:DO,CR40,f,2020-08-03,0,0,True,1,observed_burden,2020-08-10T00:00:00,7.0,True,1,1,1,2
DO-40-2116|2020-08-10,DO-40-2116,DO-40-2116,J:DO,CR40,f,2020-08-10,1,0,True,1,observed_burden,2020-08-17T00:00:00,7.0,True,1,1,1,2
DO-40-2116|2020-08-17,DO-40-2116,DO-40-2116,J:DO,CR40,f,2020-08-17,1,0,True,0,observed_burden,2020-08-24T00:00:00,7.0,True,1,1,1,2
DO-40-2116|2020-08-24,DO-40-2116,DO-40-2116,J:DO,CR40,f,2020-08-24,0,0,True,0,observed_burden,2020-08-31T00:00:00,7.0,True,1,1,1,2
DO-40-2116|2020-08-31,DO-40-2116,DO-40-2116,J:DO,CR40,f,2020-08-31,0,0,True,0,observed_burden,2020-09-07T00:00:00,7.0,True,1,1,1,2
DO-40-2116|2020-09-07,DO-40-2116,DO-40-2116,J:DO,CR40,f,2020-09-07,0,0,True,1,observed_burden,2020-09-13T00:00:00,6.0,True,1,1,1,2
DO-40-2116|2020-09-13,DO-40-2116,DO-40-2116,J:DO,CR40,f,2020-09-13,1,0,True,1,observed_burden,2020-09-20T00:00:00,7.0,True,1,1,1,2
DO-40-2116|2020-09-20,DO-40-2116,DO-40-2116,J:DO,CR40,f,2020-09-20,1,0,True,2,terminal_FD,2020-09-24T00:00:00,,False,0,0,0,2
DO-40-2117|2019-12-11,DO-40-2117,DO-40-2117,J:DO,CR40,f,2019-12-11,0,0,True,1,observed_burden,2019-12-19T00:00:00,8.0,True,1,1,1,3
DO-40-2117|2019-12-19,DO-40-2117,DO-40-2117,J:DO,CR40,f,2019-12-19,1,0,True,0,observed_burden,2019-12-24T00:00:00,5.0,True,1,1,1,3
DO-40-2117|2019-12-24,DO-40-2117,DO-40-2117,J:DO,CR40,f,2019-12-24,0,0,True,-1,no_assessment_in_window,,,False,0,0,0,3
DO-40-2117|2020-01-03,DO-40-2117,DO-40-2117,J:DO,CR40,f,2020-01-03,0,0,True,0,observed_burden,2020-01-08T00:00:00,5.0,True,1,1,1,3
DO-40-2117|2020-01-08,DO-40-2117,DO-40-2117,J:DO,CR40,f,2020-01-08,0,0,True,0,observed_burden,2020-01-15T00:00:00,7.0,True,1,1,1,3
DO-40-2117|2020-01-15,DO-40-2117,DO-40-2117,J:DO,CR40,f,2020-01-15,0,0,True,1,observed_burden,2020-01-20T00:00:00,5.0,True,1,1,1,3
DO-40-2117|2020-01-20,DO-40-2117,DO-40-2117,J:DO,CR40,f,2020-01-20,1,0,True,1,observed_burden,2020-01-27T00:00:00,7.0,True,1,1,1,3
DO-40-2117|2020-01-27,DO-40-2117,DO-40-2117,J:DO,CR40,f,2020-01-27,1,0,True,0,observed_burden,2020-02-03T00:00:00,7.0,True,1,1,1,3
DO-40-2117|2020-02-03,DO-40-2117,DO-40-2117,J:DO,CR40,f,2020-02-03,0,0,True,0,observed_burden,2020-02-11T00:00:00,8.0,True,1,1,1,3
DO-40-2117|2020-02-11,DO-40-2117,DO-40-2117,J:DO,CR40,f,2020-02-11,0,0,True,-1,no_assessment_in_window,,,False,0,0,0,3
DO-40-2117|2020-02-25,DO-40-2117,DO-40-2117,J:DO,CR40,f,2020-02-25,1,0,True,-1,no_assessment_in_window,,,False,0,0,0,3
DO-40-2117|2020-03-09,DO-40-2117,DO-40-2117,J:DO,CR40,f,2020-03-09,0,0,True,-1,no_assessment_in_window,,,False,0,0,0,3
DO-40-2117|2020-03-23,DO-40-2117,DO-40-2117,J:DO,CR40,f,2020-03-23,0,0,True,0,observed_burden,2020-03-30T00:00:00,7.0,True,1,1,1,3
DO-40-2117|2020-03-30,DO-40-2117,DO-40-2117,J:DO,CR40,f,2020-03-30,0,0,True,0,observed_burden,2020-04-06T00:00:00,7.0,True,1,1,1,3
DO-40-2117|2020-04-06,DO-40-2117,DO-40-2117,J:DO,CR40,f,2020-04-06,0,0,True,0,observed_burden,2020-04-13T00:00:00,7.0,True,1,1,1,3
DO-40-2117|2020-04-13,DO-40-2117,DO-40-2117,J:DO,CR40,f,2020-04-13,0,0,True,1,observed_burden,2020-04-20T00:00:00,7.0,True,1,1,1,3
DO-40-2117|2020-04-20,DO-40-2117,DO-40-2117,J:DO,CR40,f,2020-04-20,1,0,True,0,observed_burden,2020-04-27T00:00:00,7.0,True,1,1,1,3
DO-40-2117|2020-04-27,DO-40-2117,DO-40-2117,J:DO,CR40,f,2020-04-27,0,0,True,-1,no_assessment_in_window,,,False,0,0,0,3
DO-40-2117|2020-05-11,DO-40-2117,DO-40-2117,J:DO,CR40,f,2020-05-11,0,0,True,0,observed_burden,2020-05-18T00:00:00,7.0,True,1,1,1,3
DO-40-2117|2020-05-18,DO-40-2117,DO-40-2117,J:DO,CR40,f,2020-05-18,0,0,True,-1,no_assessment_in_window,,,False,0,0,0,3
DO-40-2117|2020-06-01,DO-40-2117,DO-40-2117,J:DO,CR40,f,2020-06-01,0,0,True,0,observed_burden,2020-06-08T00:00:00,7.0,True,1,1,1,3
DO-40-2117|2020-06-08,DO-40-2117,DO-40-2117,J:DO,CR40,f,2020-06-08,0,0,True,0,observed_burden,2020-06-15T00:00:00,7.0,True,1,1,1,3
DO-40-2117|2020-06-15,DO-40-2117,DO-40-2117,J:DO,CR40,f,2020-06-15,0,0,True,-1,no_assessment_in_window,,,False,0,0,0,3
DO-40-2117|2020-06-29,DO-40-2117,DO-40-2117,J:DO,CR40,f,2020-06-29,0,0,True,0,observed_burden,2020-07-06T00:00:00,7.0,True,1,1,1,3
DO-40-2117|2020-07-06,DO-40-2117,DO-40-2117,J:DO,CR40,f,2020-07-06,0,0,True,0,observed_burden,2020-07-13T00:00:00,7.0,True,1,1,1,3
DO-40-2117|2020-07-13,DO-40-2117,DO-40-2117,J:DO,CR40,f,2020-07-13,0,0,True,1,observed_burden,2020-07-20T00:00:00,7.0,True,1,1,1,3
DO-40-2117|2020-07-20,DO-40-2117,DO-40-2117,J:DO,CR40,f,2020-07-20,1,0,True,1,observed_burden,2020-07-26T00:00:00,6.0,True,1,1,1,3
DO-40-2117|2020-07-26,DO-40-2117,DO-40-2117,J:DO,CR40,f,2020-07-26,1,0,True,1,observed_burden,2020-08-03T00:00:00,8.0,True,1,1,1,3
DO-40-2117|2020-08-03,DO-40-2117,DO-40-2117,J:DO,CR40,f,2020-08-03,1,0,True,0,observed_burden,2020-08-10T00:00:00,7.0,True,1,1,1,3
DO-40-2117|2020-08-10,DO-40-2117,DO-40-2117,J:DO,CR40,f,2020-08-10,0,0,True,0,observed_burden,2020-08-17T00:00:00,7.0,True,1,1,1,3
DO-40-2117|2020-08-17,DO-40-2117,DO-40-2117,J:DO,CR40,f,2020-08-17,0,0,True,0,observed_burden,2020-08-24T00:00:00,7.0,True,1,1,1,3
DO-40-2117|2020-08-24,DO-40-2117,DO-40-2117,J:DO,CR40,f,2020-08-24,0,0,True,1,observed_burden,2020-08-31T00:00:00,7.0,True,1,1,1,3
DO-40-2117|2020-08-31,DO-40-2117,DO-40-2117,J:DO,CR40,f,2020-08-31,1,0,True,0,observed_burden,2020-09-07T00:00:00,7.0,True,1,1,1,3
DO-40-2117|2020-09-07,DO-40-2117,DO-40-2117,J:DO,CR40,f,2020-09-07,0,0,True,0,observed_burden,2020-09-13T00:00:00,6.0,True,1,1,1,3
DO-40-2117|2020-09-13,DO-40-2117,DO-40-2117,J:DO,CR40,f,2020-09-13,0,0,True,0,observed_burden,2020-09-20T00:00:00,7.0,True,1,1,1,3
DO-40-2117|2020-09-20,DO-40-2117,DO-40-2117,J:DO,CR40,f,2020-09-20,0,0,True,0,observed_burden,2020-09-28T00:00:00,8.0,True,1,1,1,3
DO-40-2117|2020-09-28,DO-40-2117,DO-40-2117,J:DO,CR40,f,2020-09-28,0,0,True,1,observed_burden,2020-10-05T00:00:00,7.0,True,1,1,1,3
DO-40-2117|2020-10-05,DO-40-2117,DO-40-2117,J:DO,CR40,f,2020-10-05,1,0,True,0,observed_burden,2020-10-11T00:00:00,6.0,True,1,1,1,3
DO-40-2117|2020-10-11,DO-40-2117,DO-40-2117,J:DO,CR40,f,2020-10-11,0,0,True,1,observed_burden,2020-10-18T00:00:00,7.0,True,1,1,1,3
DO-40-2117|2020-10-18,DO-40-2117,DO-40-2117,J:DO,CR40,f,2020-10-18,1,0,True,0,observed_burden,2020-10-27T00:00:00,9.0,True,1,1,1,3
DO-40-2117|2020-10-27,DO-40-2117,DO-40-2117,J:DO,CR40,f,2020-10-27,0,0,True,0,observed_burden,2020-11-03T00:00:00,7.0,True,1,1,1,3
DO-40-2117|2020-11-03,DO-40-2117,DO-40-2117,J:DO,CR40,f,2020-11-03,0,0,True,0,observed_burden,2020-11-09T00:00:00,6.0,True,1,1,1,3
DO-40-2117|2020-11-09,DO-40-2117,DO-40-2117,J:DO,CR40,f,2020-11-09,0,0,True,1,observed_burden,2020-11-17T00:00:00,8.0,True,1,1,1,3
DO-40-2117|2020-11-17,DO-40-2117,DO-40-2117,J:DO,CR40,f,2020-11-17,1,0,True,0,observed_burden,2020-11-24T00:00:00,7.0,True,1,1,1,3
DO-40-2117|2020-11-24,DO-40-2117,DO-40-2117,J:DO,CR40,f,2020-11-24,0,0,True,1,observed_burden,2020-12-01T00:00:00,7.0,True,1,1,1,3
DO-40-2117|2020-12-01,DO-40-2117,DO-40-2117,J:DO,CR40,f,2020-12-01,1,0,True,1,observed_burden,2020-12-08T00:00:00,7.0,True,1,1,1,3
DO-40-2117|2020-12-08,DO-40-2117,DO-40-2117,J:DO,CR40,f,2020-12-08,1,0,True,0,observed_burden,2020-12-15T00:00:00,7.0,True,1,1,1,3
DO-40-2117|2020-12-15,DO-40-2117,DO-40-2117,J:DO,CR40,f,2020-12-15,0,0,True,1,observed_burden,2020-12-22T00:00:00,7.0,True,1,1,1,3
DO-40-2117|2020-12-22,DO-40-2117,DO-40-2117,J:DO,CR40,f,2020-12-22,1,0,True,1,observed_burden,2020-12-29T00:00:00,7.0,True,1,1,1,3
DO-40-2117|2020-12-29,DO-40-2117,DO-40-2117,J:DO,CR40,f,2020-12-29,1,0,True,1,observed_burden,2021-01-05T00:00:00,7.0,True,1,1,1,3
DO-40-2117|2021-01-05,DO-40-2117,DO-40-2117,J:DO,CR40,f,2021-01-05,1,0,True,1,observed_burden,2021-01-11T00:00:00,6.0,True,1,1,1,3
DO-40-2117|2021-01-11,DO-40-2117,DO-40-2117,J:DO,CR40,f,2021-01-11,1,0,True,0,observed_burden,2021-01-19T00:00:00,8.0,True,1,1,1,3
DO-40-2117|2021-01-19,DO-40-2117,DO-40-2117,J:DO,CR40,f,2021-01-19,0,0,True,0,observed_burden,2021-01-27T00:00:00,8.0,True,1,1,1,3
DO-40-2117|2021-01-27,DO-40-2117,DO-40-2117,J:DO,CR40,f,2021-01-27,0,0,True,-1,no_assessment_in_window,,,False,0,0,0,3
DO-40-2117|2021-02-09,DO-40-2117,DO-40-2117,J:DO,CR40,f,2021-02-09,0,0,True,-1,no_assessment_in_window,,,False,0,0,0,3
DO-40-2117|2021-03-03,DO-40-2117,DO-40-2117,J:DO,CR40,f,2021-03-03,0,0,True,1,observed_burden,2021-03-09T00:00:00,6.0,True,1,1,1,3
DO-40-2117|2021-03-09,DO-40-2117,DO-40-2117,J:DO,CR40,f,2021-03-09,1,0,True,1,observed_burden,2021-03-15T00:00:00,6.0,True,1,1,1,3
DO-40-2117|2021-03-15,DO-40-2117,DO-40-2117,J:DO,CR40,f,2021-03-15,1,0,True,1,observed_burden,2021-03-22T00:00:00,7.0,True,1,1,1,3
DO-40-2117|2021-03-22,DO-40-2117,DO-40-2117,J:DO,CR40,f,2021-03-22,1,0,True,0,observed_burden,2021-03-29T00:00:00,7.0,True,1,1,1,3
DO-40-2117|2021-03-29,DO-40-2117,DO-40-2117,J:DO,CR40,f,2021-03-29,0,0,True,0,observed_burden,2021-04-05T00:00:00,7.0,True,1,1,1,3
DO-40-2117|2021-04-05,DO-40-2117,DO-40-2117,J:DO,CR40,f,2021-04-05,0,0,True,0,observed_burden,2021-04-12T00:00:00,7.0,True,1,1,1,3
DO-40-2117|2021-04-12,DO-40-2117,DO-40-2117,J:DO,CR40,f,2021-04-12,0,0,True,0,observed_burden,2021-04-19T00:00:00,7.0,True,1,1,1,3
DO-40-2117|2021-04-19,DO-40-2117,DO-40-2117,J:DO,CR40,f,2021-04-19,0,0,True,1,observed_burden,2021-04-27T00:00:00,8.0,True,1,1,1,3
DO-40-2117|2021-04-27,DO-40-2117,DO-40-2117,J:DO,CR40,f,2021-04-27,1,0,True,1,observed_burden,2021-05-03T00:00:00,6.0,True,1,1,1,3
DO-40-2117|2021-05-03,DO-40-2117,DO-40-2117,J:DO,CR40,f,2021-05-03,1,0,True,1,observed_burden,2021-05-10T00:00:00,7.0,True,1,1,1,3
DO-40-2117|2021-05-10,DO-40-2117,DO-40-2117,J:DO,CR40,f,2021-05-10,1,0,True,1,observed_burden,2021-05-17T00:00:00,7.0,True,1,1,1,3
DO-40-2117|2021-05-17,DO-40-2117,DO-40-2117,J:DO,CR40,f,2021-05-17,1,0,True,1,observed_burden,2021-05-24T00:00:00,7.0,True,1,1,1,3
DO-40-2117|2021-05-24,DO-40-2117,DO-40-2117,J:DO,CR40,f,2021-05-24,1,0,True,1,observed_burden,2021-05-31T00:00:00,7.0,True,1,1,1,3
DO-40-2117|2021-05-31,DO-40-2117,DO-40-2117,J:DO,CR40,f,2021-05-31,1,0,True,1,observed_burden,2021-06-07T00:00:00,7.0,True,1,1,1,3
DO-40-2117|2021-06-07,DO-40-2117,DO-40-2117,J:DO,CR40,f,2021-06-07,1,0,True,1,observed_burden,2021-06-14T00:00:00,7.0,True,1,1,1,3
DO-40-2117|2021-06-14,DO-40-2117,DO-40-2117,J:DO,CR40,f,2021-06-14,1,0,True,2,terminal_FD,2021-06-22T00:00:00,,False,0,0,0,3
DO-40-2118|2019-12-11,DO-40-2118,DO-40-2118,J:DO,CR40,f,2019-12-11,0,0,True,0,observed_burden,2019-12-19T00:00:00,8.0,True,1,1,1,2
DO-40-2118|2019-12-19,DO-40-2118,DO-40-2118,J:DO,CR40,f,2019-12-19,0,0,True,1,observed_burden,2019-12-24T00:00:00,5.0,True,1,1,1,2
DO-40-2118|2019-12-24,DO-40-2118,DO-40-2118,J:DO,CR40,f,2019-12-24,1,0,True,-1,no_assessment_in_window,,,False,0,0,0,2
DO-40-2118|2020-01-03,DO-40-2118,DO-40-2118,J:DO,CR40,f,2020-01-03,0,0,True,1,observed_burden,2020-01-08T00:00:00,5.0,True,1,1,1,2
DO-40-2118|2020-01-08,DO-40-2118,DO-40-2118,J:DO,CR40,f,2020-01-08,1,0,True,1,observed_burden,2020-01-15T00:00:00,7.0,True,1,1,1,2
DO-40-2118|2020-01-15,DO-40-2118,DO-40-2118,J:DO,CR40,f,2020-01-15,1,0,True,1,observed_burden,2020-01-20T00:00:00,5.0,True,1,1,1,2
DO-40-2118|2020-01-20,DO-40-2118,DO-40-2118,J:DO,CR40,f,2020-01-20,1,0,True,1,observed_burden,2020-01-27T00:00:00,7.0,True,1,1,1,2
DO-40-2118|2020-01-27,DO-40-2118,DO-40-2118,J:DO,CR40,f,2020-01-27,1,0,True,0,observed_burden,2020-02-03T00:00:00,7.0,True,1,1,1,2
DO-40-2118|2020-02-03,DO-40-2118,DO-40-2118,J:DO,CR40,f,2020-02-03,0,0,True,0,observed_burden,2020-02-11T00:00:00,8.0,True,1,1,1,2
DO-40-2118|2020-02-11,DO-40-2118,DO-40-2118,J:DO,CR40,f,2020-02-11,0,0,True,-1,no_assessment_in_window,,,False,0,0,0,2
DO-40-2118|2020-02-25,DO-40-2118,DO-40-2118,J:DO,CR40,f,2020-02-25,0,0,True,-1,no_assessment_in_window,,,False,0,0,0,2
DO-40-2118|2020-03-09,DO-40-2118,DO-40-2118,J:DO,CR40,f,2020-03-09,0,0,True,-1,no_assessment_in_window,,,False,0,0,0,2
DO-40-2118|2020-03-23,DO-40-2118,DO-40-2118,J:DO,CR40,f,2020-03-23,0,0,True,0,observed_burden,2020-03-30T00:00:00,7.0,True,1,1,1,2
DO-40-2118|2020-03-30,DO-40-2118,DO-40-2118,J:DO,CR40,f,2020-03-30,0,0,True,0,observed_burden,2020-04-06T00:00:00,7.0,True,1,1,1,2
DO-40-2118|2020-04-06,DO-40-2118,DO-40-2118,J:DO,CR40,f,2020-04-06,0,0,True,1,observed_burden,2020-04-13T00:00:00,7.0,True,1,1,1,2
DO-40-2118|2020-04-13,DO-40-2118,DO-40-2118,J:DO,CR40,f,2020-04-13,1,0,True,0,observed_burden,2020-04-20T00:00:00,7.0,True,1,1,1,2
DO-40-2118|2020-04-20,DO-40-2118,DO-40-2118,J:DO,CR40,f,2020-04-20,0,0,True,0,observed_burden,2020-04-27T00:00:00,7.0,True,1,1,1,2
DO-40-2118|2020-04-27,DO-40-2118,DO-40-2118,J:DO,CR40,f,2020-04-27,0,0,True,-1,no_assessment_in_window,,,False,0,0,0,2
DO-40-2118|2020-05-11,DO-40-2118,DO-40-2118,J:DO,CR40,f,2020-05-11,0,0,True,0,observed_burden,2020-05-18T00:00:00,7.0,True,1,1,1,2
DO-40-2118|2020-05-18,DO-40-2118,DO-40-2118,J:DO,CR40,f,2020-05-18,0,0,True,-1,no_assessment_in_window,,,False,0,0,0,2
DO-40-2118|2020-06-01,DO-40-2118,DO-40-2118,J:DO,CR40,f,2020-06-01,0,0,True,0,observed_burden,2020-06-08T00:00:00,7.0,True,1,1,1,2
DO-40-2118|2020-06-08,DO-40-2118,DO-40-2118,J:DO,CR40,f,2020-06-08,0,0,True,1,observed_burden,2020-06-15T00:00:00,7.0,True,1,1,1,2
DO-40-2118|2020-06-15,DO-40-2118,DO-40-2118,J:DO,CR40,f,2020-06-15,1,0,True,-1,no_assessment_in_window,,,False,0,0,0,2
DO-40-2118|2020-06-29,DO-40-2118,DO-40-2118,J:DO,CR40,f,2020-06-29,1,0,True,1,observed_burden,2020-07-06T00:00:00,7.0,True,1,1,1,2
DO-40-2118|2020-07-06,DO-40-2118,DO-40-2118,J:DO,CR40,f,2020-07-06,1,0,True,0,observed_burden,2020-07-13T00:00:00,7.0,True,1,1,1,2
DO-40-2118|2020-07-13,DO-40-2118,DO-40-2118,J:DO,CR40,f,2020-07-13,0,0,True,1,observed_burden,2020-07-20T00:00:00,7.0,True,1,1,1,2
DO-40-2118|2020-07-20,DO-40-2118,DO-40-2118,J:DO,CR40,f,2020-07-20,1,0,True,1,observed_burden,2020-07-26T00:00:00,6.0,True,1,1,1,2
DO-40-2118|2020-07-26,DO-40-2118,DO-40-2118,J:DO,CR40,f,2020-07-26,1,0,True,0,observed_burden,2020-08-03T00:00:00,8.0,True,1,1,1,2
DO-40-2118|2020-08-03,DO-40-2118,DO-40-2118,J:DO,CR40,f,2020-08-03,0,0,True,1,observed_burden,2020-08-10T00:00:00,7.0,True,1,1,1,2
DO-40-2118|2020-08-10,DO-40-2118,DO-40-2118,J:DO,CR40,f,2020-08-10,1,0,True,1,observed_burden,2020-08-17T00:00:00,7.0,True,1,1,1,2
DO-40-2118|2020-08-17,DO-40-2118,DO-40-2118,J:DO,CR40,f,2020-08-17,1,0,True,1,observed_burden,2020-08-24T00:00:00,7.0,True,1,1,1,2
DO-40-2118|2020-08-24,DO-40-2118,DO-40-2118,J:DO,CR40,f,2020-08-24,1,0,True,1,observed_burden,2020-08-31T00:00:00,7.0,True,1,1,1,2
DO-40-2118|2020-08-31,DO-40-2118,DO-40-2118,J:DO,CR40,f,2020-08-31,1,0,True,1,observed_burden,2020-09-07T00:00:00,7.0,True,1,1,1,2
DO-40-2118|2020-09-07,DO-40-2118,DO-40-2118,J:DO,CR40,f,2020-09-07,1,0,True,1,observed_burden,2020-09-13T00:00:00,6.0,True,1,1,1,2
DO-40-2118|2020-09-13,DO-40-2118,DO-40-2118,J:DO,CR40,f,2020-09-13,1,0,True,1,observed_burden,2020-09-20T00:00:00,7.0,True,1,1,1,2
DO-40-2118|2020-09-20,DO-40-2118,DO-40-2118,J:DO,CR40,f,2020-09-20,1,0,True,1,observed_burden,2020-09-28T00:00:00,8.0,True,1,1,1,2
DO-40-2118|2020-09-28,DO-40-2118,DO-40-2118,J:DO,CR40,f,2020-09-28,1,0,True,1,observed_burden,2020-10-05T00:00:00,7.0,True,1,1,1,2
DO-40-2118|2020-10-05,DO-40-2118,DO-40-2118,J:DO,CR40,f,2020-10-05,1,0,True,1,observed_burden,2020-10-11T00:00:00,6.0,True,1,1,1,2
DO-40-2118|2020-10-11,DO-40-2118,DO-40-2118,J:DO,CR40,f,2020-10-11,1,0,True,0,observed_burden,2020-10-18T00:00:00,7.0,True,1,1,1,2
DO-40-2118|2020-10-18,DO-40-2118,DO-40-2118,J:DO,CR40,f,2020-10-18,0,0,True,0,observed_burden,2020-10-27T00:00:00,9.0,True,1,1,1,2
DO-40-2118|2020-10-27,DO-40-2118,DO-40-2118,J:DO,CR40,f,2020-10-27,0,0,True,1,observed_burden,2020-11-03T00:00:00,7.0,True,1,1,1,2
DO-40-2118|2020-11-03,DO-40-2118,DO-40-2118,J:DO,CR40,f,2020-11-03,1,0,True,0,observed_burden,2020-11-09T00:00:00,6.0,True,1,1,1,2
DO-40-2118|2020-11-09,DO-40-2118,DO-40-2118,J:DO,CR40,f,2020-11-09,0,0,True,1,observed_burden,2020-11-17T00:00:00,8.0,True,1,1,1,2
DO-40-2118|2020-11-17,DO-40-2118,DO-40-2118,J:DO,CR40,f,2020-11-17,1,0,True,1,observed_burden,2020-11-24T00:00:00,7.0,True,1,1,1,2
DO-40-2118|2020-11-24,DO-40-2118,DO-40-2118,J:DO,CR40,f,2020-11-24,1,0,True,1,observed_burden,2020-12-01T00:00:00,7.0,True,1,1,1,2
DO-40-2118|2020-12-01,DO-40-2118,DO-40-2118,J:DO,CR40,f,2020-12-01,1,0,True,1,observed_burden,2020-12-08T00:00:00,7.0,True,1,1,1,2
DO-40-2118|2020-12-08,DO-40-2118,DO-40-2118,J:DO,CR40,f,2020-12-08,1,0,True,0,observed_burden,2020-12-15T00:00:00,7.0,True,1,1,1,2
DO-40-2118|2020-12-15,DO-40-2118,DO-40-2118,J:DO,CR40,f,2020-12-15,0,0,True,1,observed_burden,2020-12-22T00:00:00,7.0,True,1,1,1,2
DO-40-2118|2020-12-22,DO-40-2118,DO-40-2118,J:DO,CR40,f,2020-12-22,1,0,True,1,observed_burden,2020-12-29T00:00:00,7.0,True,1,1,1,2
DO-40-2118|2020-12-29,DO-40-2118,DO-40-2118,J:DO,CR40,f,2020-12-29,1,0,True,1,observed_burden,2021-01-05T00:00:00,7.0,True,1,1,1,2
DO-40-2118|2021-01-05,DO-40-2118,DO-40-2118,J:DO,CR40,f,2021-01-05,1,0,True,1,observed_burden,2021-01-11T00:00:00,6.0,True,1,1,1,2
DO-40-2118|2021-01-11,DO-40-2118,DO-40-2118,J:DO,CR40,f,2021-01-11,1,0,True,1,observed_burden,2021-01-19T00:00:00,8.0,True,1,1,1,2
DO-40-2118|2021-01-19,DO-40-2118,DO-40-2118,J:DO,CR40,f,2021-01-19,1,0,True,1,observed_burden,2021-01-27T00:00:00,8.0,True,1,1,1,2
DO-40-2118|2021-01-27,DO-40-2118,DO-40-2118,J:DO,CR40,f,2021-01-27,1,0,True,-1,no_assessment_in_window,,,False,0,0,0,2
DO-40-2118|2021-02-09,DO-40-2118,DO-40-2118,J:DO,CR40,f,2021-02-09,1,0,True,-1,no_assessment_in_window,,,False,0,0,0,2
DO-40-2118|2021-03-03,DO-40-2118,DO-40-2118,J:DO,CR40,f,2021-03-03,1,0,True,1,observed_burden,2021-03-09T00:00:00,6.0,True,1,1,1,2
DO-40-2118|2021-03-09,DO-40-2118,DO-40-2118,J:DO,CR40,f,2021-03-09,1,0,True,1,observed_burden,2021-03-15T00:00:00,6.0,True,1,1,1,2
DO-40-2118|2021-03-15,DO-40-2118,DO-40-2118,J:DO,CR40,f,2021-03-15,1,0,True,1,observed_burden,2021-03-22T00:00:00,7.0,True,1,1,1,2
DO-40-2118|2021-03-22,DO-40-2118,DO-40-2118,J:DO,CR40,f,2021-03-22,1,0,True,1,observed_burden,2021-03-29T00:00:00,7.0,True,1,1,1,2
DO-40-2118|2021-03-29,DO-40-2118,DO-40-2118,J:DO,CR40,f,2021-03-29,1,0,True,1,observed_burden,2021-04-05T00:00:00,7.0,True,1,1,1,2
DO-40-2118|2021-04-05,DO-40-2118,DO-40-2118,J:DO,CR40,f,2021-04-05,1,0,True,1,observed_burden,2021-04-12T00:00:00,7.0,True,1,1,1,2
DO-40-2118|2021-04-12,DO-40-2118,DO-40-2118,J:DO,CR40,f,2021-04-12,1,0,True,1,observed_burden,2021-04-19T00:00:00,7.0,True,1,1,1,2
DO-40-2118|2021-04-19,DO-40-2118,DO-40-2118,J:DO,CR40,f,2021-04-19,1,0,True,2,terminal_RE,2021-04-27T00:00:00,,False,0,0,0,2
DO-40-2123|2019-12-11,DO-40-2123,DO-40-2123,J:DO,CR40,f,2019-12-11,0,0,True,0,observed_burden,2019-12-19T00:00:00,8.0,True,1,1,1,4
DO-40-2123|2019-12-19,DO-40-2123,DO-40-2123,J:DO,CR40,f,2019-12-19,0,0,True,1,observed_burden,2019-12-24T00:00:00,5.0,True,1,1,1,4
DO-40-2123|2019-12-24,DO-40-2123,DO-40-2123,J:DO,CR40,f,2019-12-24,1,0,True,-1,no_assessment_in_window,,,False,0,0,0,4
DO-40-2123|2020-01-03,DO-40-2123,DO-40-2123,J:DO,CR40,f,2020-01-03,1,0,True,1,observed_burden,2020-01-08T00:00:00,5.0,True,1,1,1,4
DO-40-2123|2020-01-08,DO-40-2123,DO-40-2123,J:DO,CR40,f,2020-01-08,1,0,True,0,observed_burden,2020-01-15T00:00:00,7.0,True,1,1,1,4
DO-40-2123|2020-01-15,DO-40-2123,DO-40-2123,J:DO,CR40,f,2020-01-15,0,0,True,1,observed_burden,2020-01-20T00:00:00,5.0,True,1,1,1,4
DO-40-2123|2020-01-20,DO-40-2123,DO-40-2123,J:DO,CR40,f,2020-01-20,1,0,True,1,observed_burden,2020-01-27T00:00:00,7.0,True,1,1,1,4
DO-40-2123|2020-01-27,DO-40-2123,DO-40-2123,J:DO,CR40,f,2020-01-27,1,0,True,0,observed_burden,2020-02-03T00:00:00,7.0,True,1,1,1,4
DO-40-2123|2020-02-03,DO-40-2123,DO-40-2123,J:DO,CR40,f,2020-02-03,0,0,True,1,observed_burden,2020-02-11T00:00:00,8.0,True,1,1,1,4
DO-40-2123|2020-02-11,DO-40-2123,DO-40-2123,J:DO,CR40,f,2020-02-11,1,0,True,-1,no_assessment_in_window,,,False,0,0,0,4
DO-40-2123|2020-02-25,DO-40-2123,DO-40-2123,J:DO,CR40,f,2020-02-25,1,0,True,-1,no_assessment_in_window,,,False,0,0,0,4
DO-40-2123|2020-03-09,DO-40-2123,DO-40-2123,J:DO,CR40,f,2020-03-09,0,0,True,1,observed_burden,2020-03-16T00:00:00,7.0,True,1,1,1,4
DO-40-2123|2020-03-16,DO-40-2123,DO-40-2123,J:DO,CR40,f,2020-03-16,1,0,True,0,observed_burden,2020-03-23T00:00:00,7.0,True,1,1,1,4
DO-40-2123|2020-03-23,DO-40-2123,DO-40-2123,J:DO,CR40,f,2020-03-23,0,0,True,1,observed_burden,2020-03-30T00:00:00,7.0,True,1,1,1,4
DO-40-2123|2020-03-30,DO-40-2123,DO-40-2123,J:DO,CR40,f,2020-03-30,1,0,True,0,observed_burden,2020-04-06T00:00:00,7.0,True,1,1,1,4
DO-40-2123|2020-04-06,DO-40-2123,DO-40-2123,J:DO,CR40,f,2020-04-06,0,0,True,1,observed_burden,2020-04-13T00:00:00,7.0,True,1,1,1,4
DO-40-2123|2020-04-13,DO-40-2123,DO-40-2123,J:DO,CR40,f,2020-04-13,1,0,True,1,observed_burden,2020-04-20T00:00:00,7.0,True,1,1,1,4
DO-40-2123|2020-04-20,DO-40-2123,DO-40-2123,J:DO,CR40,f,2020-04-20,1,0,True,1,observed_burden,2020-04-27T00:00:00,7.0,True,1,1,1,4
DO-40-2123|2020-04-27,DO-40-2123,DO-40-2123,J:DO,CR40,f,2020-04-27,1,0,True,-1,no_assessment_in_window,,,False,0,0,0,4
DO-40-2123|2020-05-11,DO-40-2123,DO-40-2123,J:DO,CR40,f,2020-05-11,1,0,True,2,terminal_FD,2020-05-17T00:00:00,,False,0,0,0,4
DO-40-2124|2019-12-11,DO-40-2124,DO-40-2124,J:DO,CR40,f,2019-12-11,1,0,True,1,observed_burden,2019-12-19T00:00:00,8.0,True,1,1,1,0
DO-40-2124|2019-12-19,DO-40-2124,DO-40-2124,J:DO,CR40,f,2019-12-19,1,0,True,1,observed_burden,2019-12-24T00:00:00,5.0,True,1,1,1,0
DO-40-2124|2019-12-24,DO-40-2124,DO-40-2124,J:DO,CR40,f,2019-12-24,1,0,True,-1,no_assessment_in_window,,,False,0,0,0,0
DO-40-2124|2020-01-03,DO-40-2124,DO-40-2124,J:DO,CR40,f,2020-01-03,1,0,True,1,observed_burden,2020-01-08T00:00:00,5.0,True,1,1,1,0
DO-40-2124|2020-01-08,DO-40-2124,DO-40-2124,J:DO,CR40,f,2020-01-08,1,0,True,1,observed_burden,2020-01-15T00:00:00,7.0,True,1,1,1,0
DO-40-2124|2020-01-15,DO-40-2124,DO-40-2124,J:DO,CR40,f,2020-01-15,1,0,True,1,observed_burden,2020-01-20T00:00:00,5.0,True,1,1,1,0
DO-40-2124|2020-01-20,DO-40-2124,DO-40-2124,J:DO,CR40,f,2020-01-20,1,0,True,1,observed_burden,2020-01-27T00:00:00,7.0,True,1,1,1,0
DO-40-2124|2020-01-27,DO-40-2124,DO-40-2124,J:DO,CR40,f,2020-01-27,1,0,True,0,observed_burden,2020-02-03T00:00:00,7.0,True,1,1,1,0
DO-40-2124|2020-02-03,DO-40-2124,DO-40-2124,J:DO,CR40,f,2020-02-03,0,0,True,1,observed_burden,2020-02-11T00:00:00,8.0,True,1,1,1,0
DO-40-2124|2020-02-11,DO-40-2124,DO-40-2124,J:DO,CR40,f,2020-02-11,1,0,True,-1,no_assessment_in_window,,,False,0,0,0,0
DO-40-2124|2020-02-25,DO-40-2124,DO-40-2124,J:DO,CR40,f,2020-02-25,1,0,True,-1,no_assessment_in_window,,,False,0,0,0,0
DO-40-2124|2020-03-09,DO-40-2124,DO-40-2124,J:DO,CR40,f,2020-03-09,1,0,True,1,observed_burden,2020-03-16T00:00:00,7.0,True,1,1,1,0
DO-40-2124|2020-03-16,DO-40-2124,DO-40-2124,J:DO,CR40,f,2020-03-16,1,0,True,1,observed_burden,2020-03-23T00:00:00,7.0,True,1,1,1,0
DO-40-2124|2020-03-23,DO-40-2124,DO-40-2124,J:DO,CR40,f,2020-03-23,1,0,True,1,observed_burden,2020-03-30T00:00:00,7.0,True,1,1,1,0
DO-40-2124|2020-03-30,DO-40-2124,DO-40-2124,J:DO,CR40,f,2020-03-30,1,0,True,1,observed_burden,2020-04-06T00:00:00,7.0,True,1,1,1,0
DO-40-2124|2020-04-06,DO-40-2124,DO-40-2124,J:DO,CR40,f,2020-04-06,1,0,True,1,observed_burden,2020-04-13T00:00:00,7.0,True,1,1,1,0
DO-40-2124|2020-04-13,DO-40-2124,DO-40-2124,J:DO,CR40,f,2020-04-13,1,0,True,1,observed_burden,2020-04-20T00:00:00,7.0,True,1,1,1,0
DO-40-2124|2020-04-20,DO-40-2124,DO-40-2124,J:DO,CR40,f,2020-04-20,1,0,True,1,observed_burden,2020-04-27T00:00:00,7.0,True,1,1,1,0
DO-40-2124|2020-04-27,DO-40-2124,DO-40-2124,J:DO,CR40,f,2020-04-27,1,0,True,-1,no_assessment_in_window,,,False,0,0,0,0
DO-40-2124|2020-05-11,DO-40-2124,DO-40-2124,J:DO,CR40,f,2020-05-11,1,0,True,1,observed_burden,2020-05-18T00:00:00,7.0,True,1,1,1,0
DO-40-2124|2020-05-18,DO-40-2124,DO-40-2124,J:DO,CR40,f,2020-05-18,1,0,True,-1,no_assessment_in_window,,,False,0,0,0,0
DO-40-2124|2020-06-01,DO-40-2124,DO-40-2124,J:DO,CR40,f,2020-06-01,1,0,True,2,terminal_FD,2020-06-09T00:00:00,,False,0,0,0,0
DO-40-2125|2019-12-11,DO-40-2125,DO-40-2125,J:DO,CR40,f,2019-12-11,1,0,True,0,observed_burden,2019-12-19T00:00:00,8.0,True,1,1,1,3
DO-40-2125|2019-12-19,DO-40-2125,DO-40-2125,J:DO,CR40,f,2019-12-19,0,0,True,1,observed_burden,2019-12-24T00:00:00,5.0,True,1,1,1,3
DO-40-2125|2019-12-24,DO-40-2125,DO-40-2125,J:DO,CR40,f,2019-12-24,1,0,True,-1,no_assessment_in_window,,,False,0,0,0,3
DO-40-2125|2020-01-03,DO-40-2125,DO-40-2125,J:DO,CR40,f,2020-01-03,1,0,True,1,observed_burden,2020-01-08T00:00:00,5.0,True,1,1,1,3
DO-40-2125|2020-01-08,DO-40-2125,DO-40-2125,J:DO,CR40,f,2020-01-08,1,0,True,1,observed_burden,2020-01-15T00:00:00,7.0,True,1,1,1,3
DO-40-2125|2020-01-15,DO-40-2125,DO-40-2125,J:DO,CR40,f,2020-01-15,1,0,True,1,observed_burden,2020-01-20T00:00:00,5.0,True,1,1,1,3
DO-40-2125|2020-01-20,DO-40-2125,DO-40-2125,J:DO,CR40,f,2020-01-20,1,0,True,0,observed_burden,2020-01-27T00:00:00,7.0,True,1,1,1,3
DO-40-2125|2020-01-27,DO-40-2125,DO-40-2125,J:DO,CR40,f,2020-01-27,0,0,True,0,observed_burden,2020-02-03T00:00:00,7.0,True,1,1,1,3
DO-40-2125|2020-02-03,DO-40-2125,DO-40-2125,J:DO,CR40,f,2020-02-03,0,0,True,1,observed_burden,2020-02-11T00:00:00,8.0,True,1,1,1,3
DO-40-2125|2020-02-11,DO-40-2125,DO-40-2125,J:DO,CR40,f,2020-02-11,1,0,True,-1,no_assessment_in_window,,,False,0,0,0,3
DO-40-2125|2020-02-25,DO-40-2125,DO-40-2125,J:DO,CR40,f,2020-02-25,1,0,True,-1,no_assessment_in_window,,,False,0,0,0,3
DO-40-2125|2020-03-09,DO-40-2125,DO-40-2125,J:DO,CR40,f,2020-03-09,0,0,True,1,observed_burden,2020-03-16T00:00:00,7.0,True,1,1,1,3
DO-40-2125|2020-03-16,DO-40-2125,DO-40-2125,J:DO,CR40,f,2020-03-16,1,0,True,0,observed_burden,2020-03-23T00:00:00,7.0,True,1,1,1,3
DO-40-2125|2020-03-23,DO-40-2125,DO-40-2125,J:DO,CR40,f,2020-03-23,0,0,True,1,observed_burden,2020-03-30T00:00:00,7.0,True,1,1,1,3
DO-40-2125|2020-03-30,DO-40-2125,DO-40-2125,J:DO,CR40,f,2020-03-30,1,0,True,0,observed_burden,2020-04-06T00:00:00,7.0,True,1,1,1,3
DO-40-2125|2020-04-06,DO-40-2125,DO-40-2125,J:DO,CR40,f,2020-04-06,0,0,True,0,observed_burden,2020-04-13T00:00:00,7.0,True,1,1,1,3
DO-40-2125|2020-04-13,DO-40-2125,DO-40-2125,J:DO,CR40,f,2020-04-13,0,0,True,1,observed_burden,2020-04-20T00:00:00,7.0,True,1,1,1,3
DO-40-2125|2020-04-20,DO-40-2125,DO-40-2125,J:DO,CR40,f,2020-04-20,1,0,True,1,observed_burden,2020-04-27T00:00:00,7.0,True,1,1,1,3
DO-40-2125|2020-04-27,DO-40-2125,DO-40-2125,J:DO,CR40,f,2020-04-27,1,0,True,-1,no_assessment_in_window,,,False,0,0,0,3
DO-40-2125|2020-05-11,DO-40-2125,DO-40-2125,J:DO,CR40,f,2020-05-11,1,0,True,0,observed_burden,2020-05-18T00:00:00,7.0,True,1,1,1,3
DO-40-2125|2020-05-18,DO-40-2125,DO-40-2125,J:DO,CR40,f,2020-05-18,0,0,True,-1,no_assessment_in_window,,,False,0,0,0,3
DO-40-2125|2020-06-01,DO-40-2125,DO-40-2125,J:DO,CR40,f,2020-06-01,1,0,True,1,observed_burden,2020-06-08T00:00:00,7.0,True,1,1,1,3
DO-40-2125|2020-06-08,DO-40-2125,DO-40-2125,J:DO,CR40,f,2020-06-08,1,0,True,1,observed_burden,2020-06-15T00:00:00,7.0,True,1,1,1,3
DO-40-2125|2020-06-15,DO-40-2125,DO-40-2125,J:DO,CR40,f,2020-06-15,1,0,True,-1,no_assessment_in_window,,,False,0,0,0,3
DO-40-2125|2020-06-29,DO-40-2125,DO-40-2125,J:DO,CR40,f,2020-06-29,1,0,True,1,observed_burden,2020-07-06T00:00:00,7.0,True,1,1,1,3
DO-40-2125|2020-07-06,DO-40-2125,DO-40-2125,J:DO,CR40,f,2020-07-06,1,0,True,2,terminal_FD,2020-07-13T00:00:00,,False,0,0,0,3
DO-40-2126|2019-12-11,DO-40-2126,DO-40-2126,J:DO,CR40,f,2019-12-11,0,0,True,0,observed_burden,2019-12-19T00:00:00,8.0,True,1,1,1,0
DO-40-2126|2019-12-19,DO-40-2126,DO-40-2126,J:DO,CR40,f,2019-12-19,0,0,True,0,observed_burden,2019-12-24T00:00:00,5.0,True,1,1,1,0
DO-40-2126|2019-12-24,DO-40-2126,DO-40-2126,J:DO,CR40,f,2019-12-24,0,0,True,-1,no_assessment_in_window,,,False,0,0,0,0
DO-40-2126|2020-01-03,DO-40-2126,DO-40-2126,J:DO,CR40,f,2020-01-03,1,0,True,0,observed_burden,2020-01-08T00:00:00,5.0,True,1,1,1,0
DO-40-2126|2020-01-08,DO-40-2126,DO-40-2126,J:DO,CR40,f,2020-01-08,0,0,True,1,observed_burden,2020-01-15T00:00:00,7.0,True,1,1,1,0
DO-40-2126|2020-01-15,DO-40-2126,DO-40-2126,J:DO,CR40,f,2020-01-15,1,0,True,0,observed_burden,2020-01-20T00:00:00,5.0,True,1,1,1,0
DO-40-2126|2020-01-20,DO-40-2126,DO-40-2126,J:DO,CR40,f,2020-01-20,0,0,True,1,observed_burden,2020-01-27T00:00:00,7.0,True,1,1,1,0
DO-40-2126|2020-01-27,DO-40-2126,DO-40-2126,J:DO,CR40,f,2020-01-27,1,0,True,0,observed_burden,2020-02-03T00:00:00,7.0,True,1,1,1,0
DO-40-2126|2020-02-03,DO-40-2126,DO-40-2126,J:DO,CR40,f,2020-02-03,0,0,True,0,observed_burden,2020-02-11T00:00:00,8.0,True,1,1,1,0
DO-40-2126|2020-02-11,DO-40-2126,DO-40-2126,J:DO,CR40,f,2020-02-11,0,0,True,-1,no_assessment_in_window,,,False,0,0,0,0
DO-40-2126|2020-02-25,DO-40-2126,DO-40-2126,J:DO,CR40,f,2020-02-25,1,0,True,-1,no_assessment_in_window,,,False,0,0,0,0
DO-40-2126|2020-03-09,DO-40-2126,DO-40-2126,J:DO,CR40,f,2020-03-09,0,0,True,1,observed_burden,2020-03-16T00:00:00,7.0,True,1,1,1,0
DO-40-2126|2020-03-16,DO-40-2126,DO-40-2126,J:DO,CR40,f,2020-03-16,1,0,True,0,observed_burden,2020-03-23T00:00:00,7.0,True,1,1,1,0
DO-40-2126|2020-03-23,DO-40-2126,DO-40-2126,J:DO,CR40,f,2020-03-23,0,0,True,0,observed_burden,2020-03-30T00:00:00,7.0,True,1,1,1,0
DO-40-2126|2020-03-30,DO-40-2126,DO-40-2126,J:DO,CR40,f,2020-03-30,0,0,True,0,observed_burden,2020-04-06T00:00:00,7.0,True,1,1,1,0
DO-40-2126|2020-04-06,DO-40-2126,DO-40-2126,J:DO,CR40,f,2020-04-06,0,0,True,0,observed_burden,2020-04-13T00:00:00,7.0,True,1,1,1,0
DO-40-2126|2020-04-13,DO-40-2126,DO-40-2126,J:DO,CR40,f,2020-04-13,0,0,True,0,observed_burden,2020-04-20T00:00:00,7.0,True,1,1,1,0
DO-40-2126|2020-04-20,DO-40-2126,DO-40-2126,J:DO,CR40,f,2020-04-20,0,0,True,1,observed_burden,2020-04-27T00:00:00,7.0,True,1,1,1,0
DO-40-2126|2020-04-27,DO-40-2126,DO-40-2126,J:DO,CR40,f,2020-04-27,1,0,True,-1,no_assessment_in_window,,,False,0,0,0,0
DO-40-2126|2020-05-11,DO-40-2126,DO-40-2126,J:DO,CR40,f,2020-05-11,1,0,True,1,observed_burden,2020-05-18T00:00:00,7.0,True,1,1,1,0
DO-40-2126|2020-05-18,DO-40-2126,DO-40-2126,J:DO,CR40,f,2020-05-18,1,0,True,-1,no_assessment_in_window,,,False,0,0,0,0
DO-40-2126|2020-06-01,DO-40-2126,DO-40-2126,J:DO,CR40,f,2020-06-01,1,0,True,1,observed_burden,2020-06-08T00:00:00,7.0,True,1,1,1,0
DO-40-2126|2020-06-08,DO-40-2126,DO-40-2126,J:DO,CR40,f,2020-06-08,1,0,True,0,observed_burden,2020-06-15T00:00:00,7.0,True,1,1,1,0
DO-40-2126|2020-06-15,DO-40-2126,DO-40-2126,J:DO,CR40,f,2020-06-15,0,0,True,-1,no_assessment_in_window,,,False,0,0,0,0
DO-40-2126|2020-06-29,DO-40-2126,DO-40-2126,J:DO,CR40,f,2020-06-29,0,0,True,1,observed_burden,2020-07-06T00:00:00,7.0,True,1,1,1,0
DO-40-2126|2020-07-06,DO-40-2126,DO-40-2126,J:DO,CR40,f,2020-07-06,1,0,True,1,observed_burden,2020-07-13T00:00:00,7.0,True,1,1,1,0
DO-40-2126|2020-07-13,DO-40-2126,DO-40-2126,J:DO,CR40,f,2020-07-13,1,0,True,-1,no_assessment_in_window,,,False,0,0,0,0
DO-40-2126|2020-07-26,DO-40-2126,DO-40-2126,J:DO,CR40,f,2020-07-26,1,0,True,1,observed_burden,2020-08-03T00:00:00,8.0,True,1,1,1,0
DO-40-2126|2020-08-03,DO-40-2126,DO-40-2126,J:DO,CR40,f,2020-08-03,1,0,True,0,observed_burden,2020-08-10T00:00:00,7.0,True,1,1,1,0
DO-40-2126|2020-08-10,DO-40-2126,DO-40-2126,J:DO,CR40,f,2020-08-10,0,0,True,1,observed_burden,2020-08-17T00:00:00,7.0,True,1,1,1,0
DO-40-2126|2020-08-17,DO-40-2126,DO-40-2126,J:DO,CR40,f,2020-08-17,1,0,True,0,observed_burden,2020-08-24T00:00:00,7.0,True,1,1,1,0
DO-40-2126|2020-08-24,DO-40-2126,DO-40-2126,J:DO,CR40,f,2020-08-24,0,0,True,1,observed_burden,2020-08-31T00:00:00,7.0,True,1,1,1,0
DO-40-2126|2020-08-31,DO-40-2126,DO-40-2126,J:DO,CR40,f,2020-08-31,1,0,True,0,observed_burden,2020-09-07T00:00:00,7.0,True,1,1,1,0
DO-40-2126|2020-09-07,DO-40-2126,DO-40-2126,J:DO,CR40,f,2020-09-07,0,0,True,1,observed_burden,2020-09-13T00:00:00,6.0,True,1,1,1,0
DO-40-2126|2020-09-13,DO-40-2126,DO-40-2126,J:DO,CR40,f,2020-09-13,1,0,True,1,observed_burden,2020-09-20T00:00:00,7.0,True,1,1,1,0
DO-40-2126|2020-09-20,DO-40-2126,DO-40-2126,J:DO,CR40,f,2020-09-20,1,0,True,1,observed_burden,2020-09-28T00:00:00,8.0,True,1,1,1,0
DO-40-2126|2020-09-28,DO-40-2126,DO-40-2126,J:DO,CR40,f,2020-09-28,1,0,True,1,observed_burden,2020-10-05T00:00:00,7.0,True,1,1,1,0
DO-40-2126|2020-10-05,DO-40-2126,DO-40-2126,J:DO,CR40,f,2020-10-05,1,0,True,1,observed_burden,2020-10-11T00:00:00,6.0,True,1,1,1,0
DO-40-2126|2020-10-11,DO-40-2126,DO-40-2126,J:DO,CR40,f,2020-10-11,1,0,True,1,observed_burden,2020-10-18T00:00:00,7.0,True,1,1,1,0
DO-40-2126|2020-10-18,DO-40-2126,DO-40-2126,J:DO,CR40,f,2020-10-18,1,0,True,1,observed_burden,2020-10-27T00:00:00,9.0,True,1,1,1,0
DO-40-2126|2020-10-27,DO-40-2126,DO-40-2126,J:DO,CR40,f,2020-10-27,1,0,True,1,observed_burden,2020-11-03T00:00:00,7.0,True,1,1,1,0
DO-40-2126|2020-11-03,DO-40-2126,DO-40-2126,J:DO,CR40,f,2020-11-03,1,0,True,1,observed_burden,2020-11-09T00:00:00,6.0,True,1,1,1,0
DO-40-2126|2020-11-09,DO-40-2126,DO-40-2126,J:DO,CR40,f,2020-11-09,1,0,True,1,observed_burden,2020-11-17T00:00:00,8.0,True,1,1,1,0
DO-40-2126|2020-11-17,DO-40-2126,DO-40-2126,J:DO,CR40,f,2020-11-17,1,0,True,1,observed_burden,2020-11-24T00:00:00,7.0,True,1,1,1,0
DO-40-2126|2020-11-24,DO-40-2126,DO-40-2126,J:DO,CR40,f,2020-11-24,1,0,True,1,observed_burden,2020-12-01T00:00:00,7.0,True,1,1,1,0
DO-40-2126|2020-12-01,DO-40-2126,DO-40-2126,J:DO,CR40,f,2020-12-01,1,0,True,1,observed_burden,2020-12-08T00:00:00,7.0,True,1,1,1,0
DO-40-2126|2020-12-08,DO-40-2126,DO-40-2126,J:DO,CR40,f,2020-12-08,1,0,True,1,observed_burden,2020-12-15T00:00:00,7.0,True,1,1,1,0
DO-40-2126|2020-12-15,DO-40-2126,DO-40-2126,J:DO,CR40,f,2020-12-15,1,0,True,1,observed_burden,2020-12-22T00:00:00,7.0,True,1,1,1,0
DO-40-2126|2020-12-22,DO-40-2126,DO-40-2126,J:DO,CR40,f,2020-12-22,1,0,True,1,observed_burden,2020-12-29T00:00:00,7.0,True,1,1,1,0
DO-40-2126|2020-12-29,DO-40-2126,DO-40-2126,J:DO,CR40,f,2020-12-29,1,0,True,1,observed_burden,2021-01-05T00:00:00,7.0,True,1,1,1,0
DO-40-2126|2021-01-05,DO-40-2126,DO-40-2126,J:DO,CR40,f,2021-01-05,1,0,True,1,observed_burden,2021-01-11T00:00:00,6.0,True,1,1,1,0
DO-40-2126|2021-01-11,DO-40-2126,DO-40-2126,J:DO,CR40,f,2021-01-11,1,0,True,1,observed_burden,2021-01-19T00:00:00,8.0,True,1,1,1,0
DO-40-2126|2021-01-19,DO-40-2126,DO-40-2126,J:DO,CR40,f,2021-01-19,1,0,True,1,observed_burden,2021-01-27T00:00:00,8.0,True,1,1,1,0
DO-40-2126|2021-01-27,DO-40-2126,DO-40-2126,J:DO,CR40,f,2021-01-27,1,0,True,-1,no_assessment_in_window,,,False,0,0,0,0
DO-40-2126|2021-02-09,DO-40-2126,DO-40-2126,J:DO,CR40,f,2021-02-09,1,0,True,-1,no_assessment_in_window,,,False,0,0,0,0
DO-40-2126|2021-03-03,DO-40-2126,DO-40-2126,J:DO,CR40,f,2021-03-03,1,0,True,1,observed_burden,2021-03-09T00:00:00,6.0,True,1,1,1,0
DO-40-2126|2021-03-09,DO-40-2126,DO-40-2126,J:DO,CR40,f,2021-03-09,1,0,True,1,observed_burden,2021-03-15T00:00:00,6.0,True,1,1,1,0
DO-40-2126|2021-03-15,DO-40-2126,DO-40-2126,J:DO,CR40,f,2021-03-15,1,0,True,1,observed_burden,2021-03-22T00:00:00,7.0,True,1,1,1,0
DO-40-2126|2021-03-22,DO-40-2126,DO-40-2126,J:DO,CR40,f,2021-03-22,1,0,True,1,observed_burden,2021-03-29T00:00:00,7.0,True,1,1,1,0
DO-40-2126|2021-03-29,DO-40-2126,DO-40-2126,J:DO,CR40,f,2021-03-29,1,0,True,1,observed_burden,2021-04-05T00:00:00,7.0,True,1,1,1,0
DO-40-2126|2021-04-05,DO-40-2126,DO-40-2126,J:DO,CR40,f,2021-04-05,1,0,True,1,observed_burden,2021-04-12T00:00:00,7.0,True,1,1,1,0
DO-40-2126|2021-04-12,DO-40-2126,DO-40-2126,J:DO,CR40,f,2021-04-12,1,0,True,1,observed_burden,2021-04-19T00:00:00,7.0,True,1,1,1,0
DO-40-2126|2021-04-19,DO-40-2126,DO-40-2126,J:DO,CR40,f,2021-04-19,1,0,True,1,observed_burden,2021-04-27T00:00:00,8.0,True,1,1,1,0
DO-40-2126|2021-04-27,DO-40-2126,DO-40-2126,J:DO,CR40,f,2021-04-27,1,0,True,1,observed_burden,2021-05-03T00:00:00,6.0,True,1,1,1,0
DO-40-2126|2021-05-03,DO-40-2126,DO-40-2126,J:DO,CR40,f,2021-05-03,1,0,True,1,observed_burden,2021-05-10T00:00:00,7.0,True,1,1,1,0
DO-40-2126|2021-05-10,DO-40-2126,DO-40-2126,J:DO,CR40,f,2021-05-10,1,0,True,1,observed_burden,2021-05-17T00:00:00,7.0,True,1,1,1,0
DO-40-2126|2021-05-17,DO-40-2126,DO-40-2126,J:DO,CR40,f,2021-05-17,1,0,True,1,observed_burden,2021-05-24T00:00:00,7.0,True,1,1,1,0
DO-40-2126|2021-05-24,DO-40-2126,DO-40-2126,J:DO,CR40,f,2021-05-24,1,0,True,1,observed_burden,2021-05-31T00:00:00,7.0,True,1,1,1,0
DO-40-2126|2021-05-31,DO-40-2126,DO-40-2126,J:DO,CR40,f,2021-05-31,1,0,True,1,observed_burden,2021-06-07T00:00:00,7.0,True,1,1,1,0
DO-40-2126|2021-06-07,DO-40-2126,DO-40-2126,J:DO,CR40,f,2021-06-07,1,0,True,1,observed_burden,2021-06-14T00:00:00,7.0,True,1,1,1,0
DO-40-2126|2021-06-14,DO-40-2126,DO-40-2126,J:DO,CR40,f,2021-06-14,1,0,True,1,observed_burden,2021-06-22T00:00:00,8.0,True,1,1,1,0
DO-40-2126|2021-06-22,DO-40-2126,DO-40-2126,J:DO,CR40,f,2021-06-22,1,0,True,2,terminal_FD,2021-06-30T00:00:00,,False,1,1,1,0
DO-40-2126|2021-06-27,DO-40-2126,DO-40-2126,J:DO,CR40,f,2021-06-27,1,0,True,2,terminal_FD,2021-06-30T00:00:00,,False,0,0,0,0
DO-40-2130|2020-02-25,DO-40-2130,DO-40-2130,J:DO,CR40,f,2020-02-25,0,0,True,1,observed_burden,2020-03-04T00:00:00,8.0,True,1,1,1,2
DO-40-2130|2020-03-04,DO-40-2130,DO-40-2130,J:DO,CR40,f,2020-03-04,1,0,True,1,observed_burden,2020-03-10T00:00:00,6.0,True,1,1,1,2
DO-40-2130|2020-03-10,DO-40-2130,DO-40-2130,J:DO,CR40,f,2020-03-10,1,0,True,1,observed_burden,2020-03-17T00:00:00,7.0,True,1,1,1,2
DO-40-2130|2020-03-17,DO-40-2130,DO-40-2130,J:DO,CR40,f,2020-03-17,1,0,True,1,observed_burden,2020-03-24T00:00:00,7.0,True,1,1,1,2
DO-40-2130|2020-03-24,DO-40-2130,DO-40-2130,J:DO,CR40,f,2020-03-24,1,0,True,1,observed_burden,2020-03-31T00:00:00,7.0,True,1,1,1,2
DO-40-2130|2020-03-31,DO-40-2130,DO-40-2130,J:DO,CR40,f,2020-03-31,1,0,True,1,observed_burden,2020-04-07T00:00:00,7.0,True,1,1,1,2
DO-40-2130|2020-04-07,DO-40-2130,DO-40-2130,J:DO,CR40,f,2020-04-07,1,0,True,1,observed_burden,2020-04-14T00:00:00,7.0,True,1,1,1,2
DO-40-2130|2020-04-14,DO-40-2130,DO-40-2130,J:DO,CR40,f,2020-04-14,1,0,True,-1,survival_through_day9_unestablished,,,True,1,1,1,2
DO-40-2130|2020-04-21,DO-40-2130,DO-40-2130,J:DO,CR40,f,2020-04-21,1,0,True,-1,no_assessment_in_window,,,False,0,0,0,2
DO-40-2133|2020-02-25,DO-40-2133,DO-40-2133,J:DO,CR40,f,2020-02-25,0,0,True,1,observed_burden,2020-03-04T00:00:00,8.0,True,1,1,1,1
DO-40-2133|2020-03-04,DO-40-2133,DO-40-2133,J:DO,CR40,f,2020-03-04,1,0,True,1,observed_burden,2020-03-10T00:00:00,6.0,True,1,1,1,1
DO-40-2133|2020-03-10,DO-40-2133,DO-40-2133,J:DO,CR40,f,2020-03-10,1,0,True,1,observed_burden,2020-03-17T00:00:00,7.0,True,1,1,1,1
DO-40-2133|2020-03-17,DO-40-2133,DO-40-2133,J:DO,CR40,f,2020-03-17,1,0,True,1,observed_burden,2020-03-24T00:00:00,7.0,True,1,1,1,1
DO-40-2133|2020-03-24,DO-40-2133,DO-40-2133,J:DO,CR40,f,2020-03-24,1,0,True,1,observed_burden,2020-03-31T00:00:00,7.0,True,1,1,1,1
DO-40-2133|2020-03-31,DO-40-2133,DO-40-2133,J:DO,CR40,f,2020-03-31,1,0,True,1,observed_burden,2020-04-07T00:00:00,7.0,True,1,1,1,1
DO-40-2133|2020-04-07,DO-40-2133,DO-40-2133,J:DO,CR40,f,2020-04-07,1,0,True,1,observed_burden,2020-04-14T00:00:00,7.0,True,1,1,1,1
DO-40-2133|2020-04-14,DO-40-2133,DO-40-2133,J:DO,CR40,f,2020-04-14,1,0,True,1,observed_burden,2020-04-21T00:00:00,7.0,True,1,1,1,1
DO-40-2133|2020-04-21,DO-40-2133,DO-40-2133,J:DO,CR40,f,2020-04-21,1,0,True,-1,no_assessment_in_window,,,False,0,0,0,1
DO-40-2133|2020-05-05,DO-40-2133,DO-40-2133,J:DO,CR40,f,2020-05-05,0,0,True,0,observed_burden,2020-05-12T00:00:00,7.0,True,1,1,1,1
DO-40-2133|2020-05-12,DO-40-2133,DO-40-2133,J:DO,CR40,f,2020-05-12,0,0,True,1,observed_burden,2020-05-19T00:00:00,7.0,True,1,1,1,1
DO-40-2133|2020-05-19,DO-40-2133,DO-40-2133,J:DO,CR40,f,2020-05-19,1,0,True,0,observed_burden,2020-05-27T00:00:00,8.0,True,1,1,1,1
DO-40-2133|2020-05-27,DO-40-2133,DO-40-2133,J:DO,CR40,f,2020-05-27,0,0,True,1,observed_burden,2020-06-02T00:00:00,6.0,True,1,1,1,1
DO-40-2133|2020-06-02,DO-40-2133,DO-40-2133,J:DO,CR40,f,2020-06-02,1,0,True,1,observed_burden,2020-06-09T00:00:00,7.0,True,1,1,1,1
DO-40-2133|2020-06-09,DO-40-2133,DO-40-2133,J:DO,CR40,f,2020-06-09,1,0,True,1,observed_burden,2020-06-16T00:00:00,7.0,True,1,1,1,1
DO-40-2133|2020-06-16,DO-40-2133,DO-40-2133,J:DO,CR40,f,2020-06-16,1,0,True,1,observed_burden,2020-06-23T00:00:00,7.0,True,1,1,1,1
DO-40-2133|2020-06-23,DO-40-2133,DO-40-2133,J:DO,CR40,f,2020-06-23,1,0,True,2,terminal_FD,2020-06-29T00:00:00,,False,0,0,0,1
DO-40-2135|2020-02-25,DO-40-2135,DO-40-2135,J:DO,CR40,f,2020-02-25,0,0,True,1,observed_burden,2020-03-04T00:00:00,8.0,True,1,1,1,4
DO-40-2135|2020-03-04,DO-40-2135,DO-40-2135,J:DO,CR40,f,2020-03-04,1,0,True,0,observed_burden,2020-03-10T00:00:00,6.0,True,1,1,1,4
DO-40-2135|2020-03-10,DO-40-2135,DO-40-2135,J:DO,CR40,f,2020-03-10,0,0,True,1,observed_burden,2020-03-17T00:00:00,7.0,True,1,1,1,4
DO-40-2135|2020-03-17,DO-40-2135,DO-40-2135,J:DO,CR40,f,2020-03-17,1,0,True,1,observed_burden,2020-03-24T00:00:00,7.0,True,1,1,1,4
DO-40-2135|2020-03-24,DO-40-2135,DO-40-2135,J:DO,CR40,f,2020-03-24,1,0,True,1,observed_burden,2020-03-31T00:00:00,7.0,True,1,1,1,4
DO-40-2135|2020-03-31,DO-40-2135,DO-40-2135,J:DO,CR40,f,2020-03-31,1,0,True,1,observed_burden,2020-04-07T00:00:00,7.0,True,1,1,1,4
DO-40-2135|2020-04-07,DO-40-2135,DO-40-2135,J:DO,CR40,f,2020-04-07,1,0,True,1,observed_burden,2020-04-14T00:00:00,7.0,True,1,1,1,4
DO-40-2135|2020-04-14,DO-40-2135,DO-40-2135,J:DO,CR40,f,2020-04-14,1,0,True,1,observed_burden,2020-04-21T00:00:00,7.0,True,1,1,1,4
DO-40-2135|2020-04-21,DO-40-2135,DO-40-2135,J:DO,CR40,f,2020-04-21,1,0,True,-1,no_assessment_in_window,,,False,0,0,0,4
DO-40-2135|2020-05-05,DO-40-2135,DO-40-2135,J:DO,CR40,f,2020-05-05,0,0,True,0,observed_burden,2020-05-12T00:00:00,7.0,True,1,1,1,4
DO-40-2135|2020-05-12,DO-40-2135,DO-40-2135,J:DO,CR40,f,2020-05-12,0,0,True,0,observed_burden,2020-05-19T00:00:00,7.0,True,1,1,1,4
DO-40-2135|2020-05-19,DO-40-2135,DO-40-2135,J:DO,CR40,f,2020-05-19,0,0,True,0,observed_burden,2020-05-27T00:00:00,8.0,True,1,1,1,4
DO-40-2135|2020-05-27,DO-40-2135,DO-40-2135,J:DO,CR40,f,2020-05-27,0,0,True,1,observed_burden,2020-06-02T00:00:00,6.0,True,1,1,1,4
DO-40-2135|2020-06-02,DO-40-2135,DO-40-2135,J:DO,CR40,f,2020-06-02,1,0,True,1,observed_burden,2020-06-09T00:00:00,7.0,True,1,1,1,4
DO-40-2135|2020-06-09,DO-40-2135,DO-40-2135,J:DO,CR40,f,2020-06-09,1,0,True,1,observed_burden,2020-06-16T00:00:00,7.0,True,1,1,1,4
DO-40-2135|2020-06-16,DO-40-2135,DO-40-2135,J:DO,CR40,f,2020-06-16,1,0,True,1,observed_burden,2020-06-23T00:00:00,7.0,True,1,1,1,4
DO-40-2135|2020-06-23,DO-40-2135,DO-40-2135,J:DO,CR40,f,2020-06-23,1,0,True,1,observed_burden,2020-06-30T00:00:00,7.0,True,1,1,1,4
DO-40-2135|2020-06-30,DO-40-2135,DO-40-2135,J:DO,CR40,f,2020-06-30,1,0,True,0,observed_burden,2020-07-07T00:00:00,7.0,True,1,1,1,4
DO-40-2135|2020-07-07,DO-40-2135,DO-40-2135,J:DO,CR40,f,2020-07-07,0,0,True,-1,no_assessment_in_window,,,False,0,0,0,4
DO-40-2135|2020-07-21,DO-40-2135,DO-40-2135,J:DO,CR40,f,2020-07-21,1,0,True,-1,no_assessment_in_window,,,False,0,0,0,4
DO-40-2136|2020-02-25,DO-40-2136,DO-40-2136,J:DO,CR40,f,2020-02-25,0,0,True,1,observed_burden,2020-03-04T00:00:00,8.0,True,1,1,1,2
DO-40-2136|2020-03-04,DO-40-2136,DO-40-2136,J:DO,CR40,f,2020-03-04,1,0,True,1,observed_burden,2020-03-10T00:00:00,6.0,True,1,1,1,2
DO-40-2136|2020-03-10,DO-40-2136,DO-40-2136,J:DO,CR40,f,2020-03-10,1,0,True,1,observed_burden,2020-03-17T00:00:00,7.0,True,1,1,1,2
DO-40-2136|2020-03-17,DO-40-2136,DO-40-2136,J:DO,CR40,f,2020-03-17,1,0,True,1,observed_burden,2020-03-24T00:00:00,7.0,True,1,1,1,2
DO-40-2136|2020-03-24,DO-40-2136,DO-40-2136,J:DO,CR40,f,2020-03-24,1,0,True,1,observed_burden,2020-03-31T00:00:00,7.0,True,1,1,1,2
DO-40-2136|2020-03-31,DO-40-2136,DO-40-2136,J:DO,CR40,f,2020-03-31,1,0,True,2,terminal_FD,2020-04-06T00:00:00,,False,0,0,0,2
DO-40-2137|2020-02-25,DO-40-2137,DO-40-2137,J:DO,CR40,f,2020-02-25,0,0,True,0,observed_burden,2020-03-04T00:00:00,8.0,True,1,1,1,0
DO-40-2137|2020-03-04,DO-40-2137,DO-40-2137,J:DO,CR40,f,2020-03-04,0,0,True,0,observed_burden,2020-03-10T00:00:00,6.0,True,1,1,1,0
DO-40-2137|2020-03-10,DO-40-2137,DO-40-2137,J:DO,CR40,f,2020-03-10,0,0,True,0,observed_burden,2020-03-17T00:00:00,7.0,True,1,1,1,0
DO-40-2137|2020-03-17,DO-40-2137,DO-40-2137,J:DO,CR40,f,2020-03-17,0,0,True,0,observed_burden,2020-03-24T00:00:00,7.0,True,1,1,1,0
DO-40-2137|2020-03-24,DO-40-2137,DO-40-2137,J:DO,CR40,f,2020-03-24,0,0,True,0,observed_burden,2020-03-31T00:00:00,7.0,True,1,1,1,0
DO-40-2137|2020-03-31,DO-40-2137,DO-40-2137,J:DO,CR40,f,2020-03-31,0,0,True,0,observed_burden,2020-04-07T00:00:00,7.0,True,1,1,1,0
DO-40-2137|2020-04-07,DO-40-2137,DO-40-2137,J:DO,CR40,f,2020-04-07,0,0,True,1,observed_burden,2020-04-14T00:00:00,7.0,True,1,1,1,0
DO-40-2137|2020-04-14,DO-40-2137,DO-40-2137,J:DO,CR40,f,2020-04-14,1,0,True,1,observed_burden,2020-04-21T00:00:00,7.0,True,1,1,1,0
DO-40-2137|2020-04-21,DO-40-2137,DO-40-2137,J:DO,CR40,f,2020-04-21,1,0,True,-1,no_assessment_in_window,,,False,0,0,0,0
DO-40-2137|2020-05-05,DO-40-2137,DO-40-2137,J:DO,CR40,f,2020-05-05,0,0,True,1,observed_burden,2020-05-12T00:00:00,7.0,True,1,1,1,0
DO-40-2137|2020-05-12,DO-40-2137,DO-40-2137,J:DO,CR40,f,2020-05-12,1,0,True,1,observed_burden,2020-05-19T00:00:00,7.0,True,1,1,1,0
DO-40-2137|2020-05-19,DO-40-2137,DO-40-2137,J:DO,CR40,f,2020-05-19,1,0,True,0,observed_burden,2020-05-27T00:00:00,8.0,True,1,1,1,0
DO-40-2137|2020-05-27,DO-40-2137,DO-40-2137,J:DO,CR40,f,2020-05-27,0,0,True,1,observed_burden,2020-06-02T00:00:00,6.0,True,1,1,1,0
DO-40-2137|2020-06-02,DO-40-2137,DO-40-2137,J:DO,CR40,f,2020-06-02,1,0,True,1,observed_burden,2020-06-09T00:00:00,7.0,True,1,1,1,0
DO-40-2137|2020-06-09,DO-40-2137,DO-40-2137,J:DO,CR40,f,2020-06-09,1,0,True,1,observed_burden,2020-06-16T00:00:00,7.0,True,1,1,1,0
DO-40-2137|2020-06-16,DO-40-2137,DO-40-2137,J:DO,CR40,f,2020-06-16,1,0,True,1,observed_burden,2020-06-23T00:00:00,7.0,True,1,1,1,0
DO-40-2137|2020-06-23,DO-40-2137,DO-40-2137,J:DO,CR40,f,2020-06-23,1,0,True,1,observed_burden,2020-06-30T00:00:00,7.0,True,1,1,1,0
DO-40-2137|2020-06-30,DO-40-2137,DO-40-2137,J:DO,CR40,f,2020-06-30,1,0,True,1,observed_burden,2020-07-07T00:00:00,7.0,True,1,1,1,0
DO-40-2137|2020-07-07,DO-40-2137,DO-40-2137,J:DO,CR40,f,2020-07-07,1,0,True,-1,no_assessment_in_window,,,False,0,0,0,0
DO-40-2137|2020-07-21,DO-40-2137,DO-40-2137,J:DO,CR40,f,2020-07-21,1,0,True,-1,no_assessment_in_window,,,False,0,0,0,0
DO-40-2137|2020-08-04,DO-40-2137,DO-40-2137,J:DO,CR40,f,2020-08-04,1,0,True,2,terminal_FD,2020-08-10T00:00:00,,False,0,0,0,0
DO-40-2140|2020-02-25,DO-40-2140,DO-40-2140,J:DO,CR40,f,2020-02-25,1,0,True,1,observed_burden,2020-03-04T00:00:00,8.0,True,1,1,1,3
DO-40-2140|2020-03-04,DO-40-2140,DO-40-2140,J:DO,CR40,f,2020-03-04,1,0,True,2,terminal_FD,2020-03-09T00:00:00,,False,0,0,0,3
DO-40-2141|2020-02-25,DO-40-2141,DO-40-2141,J:DO,CR40,f,2020-02-25,0,0,True,1,observed_burden,2020-03-04T00:00:00,8.0,True,1,1,1,2
DO-40-2141|2020-03-04,DO-40-2141,DO-40-2141,J:DO,CR40,f,2020-03-04,1,0,True,0,observed_burden,2020-03-10T00:00:00,6.0,True,1,1,1,2
DO-40-2141|2020-03-10,DO-40-2141,DO-40-2141,J:DO,CR40,f,2020-03-10,0,0,True,1,observed_burden,2020-03-17T00:00:00,7.0,True,1,1,1,2
DO-40-2141|2020-03-17,DO-40-2141,DO-40-2141,J:DO,CR40,f,2020-03-17,1,0,True,1,observed_burden,2020-03-24T00:00:00,7.0,True,1,1,1,2
DO-40-2141|2020-03-24,DO-40-2141,DO-40-2141,J:DO,CR40,f,2020-03-24,1,0,True,1,observed_burden,2020-03-31T00:00:00,7.0,True,1,1,1,2
DO-40-2141|2020-03-31,DO-40-2141,DO-40-2141,J:DO,CR40,f,2020-03-31,1,0,True,1,observed_burden,2020-04-07T00:00:00,7.0,True,1,1,1,2
DO-40-2141|2020-04-07,DO-40-2141,DO-40-2141,J:DO,CR40,f,2020-04-07,1,0,True,1,observed_burden,2020-04-14T00:00:00,7.0,True,1,1,1,2
DO-40-2141|2020-04-14,DO-40-2141,DO-40-2141,J:DO,CR40,f,2020-04-14,1,0,True,1,observed_burden,2020-04-21T00:00:00,7.0,True,1,1,1,2
DO-40-2141|2020-04-21,DO-40-2141,DO-40-2141,J:DO,CR40,f,2020-04-21,1,0,True,-1,no_assessment_in_window,,,False,0,0,0,2
DO-40-2141|2020-05-05,DO-40-2141,DO-40-2141,J:DO,CR40,f,2020-05-05,1,0,True,1,observed_burden,2020-05-12T00:00:00,7.0,True,1,1,1,2
DO-40-2141|2020-05-12,DO-40-2141,DO-40-2141,J:DO,CR40,f,2020-05-12,1,0,True,1,observed_burden,2020-05-19T00:00:00,7.0,True,1,1,1,2
DO-40-2141|2020-05-19,DO-40-2141,DO-40-2141,J:DO,CR40,f,2020-05-19,1,0,True,1,observed_burden,2020-05-27T00:00:00,8.0,True,1,1,1,2
DO-40-2141|2020-05-27,DO-40-2141,DO-40-2141,J:DO,CR40,f,2020-05-27,1,0,True,1,observed_burden,2020-06-02T00:00:00,6.0,True,1,1,1,2
DO-40-2141|2020-06-02,DO-40-2141,DO-40-2141,J:DO,CR40,f,2020-06-02,1,0,True,1,observed_burden,2020-06-09T00:00:00,7.0,True,1,1,1,2
DO-40-2141|2020-06-09,DO-40-2141,DO-40-2141,J:DO,CR40,f,2020-06-09,1,0,True,1,observed_burden,2020-06-16T00:00:00,7.0,True,1,1,1,2
DO-40-2141|2020-06-16,DO-40-2141,DO-40-2141,J:DO,CR40,f,2020-06-16,1,0,True,1,observed_burden,2020-06-23T00:00:00,7.0,True,1,1,1,2
DO-40-2141|2020-06-23,DO-40-2141,DO-40-2141,J:DO,CR40,f,2020-06-23,1,0,True,1,observed_burden,2020-06-30T00:00:00,7.0,True,1,1,1,2
DO-40-2141|2020-06-30,DO-40-2141,DO-40-2141,J:DO,CR40,f,2020-06-30,1,0,True,1,observed_burden,2020-07-07T00:00:00,7.0,True,1,1,1,2
DO-40-2141|2020-07-07,DO-40-2141,DO-40-2141,J:DO,CR40,f,2020-07-07,1,0,True,-1,no_assessment_in_window,,,False,0,0,0,2
DO-40-2141|2020-07-21,DO-40-2141,DO-40-2141,J:DO,CR40,f,2020-07-21,1,0,True,-1,no_assessment_in_window,,,False,0,0,0,2
DO-40-2141|2020-08-04,DO-40-2141,DO-40-2141,J:DO,CR40,f,2020-08-04,1,0,True,1,observed_burden,2020-08-11T00:00:00,7.0,True,1,1,1,2
DO-40-2141|2020-08-11,DO-40-2141,DO-40-2141,J:DO,CR40,f,2020-08-11,1,0,True,1,observed_burden,2020-08-18T00:00:00,7.0,True,1,1,1,2
DO-40-2141|2020-08-18,DO-40-2141,DO-40-2141,J:DO,CR40,f,2020-08-18,1,0,True,1,observed_burden,2020-08-24T00:00:00,6.0,True,1,1,1,2
DO-40-2141|2020-08-24,DO-40-2141,DO-40-2141,J:DO,CR40,f,2020-08-24,1,0,True,1,observed_burden,2020-09-01T00:00:00,8.0,True,1,1,1,2
DO-40-2141|2020-09-01,DO-40-2141,DO-40-2141,J:DO,CR40,f,2020-09-01,1,0,True,-1,no_assessment_in_window,,,False,0,0,0,2
DO-40-2141|2020-09-13,DO-40-2141,DO-40-2141,J:DO,CR40,f,2020-09-13,0,0,True,1,observed_burden,2020-09-20T00:00:00,7.0,True,1,1,1,2
DO-40-2141|2020-09-20,DO-40-2141,DO-40-2141,J:DO,CR40,f,2020-09-20,1,0,True,1,observed_burden,2020-09-28T00:00:00,8.0,True,1,1,1,2
DO-40-2141|2020-09-28,DO-40-2141,DO-40-2141,J:DO,CR40,f,2020-09-28,1,0,True,1,observed_burden,2020-10-05T00:00:00,7.0,True,1,1,1,2
DO-40-2141|2020-10-05,DO-40-2141,DO-40-2141,J:DO,CR40,f,2020-10-05,1,0,True,0,observed_burden,2020-10-11T00:00:00,6.0,True,1,1,1,2
DO-40-2141|2020-10-11,DO-40-2141,DO-40-2141,J:DO,CR40,f,2020-10-11,0,0,True,1,observed_burden,2020-10-18T00:00:00,7.0,True,1,1,1,2
DO-40-2141|2020-10-18,DO-40-2141,DO-40-2141,J:DO,CR40,f,2020-10-18,1,0,True,1,observed_burden,2020-10-27T00:00:00,9.0,True,1,1,1,2
DO-40-2141|2020-10-27,DO-40-2141,DO-40-2141,J:DO,CR40,f,2020-10-27,1,0,True,1,observed_burden,2020-11-03T00:00:00,7.0,True,1,1,1,2
DO-40-2141|2020-11-03,DO-40-2141,DO-40-2141,J:DO,CR40,f,2020-11-03,1,0,True,1,observed_burden,2020-11-09T00:00:00,6.0,True,1,1,1,2
DO-40-2141|2020-11-09,DO-40-2141,DO-40-2141,J:DO,CR40,f,2020-11-09,1,0,True,1,observed_burden,2020-11-17T00:00:00,8.0,True,1,1,1,2
DO-40-2141|2020-11-17,DO-40-2141,DO-40-2141,J:DO,CR40,f,2020-11-17,1,0,True,1,observed_burden,2020-11-24T00:00:00,7.0,True,1,1,1,2
DO-40-2141|2020-11-24,DO-40-2141,DO-40-2141,J:DO,CR40,f,2020-11-24,1,0,True,1,observed_burden,2020-12-01T00:00:00,7.0,True,1,1,1,2
DO-40-2141|2020-12-01,DO-40-2141,DO-40-2141,J:DO,CR40,f,2020-12-01,1,0,True,1,observed_burden,2020-12-08T00:00:00,7.0,True,1,1,1,2
DO-40-2141|2020-12-08,DO-40-2141,DO-40-2141,J:DO,CR40,f,2020-12-08,1,0,True,1,observed_burden,2020-12-15T00:00:00,7.0,True,1,1,1,2
DO-40-2141|2020-12-15,DO-40-2141,DO-40-2141,J:DO,CR40,f,2020-12-15,1,0,True,1,observed_burden,2020-12-22T00:00:00,7.0,True,1,1,1,2
DO-40-2141|2020-12-22,DO-40-2141,DO-40-2141,J:DO,CR40,f,2020-12-22,1,0,True,1,observed_burden,2020-12-29T00:00:00,7.0,True,1,1,1,2
DO-40-2141|2020-12-29,DO-40-2141,DO-40-2141,J:DO,CR40,f,2020-12-29,1,0,True,-1,no_assessment_in_window,,,False,0,0,0,2
DO-40-2141|2021-01-11,DO-40-2141,DO-40-2141,J:DO,CR40,f,2021-01-11,1,0,True,1,observed_burden,2021-01-19T00:00:00,8.0,True,1,1,1,2
DO-40-2141|2021-01-19,DO-40-2141,DO-40-2141,J:DO,CR40,f,2021-01-19,1,0,True,1,observed_burden,2021-01-27T00:00:00,8.0,True,1,1,1,2
DO-40-2141|2021-01-27,DO-40-2141,DO-40-2141,J:DO,CR40,f,2021-01-27,1,0,True,1,observed_burden,2021-02-01T00:00:00,5.0,True,1,1,1,2
DO-40-2141|2021-02-01,DO-40-2141,DO-40-2141,J:DO,CR40,f,2021-02-01,1,0,True,1,observed_burden,2021-02-09T00:00:00,8.0,True,1,1,1,2
DO-40-2141|2021-02-09,DO-40-2141,DO-40-2141,J:DO,CR40,f,2021-02-09,1,0,True,1,observed_burden,2021-02-15T00:00:00,6.0,True,1,1,1,2
DO-40-2141|2021-02-15,DO-40-2141,DO-40-2141,J:DO,CR40,f,2021-02-15,1,0,True,1,observed_burden,2021-02-23T00:00:00,8.0,True,1,1,1,2
DO-40-2141|2021-02-23,DO-40-2141,DO-40-2141,J:DO,CR40,f,2021-02-23,1,0,True,1,observed_burden,2021-03-03T00:00:00,8.0,True,1,1,1,2
DO-40-2141|2021-03-03,DO-40-2141,DO-40-2141,J:DO,CR40,f,2021-03-03,1,0,True,1,observed_burden,2021-03-09T00:00:00,6.0,True,1,1,1,2
DO-40-2141|2021-03-09,DO-40-2141,DO-40-2141,J:DO,CR40,f,2021-03-09,1,0,True,1,observed_burden,2021-03-15T00:00:00,6.0,True,1,1,1,2
DO-40-2141|2021-03-15,DO-40-2141,DO-40-2141,J:DO,CR40,f,2021-03-15,1,0,True,1,observed_burden,2021-03-22T00:00:00,7.0,True,1,1,1,2
DO-40-2141|2021-03-22,DO-40-2141,DO-40-2141,J:DO,CR40,f,2021-03-22,1,0,True,1,observed_burden,2021-03-29T00:00:00,7.0,True,1,1,1,2
DO-40-2141|2021-03-29,DO-40-2141,DO-40-2141,J:DO,CR40,f,2021-03-29,1,0,True,1,observed_burden,2021-04-05T00:00:00,7.0,True,1,1,1,2
DO-40-2141|2021-04-05,DO-40-2141,DO-40-2141,J:DO,CR40,f,2021-04-05,1,0,True,1,observed_burden,2021-04-12T00:00:00,7.0,True,1,1,1,2
DO-40-2141|2021-04-12,DO-40-2141,DO-40-2141,J:DO,CR40,f,2021-04-12,1,0,True,1,observed_burden,2021-04-19T00:00:00,7.0,True,1,1,1,2
DO-40-2141|2021-04-19,DO-40-2141,DO-40-2141,J:DO,CR40,f,2021-04-19,1,0,True,1,observed_burden,2021-04-27T00:00:00,8.0,True,1,1,1,2
DO-40-2141|2021-04-27,DO-40-2141,DO-40-2141,J:DO,CR40,f,2021-04-27,1,0,True,1,observed_burden,2021-05-03T00:00:00,6.0,True,1,1,1,2
DO-40-2141|2021-05-03,DO-40-2141,DO-40-2141,J:DO,CR40,f,2021-05-03,1,0,True,1,observed_burden,2021-05-10T00:00:00,7.0,True,1,1,1,2
DO-40-2141|2021-05-10,DO-40-2141,DO-40-2141,J:DO,CR40,f,2021-05-10,1,0,True,1,observed_burden,2021-05-17T00:00:00,7.0,True,1,1,1,2
DO-40-2141|2021-05-17,DO-40-2141,DO-40-2141,J:DO,CR40,f,2021-05-17,1,0,True,1,observed_burden,2021-05-24T00:00:00,7.0,True,1,1,1,2
DO-40-2141|2021-05-24,DO-40-2141,DO-40-2141,J:DO,CR40,f,2021-05-24,1,0,True,-1,no_assessment_in_window,,,False,0,0,0,2
DO-40-2141|2021-06-07,DO-40-2141,DO-40-2141,J:DO,CR40,f,2021-06-07,1,0,True,2,terminal_ES,2021-06-11T00:00:00,,False,0,0,0,2
DO-40-2145|2020-03-04,DO-40-2145,DO-40-2145,J:DO,CR40,f,2020-03-04,1,0,True,1,observed_burden,2020-03-10T00:00:00,6.0,True,1,1,1,3
DO-40-2145|2020-03-10,DO-40-2145,DO-40-2145,J:DO,CR40,f,2020-03-10,1,0,True,1,observed_burden,2020-03-17T00:00:00,7.0,True,1,1,1,3
DO-40-2145|2020-03-17,DO-40-2145,DO-40-2145,J:DO,CR40,f,2020-03-17,1,0,True,1,observed_burden,2020-03-24T00:00:00,7.0,True,1,1,1,3
DO-40-2145|2020-03-24,DO-40-2145,DO-40-2145,J:DO,CR40,f,2020-03-24,1,0,True,0,observed_burden,2020-03-31T00:00:00,7.0,True,1,1,1,3
DO-40-2145|2020-03-31,DO-40-2145,DO-40-2145,J:DO,CR40,f,2020-03-31,0,0,True,1,observed_burden,2020-04-07T00:00:00,7.0,True,1,1,1,3
DO-40-2145|2020-04-07,DO-40-2145,DO-40-2145,J:DO,CR40,f,2020-04-07,1,0,True,1,observed_burden,2020-04-14T00:00:00,7.0,True,1,1,1,3
DO-40-2145|2020-04-14,DO-40-2145,DO-40-2145,J:DO,CR40,f,2020-04-14,1,0,True,0,observed_burden,2020-04-21T00:00:00,7.0,True,1,1,1,3
DO-40-2145|2020-04-21,DO-40-2145,DO-40-2145,J:DO,CR40,f,2020-04-21,0,0,True,-1,no_assessment_in_window,,,False,0,0,0,3
DO-40-2145|2020-05-05,DO-40-2145,DO-40-2145,J:DO,CR40,f,2020-05-05,0,0,True,0,observed_burden,2020-05-12T00:00:00,7.0,True,1,1,1,3
DO-40-2145|2020-05-12,DO-40-2145,DO-40-2145,J:DO,CR40,f,2020-05-12,0,0,True,1,observed_burden,2020-05-19T00:00:00,7.0,True,1,1,1,3
DO-40-2145|2020-05-19,DO-40-2145,DO-40-2145,J:DO,CR40,f,2020-05-19,1,0,True,1,observed_burden,2020-05-27T00:00:00,8.0,True,1,1,1,3
DO-40-2145|2020-05-27,DO-40-2145,DO-40-2145,J:DO,CR40,f,2020-05-27,1,0,True,1,observed_burden,2020-06-02T00:00:00,6.0,True,1,1,1,3
DO-40-2145|2020-06-02,DO-40-2145,DO-40-2145,J:DO,CR40,f,2020-06-02,1,0,True,1,observed_burden,2020-06-09T00:00:00,7.0,True,1,1,1,3
DO-40-2145|2020-06-09,DO-40-2145,DO-40-2145,J:DO,CR40,f,2020-06-09,1,0,True,1,observed_burden,2020-06-16T00:00:00,7.0,True,1,1,1,3
DO-40-2145|2020-06-16,DO-40-2145,DO-40-2145,J:DO,CR40,f,2020-06-16,1,0,True,1,observed_burden,2020-06-23T00:00:00,7.0,True,1,1,1,3
DO-40-2145|2020-06-23,DO-40-2145,DO-40-2145,J:DO,CR40,f,2020-06-23,1,0,True,1,observed_burden,2020-06-30T00:00:00,7.0,True,1,1,1,3
DO-40-2145|2020-06-30,DO-40-2145,DO-40-2145,J:DO,CR40,f,2020-06-30,1,0,True,1,observed_burden,2020-07-07T00:00:00,7.0,True,1,1,1,3
DO-40-2145|2020-07-07,DO-40-2145,DO-40-2145,J:DO,CR40,f,2020-07-07,1,0,True,1,observed_burden,2020-07-14T00:00:00,7.0,True,1,1,1,3
DO-40-2145|2020-07-14,DO-40-2145,DO-40-2145,J:DO,CR40,f,2020-07-14,1,0,True,1,observed_burden,2020-07-21T00:00:00,7.0,True,1,1,1,3
DO-40-2145|2020-07-21,DO-40-2145,DO-40-2145,J:DO,CR40,f,2020-07-21,1,0,True,1,observed_burden,2020-07-28T00:00:00,7.0,True,1,1,1,3
DO-40-2145|2020-07-28,DO-40-2145,DO-40-2145,J:DO,CR40,f,2020-07-28,1,0,True,-1,no_assessment_in_window,,,False,0,0,0,3
DO-40-2145|2020-08-18,DO-40-2145,DO-40-2145,J:DO,CR40,f,2020-08-18,1,0,True,-1,no_assessment_in_window,,,False,0,0,0,3
DO-40-2145|2020-09-01,DO-40-2145,DO-40-2145,J:DO,CR40,f,2020-09-01,1,0,True,1,observed_burden,2020-09-07T00:00:00,6.0,True,1,1,1,3
DO-40-2145|2020-09-07,DO-40-2145,DO-40-2145,J:DO,CR40,f,2020-09-07,1,0,True,0,observed_burden,2020-09-13T00:00:00,6.0,True,1,1,1,3
DO-40-2145|2020-09-13,DO-40-2145,DO-40-2145,J:DO,CR40,f,2020-09-13,0,0,True,1,observed_burden,2020-09-20T00:00:00,7.0,True,1,1,1,3
DO-40-2145|2020-09-20,DO-40-2145,DO-40-2145,J:DO,CR40,f,2020-09-20,1,0,True,1,observed_burden,2020-09-28T00:00:00,8.0,True,1,1,1,3
DO-40-2145|2020-09-28,DO-40-2145,DO-40-2145,J:DO,CR40,f,2020-09-28,1,0,True,1,observed_burden,2020-10-05T00:00:00,7.0,True,1,1,1,3
DO-40-2145|2020-10-05,DO-40-2145,DO-40-2145,J:DO,CR40,f,2020-10-05,1,0,True,1,observed_burden,2020-10-11T00:00:00,6.0,True,1,1,1,3
DO-40-2145|2020-10-11,DO-40-2145,DO-40-2145,J:DO,CR40,f,2020-10-11,1,0,True,1,observed_burden,2020-10-18T00:00:00,7.0,True,1,1,1,3
DO-40-2145|2020-10-18,DO-40-2145,DO-40-2145,J:DO,CR40,f,2020-10-18,1,0,True,1,observed_burden,2020-10-27T00:00:00,9.0,True,1,1,1,3
DO-40-2145|2020-10-27,DO-40-2145,DO-40-2145,J:DO,CR40,f,2020-10-27,1,0,True,1,observed_burden,2020-11-03T00:00:00,7.0,True,1,1,1,3
DO-40-2145|2020-11-03,DO-40-2145,DO-40-2145,J:DO,CR40,f,2020-11-03,1,0,True,2,terminal_FD,2020-11-09T00:00:00,,False,0,0,0,3
DO-40-2146|2020-03-04,DO-40-2146,DO-40-2146,J:DO,CR40,f,2020-03-04,0,0,True,0,observed_burden,2020-03-10T00:00:00,6.0,True,1,1,1,1
DO-40-2146|2020-03-10,DO-40-2146,DO-40-2146,J:DO,CR40,f,2020-03-10,0,0,True,0,observed_burden,2020-03-17T00:00:00,7.0,True,1,1,1,1
DO-40-2146|2020-03-17,DO-40-2146,DO-40-2146,J:DO,CR40,f,2020-03-17,0,0,True,1,observed_burden,2020-03-24T00:00:00,7.0,True,1,1,1,1
DO-40-2146|2020-03-24,DO-40-2146,DO-40-2146,J:DO,CR40,f,2020-03-24,1,0,True,1,observed_burden,2020-03-31T00:00:00,7.0,True,1,1,1,1
DO-40-2146|2020-03-31,DO-40-2146,DO-40-2146,J:DO,CR40,f,2020-03-31,1,0,True,0,observed_burden,2020-04-07T00:00:00,7.0,True,1,1,1,1
DO-40-2146|2020-04-07,DO-40-2146,DO-40-2146,J:DO,CR40,f,2020-04-07,0,0,True,0,observed_burden,2020-04-14T00:00:00,7.0,True,1,1,1,1
DO-40-2146|2020-04-14,DO-40-2146,DO-40-2146,J:DO,CR40,f,2020-04-14,0,0,True,1,observed_burden,2020-04-21T00:00:00,7.0,True,1,1,1,1
DO-40-2146|2020-04-21,DO-40-2146,DO-40-2146,J:DO,CR40,f,2020-04-21,1,0,True,-1,no_assessment_in_window,,,False,0,0,0,1
DO-40-2146|2020-05-05,DO-40-2146,DO-40-2146,J:DO,CR40,f,2020-05-05,1,0,True,0,observed_burden,2020-05-12T00:00:00,7.0,True,1,1,1,1
DO-40-2146|2020-05-12,DO-40-2146,DO-40-2146,J:DO,CR40,f,2020-05-12,0,0,True,0,observed_burden,2020-05-19T00:00:00,7.0,True,1,1,1,1
DO-40-2146|2020-05-19,DO-40-2146,DO-40-2146,J:DO,CR40,f,2020-05-19,0,0,True,0,observed_burden,2020-05-27T00:00:00,8.0,True,1,1,1,1
DO-40-2146|2020-05-27,DO-40-2146,DO-40-2146,J:DO,CR40,f,2020-05-27,0,0,True,1,observed_burden,2020-06-02T00:00:00,6.0,True,1,1,1,1
DO-40-2146|2020-06-02,DO-40-2146,DO-40-2146,J:DO,CR40,f,2020-06-02,1,0,True,1,observed_burden,2020-06-09T00:00:00,7.0,True,1,1,1,1
DO-40-2146|2020-06-09,DO-40-2146,DO-40-2146,J:DO,CR40,f,2020-06-09,1,0,True,1,observed_burden,2020-06-16T00:00:00,7.0,True,1,1,1,1
DO-40-2146|2020-06-16,DO-40-2146,DO-40-2146,J:DO,CR40,f,2020-06-16,1,0,True,1,observed_burden,2020-06-23T00:00:00,7.0,True,1,1,1,1
DO-40-2146|2020-06-23,DO-40-2146,DO-40-2146,J:DO,CR40,f,2020-06-23,1,0,True,1,observed_burden,2020-06-30T00:00:00,7.0,True,1,1,1,1
DO-40-2146|2020-06-30,DO-40-2146,DO-40-2146,J:DO,CR40,f,2020-06-30,1,0,True,0,observed_burden,2020-07-07T00:00:00,7.0,True,1,1,1,1
DO-40-2146|2020-07-07,DO-40-2146,DO-40-2146,J:DO,CR40,f,2020-07-07,0,0,True,1,observed_burden,2020-07-14T00:00:00,7.0,True,1,1,1,1
DO-40-2146|2020-07-14,DO-40-2146,DO-40-2146,J:DO,CR40,f,2020-07-14,1,0,True,1,observed_burden,2020-07-21T00:00:00,7.0,True,1,1,1,1
DO-40-2146|2020-07-21,DO-40-2146,DO-40-2146,J:DO,CR40,f,2020-07-21,1,0,True,1,observed_burden,2020-07-28T00:00:00,7.0,True,1,1,1,1
DO-40-2146|2020-07-28,DO-40-2146,DO-40-2146,J:DO,CR40,f,2020-07-28,1,0,True,-1,no_assessment_in_window,,,False,0,0,0,1
DO-40-2146|2020-08-18,DO-40-2146,DO-40-2146,J:DO,CR40,f,2020-08-18,1,0,True,-1,no_assessment_in_window,,,False,0,0,0,1
DO-40-2146|2020-09-01,DO-40-2146,DO-40-2146,J:DO,CR40,f,2020-09-01,1,0,True,1,observed_burden,2020-09-07T00:00:00,6.0,True,1,1,1,1
DO-40-2146|2020-09-07,DO-40-2146,DO-40-2146,J:DO,CR40,f,2020-09-07,1,0,True,0,observed_burden,2020-09-13T00:00:00,6.0,True,1,1,1,1
DO-40-2146|2020-09-13,DO-40-2146,DO-40-2146,J:DO,CR40,f,2020-09-13,0,0,True,1,observed_burden,2020-09-20T00:00:00,7.0,True,1,1,1,1
DO-40-2146|2020-09-20,DO-40-2146,DO-40-2146,J:DO,CR40,f,2020-09-20,1,0,True,1,observed_burden,2020-09-28T00:00:00,8.0,True,1,1,1,1
DO-40-2146|2020-09-28,DO-40-2146,DO-40-2146,J:DO,CR40,f,2020-09-28,1,0,True,1,observed_burden,2020-10-05T00:00:00,7.0,True,1,1,1,1
DO-40-2146|2020-10-05,DO-40-2146,DO-40-2146,J:DO,CR40,f,2020-10-05,1,0,True,1,observed_burden,2020-10-11T00:00:00,6.0,True,1,1,1,1
DO-40-2146|2020-10-11,DO-40-2146,DO-40-2146,J:DO,CR40,f,2020-10-11,1,0,True,1,observed_burden,2020-10-18T00:00:00,7.0,True,1,1,1,1
DO-40-2146|2020-10-18,DO-40-2146,DO-40-2146,J:DO,CR40,f,2020-10-18,1,0,True,0,observed_burden,2020-10-27T00:00:00,9.0,True,1,1,1,1
DO-40-2146|2020-10-27,DO-40-2146,DO-40-2146,J:DO,CR40,f,2020-10-27,0,0,True,1,observed_burden,2020-11-03T00:00:00,7.0,True,1,1,1,1
DO-40-2146|2020-11-03,DO-40-2146,DO-40-2146,J:DO,CR40,f,2020-11-03,1,0,True,0,observed_burden,2020-11-09T00:00:00,6.0,True,1,1,1,1
DO-40-2146|2020-11-09,DO-40-2146,DO-40-2146,J:DO,CR40,f,2020-11-09,0,0,True,1,observed_burden,2020-11-17T00:00:00,8.0,True,1,1,1,1
DO-40-2146|2020-11-17,DO-40-2146,DO-40-2146,J:DO,CR40,f,2020-11-17,1,0,True,0,observed_burden,2020-11-24T00:00:00,7.0,True,1,1,1,1
DO-40-2146|2020-11-24,DO-40-2146,DO-40-2146,J:DO,CR40,f,2020-11-24,0,0,True,1,observed_burden,2020-12-01T00:00:00,7.0,True,1,1,1,1
DO-40-2146|2020-12-01,DO-40-2146,DO-40-2146,J:DO,CR40,f,2020-12-01,1,0,True,1,observed_burden,2020-12-08T00:00:00,7.0,True,1,1,1,1
DO-40-2146|2020-12-08,DO-40-2146,DO-40-2146,J:DO,CR40,f,2020-12-08,1,0,True,0,observed_burden,2020-12-15T00:00:00,7.0,True,1,1,1,1
DO-40-2146|2020-12-15,DO-40-2146,DO-40-2146,J:DO,CR40,f,2020-12-15,0,0,True,1,observed_burden,2020-12-22T00:00:00,7.0,True,1,1,1,1
DO-40-2146|2020-12-22,DO-40-2146,DO-40-2146,J:DO,CR40,f,2020-12-22,1,0,True,1,observed_burden,2020-12-29T00:00:00,7.0,True,1,1,1,1
DO-40-2146|2020-12-29,DO-40-2146,DO-40-2146,J:DO,CR40,f,2020-12-29,1,0,True,1,observed_burden,2021-01-05T00:00:00,7.0,True,1,1,1,1
DO-40-2146|2021-01-05,DO-40-2146,DO-40-2146,J:DO,CR40,f,2021-01-05,1,0,True,1,observed_burden,2021-01-11T00:00:00,6.0,True,1,1,1,1
DO-40-2146|2021-01-11,DO-40-2146,DO-40-2146,J:DO,CR40,f,2021-01-11,1,0,True,1,observed_burden,2021-01-19T00:00:00,8.0,True,1,1,1,1
DO-40-2146|2021-01-19,DO-40-2146,DO-40-2146,J:DO,CR40,f,2021-01-19,1,0,True,-1,no_assessment_in_window,,,False,0,0,0,1
DO-40-2146|2021-02-01,DO-40-2146,DO-40-2146,J:DO,CR40,f,2021-02-01,1,0,True,1,observed_burden,2021-02-09T00:00:00,8.0,True,1,1,1,1
DO-40-2146|2021-02-09,DO-40-2146,DO-40-2146,J:DO,CR40,f,2021-02-09,1,0,True,1,observed_burden,2021-02-15T00:00:00,6.0,True,1,1,1,1
DO-40-2146|2021-02-15,DO-40-2146,DO-40-2146,J:DO,CR40,f,2021-02-15,1,0,True,1,observed_burden,2021-02-23T00:00:00,8.0,True,1,1,1,1
DO-40-2146|2021-02-23,DO-40-2146,DO-40-2146,J:DO,CR40,f,2021-02-23,1,0,True,1,observed_burden,2021-03-03T00:00:00,8.0,True,1,1,1,1
DO-40-2146|2021-03-03,DO-40-2146,DO-40-2146,J:DO,CR40,f,2021-03-03,1,0,True,1,observed_burden,2021-03-09T00:00:00,6.0,True,1,1,1,1
DO-40-2146|2021-03-09,DO-40-2146,DO-40-2146,J:DO,CR40,f,2021-03-09,1,0,True,1,observed_burden,2021-03-15T00:00:00,6.0,True,1,1,1,1
DO-40-2146|2021-03-15,DO-40-2146,DO-40-2146,J:DO,CR40,f,2021-03-15,1,0,True,1,observed_burden,2021-03-22T00:00:00,7.0,True,1,1,1,1
DO-40-2146|2021-03-22,DO-40-2146,DO-40-2146,J:DO,CR40,f,2021-03-22,1,0,True,1,observed_burden,2021-03-29T00:00:00,7.0,True,1,1,1,1
DO-40-2146|2021-03-29,DO-40-2146,DO-40-2146,J:DO,CR40,f,2021-03-29,1,0,True,1,observed_burden,2021-04-05T00:00:00,7.0,True,1,1,1,1
DO-40-2146|2021-04-05,DO-40-2146,DO-40-2146,J:DO,CR40,f,2021-04-05,1,0,True,1,observed_burden,2021-04-12T00:00:00,7.0,True,1,1,1,1
DO-40-2146|2021-04-12,DO-40-2146,DO-40-2146,J:DO,CR40,f,2021-04-12,1,0,True,1,observed_burden,2021-04-19T00:00:00,7.0,True,1,1,1,1
DO-40-2146|2021-04-19,DO-40-2146,DO-40-2146,J:DO,CR40,f,2021-04-19,1,0,True,1,observed_burden,2021-04-27T00:00:00,8.0,True,1,1,1,1
DO-40-2146|2021-04-27,DO-40-2146,DO-40-2146,J:DO,CR40,f,2021-04-27,1,0,True,1,observed_burden,2021-05-03T00:00:00,6.0,True,1,1,1,1
DO-40-2146|2021-05-03,DO-40-2146,DO-40-2146,J:DO,CR40,f,2021-05-03,1,0,True,1,observed_burden,2021-05-10T00:00:00,7.0,True,1,1,1,1
DO-40-2146|2021-05-10,DO-40-2146,DO-40-2146,J:DO,CR40,f,2021-05-10,1,0,True,1,observed_burden,2021-05-17T00:00:00,7.0,True,1,1,1,1
DO-40-2146|2021-05-17,DO-40-2146,DO-40-2146,J:DO,CR40,f,2021-05-17,1,0,True,1,observed_burden,2021-05-24T00:00:00,7.0,True,1,1,1,1
DO-40-2146|2021-05-24,DO-40-2146,DO-40-2146,J:DO,CR40,f,2021-05-24,1,0,True,-1,no_assessment_in_window,,,False,0,0,0,1
DO-40-2146|2021-06-07,DO-40-2146,DO-40-2146,J:DO,CR40,f,2021-06-07,1,0,True,1,observed_burden,2021-06-14T00:00:00,7.0,True,1,1,1,1
DO-40-2146|2021-06-14,DO-40-2146,DO-40-2146,J:DO,CR40,f,2021-06-14,1,0,True,1,observed_burden,2021-06-22T00:00:00,8.0,True,1,1,1,1
DO-40-2146|2021-06-22,DO-40-2146,DO-40-2146,J:DO,CR40,f,2021-06-22,1,0,True,1,observed_burden,2021-06-27T00:00:00,5.0,True,1,1,1,1
DO-40-2146|2021-06-27,DO-40-2146,DO-40-2146,J:DO,CR40,f,2021-06-27,1,0,True,-1,no_assessment_in_window,,,False,0,0,0,1
DO-40-2146|2021-07-07,DO-40-2146,DO-40-2146,J:DO,CR40,f,2021-07-07,1,0,True,1,observed_burden,2021-07-15T00:00:00,8.0,True,1,1,1,1
DO-40-2146|2021-07-15,DO-40-2146,DO-40-2146,J:DO,CR40,f,2021-07-15,1,0,True,2,terminal_FD,2021-07-20T00:00:00,,False,0,0,0,1
DO-40-2147|2020-03-04,DO-40-2147,DO-40-2147,J:DO,CR40,f,2020-03-04,1,0,True,1,observed_burden,2020-03-10T00:00:00,6.0,True,1,1,1,0
DO-40-2147|2020-03-10,DO-40-2147,DO-40-2147,J:DO,CR40,f,2020-03-10,1,0,True,1,observed_burden,2020-03-17T00:00:00,7.0,True,1,1,1,0
DO-40-2147|2020-03-17,DO-40-2147,DO-40-2147,J:DO,CR40,f,2020-03-17,1,0,True,1,observed_burden,2020-03-24T00:00:00,7.0,True,1,1,1,0
DO-40-2147|2020-03-24,DO-40-2147,DO-40-2147,J:DO,CR40,f,2020-03-24,1,0,True,1,observed_burden,2020-03-31T00:00:00,7.0,True,1,1,1,0
DO-40-2147|2020-03-31,DO-40-2147,DO-40-2147,J:DO,CR40,f,2020-03-31,1,0,True,1,observed_burden,2020-04-07T00:00:00,7.0,True,1,1,1,0
DO-40-2147|2020-04-07,DO-40-2147,DO-40-2147,J:DO,CR40,f,2020-04-07,1,0,True,2,terminal_FD,2020-04-13T00:00:00,,False,0,0,0,0
DO-40-2149|2020-03-04,DO-40-2149,DO-40-2149,J:DO,CR40,f,2020-03-04,1,0,True,1,observed_burden,2020-03-10T00:00:00,6.0,True,1,1,1,3
DO-40-2149|2020-03-10,DO-40-2149,DO-40-2149,J:DO,CR40,f,2020-03-10,1,0,True,1,observed_burden,2020-03-17T00:00:00,7.0,True,1,1,1,3
DO-40-2149|2020-03-17,DO-40-2149,DO-40-2149,J:DO,CR40,f,2020-03-17,1,0,True,1,observed_burden,2020-03-24T00:00:00,7.0,True,1,1,1,3
DO-40-2149|2020-03-24,DO-40-2149,DO-40-2149,J:DO,CR40,f,2020-03-24,1,0,True,1,observed_burden,2020-03-31T00:00:00,7.0,True,1,1,1,3
DO-40-2149|2020-03-31,DO-40-2149,DO-40-2149,J:DO,CR40,f,2020-03-31,1,0,True,1,observed_burden,2020-04-07T00:00:00,7.0,True,1,1,1,3
DO-40-2149|2020-04-07,DO-40-2149,DO-40-2149,J:DO,CR40,f,2020-04-07,1,0,True,1,observed_burden,2020-04-14T00:00:00,7.0,True,1,1,1,3
DO-40-2149|2020-04-14,DO-40-2149,DO-40-2149,J:DO,CR40,f,2020-04-14,1,0,True,1,observed_burden,2020-04-21T00:00:00,7.0,True,1,1,1,3
DO-40-2149|2020-04-21,DO-40-2149,DO-40-2149,J:DO,CR40,f,2020-04-21,1,0,True,-1,no_assessment_in_window,,,False,0,0,0,3
DO-40-2149|2020-05-05,DO-40-2149,DO-40-2149,J:DO,CR40,f,2020-05-05,1,0,True,0,observed_burden,2020-05-12T00:00:00,7.0,True,1,1,1,3
DO-40-2149|2020-05-12,DO-40-2149,DO-40-2149,J:DO,CR40,f,2020-05-12,0,0,True,1,observed_burden,2020-05-19T00:00:00,7.0,True,1,1,1,3
DO-40-2149|2020-05-19,DO-40-2149,DO-40-2149,J:DO,CR40,f,2020-05-19,1,0,True,1,observed_burden,2020-05-27T00:00:00,8.0,True,1,1,1,3
DO-40-2149|2020-05-27,DO-40-2149,DO-40-2149,J:DO,CR40,f,2020-05-27,1,0,True,1,observed_burden,2020-06-02T00:00:00,6.0,True,1,1,1,3
DO-40-2149|2020-06-02,DO-40-2149,DO-40-2149,J:DO,CR40,f,2020-06-02,1,0,True,1,observed_burden,2020-06-09T00:00:00,7.0,True,1,1,1,3
DO-40-2149|2020-06-09,DO-40-2149,DO-40-2149,J:DO,CR40,f,2020-06-09,1,0,True,1,observed_burden,2020-06-16T00:00:00,7.0,True,1,1,1,3
DO-40-2149|2020-06-16,DO-40-2149,DO-40-2149,J:DO,CR40,f,2020-06-16,1,0,True,1,observed_burden,2020-06-23T00:00:00,7.0,True,1,1,1,3
DO-40-2149|2020-06-23,DO-40-2149,DO-40-2149,J:DO,CR40,f,2020-06-23,1,0,True,1,observed_burden,2020-06-30T00:00:00,7.0,True,1,1,1,3
DO-40-2149|2020-06-30,DO-40-2149,DO-40-2149,J:DO,CR40,f,2020-06-30,1,0,True,1,observed_burden,2020-07-07T00:00:00,7.0,True,1,1,1,3
DO-40-2149|2020-07-07,DO-40-2149,DO-40-2149,J:DO,CR40,f,2020-07-07,1,0,True,1,observed_burden,2020-07-14T00:00:00,7.0,True,1,1,1,3
DO-40-2149|2020-07-14,DO-40-2149,DO-40-2149,J:DO,CR40,f,2020-07-14,1,0,True,1,observed_burden,2020-07-21T00:00:00,7.0,True,1,1,1,3
DO-40-2149|2020-07-21,DO-40-2149,DO-40-2149,J:DO,CR40,f,2020-07-21,1,0,True,1,observed_burden,2020-07-28T00:00:00,7.0,True,1,1,1,3
DO-40-2149|2020-07-28,DO-40-2149,DO-40-2149,J:DO,CR40,f,2020-07-28,1,0,True,-1,no_assessment_in_window,,,False,0,0,0,3
DO-40-2149|2020-08-18,DO-40-2149,DO-40-2149,J:DO,CR40,f,2020-08-18,1,0,True,-1,no_assessment_in_window,,,False,0,0,0,3
DO-40-2150|2020-03-04,DO-40-2150,DO-40-2150,J:DO,CR40,f,2020-03-04,1,0,True,1,observed_burden,2020-03-10T00:00:00,6.0,True,1,1,1,4
DO-40-2150|2020-03-10,DO-40-2150,DO-40-2150,J:DO,CR40,f,2020-03-10,1,0,True,1,observed_burden,2020-03-17T00:00:00,7.0,True,1,1,1,4
DO-40-2150|2020-03-17,DO-40-2150,DO-40-2150,J:DO,CR40,f,2020-03-17,1,0,True,1,observed_burden,2020-03-24T00:00:00,7.0,True,1,1,1,4
DO-40-2150|2020-03-24,DO-40-2150,DO-40-2150,J:DO,CR40,f,2020-03-24,1,0,True,1,observed_burden,2020-03-31T00:00:00,7.0,True,1,1,1,4
DO-40-2150|2020-03-31,DO-40-2150,DO-40-2150,J:DO,CR40,f,2020-03-31,1,0,True,1,observed_burden,2020-04-07T00:00:00,7.0,True,1,1,1,4
DO-40-2150|2020-04-07,DO-40-2150,DO-40-2150,J:DO,CR40,f,2020-04-07,1,0,True,0,observed_burden,2020-04-14T00:00:00,7.0,True,1,1,1,4
DO-40-2150|2020-04-14,DO-40-2150,DO-40-2150,J:DO,CR40,f,2020-04-14,0,0,True,0,observed_burden,2020-04-21T00:00:00,7.0,True,1,1,1,4
DO-40-2150|2020-04-21,DO-40-2150,DO-40-2150,J:DO,CR40,f,2020-04-21,0,0,True,-1,no_assessment_in_window,,,False,0,0,0,4
DO-40-2150|2020-05-05,DO-40-2150,DO-40-2150,J:DO,CR40,f,2020-05-05,0,0,True,1,observed_burden,2020-05-12T00:00:00,7.0,True,1,1,1,4
DO-40-2150|2020-05-12,DO-40-2150,DO-40-2150,J:DO,CR40,f,2020-05-12,1,0,True,1,observed_burden,2020-05-19T00:00:00,7.0,True,1,1,1,4
DO-40-2150|2020-05-19,DO-40-2150,DO-40-2150,J:DO,CR40,f,2020-05-19,1,0,True,1,observed_burden,2020-05-27T00:00:00,8.0,True,1,1,1,4
DO-40-2150|2020-05-27,DO-40-2150,DO-40-2150,J:DO,CR40,f,2020-05-27,1,0,True,1,observed_burden,2020-06-02T00:00:00,6.0,True,1,1,1,4
DO-40-2150|2020-06-02,DO-40-2150,DO-40-2150,J:DO,CR40,f,2020-06-02,1,0,True,1,observed_burden,2020-06-09T00:00:00,7.0,True,1,1,1,4
DO-40-2150|2020-06-09,DO-40-2150,DO-40-2150,J:DO,CR40,f,2020-06-09,1,0,True,1,observed_burden,2020-06-16T00:00:00,7.0,True,1,1,1,4
DO-40-2150|2020-06-16,DO-40-2150,DO-40-2150,J:DO,CR40,f,2020-06-16,1,0,True,1,observed_burden,2020-06-23T00:00:00,7.0,True,1,1,1,4
DO-40-2150|2020-06-23,DO-40-2150,DO-40-2150,J:DO,CR40,f,2020-06-23,1,0,True,1,observed_burden,2020-06-30T00:00:00,7.0,True,1,1,1,4
DO-40-2150|2020-06-30,DO-40-2150,DO-40-2150,J:DO,CR40,f,2020-06-30,1,0,True,1,observed_burden,2020-07-07T00:00:00,7.0,True,1,1,1,4
DO-40-2150|2020-07-07,DO-40-2150,DO-40-2150,J:DO,CR40,f,2020-07-07,1,0,True,1,observed_burden,2020-07-14T00:00:00,7.0,True,1,1,1,4
DO-40-2150|2020-07-14,DO-40-2150,DO-40-2150,J:DO,CR40,f,2020-07-14,1,0,True,1,observed_burden,2020-07-21T00:00:00,7.0,True,1,1,1,4
DO-40-2150|2020-07-21,DO-40-2150,DO-40-2150,J:DO,CR40,f,2020-07-21,1,0,True,1,observed_burden,2020-07-28T00:00:00,7.0,True,1,1,1,4
DO-40-2150|2020-07-28,DO-40-2150,DO-40-2150,J:DO,CR40,f,2020-07-28,1,0,True,-1,no_assessment_in_window,,,False,0,0,0,4
DO-40-2150|2020-08-18,DO-40-2150,DO-40-2150,J:DO,CR40,f,2020-08-18,1,0,True,2,terminal_ES,2020-08-24T00:00:00,,False,0,0,0,4
DO-40-2151|2020-03-04,DO-40-2151,DO-40-2151,J:DO,CR40,f,2020-03-04,1,0,True,1,observed_burden,2020-03-10T00:00:00,6.0,True,1,1,1,2
DO-40-2151|2020-03-10,DO-40-2151,DO-40-2151,J:DO,CR40,f,2020-03-10,1,0,True,0,observed_burden,2020-03-17T00:00:00,7.0,True,1,1,1,2
DO-40-2151|2020-03-17,DO-40-2151,DO-40-2151,J:DO,CR40,f,2020-03-17,0,0,True,1,observed_burden,2020-03-24T00:00:00,7.0,True,1,1,1,2
DO-40-2151|2020-03-24,DO-40-2151,DO-40-2151,J:DO,CR40,f,2020-03-24,1,0,True,1,observed_burden,2020-03-31T00:00:00,7.0,True,1,1,1,2
DO-40-2151|2020-03-31,DO-40-2151,DO-40-2151,J:DO,CR40,f,2020-03-31,1,0,True,1,observed_burden,2020-04-07T00:00:00,7.0,True,1,1,1,2
DO-40-2151|2020-04-07,DO-40-2151,DO-40-2151,J:DO,CR40,f,2020-04-07,1,0,True,1,observed_burden,2020-04-14T00:00:00,7.0,True,1,1,1,2
DO-40-2151|2020-04-14,DO-40-2151,DO-40-2151,J:DO,CR40,f,2020-04-14,1,0,True,1,observed_burden,2020-04-21T00:00:00,7.0,True,1,1,1,2
DO-40-2151|2020-04-21,DO-40-2151,DO-40-2151,J:DO,CR40,f,2020-04-21,1,0,True,-1,no_assessment_in_window,,,False,0,0,0,2
DO-40-2151|2020-05-05,DO-40-2151,DO-40-2151,J:DO,CR40,f,2020-05-05,0,0,True,0,observed_burden,2020-05-12T00:00:00,7.0,True,1,1,1,2
DO-40-2151|2020-05-12,DO-40-2151,DO-40-2151,J:DO,CR40,f,2020-05-12,0,0,True,1,observed_burden,2020-05-19T00:00:00,7.0,True,1,1,1,2
DO-40-2151|2020-05-19,DO-40-2151,DO-40-2151,J:DO,CR40,f,2020-05-19,1,0,True,0,observed_burden,2020-05-27T00:00:00,8.0,True,1,1,1,2
DO-40-2151|2020-05-27,DO-40-2151,DO-40-2151,J:DO,CR40,f,2020-05-27,0,0,True,1,observed_burden,2020-06-02T00:00:00,6.0,True,1,1,1,2
DO-40-2151|2020-06-02,DO-40-2151,DO-40-2151,J:DO,CR40,f,2020-06-02,1,0,True,1,observed_burden,2020-06-09T00:00:00,7.0,True,1,1,1,2
DO-40-2151|2020-06-09,DO-40-2151,DO-40-2151,J:DO,CR40,f,2020-06-09,1,0,True,1,observed_burden,2020-06-16T00:00:00,7.0,True,1,1,1,2
DO-40-2151|2020-06-16,DO-40-2151,DO-40-2151,J:DO,CR40,f,2020-06-16,1,0,True,1,observed_burden,2020-06-23T00:00:00,7.0,True,1,1,1,2
DO-40-2151|2020-06-23,DO-40-2151,DO-40-2151,J:DO,CR40,f,2020-06-23,1,0,True,1,observed_burden,2020-06-30T00:00:00,7.0,True,1,1,1,2
DO-40-2151|2020-06-30,DO-40-2151,DO-40-2151,J:DO,CR40,f,2020-06-30,1,0,True,1,observed_burden,2020-07-07T00:00:00,7.0,True,1,1,1,2
DO-40-2151|2020-07-07,DO-40-2151,DO-40-2151,J:DO,CR40,f,2020-07-07,1,0,True,1,observed_burden,2020-07-14T00:00:00,7.0,True,1,1,1,2
DO-40-2151|2020-07-14,DO-40-2151,DO-40-2151,J:DO,CR40,f,2020-07-14,1,0,True,1,observed_burden,2020-07-21T00:00:00,7.0,True,1,1,1,2
DO-40-2151|2020-07-21,DO-40-2151,DO-40-2151,J:DO,CR40,f,2020-07-21,1,0,True,1,observed_burden,2020-07-28T00:00:00,7.0,True,1,1,1,2
DO-40-2151|2020-07-28,DO-40-2151,DO-40-2151,J:DO,CR40,f,2020-07-28,1,0,True,-1,no_assessment_in_window,,,False,0,0,0,2
DO-40-2151|2020-08-18,DO-40-2151,DO-40-2151,J:DO,CR40,f,2020-08-18,1,0,True,-1,no_assessment_in_window,,,False,0,0,0,2
DO-40-2151|2020-09-01,DO-40-2151,DO-40-2151,J:DO,CR40,f,2020-09-01,1,0,True,1,observed_burden,2020-09-07T00:00:00,6.0,True,1,1,1,2
DO-40-2151|2020-09-07,DO-40-2151,DO-40-2151,J:DO,CR40,f,2020-09-07,1,0,True,1,observed_burden,2020-09-13T00:00:00,6.0,True,1,1,1,2
DO-40-2151|2020-09-13,DO-40-2151,DO-40-2151,J:DO,CR40,f,2020-09-13,1,0,True,2,terminal_FD,2020-09-18T00:00:00,,False,0,0,0,2
DO-40-2152|2020-03-04,DO-40-2152,DO-40-2152,J:DO,CR40,f,2020-03-04,1,0,True,1,observed_burden,2020-03-10T00:00:00,6.0,True,1,1,1,4
DO-40-2152|2020-03-10,DO-40-2152,DO-40-2152,J:DO,CR40,f,2020-03-10,1,0,True,1,observed_burden,2020-03-17T00:00:00,7.0,True,1,1,1,4
DO-40-2152|2020-03-17,DO-40-2152,DO-40-2152,J:DO,CR40,f,2020-03-17,1,0,True,1,observed_burden,2020-03-24T00:00:00,7.0,True,1,1,1,4
DO-40-2152|2020-03-24,DO-40-2152,DO-40-2152,J:DO,CR40,f,2020-03-24,1,0,True,1,observed_burden,2020-03-31T00:00:00,7.0,True,1,1,1,4
DO-40-2152|2020-03-31,DO-40-2152,DO-40-2152,J:DO,CR40,f,2020-03-31,1,0,True,1,observed_burden,2020-04-07T00:00:00,7.0,True,1,1,1,4
DO-40-2152|2020-04-07,DO-40-2152,DO-40-2152,J:DO,CR40,f,2020-04-07,1,0,True,1,observed_burden,2020-04-14T00:00:00,7.0,True,1,1,1,4
DO-40-2152|2020-04-14,DO-40-2152,DO-40-2152,J:DO,CR40,f,2020-04-14,1,0,True,1,observed_burden,2020-04-21T00:00:00,7.0,True,1,1,1,4
DO-40-2152|2020-04-21,DO-40-2152,DO-40-2152,J:DO,CR40,f,2020-04-21,1,0,True,-1,no_assessment_in_window,,,False,0,0,0,4
DO-40-2152|2020-05-05,DO-40-2152,DO-40-2152,J:DO,CR40,f,2020-05-05,0,0,True,1,observed_burden,2020-05-12T00:00:00,7.0,True,1,1,1,4
DO-40-2152|2020-05-12,DO-40-2152,DO-40-2152,J:DO,CR40,f,2020-05-12,1,0,True,1,observed_burden,2020-05-19T00:00:00,7.0,True,1,1,1,4
DO-40-2152|2020-05-19,DO-40-2152,DO-40-2152,J:DO,CR40,f,2020-05-19,1,0,True,1,observed_burden,2020-05-27T00:00:00,8.0,True,1,1,1,4
DO-40-2152|2020-05-27,DO-40-2152,DO-40-2152,J:DO,CR40,f,2020-05-27,1,0,True,1,observed_burden,2020-06-02T00:00:00,6.0,True,1,1,1,4
DO-40-2152|2020-06-02,DO-40-2152,DO-40-2152,J:DO,CR40,f,2020-06-02,1,0,True,1,observed_burden,2020-06-09T00:00:00,7.0,True,1,1,1,4
DO-40-2152|2020-06-09,DO-40-2152,DO-40-2152,J:DO,CR40,f,2020-06-09,1,0,True,1,observed_burden,2020-06-16T00:00:00,7.0,True,1,1,1,4
DO-40-2152|2020-06-16,DO-40-2152,DO-40-2152,J:DO,CR40,f,2020-06-16,1,0,True,1,observed_burden,2020-06-23T00:00:00,7.0,True,1,1,1,4
DO-40-2152|2020-06-23,DO-40-2152,DO-40-2152,J:DO,CR40,f,2020-06-23,1,0,True,1,observed_burden,2020-06-30T00:00:00,7.0,True,1,1,1,4
DO-40-2152|2020-06-30,DO-40-2152,DO-40-2152,J:DO,CR40,f,2020-06-30,1,0,True,1,observed_burden,2020-07-07T00:00:00,7.0,True,1,1,1,4
DO-40-2152|2020-07-07,DO-40-2152,DO-40-2152,J:DO,CR40,f,2020-07-07,1,0,True,1,observed_burden,2020-07-14T00:00:00,7.0,True,1,1,1,4
DO-40-2152|2020-07-14,DO-40-2152,DO-40-2152,J:DO,CR40,f,2020-07-14,1,0,True,-1,no_assessment_in_window,,,False,0,0,0,4
DO-40-2152|2020-07-28,DO-40-2152,DO-40-2152,J:DO,CR40,f,2020-07-28,1,0,True,-1,no_assessment_in_window,,,False,0,0,0,4
DO-40-2152|2020-08-18,DO-40-2152,DO-40-2152,J:DO,CR40,f,2020-08-18,1,0,True,-1,no_assessment_in_window,,,False,0,0,0,4
DO-40-2152|2020-09-01,DO-40-2152,DO-40-2152,J:DO,CR40,f,2020-09-01,1,0,True,1,observed_burden,2020-09-07T00:00:00,6.0,True,1,1,1,4
DO-40-2152|2020-09-07,DO-40-2152,DO-40-2152,J:DO,CR40,f,2020-09-07,1,0,True,1,observed_burden,2020-09-13T00:00:00,6.0,True,1,1,1,4
DO-40-2152|2020-09-13,DO-40-2152,DO-40-2152,J:DO,CR40,f,2020-09-13,1,0,True,1,observed_burden,2020-09-20T00:00:00,7.0,True,1,1,1,4
DO-40-2152|2020-09-20,DO-40-2152,DO-40-2152,J:DO,CR40,f,2020-09-20,1,0,True,1,observed_burden,2020-09-28T00:00:00,8.0,True,1,1,1,4
DO-40-2152|2020-09-28,DO-40-2152,DO-40-2152,J:DO,CR40,f,2020-09-28,1,0,True,1,observed_burden,2020-10-05T00:00:00,7.0,True,1,1,1,4
DO-40-2152|2020-10-05,DO-40-2152,DO-40-2152,J:DO,CR40,f,2020-10-05,1,0,True,1,observed_burden,2020-10-11T00:00:00,6.0,True,1,1,1,4
DO-40-2152|2020-10-11,DO-40-2152,DO-40-2152,J:DO,CR40,f,2020-10-11,1,0,True,1,observed_burden,2020-10-18T00:00:00,7.0,True,1,1,1,4
DO-40-2152|2020-10-18,DO-40-2152,DO-40-2152,J:DO,CR40,f,2020-10-18,1,0,True,1,observed_burden,2020-10-27T00:00:00,9.0,True,1,1,1,4
DO-40-2152|2020-10-27,DO-40-2152,DO-40-2152,J:DO,CR40,f,2020-10-27,1,0,True,1,observed_burden,2020-11-03T00:00:00,7.0,True,1,1,1,4
DO-40-2152|2020-11-03,DO-40-2152,DO-40-2152,J:DO,CR40,f,2020-11-03,1,0,True,1,observed_burden,2020-11-09T00:00:00,6.0,True,1,1,1,4
DO-40-2152|2020-11-09,DO-40-2152,DO-40-2152,J:DO,CR40,f,2020-11-09,1,0,True,1,observed_burden,2020-11-17T00:00:00,8.0,True,1,1,1,4
DO-40-2152|2020-11-17,DO-40-2152,DO-40-2152,J:DO,CR40,f,2020-11-17,1,0,True,2,terminal_FD,2020-11-19T00:00:00,,False,0,0,0,4
DO-40-2153|2020-03-04,DO-40-2153,DO-40-2153,J:DO,CR40,f,2020-03-04,1,0,True,1,observed_burden,2020-03-10T00:00:00,6.0,True,1,1,1,2
DO-40-2153|2020-03-10,DO-40-2153,DO-40-2153,J:DO,CR40,f,2020-03-10,1,0,True,1,observed_burden,2020-03-17T00:00:00,7.0,True,1,1,1,2
DO-40-2153|2020-03-17,DO-40-2153,DO-40-2153,J:DO,CR40,f,2020-03-17,1,0,True,1,observed_burden,2020-03-24T00:00:00,7.0,True,1,1,1,2
DO-40-2153|2020-03-24,DO-40-2153,DO-40-2153,J:DO,CR40,f,2020-03-24,1,0,True,1,observed_burden,2020-03-31T00:00:00,7.0,True,1,1,1,2
DO-40-2153|2020-03-31,DO-40-2153,DO-40-2153,J:DO,CR40,f,2020-03-31,1,0,True,1,observed_burden,2020-04-07T00:00:00,7.0,True,1,1,1,2
DO-40-2153|2020-04-07,DO-40-2153,DO-40-2153,J:DO,CR40,f,2020-04-07,1,0,True,1,observed_burden,2020-04-14T00:00:00,7.0,True,1,1,1,2
DO-40-2153|2020-04-14,DO-40-2153,DO-40-2153,J:DO,CR40,f,2020-04-14,1,0,True,1,observed_burden,2020-04-21T00:00:00,7.0,True,1,1,1,2
DO-40-2153|2020-04-21,DO-40-2153,DO-40-2153,J:DO,CR40,f,2020-04-21,1,0,True,-1,no_assessment_in_window,,,False,0,0,0,2
DO-40-2153|2020-05-05,DO-40-2153,DO-40-2153,J:DO,CR40,f,2020-05-05,0,0,True,-1,no_assessment_in_window,,,False,0,0,0,2
DO-40-2153|2020-05-19,DO-40-2153,DO-40-2153,J:DO,CR40,f,2020-05-19,1,0,True,0,observed_burden,2020-05-27T00:00:00,8.0,True,1,1,1,2
DO-40-2153|2020-05-27,DO-40-2153,DO-40-2153,J:DO,CR40,f,2020-05-27,0,0,True,1,observed_burden,2020-06-02T00:00:00,6.0,True,1,1,1,2
DO-40-2153|2020-06-02,DO-40-2153,DO-40-2153,J:DO,CR40,f,2020-06-02,1,0,True,1,observed_burden,2020-06-09T00:00:00,7.0,True,1,1,1,2
DO-40-2153|2020-06-09,DO-40-2153,DO-40-2153,J:DO,CR40,f,2020-06-09,1,0,True,1,observed_burden,2020-06-16T00:00:00,7.0,True,1,1,1,2
DO-40-2153|2020-06-16,DO-40-2153,DO-40-2153,J:DO,CR40,f,2020-06-16,1,0,True,1,observed_burden,2020-06-23T00:00:00,7.0,True,1,1,1,2
DO-40-2153|2020-06-23,DO-40-2153,DO-40-2153,J:DO,CR40,f,2020-06-23,1,0,True,1,observed_burden,2020-06-30T00:00:00,7.0,True,1,1,1,2
DO-40-2153|2020-06-30,DO-40-2153,DO-40-2153,J:DO,CR40,f,2020-06-30,1,0,True,1,observed_burden,2020-07-07T00:00:00,7.0,True,1,1,1,2
DO-40-2153|2020-07-07,DO-40-2153,DO-40-2153,J:DO,CR40,f,2020-07-07,1,0,True,1,observed_burden,2020-07-14T00:00:00,7.0,True,1,1,1,2
DO-40-2153|2020-07-14,DO-40-2153,DO-40-2153,J:DO,CR40,f,2020-07-14,1,0,True,1,observed_burden,2020-07-21T00:00:00,7.0,True,1,1,1,2
DO-40-2153|2020-07-21,DO-40-2153,DO-40-2153,J:DO,CR40,f,2020-07-21,1,0,True,1,observed_burden,2020-07-28T00:00:00,7.0,True,1,1,1,2
DO-40-2153|2020-07-28,DO-40-2153,DO-40-2153,J:DO,CR40,f,2020-07-28,1,0,True,-1,no_assessment_in_window,,,False,0,0,0,2
DO-40-2153|2020-08-18,DO-40-2153,DO-40-2153,J:DO,CR40,f,2020-08-18,1,0,True,-1,no_assessment_in_window,,,False,0,0,0,2
DO-40-2153|2020-09-01,DO-40-2153,DO-40-2153,J:DO,CR40,f,2020-09-01,1,0,True,1,observed_burden,2020-09-07T00:00:00,6.0,True,1,1,1,2
DO-40-2153|2020-09-07,DO-40-2153,DO-40-2153,J:DO,CR40,f,2020-09-07,1,0,True,1,observed_burden,2020-09-13T00:00:00,6.0,True,1,1,1,2
DO-40-2153|2020-09-13,DO-40-2153,DO-40-2153,J:DO,CR40,f,2020-09-13,1,0,True,1,observed_burden,2020-09-20T00:00:00,7.0,True,1,1,1,2
DO-40-2153|2020-09-20,DO-40-2153,DO-40-2153,J:DO,CR40,f,2020-09-20,1,0,True,1,observed_burden,2020-09-28T00:00:00,8.0,True,1,1,1,2
DO-40-2153|2020-09-28,DO-40-2153,DO-40-2153,J:DO,CR40,f,2020-09-28,1,0,True,1,observed_burden,2020-10-05T00:00:00,7.0,True,1,1,1,2
DO-40-2153|2020-10-05,DO-40-2153,DO-40-2153,J:DO,CR40,f,2020-10-05,1,0,True,1,observed_burden,2020-10-11T00:00:00,6.0,True,1,1,1,2
DO-40-2153|2020-10-11,DO-40-2153,DO-40-2153,J:DO,CR40,f,2020-10-11,1,0,True,1,observed_burden,2020-10-18T00:00:00,7.0,True,1,1,1,2
DO-40-2153|2020-10-18,DO-40-2153,DO-40-2153,J:DO,CR40,f,2020-10-18,1,0,True,1,observed_burden,2020-10-27T00:00:00,9.0,True,1,1,1,2
DO-40-2153|2020-10-27,DO-40-2153,DO-40-2153,J:DO,CR40,f,2020-10-27,1,0,True,1,observed_burden,2020-11-03T00:00:00,7.0,True,1,1,1,2
DO-40-2153|2020-11-03,DO-40-2153,DO-40-2153,J:DO,CR40,f,2020-11-03,1,0,True,1,observed_burden,2020-11-09T00:00:00,6.0,True,1,1,1,2
DO-40-2153|2020-11-09,DO-40-2153,DO-40-2153,J:DO,CR40,f,2020-11-09,1,0,True,1,observed_burden,2020-11-17T00:00:00,8.0,True,1,1,1,2
DO-40-2153|2020-11-17,DO-40-2153,DO-40-2153,J:DO,CR40,f,2020-11-17,1,0,True,1,observed_burden,2020-11-24T00:00:00,7.0,True,1,1,1,2
DO-40-2153|2020-11-24,DO-40-2153,DO-40-2153,J:DO,CR40,f,2020-11-24,1,0,True,1,observed_burden,2020-12-01T00:00:00,7.0,True,1,1,1,2
DO-40-2153|2020-12-01,DO-40-2153,DO-40-2153,J:DO,CR40,f,2020-12-01,1,0,True,1,observed_burden,2020-12-08T00:00:00,7.0,True,1,1,1,2
DO-40-2153|2020-12-08,DO-40-2153,DO-40-2153,J:DO,CR40,f,2020-12-08,1,0,True,1,observed_burden,2020-12-15T00:00:00,7.0,True,1,1,1,2
DO-40-2153|2020-12-15,DO-40-2153,DO-40-2153,J:DO,CR40,f,2020-12-15,1,0,True,1,observed_burden,2020-12-22T00:00:00,7.0,True,1,1,1,2
DO-40-2153|2020-12-22,DO-40-2153,DO-40-2153,J:DO,CR40,f,2020-12-22,1,0,True,1,observed_burden,2020-12-29T00:00:00,7.0,True,1,1,1,2
DO-40-2153|2020-12-29,DO-40-2153,DO-40-2153,J:DO,CR40,f,2020-12-29,1,0,True,1,observed_burden,2021-01-05T00:00:00,7.0,True,1,1,1,2
DO-40-2153|2021-01-05,DO-40-2153,DO-40-2153,J:DO,CR40,f,2021-01-05,1,0,True,1,observed_burden,2021-01-11T00:00:00,6.0,True,1,1,1,2
DO-40-2153|2021-01-11,DO-40-2153,DO-40-2153,J:DO,CR40,f,2021-01-11,1,0,True,1,observed_burden,2021-01-19T00:00:00,8.0,True,1,1,1,2
DO-40-2153|2021-01-19,DO-40-2153,DO-40-2153,J:DO,CR40,f,2021-01-19,1,0,True,-1,no_assessment_in_window,,,False,0,0,0,2
DO-40-2153|2021-02-01,DO-40-2153,DO-40-2153,J:DO,CR40,f,2021-02-01,1,0,True,1,observed_burden,2021-02-09T00:00:00,8.0,True,1,1,1,2
DO-40-2153|2021-02-09,DO-40-2153,DO-40-2153,J:DO,CR40,f,2021-02-09,1,0,True,1,observed_burden,2021-02-15T00:00:00,6.0,True,1,1,1,2
DO-40-2153|2021-02-15,DO-40-2153,DO-40-2153,J:DO,CR40,f,2021-02-15,1,0,True,1,observed_burden,2021-02-23T00:00:00,8.0,True,1,1,1,2
DO-40-2153|2021-02-23,DO-40-2153,DO-40-2153,J:DO,CR40,f,2021-02-23,1,0,True,1,observed_burden,2021-03-03T00:00:00,8.0,True,1,1,1,2
DO-40-2153|2021-03-03,DO-40-2153,DO-40-2153,J:DO,CR40,f,2021-03-03,1,0,True,1,observed_burden,2021-03-09T00:00:00,6.0,True,1,1,1,2
DO-40-2153|2021-03-09,DO-40-2153,DO-40-2153,J:DO,CR40,f,2021-03-09,1,0,True,1,observed_burden,2021-03-15T00:00:00,6.0,True,1,1,1,2
DO-40-2153|2021-03-15,DO-40-2153,DO-40-2153,J:DO,CR40,f,2021-03-15,1,0,True,1,observed_burden,2021-03-22T00:00:00,7.0,True,1,1,1,2
DO-40-2153|2021-03-22,DO-40-2153,DO-40-2153,J:DO,CR40,f,2021-03-22,1,0,True,1,observed_burden,2021-03-29T00:00:00,7.0,True,1,1,1,2
DO-40-2153|2021-03-29,DO-40-2153,DO-40-2153,J:DO,CR40,f,2021-03-29,1,0,True,1,observed_burden,2021-04-05T00:00:00,7.0,True,1,1,1,2
DO-40-2153|2021-04-05,DO-40-2153,DO-40-2153,J:DO,CR40,f,2021-04-05,1,0,True,1,observed_burden,2021-04-12T00:00:00,7.0,True,1,1,1,2
DO-40-2153|2021-04-12,DO-40-2153,DO-40-2153,J:DO,CR40,f,2021-04-12,1,0,True,1,observed_burden,2021-04-19T00:00:00,7.0,True,1,1,1,2
DO-40-2153|2021-04-19,DO-40-2153,DO-40-2153,J:DO,CR40,f,2021-04-19,1,0,True,1,observed_burden,2021-04-27T00:00:00,8.0,True,1,1,1,2
DO-40-2153|2021-04-27,DO-40-2153,DO-40-2153,J:DO,CR40,f,2021-04-27,1,0,True,1,observed_burden,2021-05-03T00:00:00,6.0,True,1,1,1,2
DO-40-2153|2021-05-03,DO-40-2153,DO-40-2153,J:DO,CR40,f,2021-05-03,1,0,True,1,observed_burden,2021-05-10T00:00:00,7.0,True,1,1,1,2
DO-40-2153|2021-05-10,DO-40-2153,DO-40-2153,J:DO,CR40,f,2021-05-10,1,0,True,1,observed_burden,2021-05-17T00:00:00,7.0,True,1,1,1,2
DO-40-2153|2021-05-17,DO-40-2153,DO-40-2153,J:DO,CR40,f,2021-05-17,1,0,True,2,terminal_FD,2021-05-24T00:00:00,,False,0,0,0,2
DO-40-2156|2020-03-04,DO-40-2156,DO-40-2156,J:DO,CR40,f,2020-03-04,1,0,True,1,observed_burden,2020-03-10T00:00:00,6.0,True,1,1,1,2
DO-40-2156|2020-03-10,DO-40-2156,DO-40-2156,J:DO,CR40,f,2020-03-10,1,0,True,0,observed_burden,2020-03-17T00:00:00,7.0,True,1,1,1,2
DO-40-2156|2020-03-17,DO-40-2156,DO-40-2156,J:DO,CR40,f,2020-03-17,0,0,True,1,observed_burden,2020-03-24T00:00:00,7.0,True,1,1,1,2
DO-40-2156|2020-03-24,DO-40-2156,DO-40-2156,J:DO,CR40,f,2020-03-24,1,0,True,1,observed_burden,2020-03-31T00:00:00,7.0,True,1,1,1,2
DO-40-2156|2020-03-31,DO-40-2156,DO-40-2156,J:DO,CR40,f,2020-03-31,1,0,True,1,observed_burden,2020-04-07T00:00:00,7.0,True,1,1,1,2
DO-40-2156|2020-04-07,DO-40-2156,DO-40-2156,J:DO,CR40,f,2020-04-07,1,0,True,1,observed_burden,2020-04-14T00:00:00,7.0,True,1,1,1,2
DO-40-2156|2020-04-14,DO-40-2156,DO-40-2156,J:DO,CR40,f,2020-04-14,1,0,True,1,observed_burden,2020-04-21T00:00:00,7.0,True,1,1,1,2
DO-40-2156|2020-04-21,DO-40-2156,DO-40-2156,J:DO,CR40,f,2020-04-21,1,0,True,-1,no_assessment_in_window,,,False,0,0,0,2
DO-40-2156|2020-05-05,DO-40-2156,DO-40-2156,J:DO,CR40,f,2020-05-05,1,0,True,-1,no_assessment_in_window,,,False,0,0,0,2
DO-40-2156|2020-05-19,DO-40-2156,DO-40-2156,J:DO,CR40,f,2020-05-19,1,0,True,1,observed_burden,2020-05-27T00:00:00,8.0,True,1,1,1,2
DO-40-2156|2020-05-27,DO-40-2156,DO-40-2156,J:DO,CR40,f,2020-05-27,1,0,True,1,observed_burden,2020-06-02T00:00:00,6.0,True,1,1,1,2
DO-40-2156|2020-06-02,DO-40-2156,DO-40-2156,J:DO,CR40,f,2020-06-02,1,0,True,1,observed_burden,2020-06-09T00:00:00,7.0,True,1,1,1,2
DO-40-2156|2020-06-09,DO-40-2156,DO-40-2156,J:DO,CR40,f,2020-06-09,1,0,True,1,observed_burden,2020-06-16T00:00:00,7.0,True,1,1,1,2
DO-40-2156|2020-06-16,DO-40-2156,DO-40-2156,J:DO,CR40,f,2020-06-16,1,0,True,1,observed_burden,2020-06-23T00:00:00,7.0,True,1,1,1,2
DO-40-2156|2020-06-23,DO-40-2156,DO-40-2156,J:DO,CR40,f,2020-06-23,1,0,True,1,observed_burden,2020-06-30T00:00:00,7.0,True,1,1,1,2
DO-40-2156|2020-06-30,DO-40-2156,DO-40-2156,J:DO,CR40,f,2020-06-30,1,0,True,1,observed_burden,2020-07-07T00:00:00,7.0,True,1,1,1,2
DO-40-2156|2020-07-07,DO-40-2156,DO-40-2156,J:DO,CR40,f,2020-07-07,1,0,True,1,observed_burden,2020-07-14T00:00:00,7.0,True,1,1,1,2
DO-40-2156|2020-07-14,DO-40-2156,DO-40-2156,J:DO,CR40,f,2020-07-14,1,0,True,1,observed_burden,2020-07-21T00:00:00,7.0,True,1,1,1,2
DO-40-2156|2020-07-21,DO-40-2156,DO-40-2156,J:DO,CR40,f,2020-07-21,1,0,True,1,observed_burden,2020-07-28T00:00:00,7.0,True,1,1,1,2
DO-40-2156|2020-07-28,DO-40-2156,DO-40-2156,J:DO,CR40,f,2020-07-28,1,0,True,-1,no_assessment_in_window,,,False,0,0,0,2
DO-40-2156|2020-08-18,DO-40-2156,DO-40-2156,J:DO,CR40,f,2020-08-18,1,0,True,-1,no_assessment_in_window,,,False,0,0,0,2
DO-40-2156|2020-09-01,DO-40-2156,DO-40-2156,J:DO,CR40,f,2020-09-01,1,0,True,1,observed_burden,2020-09-07T00:00:00,6.0,True,1,1,1,2
DO-40-2156|2020-09-07,DO-40-2156,DO-40-2156,J:DO,CR40,f,2020-09-07,1,0,True,1,observed_burden,2020-09-13T00:00:00,6.0,True,1,1,1,2
DO-40-2156|2020-09-13,DO-40-2156,DO-40-2156,J:DO,CR40,f,2020-09-13,1,0,True,1,observed_burden,2020-09-20T00:00:00,7.0,True,1,1,1,2
DO-40-2156|2020-09-20,DO-40-2156,DO-40-2156,J:DO,CR40,f,2020-09-20,1,0,True,1,observed_burden,2020-09-28T00:00:00,8.0,True,1,1,1,2
DO-40-2156|2020-09-28,DO-40-2156,DO-40-2156,J:DO,CR40,f,2020-09-28,1,0,True,1,observed_burden,2020-10-05T00:00:00,7.0,True,1,1,1,2
DO-40-2156|2020-10-05,DO-40-2156,DO-40-2156,J:DO,CR40,f,2020-10-05,1,0,True,1,observed_burden,2020-10-11T00:00:00,6.0,True,1,1,1,2
DO-40-2156|2020-10-11,DO-40-2156,DO-40-2156,J:DO,CR40,f,2020-10-11,1,0,True,1,observed_burden,2020-10-18T00:00:00,7.0,True,1,1,1,2
DO-40-2156|2020-10-18,DO-40-2156,DO-40-2156,J:DO,CR40,f,2020-10-18,1,0,True,1,observed_burden,2020-10-27T00:00:00,9.0,True,1,1,1,2
DO-40-2156|2020-10-27,DO-40-2156,DO-40-2156,J:DO,CR40,f,2020-10-27,1,0,True,1,observed_burden,2020-11-03T00:00:00,7.0,True,1,1,1,2
DO-40-2156|2020-11-03,DO-40-2156,DO-40-2156,J:DO,CR40,f,2020-11-03,1,0,True,1,observed_burden,2020-11-09T00:00:00,6.0,True,1,1,1,2
DO-40-2156|2020-11-09,DO-40-2156,DO-40-2156,J:DO,CR40,f,2020-11-09,1,0,True,1,observed_burden,2020-11-17T00:00:00,8.0,True,1,1,1,2
DO-40-2156|2020-11-17,DO-40-2156,DO-40-2156,J:DO,CR40,f,2020-11-17,1,0,True,1,observed_burden,2020-11-24T00:00:00,7.0,True,1,1,1,2
DO-40-2156|2020-11-24,DO-40-2156,DO-40-2156,J:DO,CR40,f,2020-11-24,1,0,True,1,observed_burden,2020-12-01T00:00:00,7.0,True,1,1,1,2
DO-40-2156|2020-12-01,DO-40-2156,DO-40-2156,J:DO,CR40,f,2020-12-01,1,0,True,1,observed_burden,2020-12-08T00:00:00,7.0,True,1,1,1,2
DO-40-2156|2020-12-08,DO-40-2156,DO-40-2156,J:DO,CR40,f,2020-12-08,1,0,True,1,observed_burden,2020-12-15T00:00:00,7.0,True,1,1,1,2
DO-40-2156|2020-12-15,DO-40-2156,DO-40-2156,J:DO,CR40,f,2020-12-15,1,0,True,1,observed_burden,2020-12-22T00:00:00,7.0,True,1,1,1,2
DO-40-2156|2020-12-22,DO-40-2156,DO-40-2156,J:DO,CR40,f,2020-12-22,1,0,True,1,observed_burden,2020-12-29T00:00:00,7.0,True,1,1,1,2
DO-40-2156|2020-12-29,DO-40-2156,DO-40-2156,J:DO,CR40,f,2020-12-29,1,0,True,1,observed_burden,2021-01-05T00:00:00,7.0,True,1,1,1,2
DO-40-2156|2021-01-05,DO-40-2156,DO-40-2156,J:DO,CR40,f,2021-01-05,1,0,True,1,observed_burden,2021-01-11T00:00:00,6.0,True,1,1,1,2
DO-40-2156|2021-01-11,DO-40-2156,DO-40-2156,J:DO,CR40,f,2021-01-11,1,0,True,2,terminal_RE,2021-01-18T00:00:00,,False,0,0,0,2
DO-40-2157|2020-03-04,DO-40-2157,DO-40-2157,J:DO,CR40,f,2020-03-04,1,0,True,0,observed_burden,2020-03-10T00:00:00,6.0,True,1,1,1,2
DO-40-2157|2020-03-10,DO-40-2157,DO-40-2157,J:DO,CR40,f,2020-03-10,0,0,True,0,observed_burden,2020-03-17T00:00:00,7.0,True,1,1,1,2
DO-40-2157|2020-03-17,DO-40-2157,DO-40-2157,J:DO,CR40,f,2020-03-17,0,0,True,0,observed_burden,2020-03-24T00:00:00,7.0,True,1,1,1,2
DO-40-2157|2020-03-24,DO-40-2157,DO-40-2157,J:DO,CR40,f,2020-03-24,0,0,True,0,observed_burden,2020-03-31T00:00:00,7.0,True,1,1,1,2
DO-40-2157|2020-03-31,DO-40-2157,DO-40-2157,J:DO,CR40,f,2020-03-31,0,0,True,1,observed_burden,2020-04-07T00:00:00,7.0,True,1,1,1,2
DO-40-2157|2020-04-07,DO-40-2157,DO-40-2157,J:DO,CR40,f,2020-04-07,1,0,True,0,observed_burden,2020-04-14T00:00:00,7.0,True,1,1,1,2
DO-40-2157|2020-04-14,DO-40-2157,DO-40-2157,J:DO,CR40,f,2020-04-14,0,0,True,1,observed_burden,2020-04-21T00:00:00,7.0,True,1,1,1,2
DO-40-2157|2020-04-21,DO-40-2157,DO-40-2157,J:DO,CR40,f,2020-04-21,1,0,True,-1,no_assessment_in_window,,,False,0,0,0,2
DO-40-2157|2020-05-05,DO-40-2157,DO-40-2157,J:DO,CR40,f,2020-05-05,0,0,True,-1,no_assessment_in_window,,,False,0,0,0,2
DO-40-2157|2020-05-19,DO-40-2157,DO-40-2157,J:DO,CR40,f,2020-05-19,0,0,True,0,observed_burden,2020-05-27T00:00:00,8.0,True,1,1,1,2
DO-40-2157|2020-05-27,DO-40-2157,DO-40-2157,J:DO,CR40,f,2020-05-27,0,0,True,0,observed_burden,2020-06-02T00:00:00,6.0,True,1,1,1,2
DO-40-2157|2020-06-02,DO-40-2157,DO-40-2157,J:DO,CR40,f,2020-06-02,0,0,True,0,observed_burden,2020-06-09T00:00:00,7.0,True,1,1,1,2
DO-40-2157|2020-06-09,DO-40-2157,DO-40-2157,J:DO,CR40,f,2020-06-09,0,0,True,0,observed_burden,2020-06-16T00:00:00,7.0,True,1,1,1,2
DO-40-2157|2020-06-16,DO-40-2157,DO-40-2157,J:DO,CR40,f,2020-06-16,0,0,True,0,observed_burden,2020-06-23T00:00:00,7.0,True,1,1,1,2
DO-40-2157|2020-06-23,DO-40-2157,DO-40-2157,J:DO,CR40,f,2020-06-23,0,0,True,0,observed_burden,2020-06-30T00:00:00,7.0,True,1,1,1,2
DO-40-2157|2020-06-30,DO-40-2157,DO-40-2157,J:DO,CR40,f,2020-06-30,0,0,True,0,observed_burden,2020-07-07T00:00:00,7.0,True,1,1,1,2
DO-40-2157|2020-07-07,DO-40-2157,DO-40-2157,J:DO,CR40,f,2020-07-07,0,0,True,0,observed_burden,2020-07-14T00:00:00,7.0,True,1,1,1,2
DO-40-2157|2020-07-14,DO-40-2157,DO-40-2157,J:DO,CR40,f,2020-07-14,0,0,True,1,observed_burden,2020-07-21T00:00:00,7.0,True,1,1,1,2
DO-40-2157|2020-07-21,DO-40-2157,DO-40-2157,J:DO,CR40,f,2020-07-21,1,0,True,1,observed_burden,2020-07-28T00:00:00,7.0,True,1,1,1,2
DO-40-2157|2020-07-28,DO-40-2157,DO-40-2157,J:DO,CR40,f,2020-07-28,1,0,True,-1,no_assessment_in_window,,,False,0,0,0,2
DO-40-2157|2020-08-18,DO-40-2157,DO-40-2157,J:DO,CR40,f,2020-08-18,1,0,True,-1,no_assessment_in_window,,,False,0,0,0,2
DO-40-2157|2020-09-01,DO-40-2157,DO-40-2157,J:DO,CR40,f,2020-09-01,1,0,True,2,terminal_FD,2020-09-04T00:00:00,,False,0,0,0,2
DO-40-2158|2020-03-04,DO-40-2158,DO-40-2158,J:DO,CR40,f,2020-03-04,1,0,True,1,observed_burden,2020-03-10T00:00:00,6.0,True,1,1,1,4
DO-40-2158|2020-03-10,DO-40-2158,DO-40-2158,J:DO,CR40,f,2020-03-10,1,0,True,1,observed_burden,2020-03-17T00:00:00,7.0,True,1,1,1,4
DO-40-2158|2020-03-17,DO-40-2158,DO-40-2158,J:DO,CR40,f,2020-03-17,1,0,True,1,observed_burden,2020-03-24T00:00:00,7.0,True,1,1,1,4
DO-40-2158|2020-03-24,DO-40-2158,DO-40-2158,J:DO,CR40,f,2020-03-24,1,0,True,1,observed_burden,2020-03-31T00:00:00,7.0,True,1,1,1,4
DO-40-2158|2020-03-31,DO-40-2158,DO-40-2158,J:DO,CR40,f,2020-03-31,1,0,True,1,observed_burden,2020-04-07T00:00:00,7.0,True,1,1,1,4
DO-40-2158|2020-04-07,DO-40-2158,DO-40-2158,J:DO,CR40,f,2020-04-07,1,0,True,1,observed_burden,2020-04-14T00:00:00,7.0,True,1,1,1,4
DO-40-2158|2020-04-14,DO-40-2158,DO-40-2158,J:DO,CR40,f,2020-04-14,1,0,True,1,observed_burden,2020-04-21T00:00:00,7.0,True,1,1,1,4
DO-40-2158|2020-04-21,DO-40-2158,DO-40-2158,J:DO,CR40,f,2020-04-21,1,0,True,-1,no_assessment_in_window,,,False,0,0,0,4
DO-40-2158|2020-05-05,DO-40-2158,DO-40-2158,J:DO,CR40,f,2020-05-05,0,0,True,-1,no_assessment_in_window,,,False,0,0,0,4
DO-40-2158|2020-05-19,DO-40-2158,DO-40-2158,J:DO,CR40,f,2020-05-19,1,0,True,0,observed_burden,2020-05-27T00:00:00,8.0,True,1,1,1,4
DO-40-2158|2020-05-27,DO-40-2158,DO-40-2158,J:DO,CR40,f,2020-05-27,0,0,True,1,observed_burden,2020-06-02T00:00:00,6.0,True,1,1,1,4
DO-40-2158|2020-06-02,DO-40-2158,DO-40-2158,J:DO,CR40,f,2020-06-02,1,0,True,1,observed_burden,2020-06-09T00:00:00,7.0,True,1,1,1,4
DO-40-2158|2020-06-09,DO-40-2158,DO-40-2158,J:DO,CR40,f,2020-06-09,1,0,True,1,observed_burden,2020-06-16T00:00:00,7.0,True,1,1,1,4
DO-40-2158|2020-06-16,DO-40-2158,DO-40-2158,J:DO,CR40,f,2020-06-16,1,0,True,1,observed_burden,2020-06-23T00:00:00,7.0,True,1,1,1,4
DO-40-2158|2020-06-23,DO-40-2158,DO-40-2158,J:DO,CR40,f,2020-06-23,1,0,True,1,observed_burden,2020-06-30T00:00:00,7.0,True,1,1,1,4
DO-40-2158|2020-06-30,DO-40-2158,DO-40-2158,J:DO,CR40,f,2020-06-30,1,0,True,1,observed_burden,2020-07-07T00:00:00,7.0,True,1,1,1,4
DO-40-2158|2020-07-07,DO-40-2158,DO-40-2158,J:DO,CR40,f,2020-07-07,1,0,True,1,observed_burden,2020-07-14T00:00:00,7.0,True,1,1,1,4
DO-40-2158|2020-07-14,DO-40-2158,DO-40-2158,J:DO,CR40,f,2020-07-14,1,0,True,1,observed_burden,2020-07-21T00:00:00,7.0,True,1,1,1,4
DO-40-2158|2020-07-21,DO-40-2158,DO-40-2158,J:DO,CR40,f,2020-07-21,1,0,True,1,observed_burden,2020-07-28T00:00:00,7.0,True,1,1,1,4
DO-40-2158|2020-07-28,DO-40-2158,DO-40-2158,J:DO,CR40,f,2020-07-28,1,0,True,-1,no_assessment_in_window,,,False,0,0,0,4
DO-40-2158|2020-08-18,DO-40-2158,DO-40-2158,J:DO,CR40,f,2020-08-18,1,0,True,-1,no_assessment_in_window,,,False,0,0,0,4
DO-40-2158|2020-09-01,DO-40-2158,DO-40-2158,J:DO,CR40,f,2020-09-01,1,0,True,1,observed_burden,2020-09-07T00:00:00,6.0,True,1,1,1,4
DO-40-2158|2020-09-07,DO-40-2158,DO-40-2158,J:DO,CR40,f,2020-09-07,1,0,True,1,observed_burden,2020-09-13T00:00:00,6.0,True,1,1,1,4
DO-40-2158|2020-09-13,DO-40-2158,DO-40-2158,J:DO,CR40,f,2020-09-13,1,0,True,1,observed_burden,2020-09-20T00:00:00,7.0,True,1,1,1,4
DO-40-2158|2020-09-20,DO-40-2158,DO-40-2158,J:DO,CR40,f,2020-09-20,1,0,True,1,observed_burden,2020-09-28T00:00:00,8.0,True,1,1,1,4
DO-40-2158|2020-09-28,DO-40-2158,DO-40-2158,J:DO,CR40,f,2020-09-28,1,0,True,1,observed_burden,2020-10-05T00:00:00,7.0,True,1,1,1,4
DO-40-2158|2020-10-05,DO-40-2158,DO-40-2158,J:DO,CR40,f,2020-10-05,1,0,True,1,observed_burden,2020-10-11T00:00:00,6.0,True,1,1,1,4
DO-40-2158|2020-10-11,DO-40-2158,DO-40-2158,J:DO,CR40,f,2020-10-11,1,0,True,1,observed_burden,2020-10-18T00:00:00,7.0,True,1,1,1,4
DO-40-2158|2020-10-18,DO-40-2158,DO-40-2158,J:DO,CR40,f,2020-10-18,1,0,True,1,observed_burden,2020-10-27T00:00:00,9.0,True,1,1,1,4
DO-40-2158|2020-10-27,DO-40-2158,DO-40-2158,J:DO,CR40,f,2020-10-27,1,0,True,1,observed_burden,2020-11-03T00:00:00,7.0,True,1,1,1,4
DO-40-2158|2020-11-03,DO-40-2158,DO-40-2158,J:DO,CR40,f,2020-11-03,1,0,True,1,observed_burden,2020-11-09T00:00:00,6.0,True,1,1,1,4
DO-40-2158|2020-11-09,DO-40-2158,DO-40-2158,J:DO,CR40,f,2020-11-09,1,0,True,1,observed_burden,2020-11-17T00:00:00,8.0,True,1,1,1,4
DO-40-2158|2020-11-17,DO-40-2158,DO-40-2158,J:DO,CR40,f,2020-11-17,1,0,True,1,observed_burden,2020-11-24T00:00:00,7.0,True,1,1,1,4
DO-40-2158|2020-11-24,DO-40-2158,DO-40-2158,J:DO,CR40,f,2020-11-24,1,0,True,2,terminal_FD,2020-11-29T00:00:00,,False,0,0,0,4
DO-40-2159|2020-03-04,DO-40-2159,DO-40-2159,J:DO,CR40,f,2020-03-04,1,0,True,0,observed_burden,2020-03-10T00:00:00,6.0,True,1,1,1,1
DO-40-2159|2020-03-10,DO-40-2159,DO-40-2159,J:DO,CR40,f,2020-03-10,0,0,True,1,observed_burden,2020-03-17T00:00:00,7.0,True,1,1,1,1
DO-40-2159|2020-03-17,DO-40-2159,DO-40-2159,J:DO,CR40,f,2020-03-17,1,0,True,1,observed_burden,2020-03-24T00:00:00,7.0,True,1,1,1,1
DO-40-2159|2020-03-24,DO-40-2159,DO-40-2159,J:DO,CR40,f,2020-03-24,1,0,True,1,observed_burden,2020-03-31T00:00:00,7.0,True,1,1,1,1
DO-40-2159|2020-03-31,DO-40-2159,DO-40-2159,J:DO,CR40,f,2020-03-31,1,0,True,1,observed_burden,2020-04-07T00:00:00,7.0,True,1,1,1,1
DO-40-2159|2020-04-07,DO-40-2159,DO-40-2159,J:DO,CR40,f,2020-04-07,1,0,True,1,observed_burden,2020-04-14T00:00:00,7.0,True,1,1,1,1
DO-40-2159|2020-04-14,DO-40-2159,DO-40-2159,J:DO,CR40,f,2020-04-14,1,0,True,1,observed_burden,2020-04-21T00:00:00,7.0,True,1,1,1,1
DO-40-2159|2020-04-21,DO-40-2159,DO-40-2159,J:DO,CR40,f,2020-04-21,1,0,True,-1,no_assessment_in_window,,,False,0,0,0,1
DO-40-2159|2020-05-05,DO-40-2159,DO-40-2159,J:DO,CR40,f,2020-05-05,0,0,True,-1,no_assessment_in_window,,,False,0,0,0,1
DO-40-2159|2020-05-19,DO-40-2159,DO-40-2159,J:DO,CR40,f,2020-05-19,1,0,True,0,observed_burden,2020-05-27T00:00:00,8.0,True,1,1,1,1
DO-40-2159|2020-05-27,DO-40-2159,DO-40-2159,J:DO,CR40,f,2020-05-27,0,0,True,1,observed_burden,2020-06-02T00:00:00,6.0,True,1,1,1,1
DO-40-2159|2020-06-02,DO-40-2159,DO-40-2159,J:DO,CR40,f,2020-06-02,1,0,True,1,observed_burden,2020-06-09T00:00:00,7.0,True,1,1,1,1
DO-40-2159|2020-06-09,DO-40-2159,DO-40-2159,J:DO,CR40,f,2020-06-09,1,0,True,1,observed_burden,2020-06-16T00:00:00,7.0,True,1,1,1,1
DO-40-2159|2020-06-16,DO-40-2159,DO-40-2159,J:DO,CR40,f,2020-06-16,1,0,True,1,observed_burden,2020-06-23T00:00:00,7.0,True,1,1,1,1
DO-40-2159|2020-06-23,DO-40-2159,DO-40-2159,J:DO,CR40,f,2020-06-23,1,0,True,1,observed_burden,2020-06-30T00:00:00,7.0,True,1,1,1,1
DO-40-2159|2020-06-30,DO-40-2159,DO-40-2159,J:DO,CR40,f,2020-06-30,1,0,True,0,observed_burden,2020-07-07T00:00:00,7.0,True,1,1,1,1
DO-40-2159|2020-07-07,DO-40-2159,DO-40-2159,J:DO,CR40,f,2020-07-07,0,0,True,1,observed_burden,2020-07-14T00:00:00,7.0,True,1,1,1,1
DO-40-2159|2020-07-14,DO-40-2159,DO-40-2159,J:DO,CR40,f,2020-07-14,1,0,True,0,observed_burden,2020-07-21T00:00:00,7.0,True,1,1,1,1
DO-40-2159|2020-07-21,DO-40-2159,DO-40-2159,J:DO,CR40,f,2020-07-21,0,0,True,1,observed_burden,2020-07-28T00:00:00,7.0,True,1,1,1,1
DO-40-2159|2020-07-28,DO-40-2159,DO-40-2159,J:DO,CR40,f,2020-07-28,1,0,True,-1,no_assessment_in_window,,,False,0,0,0,1
DO-40-2159|2020-08-18,DO-40-2159,DO-40-2159,J:DO,CR40,f,2020-08-18,1,0,True,-1,no_assessment_in_window,,,False,0,0,0,1
DO-40-2159|2020-09-01,DO-40-2159,DO-40-2159,J:DO,CR40,f,2020-09-01,1,0,True,1,observed_burden,2020-09-07T00:00:00,6.0,True,1,1,1,1
DO-40-2159|2020-09-07,DO-40-2159,DO-40-2159,J:DO,CR40,f,2020-09-07,1,0,True,1,observed_burden,2020-09-13T00:00:00,6.0,True,1,1,1,1
DO-40-2159|2020-09-13,DO-40-2159,DO-40-2159,J:DO,CR40,f,2020-09-13,1,0,True,1,observed_burden,2020-09-20T00:00:00,7.0,True,1,1,1,1
DO-40-2159|2020-09-20,DO-40-2159,DO-40-2159,J:DO,CR40,f,2020-09-20,1,0,True,1,observed_burden,2020-09-28T00:00:00,8.0,True,1,1,1,1
DO-40-2159|2020-09-28,DO-40-2159,DO-40-2159,J:DO,CR40,f,2020-09-28,1,0,True,1,observed_burden,2020-10-05T00:00:00,7.0,True,1,1,1,1
DO-40-2159|2020-10-05,DO-40-2159,DO-40-2159,J:DO,CR40,f,2020-10-05,1,0,True,1,observed_burden,2020-10-11T00:00:00,6.0,True,1,1,1,1
DO-40-2159|2020-10-11,DO-40-2159,DO-40-2159,J:DO,CR40,f,2020-10-11,1,0,True,1,observed_burden,2020-10-18T00:00:00,7.0,True,1,1,1,1
DO-40-2159|2020-10-18,DO-40-2159,DO-40-2159,J:DO,CR40,f,2020-10-18,1,0,True,1,observed_burden,2020-10-27T00:00:00,9.0,True,1,1,1,1
DO-40-2159|2020-10-27,DO-40-2159,DO-40-2159,J:DO,CR40,f,2020-10-27,1,0,True,1,observed_burden,2020-11-03T00:00:00,7.0,True,1,1,1,1
DO-40-2159|2020-11-03,DO-40-2159,DO-40-2159,J:DO,CR40,f,2020-11-03,1,0,True,1,observed_burden,2020-11-09T00:00:00,6.0,True,1,1,1,1
DO-40-2159|2020-11-09,DO-40-2159,DO-40-2159,J:DO,CR40,f,2020-11-09,1,0,True,1,observed_burden,2020-11-17T00:00:00,8.0,True,1,1,1,1
DO-40-2159|2020-11-17,DO-40-2159,DO-40-2159,J:DO,CR40,f,2020-11-17,1,0,True,1,observed_burden,2020-11-24T00:00:00,7.0,True,1,1,1,1
DO-40-2159|2020-11-24,DO-40-2159,DO-40-2159,J:DO,CR40,f,2020-11-24,1,0,True,1,observed_burden,2020-12-01T00:00:00,7.0,True,1,1,1,1
DO-40-2159|2020-12-01,DO-40-2159,DO-40-2159,J:DO,CR40,f,2020-12-01,1,0,True,1,observed_burden,2020-12-08T00:00:00,7.0,True,1,1,1,1
DO-40-2159|2020-12-08,DO-40-2159,DO-40-2159,J:DO,CR40,f,2020-12-08,1,0,True,0,observed_burden,2020-12-15T00:00:00,7.0,True,1,1,1,1
DO-40-2159|2020-12-15,DO-40-2159,DO-40-2159,J:DO,CR40,f,2020-12-15,0,0,True,1,observed_burden,2020-12-22T00:00:00,7.0,True,1,1,1,1
DO-40-2159|2020-12-22,DO-40-2159,DO-40-2159,J:DO,CR40,f,2020-12-22,1,0,True,1,observed_burden,2020-12-29T00:00:00,7.0,True,1,1,1,1
DO-40-2159|2020-12-29,DO-40-2159,DO-40-2159,J:DO,CR40,f,2020-12-29,1,0,True,0,observed_burden,2021-01-05T00:00:00,7.0,True,1,1,1,1
DO-40-2159|2021-01-05,DO-40-2159,DO-40-2159,J:DO,CR40,f,2021-01-05,0,0,True,1,observed_burden,2021-01-11T00:00:00,6.0,True,1,1,1,1
DO-40-2159|2021-01-11,DO-40-2159,DO-40-2159,J:DO,CR40,f,2021-01-11,1,0,True,0,observed_burden,2021-01-19T00:00:00,8.0,True,1,1,1,1
DO-40-2159|2021-01-19,DO-40-2159,DO-40-2159,J:DO,CR40,f,2021-01-19,0,0,True,-1,no_assessment_in_window,,,False,0,0,0,1
DO-40-2159|2021-02-01,DO-40-2159,DO-40-2159,J:DO,CR40,f,2021-02-01,0,0,True,1,observed_burden,2021-02-09T00:00:00,8.0,True,1,1,1,1
DO-40-2159|2021-02-09,DO-40-2159,DO-40-2159,J:DO,CR40,f,2021-02-09,1,0,True,0,observed_burden,2021-02-15T00:00:00,6.0,True,1,1,1,1
DO-40-2159|2021-02-15,DO-40-2159,DO-40-2159,J:DO,CR40,f,2021-02-15,0,0,True,0,observed_burden,2021-02-23T00:00:00,8.0,True,1,1,1,1
DO-40-2159|2021-02-23,DO-40-2159,DO-40-2159,J:DO,CR40,f,2021-02-23,0,0,True,1,observed_burden,2021-03-03T00:00:00,8.0,True,1,1,1,1
DO-40-2159|2021-03-03,DO-40-2159,DO-40-2159,J:DO,CR40,f,2021-03-03,1,0,True,1,observed_burden,2021-03-09T00:00:00,6.0,True,1,1,1,1
DO-40-2159|2021-03-09,DO-40-2159,DO-40-2159,J:DO,CR40,f,2021-03-09,1,0,True,1,observed_burden,2021-03-15T00:00:00,6.0,True,1,1,1,1
DO-40-2159|2021-03-15,DO-40-2159,DO-40-2159,J:DO,CR40,f,2021-03-15,1,0,True,2,terminal_FD,2021-03-23T00:00:00,,False,0,0,0,1
DO-40-2160|2020-03-04,DO-40-2160,DO-40-2160,J:DO,CR40,f,2020-03-04,1,0,True,1,observed_burden,2020-03-10T00:00:00,6.0,True,1,1,1,0
DO-40-2160|2020-03-10,DO-40-2160,DO-40-2160,J:DO,CR40,f,2020-03-10,1,0,True,1,observed_burden,2020-03-17T00:00:00,7.0,True,1,1,1,0
DO-40-2160|2020-03-17,DO-40-2160,DO-40-2160,J:DO,CR40,f,2020-03-17,1,0,True,1,observed_burden,2020-03-24T00:00:00,7.0,True,1,1,1,0
DO-40-2160|2020-03-24,DO-40-2160,DO-40-2160,J:DO,CR40,f,2020-03-24,1,0,True,0,observed_burden,2020-03-31T00:00:00,7.0,True,1,1,1,0
DO-40-2160|2020-03-31,DO-40-2160,DO-40-2160,J:DO,CR40,f,2020-03-31,0,0,True,0,observed_burden,2020-04-07T00:00:00,7.0,True,1,1,1,0
DO-40-2160|2020-04-07,DO-40-2160,DO-40-2160,J:DO,CR40,f,2020-04-07,0,0,True,1,observed_burden,2020-04-14T00:00:00,7.0,True,1,1,1,0
DO-40-2160|2020-04-14,DO-40-2160,DO-40-2160,J:DO,CR40,f,2020-04-14,1,0,True,1,observed_burden,2020-04-21T00:00:00,7.0,True,1,1,1,0
DO-40-2160|2020-04-21,DO-40-2160,DO-40-2160,J:DO,CR40,f,2020-04-21,1,0,True,-1,no_assessment_in_window,,,False,0,0,0,0
DO-40-2160|2020-05-05,DO-40-2160,DO-40-2160,J:DO,CR40,f,2020-05-05,0,0,True,-1,no_assessment_in_window,,,False,0,0,0,0
DO-40-2160|2020-05-19,DO-40-2160,DO-40-2160,J:DO,CR40,f,2020-05-19,0,0,True,1,observed_burden,2020-05-27T00:00:00,8.0,True,1,1,1,0
DO-40-2160|2020-05-27,DO-40-2160,DO-40-2160,J:DO,CR40,f,2020-05-27,1,0,True,1,observed_burden,2020-06-02T00:00:00,6.0,True,1,1,1,0
DO-40-2160|2020-06-02,DO-40-2160,DO-40-2160,J:DO,CR40,f,2020-06-02,1,0,True,0,observed_burden,2020-06-09T00:00:00,7.0,True,1,1,1,0
DO-40-2160|2020-06-09,DO-40-2160,DO-40-2160,J:DO,CR40,f,2020-06-09,0,0,True,0,observed_burden,2020-06-16T00:00:00,7.0,True,1,1,1,0
DO-40-2160|2020-06-16,DO-40-2160,DO-40-2160,J:DO,CR40,f,2020-06-16,0,0,True,0,observed_burden,2020-06-23T00:00:00,7.0,True,1,1,1,0
DO-40-2160|2020-06-23,DO-40-2160,DO-40-2160,J:DO,CR40,f,2020-06-23,0,0,True,0,observed_burden,2020-06-30T00:00:00,7.0,True,1,1,1,0
DO-40-2160|2020-06-30,DO-40-2160,DO-40-2160,J:DO,CR40,f,2020-06-30,0,0,True,0,observed_burden,2020-07-07T00:00:00,7.0,True,1,1,1,0
DO-40-2160|2020-07-07,DO-40-2160,DO-40-2160,J:DO,CR40,f,2020-07-07,0,0,True,1,observed_burden,2020-07-14T00:00:00,7.0,True,1,1,1,0
DO-40-2160|2020-07-14,DO-40-2160,DO-40-2160,J:DO,CR40,f,2020-07-14,1,0,True,0,observed_burden,2020-07-21T00:00:00,7.0,True,1,1,1,0
DO-40-2160|2020-07-21,DO-40-2160,DO-40-2160,J:DO,CR40,f,2020-07-21,0,0,True,1,observed_burden,2020-07-28T00:00:00,7.0,True,1,1,1,0
DO-40-2160|2020-07-28,DO-40-2160,DO-40-2160,J:DO,CR40,f,2020-07-28,1,0,True,-1,no_assessment_in_window,,,False,0,0,0,0
DO-40-2160|2020-08-18,DO-40-2160,DO-40-2160,J:DO,CR40,f,2020-08-18,1,0,True,-1,no_assessment_in_window,,,False,0,0,0,0
DO-40-2160|2020-09-01,DO-40-2160,DO-40-2160,J:DO,CR40,f,2020-09-01,1,0,True,2,terminal_FD,2020-09-03T00:00:00,,False,0,0,0,0
DO-40-2162|2020-06-21,DO-40-2162,DO-40-2162,J:DO,CR40,f,2020-06-21,0,0,True,0,observed_burden,2020-06-28T00:00:00,7.0,True,1,1,1,1
DO-40-2162|2020-06-28,DO-40-2162,DO-40-2162,J:DO,CR40,f,2020-06-28,0,0,True,-1,no_assessment_in_window,,,False,0,0,0,1
DO-40-2162|2020-07-19,DO-40-2162,DO-40-2162,J:DO,CR40,f,2020-07-19,1,0,True,-1,no_assessment_in_window,,,False,0,0,0,1
DO-40-2162|2020-08-03,DO-40-2162,DO-40-2162,J:DO,CR40,f,2020-08-03,0,0,True,-1,no_assessment_in_window,,,False,0,0,0,1
DO-40-2162|2020-08-30,DO-40-2162,DO-40-2162,J:DO,CR40,f,2020-08-30,1,0,True,-1,no_assessment_in_window,,,False,0,0,0,1
DO-40-2162|2020-09-13,DO-40-2162,DO-40-2162,J:DO,CR40,f,2020-09-13,0,0,True,1,observed_burden,2020-09-21T00:00:00,8.0,True,1,1,1,1
DO-40-2162|2020-09-21,DO-40-2162,DO-40-2162,J:DO,CR40,f,2020-09-21,1,0,True,0,observed_burden,2020-09-30T00:00:00,9.0,True,1,1,1,1
DO-40-2162|2020-09-30,DO-40-2162,DO-40-2162,J:DO,CR40,f,2020-09-30,0,0,True,-1,no_assessment_in_window,,,False,0,0,0,1
DO-40-2162|2020-10-28,DO-40-2162,DO-40-2162,J:DO,CR40,f,2020-10-28,1,0,True,1,observed_burden,2020-11-04T00:00:00,7.0,True,1,1,1,1
DO-40-2162|2020-11-04,DO-40-2162,DO-40-2162,J:DO,CR40,f,2020-11-04,1,0,True,1,observed_burden,2020-11-10T00:00:00,6.0,True,1,1,1,1
DO-40-2162|2020-11-10,DO-40-2162,DO-40-2162,J:DO,CR40,f,2020-11-10,1,0,True,1,observed_burden,2020-11-17T00:00:00,7.0,True,1,1,1,1
DO-40-2162|2020-11-17,DO-40-2162,DO-40-2162,J:DO,CR40,f,2020-11-17,1,0,True,1,observed_burden,2020-11-24T00:00:00,7.0,True,1,1,1,1
DO-40-2162|2020-11-24,DO-40-2162,DO-40-2162,J:DO,CR40,f,2020-11-24,1,0,True,1,observed_burden,2020-12-01T00:00:00,7.0,True,1,1,1,1
DO-40-2162|2020-12-01,DO-40-2162,DO-40-2162,J:DO,CR40,f,2020-12-01,1,0,True,1,observed_burden,2020-12-08T00:00:00,7.0,True,1,1,1,1
DO-40-2162|2020-12-08,DO-40-2162,DO-40-2162,J:DO,CR40,f,2020-12-08,1,0,True,1,observed_burden,2020-12-15T00:00:00,7.0,True,1,1,1,1
DO-40-2162|2020-12-15,DO-40-2162,DO-40-2162,J:DO,CR40,f,2020-12-15,1,0,True,1,observed_burden,2020-12-22T00:00:00,7.0,True,1,1,1,1
DO-40-2162|2020-12-22,DO-40-2162,DO-40-2162,J:DO,CR40,f,2020-12-22,1,0,True,1,observed_burden,2020-12-29T00:00:00,7.0,True,1,1,1,1
DO-40-2162|2020-12-29,DO-40-2162,DO-40-2162,J:DO,CR40,f,2020-12-29,1,0,True,0,observed_burden,2021-01-05T00:00:00,7.0,True,1,1,1,1
DO-40-2162|2021-01-05,DO-40-2162,DO-40-2162,J:DO,CR40,f,2021-01-05,0,0,True,-1,no_assessment_in_window,,,False,0,0,0,1
DO-40-2162|2021-01-19,DO-40-2162,DO-40-2162,J:DO,CR40,f,2021-01-19,1,0,True,1,observed_burden,2021-01-27T00:00:00,8.0,True,1,1,1,1
DO-40-2162|2021-01-27,DO-40-2162,DO-40-2162,J:DO,CR40,f,2021-01-27,1,0,True,0,observed_burden,2021-02-01T00:00:00,5.0,True,1,1,1,1
DO-40-2162|2021-02-01,DO-40-2162,DO-40-2162,J:DO,CR40,f,2021-02-01,0,0,True,1,observed_burden,2021-02-09T00:00:00,8.0,True,1,1,1,1
DO-40-2162|2021-02-09,DO-40-2162,DO-40-2162,J:DO,CR40,f,2021-02-09,1,0,True,1,observed_burden,2021-02-15T00:00:00,6.0,True,1,1,1,1
DO-40-2162|2021-02-15,DO-40-2162,DO-40-2162,J:DO,CR40,f,2021-02-15,1,0,True,0,observed_burden,2021-02-23T00:00:00,8.0,True,1,1,1,1
DO-40-2162|2021-02-23,DO-40-2162,DO-40-2162,J:DO,CR40,f,2021-02-23,0,0,True,0,observed_burden,2021-03-03T00:00:00,8.0,True,1,1,1,1
DO-40-2162|2021-03-03,DO-40-2162,DO-40-2162,J:DO,CR40,f,2021-03-03,0,0,True,1,observed_burden,2021-03-09T00:00:00,6.0,True,1,1,1,1
DO-40-2162|2021-03-09,DO-40-2162,DO-40-2162,J:DO,CR40,f,2021-03-09,1,0,True,1,observed_burden,2021-03-15T00:00:00,6.0,True,1,1,1,1
DO-40-2162|2021-03-15,DO-40-2162,DO-40-2162,J:DO,CR40,f,2021-03-15,1,0,True,1,observed_burden,2021-03-22T00:00:00,7.0,True,1,1,1,1
DO-40-2162|2021-03-22,DO-40-2162,DO-40-2162,J:DO,CR40,f,2021-03-22,1,0,True,-1,no_assessment_in_window,,,False,0,0,0,1
DO-40-2162|2021-04-05,DO-40-2162,DO-40-2162,J:DO,CR40,f,2021-04-05,0,0,True,0,observed_burden,2021-04-12T00:00:00,7.0,True,1,1,1,1
DO-40-2162|2021-04-12,DO-40-2162,DO-40-2162,J:DO,CR40,f,2021-04-12,0,0,True,1,observed_burden,2021-04-19T00:00:00,7.0,True,1,1,1,1
DO-40-2162|2021-04-19,DO-40-2162,DO-40-2162,J:DO,CR40,f,2021-04-19,1,0,True,1,observed_burden,2021-04-27T00:00:00,8.0,True,1,1,1,1
DO-40-2162|2021-04-27,DO-40-2162,DO-40-2162,J:DO,CR40,f,2021-04-27,1,0,True,1,observed_burden,2021-05-03T00:00:00,6.0,True,1,1,1,1
DO-40-2162|2021-05-03,DO-40-2162,DO-40-2162,J:DO,CR40,f,2021-05-03,1,0,True,1,observed_burden,2021-05-10T00:00:00,7.0,True,1,1,1,1
DO-40-2162|2021-05-10,DO-40-2162,DO-40-2162,J:DO,CR40,f,2021-05-10,1,0,True,1,observed_burden,2021-05-17T00:00:00,7.0,True,1,1,1,1
DO-40-2162|2021-05-17,DO-40-2162,DO-40-2162,J:DO,CR40,f,2021-05-17,1,0,True,1,observed_burden,2021-05-24T00:00:00,7.0,True,1,1,1,1
DO-40-2162|2021-05-24,DO-40-2162,DO-40-2162,J:DO,CR40,f,2021-05-24,1,0,True,1,observed_burden,2021-05-31T00:00:00,7.0,True,1,1,1,1
DO-40-2162|2021-05-31,DO-40-2162,DO-40-2162,J:DO,CR40,f,2021-05-31,1,0,True,1,observed_burden,2021-06-07T00:00:00,7.0,True,1,1,1,1
DO-40-2162|2021-06-07,DO-40-2162,DO-40-2162,J:DO,CR40,f,2021-06-07,1,0,True,0,observed_burden,2021-06-14T00:00:00,7.0,True,1,1,1,1
DO-40-2162|2021-06-14,DO-40-2162,DO-40-2162,J:DO,CR40,f,2021-06-14,0,0,True,0,observed_burden,2021-06-22T00:00:00,8.0,True,1,1,1,1
DO-40-2162|2021-06-22,DO-40-2162,DO-40-2162,J:DO,CR40,f,2021-06-22,0,0,True,1,observed_burden,2021-06-27T00:00:00,5.0,True,1,1,1,1
DO-40-2162|2021-06-27,DO-40-2162,DO-40-2162,J:DO,CR40,f,2021-06-27,1,0,True,-1,no_assessment_in_window,,,False,0,0,0,1
DO-40-2162|2021-07-07,DO-40-2162,DO-40-2162,J:DO,CR40,f,2021-07-07,0,0,True,0,observed_burden,2021-07-15T00:00:00,8.0,True,1,1,1,1
DO-40-2162|2021-07-15,DO-40-2162,DO-40-2162,J:DO,CR40,f,2021-07-15,0,0,True,-1,no_assessment_in_window,,,False,0,0,0,1
DO-40-2162|2021-07-28,DO-40-2162,DO-40-2162,J:DO,CR40,f,2021-07-28,0,0,True,-1,no_assessment_in_window,,,False,0,0,0,1
DO-40-2162|2021-08-16,DO-40-2162,DO-40-2162,J:DO,CR40,f,2021-08-16,1,0,True,1,observed_burden,2021-08-23T00:00:00,7.0,True,1,1,1,1
DO-40-2162|2021-08-23,DO-40-2162,DO-40-2162,J:DO,CR40,f,2021-08-23,1,0,True,1,observed_burden,2021-08-30T00:00:00,7.0,True,1,1,1,1
DO-40-2162|2021-08-30,DO-40-2162,DO-40-2162,J:DO,CR40,f,2021-08-30,1,0,True,-1,no_assessment_in_window,,,False,0,0,0,1
DO-40-2162|2021-09-09,DO-40-2162,DO-40-2162,J:DO,CR40,f,2021-09-09,1,0,True,1,observed_burden,2021-09-15T00:00:00,6.0,True,1,1,1,1
DO-40-2162|2021-09-15,DO-40-2162,DO-40-2162,J:DO,CR40,f,2021-09-15,1,0,True,1,observed_burden,2021-09-20T00:00:00,5.0,True,1,1,1,1
DO-40-2162|2021-09-20,DO-40-2162,DO-40-2162,J:DO,CR40,f,2021-09-20,1,0,True,1,observed_burden,2021-09-26T00:00:00,6.0,True,1,1,1,1
DO-40-2162|2021-09-26,DO-40-2162,DO-40-2162,J:DO,CR40,f,2021-09-26,1,0,True,1,observed_burden,2021-10-04T00:00:00,8.0,True,1,1,1,1
DO-40-2162|2021-10-04,DO-40-2162,DO-40-2162,J:DO,CR40,f,2021-10-04,1,0,True,-1,no_assessment_in_window,,,False,0,0,0,1
DO-40-2162|2021-10-19,DO-40-2162,DO-40-2162,J:DO,CR40,f,2021-10-19,1,0,True,1,observed_burden,2021-10-26T00:00:00,7.0,True,1,1,1,1
DO-40-2162|2021-10-26,DO-40-2162,DO-40-2162,J:DO,CR40,f,2021-10-26,1,0,True,1,observed_burden,2021-11-02T00:00:00,7.0,True,1,1,1,1
DO-40-2162|2021-11-02,DO-40-2162,DO-40-2162,J:DO,CR40,f,2021-11-02,1,0,True,1,observed_burden,2021-11-09T00:00:00,7.0,True,1,1,1,1
DO-40-2162|2021-11-09,DO-40-2162,DO-40-2162,J:DO,CR40,f,2021-11-09,1,0,True,1,observed_burden,2021-11-17T00:00:00,8.0,True,1,1,1,1
DO-40-2162|2021-11-17,DO-40-2162,DO-40-2162,J:DO,CR40,f,2021-11-17,1,0,True,1,observed_burden,2021-11-23T00:00:00,6.0,True,1,1,1,1
DO-40-2162|2021-11-23,DO-40-2162,DO-40-2162,J:DO,CR40,f,2021-11-23,1,0,True,1,observed_burden,2021-11-29T00:00:00,6.0,True,1,1,1,1
DO-40-2162|2021-11-29,DO-40-2162,DO-40-2162,J:DO,CR40,f,2021-11-29,1,0,True,1,observed_burden,2021-12-06T00:00:00,7.0,True,1,1,1,1
DO-40-2162|2021-12-06,DO-40-2162,DO-40-2162,J:DO,CR40,f,2021-12-06,1,0,True,1,observed_burden,2021-12-13T00:00:00,7.0,True,1,1,1,1
DO-40-2162|2021-12-13,DO-40-2162,DO-40-2162,J:DO,CR40,f,2021-12-13,1,0,True,1,observed_burden,2021-12-21T00:00:00,8.0,True,1,1,1,1
DO-40-2162|2021-12-21,DO-40-2162,DO-40-2162,J:DO,CR40,f,2021-12-21,1,0,True,-1,no_assessment_in_window,,,False,0,0,0,1
DO-40-2164|2020-06-21,DO-40-2164,DO-40-2164,J:DO,CR40,f,2020-06-21,1,0,True,0,observed_burden,2020-06-28T00:00:00,7.0,True,1,1,1,0
DO-40-2164|2020-06-28,DO-40-2164,DO-40-2164,J:DO,CR40,f,2020-06-28,0,0,True,-1,no_assessment_in_window,,,False,0,0,0,0
DO-40-2164|2020-07-19,DO-40-2164,DO-40-2164,J:DO,CR40,f,2020-07-19,1,0,True,-1,no_assessment_in_window,,,False,0,0,0,0
DO-40-2164|2020-08-03,DO-40-2164,DO-40-2164,J:DO,CR40,f,2020-08-03,1,0,True,-1,no_assessment_in_window,,,False,0,0,0,0
DO-40-2164|2020-08-30,DO-40-2164,DO-40-2164,J:DO,CR40,f,2020-08-30,1,0,True,-1,no_assessment_in_window,,,False,0,0,0,0
DO-40-2164|2020-09-13,DO-40-2164,DO-40-2164,J:DO,CR40,f,2020-09-13,1,0,True,1,observed_burden,2020-09-21T00:00:00,8.0,True,1,1,1,0
DO-40-2164|2020-09-21,DO-40-2164,DO-40-2164,J:DO,CR40,f,2020-09-21,1,0,True,1,observed_burden,2020-09-30T00:00:00,9.0,True,1,1,1,0
DO-40-2164|2020-09-30,DO-40-2164,DO-40-2164,J:DO,CR40,f,2020-09-30,1,0,True,-1,no_assessment_in_window,,,False,0,0,0,0
DO-40-2164|2020-10-28,DO-40-2164,DO-40-2164,J:DO,CR40,f,2020-10-28,1,0,True,1,observed_burden,2020-11-04T00:00:00,7.0,True,1,1,1,0
DO-40-2164|2020-11-04,DO-40-2164,DO-40-2164,J:DO,CR40,f,2020-11-04,1,0,True,1,observed_burden,2020-11-10T00:00:00,6.0,True,1,1,1,0
DO-40-2164|2020-11-10,DO-40-2164,DO-40-2164,J:DO,CR40,f,2020-11-10,1,0,True,1,observed_burden,2020-11-17T00:00:00,7.0,True,1,1,1,0
DO-40-2164|2020-11-17,DO-40-2164,DO-40-2164,J:DO,CR40,f,2020-11-17,1,0,True,1,observed_burden,2020-11-24T00:00:00,7.0,True,1,1,1,0
DO-40-2164|2020-11-24,DO-40-2164,DO-40-2164,J:DO,CR40,f,2020-11-24,1,0,True,1,observed_burden,2020-12-01T00:00:00,7.0,True,1,1,1,0
DO-40-2164|2020-12-01,DO-40-2164,DO-40-2164,J:DO,CR40,f,2020-12-01,1,0,True,1,observed_burden,2020-12-08T00:00:00,7.0,True,1,1,1,0
DO-40-2164|2020-12-08,DO-40-2164,DO-40-2164,J:DO,CR40,f,2020-12-08,1,0,True,1,observed_burden,2020-12-15T00:00:00,7.0,True,1,1,1,0
DO-40-2164|2020-12-15,DO-40-2164,DO-40-2164,J:DO,CR40,f,2020-12-15,1,0,True,1,observed_burden,2020-12-22T00:00:00,7.0,True,1,1,1,0
DO-40-2164|2020-12-22,DO-40-2164,DO-40-2164,J:DO,CR40,f,2020-12-22,1,0,True,1,observed_burden,2020-12-29T00:00:00,7.0,True,1,1,1,0
DO-40-2164|2020-12-29,DO-40-2164,DO-40-2164,J:DO,CR40,f,2020-12-29,1,0,True,0,observed_burden,2021-01-05T00:00:00,7.0,True,1,1,1,0
DO-40-2164|2021-01-05,DO-40-2164,DO-40-2164,J:DO,CR40,f,2021-01-05,0,0,True,-1,no_assessment_in_window,,,False,0,0,0,0
DO-40-2164|2021-01-19,DO-40-2164,DO-40-2164,J:DO,CR40,f,2021-01-19,0,0,True,1,observed_burden,2021-01-27T00:00:00,8.0,True,1,1,1,0
DO-40-2164|2021-01-27,DO-40-2164,DO-40-2164,J:DO,CR40,f,2021-01-27,1,0,True,0,observed_burden,2021-02-01T00:00:00,5.0,True,1,1,1,0
DO-40-2164|2021-02-01,DO-40-2164,DO-40-2164,J:DO,CR40,f,2021-02-01,0,0,True,1,observed_burden,2021-02-09T00:00:00,8.0,True,1,1,1,0
DO-40-2164|2021-02-09,DO-40-2164,DO-40-2164,J:DO,CR40,f,2021-02-09,1,0,True,1,observed_burden,2021-02-15T00:00:00,6.0,True,1,1,1,0
DO-40-2164|2021-02-15,DO-40-2164,DO-40-2164,J:DO,CR40,f,2021-02-15,1,0,True,1,observed_burden,2021-02-23T00:00:00,8.0,True,1,1,1,0
DO-40-2164|2021-02-23,DO-40-2164,DO-40-2164,J:DO,CR40,f,2021-02-23,1,0,True,1,observed_burden,2021-03-03T00:00:00,8.0,True,1,1,1,0
DO-40-2164|2021-03-03,DO-40-2164,DO-40-2164,J:DO,CR40,f,2021-03-03,1,0,True,1,observed_burden,2021-03-09T00:00:00,6.0,True,1,1,1,0
DO-40-2164|2021-03-09,DO-40-2164,DO-40-2164,J:DO,CR40,f,2021-03-09,1,0,True,1,observed_burden,2021-03-15T00:00:00,6.0,True,1,1,1,0
DO-40-2164|2021-03-15,DO-40-2164,DO-40-2164,J:DO,CR40,f,2021-03-15,1,0,True,1,observed_burden,2021-03-22T00:00:00,7.0,True,1,1,1,0
DO-40-2164|2021-03-22,DO-40-2164,DO-40-2164,J:DO,CR40,f,2021-03-22,1,0,True,-1,no_assessment_in_window,,,False,0,0,0,0
DO-40-2164|2021-04-05,DO-40-2164,DO-40-2164,J:DO,CR40,f,2021-04-05,1,0,True,2,terminal_FD,2021-04-12T00:00:00,,False,0,0,0,0
DO-40-2167|2020-06-21,DO-40-2167,DO-40-2167,J:DO,CR40,f,2020-06-21,1,0,True,1,observed_burden,2020-06-28T00:00:00,7.0,True,1,1,1,3
DO-40-2167|2020-06-28,DO-40-2167,DO-40-2167,J:DO,CR40,f,2020-06-28,1,0,True,-1,no_assessment_in_window,,,False,0,0,0,3
DO-40-2167|2020-07-19,DO-40-2167,DO-40-2167,J:DO,CR40,f,2020-07-19,0,0,True,-1,no_assessment_in_window,,,False,0,0,0,3
DO-40-2167|2020-08-03,DO-40-2167,DO-40-2167,J:DO,CR40,f,2020-08-03,0,0,True,-1,no_assessment_in_window,,,False,0,0,0,3
DO-40-2167|2020-08-30,DO-40-2167,DO-40-2167,J:DO,CR40,f,2020-08-30,0,0,True,-1,no_assessment_in_window,,,False,0,0,0,3
DO-40-2167|2020-09-13,DO-40-2167,DO-40-2167,J:DO,CR40,f,2020-09-13,0,0,True,0,observed_burden,2020-09-21T00:00:00,8.0,True,1,1,1,3
DO-40-2167|2020-09-21,DO-40-2167,DO-40-2167,J:DO,CR40,f,2020-09-21,0,0,True,0,observed_burden,2020-09-30T00:00:00,9.0,True,1,1,1,3
DO-40-2167|2020-09-30,DO-40-2167,DO-40-2167,J:DO,CR40,f,2020-09-30,0,0,True,-1,no_assessment_in_window,,,False,0,0,0,3
DO-40-2167|2020-10-28,DO-40-2167,DO-40-2167,J:DO,CR40,f,2020-10-28,0,0,True,0,observed_burden,2020-11-04T00:00:00,7.0,True,1,1,1,3
DO-40-2167|2020-11-04,DO-40-2167,DO-40-2167,J:DO,CR40,f,2020-11-04,0,0,True,0,observed_burden,2020-11-10T00:00:00,6.0,True,1,1,1,3
DO-40-2167|2020-11-10,DO-40-2167,DO-40-2167,J:DO,CR40,f,2020-11-10,0,0,True,0,observed_burden,2020-11-17T00:00:00,7.0,True,1,1,1,3
DO-40-2167|2020-11-17,DO-40-2167,DO-40-2167,J:DO,CR40,f,2020-11-17,0,0,True,1,observed_burden,2020-11-24T00:00:00,7.0,True,1,1,1,3
DO-40-2167|2020-11-24,DO-40-2167,DO-40-2167,J:DO,CR40,f,2020-11-24,1,0,True,0,observed_burden,2020-12-01T00:00:00,7.0,True,1,1,1,3
DO-40-2167|2020-12-01,DO-40-2167,DO-40-2167,J:DO,CR40,f,2020-12-01,0,0,True,0,observed_burden,2020-12-08T00:00:00,7.0,True,1,1,1,3
DO-40-2167|2020-12-08,DO-40-2167,DO-40-2167,J:DO,CR40,f,2020-12-08,0,0,True,1,observed_burden,2020-12-15T00:00:00,7.0,True,1,1,1,3
DO-40-2167|2020-12-15,DO-40-2167,DO-40-2167,J:DO,CR40,f,2020-12-15,1,0,True,0,observed_burden,2020-12-22T00:00:00,7.0,True,1,1,1,3
DO-40-2167|2020-12-22,DO-40-2167,DO-40-2167,J:DO,CR40,f,2020-12-22,0,0,True,0,observed_burden,2020-12-29T00:00:00,7.0,True,1,1,1,3
DO-40-2167|2020-12-29,DO-40-2167,DO-40-2167,J:DO,CR40,f,2020-12-29,0,0,True,1,observed_burden,2021-01-05T00:00:00,7.0,True,1,1,1,3
DO-40-2167|2021-01-05,DO-40-2167,DO-40-2167,J:DO,CR40,f,2021-01-05,1,0,True,-1,no_assessment_in_window,,,False,0,0,0,3
DO-40-2167|2021-01-19,DO-40-2167,DO-40-2167,J:DO,CR40,f,2021-01-19,1,0,True,1,observed_burden,2021-01-27T00:00:00,8.0,True,1,1,1,3
DO-40-2167|2021-01-27,DO-40-2167,DO-40-2167,J:DO,CR40,f,2021-01-27,1,0,True,0,observed_burden,2021-02-01T00:00:00,5.0,True,1,1,1,3
DO-40-2167|2021-02-01,DO-40-2167,DO-40-2167,J:DO,CR40,f,2021-02-01,0,0,True,1,observed_burden,2021-02-09T00:00:00,8.0,True,1,1,1,3
DO-40-2167|2021-02-09,DO-40-2167,DO-40-2167,J:DO,CR40,f,2021-02-09,1,0,True,1,observed_burden,2021-02-15T00:00:00,6.0,True,1,1,1,3
DO-40-2167|2021-02-15,DO-40-2167,DO-40-2167,J:DO,CR40,f,2021-02-15,1,0,True,1,observed_burden,2021-02-23T00:00:00,8.0,True,1,1,1,3
DO-40-2167|2021-02-23,DO-40-2167,DO-40-2167,J:DO,CR40,f,2021-02-23,1,0,True,1,observed_burden,2021-03-03T00:00:00,8.0,True,1,1,1,3
DO-40-2167|2021-03-03,DO-40-2167,DO-40-2167,J:DO,CR40,f,2021-03-03,1,0,True,1,observed_burden,2021-03-09T00:00:00,6.0,True,1,1,1,3
DO-40-2167|2021-03-09,DO-40-2167,DO-40-2167,J:DO,CR40,f,2021-03-09,1,0,True,1,observed_burden,2021-03-15T00:00:00,6.0,True,1,1,1,3
DO-40-2167|2021-03-15,DO-40-2167,DO-40-2167,J:DO,CR40,f,2021-03-15,1,0,True,1,observed_burden,2021-03-22T00:00:00,7.0,True,1,1,1,3
DO-40-2167|2021-03-22,DO-40-2167,DO-40-2167,J:DO,CR40,f,2021-03-22,1,0,True,-1,no_assessment_in_window,,,False,0,0,0,3
DO-40-2167|2021-04-05,DO-40-2167,DO-40-2167,J:DO,CR40,f,2021-04-05,1,0,True,1,observed_burden,2021-04-12T00:00:00,7.0,True,1,1,1,3
DO-40-2167|2021-04-12,DO-40-2167,DO-40-2167,J:DO,CR40,f,2021-04-12,1,0,True,1,observed_burden,2021-04-19T00:00:00,7.0,True,1,1,1,3
DO-40-2167|2021-04-19,DO-40-2167,DO-40-2167,J:DO,CR40,f,2021-04-19,1,0,True,0,observed_burden,2021-04-27T00:00:00,8.0,True,1,1,1,3
DO-40-2167|2021-04-27,DO-40-2167,DO-40-2167,J:DO,CR40,f,2021-04-27,0,0,True,1,observed_burden,2021-05-03T00:00:00,6.0,True,1,1,1,3
DO-40-2167|2021-05-03,DO-40-2167,DO-40-2167,J:DO,CR40,f,2021-05-03,1,0,True,1,observed_burden,2021-05-10T00:00:00,7.0,True,1,1,1,3
DO-40-2167|2021-05-10,DO-40-2167,DO-40-2167,J:DO,CR40,f,2021-05-10,1,0,True,1,observed_burden,2021-05-17T00:00:00,7.0,True,1,1,1,3
DO-40-2167|2021-05-17,DO-40-2167,DO-40-2167,J:DO,CR40,f,2021-05-17,1,0,True,1,observed_burden,2021-05-24T00:00:00,7.0,True,1,1,1,3
DO-40-2167|2021-05-24,DO-40-2167,DO-40-2167,J:DO,CR40,f,2021-05-24,1,0,True,1,observed_burden,2021-05-31T00:00:00,7.0,True,1,1,1,3
DO-40-2167|2021-05-31,DO-40-2167,DO-40-2167,J:DO,CR40,f,2021-05-31,1,0,True,1,observed_burden,2021-06-07T00:00:00,7.0,True,1,1,1,3
DO-40-2167|2021-06-07,DO-40-2167,DO-40-2167,J:DO,CR40,f,2021-06-07,1,0,True,1,observed_burden,2021-06-14T00:00:00,7.0,True,1,1,1,3
DO-40-2167|2021-06-14,DO-40-2167,DO-40-2167,J:DO,CR40,f,2021-06-14,1,0,True,1,observed_burden,2021-06-22T00:00:00,8.0,True,1,1,1,3
DO-40-2167|2021-06-22,DO-40-2167,DO-40-2167,J:DO,CR40,f,2021-06-22,1,0,True,1,observed_burden,2021-06-27T00:00:00,5.0,True,1,1,1,3
DO-40-2167|2021-06-27,DO-40-2167,DO-40-2167,J:DO,CR40,f,2021-06-27,1,0,True,-1,no_assessment_in_window,,,False,0,0,0,3
DO-40-2167|2021-07-07,DO-40-2167,DO-40-2167,J:DO,CR40,f,2021-07-07,1,0,True,1,observed_burden,2021-07-15T00:00:00,8.0,True,1,1,1,3
DO-40-2167|2021-07-15,DO-40-2167,DO-40-2167,J:DO,CR40,f,2021-07-15,1,0,True,-1,no_assessment_in_window,,,False,0,0,0,3
DO-40-2168|2020-06-21,DO-40-2168,DO-40-2168,J:DO,CR40,f,2020-06-21,0,0,True,0,observed_burden,2020-06-28T00:00:00,7.0,True,1,1,1,3
DO-40-2168|2020-06-28,DO-40-2168,DO-40-2168,J:DO,CR40,f,2020-06-28,0,0,True,-1,no_assessment_in_window,,,False,0,0,0,3
DO-40-2168|2020-07-19,DO-40-2168,DO-40-2168,J:DO,CR40,f,2020-07-19,0,0,True,-1,no_assessment_in_window,,,False,0,0,0,3
DO-40-2168|2020-08-03,DO-40-2168,DO-40-2168,J:DO,CR40,f,2020-08-03,0,0,True,-1,no_assessment_in_window,,,False,0,0,0,3
DO-40-2168|2020-08-30,DO-40-2168,DO-40-2168,J:DO,CR40,f,2020-08-30,0,0,True,-1,no_assessment_in_window,,,False,0,0,0,3
DO-40-2168|2020-09-13,DO-40-2168,DO-40-2168,J:DO,CR40,f,2020-09-13,1,0,True,0,observed_burden,2020-09-21T00:00:00,8.0,True,1,1,1,3
DO-40-2168|2020-09-21,DO-40-2168,DO-40-2168,J:DO,CR40,f,2020-09-21,0,0,True,0,observed_burden,2020-09-30T00:00:00,9.0,True,1,1,1,3
DO-40-2168|2020-09-30,DO-40-2168,DO-40-2168,J:DO,CR40,f,2020-09-30,0,0,True,-1,no_assessment_in_window,,,False,0,0,0,3
DO-40-2168|2020-10-28,DO-40-2168,DO-40-2168,J:DO,CR40,f,2020-10-28,0,0,True,0,observed_burden,2020-11-04T00:00:00,7.0,True,1,1,1,3
DO-40-2168|2020-11-04,DO-40-2168,DO-40-2168,J:DO,CR40,f,2020-11-04,0,0,True,0,observed_burden,2020-11-10T00:00:00,6.0,True,1,1,1,3
DO-40-2168|2020-11-10,DO-40-2168,DO-40-2168,J:DO,CR40,f,2020-11-10,0,0,True,0,observed_burden,2020-11-17T00:00:00,7.0,True,1,1,1,3
DO-40-2168|2020-11-17,DO-40-2168,DO-40-2168,J:DO,CR40,f,2020-11-17,0,0,True,1,observed_burden,2020-11-24T00:00:00,7.0,True,1,1,1,3
DO-40-2168|2020-11-24,DO-40-2168,DO-40-2168,J:DO,CR40,f,2020-11-24,1,0,True,0,observed_burden,2020-12-01T00:00:00,7.0,True,1,1,1,3
DO-40-2168|2020-12-01,DO-40-2168,DO-40-2168,J:DO,CR40,f,2020-12-01,0,0,True,0,observed_burden,2020-12-08T00:00:00,7.0,True,1,1,1,3
DO-40-2168|2020-12-08,DO-40-2168,DO-40-2168,J:DO,CR40,f,2020-12-08,0,0,True,0,observed_burden,2020-12-15T00:00:00,7.0,True,1,1,1,3
DO-40-2168|2020-12-15,DO-40-2168,DO-40-2168,J:DO,CR40,f,2020-12-15,0,0,True,0,observed_burden,2020-12-22T00:00:00,7.0,True,1,1,1,3
DO-40-2168|2020-12-22,DO-40-2168,DO-40-2168,J:DO,CR40,f,2020-12-22,0,0,True,0,observed_burden,2020-12-29T00:00:00,7.0,True,1,1,1,3
DO-40-2168|2020-12-29,DO-40-2168,DO-40-2168,J:DO,CR40,f,2020-12-29,0,0,True,1,observed_burden,2021-01-05T00:00:00,7.0,True,1,1,1,3
DO-40-2168|2021-01-05,DO-40-2168,DO-40-2168,J:DO,CR40,f,2021-01-05,1,0,True,-1,no_assessment_in_window,,,False,0,0,0,3
DO-40-2168|2021-01-19,DO-40-2168,DO-40-2168,J:DO,CR40,f,2021-01-19,1,0,True,1,observed_burden,2021-01-27T00:00:00,8.0,True,1,1,1,3
DO-40-2168|2021-01-27,DO-40-2168,DO-40-2168,J:DO,CR40,f,2021-01-27,1,0,True,2,terminal_FD,2021-01-29T00:00:00,,False,0,0,0,3
DO-40-2172|2020-06-21,DO-40-2172,DO-40-2172,J:DO,CR40,f,2020-06-21,0,0,True,0,observed_burden,2020-06-28T00:00:00,7.0,True,1,1,1,4
DO-40-2172|2020-06-28,DO-40-2172,DO-40-2172,J:DO,CR40,f,2020-06-28,0,0,True,-1,no_assessment_in_window,,,False,0,0,0,4
DO-40-2172|2020-07-19,DO-40-2172,DO-40-2172,J:DO,CR40,f,2020-07-19,0,0,True,-1,no_assessment_in_window,,,False,0,0,0,4
DO-40-2172|2020-08-03,DO-40-2172,DO-40-2172,J:DO,CR40,f,2020-08-03,0,0,True,-1,no_assessment_in_window,,,False,0,0,0,4
DO-40-2172|2020-09-08,DO-40-2172,DO-40-2172,J:DO,CR40,f,2020-09-08,1,0,True,1,observed_burden,2020-09-14T00:00:00,6.0,True,1,1,1,4
DO-40-2172|2020-09-14,DO-40-2172,DO-40-2172,J:DO,CR40,f,2020-09-14,1,0,True,0,observed_burden,2020-09-21T00:00:00,7.0,True,1,1,1,4
DO-40-2172|2020-09-21,DO-40-2172,DO-40-2172,J:DO,CR40,f,2020-09-21,0,0,True,1,observed_burden,2020-09-30T00:00:00,9.0,True,1,1,1,4
DO-40-2172|2020-09-30,DO-40-2172,DO-40-2172,J:DO,CR40,f,2020-09-30,1,0,True,-1,no_assessment_in_window,,,False,0,0,0,4
DO-40-2172|2020-10-28,DO-40-2172,DO-40-2172,J:DO,CR40,f,2020-10-28,0,0,True,0,observed_burden,2020-11-04T00:00:00,7.0,True,1,1,1,4
DO-40-2172|2020-11-04,DO-40-2172,DO-40-2172,J:DO,CR40,f,2020-11-04,0,0,True,0,observed_burden,2020-11-10T00:00:00,6.0,True,1,1,1,4
DO-40-2172|2020-11-10,DO-40-2172,DO-40-2172,J:DO,CR40,f,2020-11-10,0,0,True,2,terminal_ES,2020-11-18T00:00:00,,False,1,1,1,4
DO-40-2172|2020-11-17,DO-40-2172,DO-40-2172,J:DO,CR40,f,2020-11-17,0,0,True,2,terminal_ES,2020-11-18T00:00:00,,False,0,0,0,4
DO-40-2174|2020-06-21,DO-40-2174,DO-40-2174,J:DO,CR40,f,2020-06-21,0,0,True,1,observed_burden,2020-06-28T00:00:00,7.0,True,1,1,1,2
DO-40-2174|2020-06-28,DO-40-2174,DO-40-2174,J:DO,CR40,f,2020-06-28,1,0,True,-1,no_assessment_in_window,,,False,0,0,0,2
DO-40-2174|2020-07-19,DO-40-2174,DO-40-2174,J:DO,CR40,f,2020-07-19,1,0,True,-1,no_assessment_in_window,,,False,0,0,0,2
DO-40-2174|2020-08-03,DO-40-2174,DO-40-2174,J:DO,CR40,f,2020-08-03,1,0,True,-1,no_assessment_in_window,,,False,0,0,0,2
DO-40-2175|2020-06-21,DO-40-2175,DO-40-2175,J:DO,CR40,f,2020-06-21,1,0,True,1,observed_burden,2020-06-28T00:00:00,7.0,True,1,1,1,1
DO-40-2175|2020-06-28,DO-40-2175,DO-40-2175,J:DO,CR40,f,2020-06-28,1,0,True,-1,no_assessment_in_window,,,False,0,0,0,1
DO-40-2175|2020-07-19,DO-40-2175,DO-40-2175,J:DO,CR40,f,2020-07-19,1,0,True,-1,no_assessment_in_window,,,False,0,0,0,1
DO-40-2175|2020-08-03,DO-40-2175,DO-40-2175,J:DO,CR40,f,2020-08-03,1,0,True,-1,no_assessment_in_window,,,False,0,0,0,1
DO-40-2176|2020-06-21,DO-40-2176,DO-40-2176,J:DO,CR40,f,2020-06-21,1,0,True,1,observed_burden,2020-06-28T00:00:00,7.0,True,1,1,1,2
DO-40-2176|2020-06-28,DO-40-2176,DO-40-2176,J:DO,CR40,f,2020-06-28,1,0,True,-1,no_assessment_in_window,,,False,0,0,0,2
DO-40-2176|2020-07-19,DO-40-2176,DO-40-2176,J:DO,CR40,f,2020-07-19,0,0,True,-1,no_assessment_in_window,,,False,0,0,0,2
DO-40-2176|2020-08-03,DO-40-2176,DO-40-2176,J:DO,CR40,f,2020-08-03,1,0,True,-1,no_assessment_in_window,,,False,0,0,0,2
DO-40-2176|2020-09-08,DO-40-2176,DO-40-2176,J:DO,CR40,f,2020-09-08,1,0,True,1,observed_burden,2020-09-14T00:00:00,6.0,True,1,1,1,2
DO-40-2176|2020-09-14,DO-40-2176,DO-40-2176,J:DO,CR40,f,2020-09-14,1,0,True,0,observed_burden,2020-09-21T00:00:00,7.0,True,1,1,1,2
DO-40-2176|2020-09-21,DO-40-2176,DO-40-2176,J:DO,CR40,f,2020-09-21,0,0,True,1,observed_burden,2020-09-30T00:00:00,9.0,True,1,1,1,2
DO-40-2176|2020-09-30,DO-40-2176,DO-40-2176,J:DO,CR40,f,2020-09-30,1,0,True,-1,no_assessment_in_window,,,False,0,0,0,2
DO-40-2178|2020-06-22,DO-40-2178,DO-40-2178,J:DO,CR40,f,2020-06-22,1,0,True,1,observed_burden,2020-06-29T00:00:00,7.0,True,1,1,1,0
DO-40-2178|2020-06-29,DO-40-2178,DO-40-2178,J:DO,CR40,f,2020-06-29,1,0,True,1,observed_burden,2020-07-06T00:00:00,7.0,True,1,1,1,0
DO-40-2178|2020-07-06,DO-40-2178,DO-40-2178,J:DO,CR40,f,2020-07-06,1,0,True,1,observed_burden,2020-07-13T00:00:00,7.0,True,1,1,1,0
DO-40-2178|2020-07-13,DO-40-2178,DO-40-2178,J:DO,CR40,f,2020-07-13,1,0,True,1,observed_burden,2020-07-20T00:00:00,7.0,True,1,1,1,0
DO-40-2178|2020-07-20,DO-40-2178,DO-40-2178,J:DO,CR40,f,2020-07-20,1,0,True,1,observed_burden,2020-07-27T00:00:00,7.0,True,1,1,1,0
DO-40-2178|2020-07-27,DO-40-2178,DO-40-2178,J:DO,CR40,f,2020-07-27,1,0,True,1,observed_burden,2020-08-04T00:00:00,8.0,True,1,1,1,0
DO-40-2178|2020-08-04,DO-40-2178,DO-40-2178,J:DO,CR40,f,2020-08-04,1,0,True,1,observed_burden,2020-08-10T00:00:00,6.0,True,1,1,1,0
DO-40-2178|2020-08-10,DO-40-2178,DO-40-2178,J:DO,CR40,f,2020-08-10,1,0,True,-1,no_assessment_in_window,,,False,0,0,0,0
DO-40-2178|2020-08-25,DO-40-2178,DO-40-2178,J:DO,CR40,f,2020-08-25,1,0,True,-1,no_assessment_in_window,,,False,0,0,0,0
DO-40-2178|2020-09-08,DO-40-2178,DO-40-2178,J:DO,CR40,f,2020-09-08,1,0,True,1,observed_burden,2020-09-14T00:00:00,6.0,True,1,1,1,0
DO-40-2178|2020-09-14,DO-40-2178,DO-40-2178,J:DO,CR40,f,2020-09-14,1,0,True,1,observed_burden,2020-09-21T00:00:00,7.0,True,1,1,1,0
DO-40-2178|2020-09-21,DO-40-2178,DO-40-2178,J:DO,CR40,f,2020-09-21,1,0,True,1,observed_burden,2020-09-30T00:00:00,9.0,True,1,1,1,0
DO-40-2178|2020-09-30,DO-40-2178,DO-40-2178,J:DO,CR40,f,2020-09-30,1,0,True,1,observed_burden,2020-10-06T00:00:00,6.0,True,1,1,1,0
DO-40-2178|2020-10-06,DO-40-2178,DO-40-2178,J:DO,CR40,f,2020-10-06,1,0,True,1,observed_burden,2020-10-12T00:00:00,6.0,True,1,1,1,0
DO-40-2178|2020-10-12,DO-40-2178,DO-40-2178,J:DO,CR40,f,2020-10-12,1,0,True,1,observed_burden,2020-10-20T00:00:00,8.0,True,1,1,1,0
DO-40-2178|2020-10-20,DO-40-2178,DO-40-2178,J:DO,CR40,f,2020-10-20,1,0,True,2,terminal_FD,2020-10-27T00:00:00,,False,0,0,0,0
DO-40-2179|2020-06-22,DO-40-2179,DO-40-2179,J:DO,CR40,f,2020-06-22,1,0,True,1,observed_burden,2020-06-29T00:00:00,7.0,True,1,1,1,2
DO-40-2179|2020-06-29,DO-40-2179,DO-40-2179,J:DO,CR40,f,2020-06-29,1,0,True,1,observed_burden,2020-07-06T00:00:00,7.0,True,1,1,1,2
DO-40-2179|2020-07-06,DO-40-2179,DO-40-2179,J:DO,CR40,f,2020-07-06,1,0,True,1,observed_burden,2020-07-13T00:00:00,7.0,True,1,1,1,2
DO-40-2179|2020-07-13,DO-40-2179,DO-40-2179,J:DO,CR40,f,2020-07-13,1,0,True,1,observed_burden,2020-07-20T00:00:00,7.0,True,1,1,1,2
DO-40-2179|2020-07-20,DO-40-2179,DO-40-2179,J:DO,CR40,f,2020-07-20,1,0,True,1,observed_burden,2020-07-27T00:00:00,7.0,True,1,1,1,2
DO-40-2179|2020-07-27,DO-40-2179,DO-40-2179,J:DO,CR40,f,2020-07-27,1,0,True,0,observed_burden,2020-08-04T00:00:00,8.0,True,1,1,1,2
DO-40-2179|2020-08-04,DO-40-2179,DO-40-2179,J:DO,CR40,f,2020-08-04,0,0,True,1,observed_burden,2020-08-10T00:00:00,6.0,True,1,1,1,2
DO-40-2179|2020-08-10,DO-40-2179,DO-40-2179,J:DO,CR40,f,2020-08-10,1,0,True,-1,no_assessment_in_window,,,False,0,0,0,2
DO-40-2179|2020-08-25,DO-40-2179,DO-40-2179,J:DO,CR40,f,2020-08-25,1,0,True,-1,no_assessment_in_window,,,False,0,0,0,2
DO-40-2179|2020-09-08,DO-40-2179,DO-40-2179,J:DO,CR40,f,2020-09-08,1,0,True,1,observed_burden,2020-09-14T00:00:00,6.0,True,1,1,1,2
DO-40-2179|2020-09-14,DO-40-2179,DO-40-2179,J:DO,CR40,f,2020-09-14,1,0,True,1,observed_burden,2020-09-21T00:00:00,7.0,True,1,1,1,2
DO-40-2179|2020-09-21,DO-40-2179,DO-40-2179,J:DO,CR40,f,2020-09-21,1,0,True,1,observed_burden,2020-09-30T00:00:00,9.0,True,1,1,1,2
DO-40-2179|2020-09-30,DO-40-2179,DO-40-2179,J:DO,CR40,f,2020-09-30,1,0,True,1,observed_burden,2020-10-06T00:00:00,6.0,True,1,1,1,2
DO-40-2179|2020-10-06,DO-40-2179,DO-40-2179,J:DO,CR40,f,2020-10-06,1,0,True,1,observed_burden,2020-10-12T00:00:00,6.0,True,1,1,1,2
DO-40-2179|2020-10-12,DO-40-2179,DO-40-2179,J:DO,CR40,f,2020-10-12,1,0,True,1,observed_burden,2020-10-20T00:00:00,8.0,True,1,1,1,2
DO-40-2179|2020-10-20,DO-40-2179,DO-40-2179,J:DO,CR40,f,2020-10-20,1,0,True,1,observed_burden,2020-10-28T00:00:00,8.0,True,1,1,1,2
DO-40-2179|2020-10-28,DO-40-2179,DO-40-2179,J:DO,CR40,f,2020-10-28,1,0,True,-1,no_assessment_in_window,,,False,0,0,0,2
DO-40-2179|2020-11-10,DO-40-2179,DO-40-2179,J:DO,CR40,f,2020-11-10,1,0,True,-1,no_assessment_in_window,,,False,0,0,0,2
DO-40-2179|2020-11-24,DO-40-2179,DO-40-2179,J:DO,CR40,f,2020-11-24,0,0,True,1,observed_burden,2020-12-01T00:00:00,7.0,True,1,1,1,2
DO-40-2179|2020-12-01,DO-40-2179,DO-40-2179,J:DO,CR40,f,2020-12-01,1,0,True,1,observed_burden,2020-12-08T00:00:00,7.0,True,1,1,1,2
DO-40-2179|2020-12-08,DO-40-2179,DO-40-2179,J:DO,CR40,f,2020-12-08,1,0,True,0,observed_burden,2020-12-15T00:00:00,7.0,True,1,1,1,2
DO-40-2179|2020-12-15,DO-40-2179,DO-40-2179,J:DO,CR40,f,2020-12-15,0,0,True,1,observed_burden,2020-12-22T00:00:00,7.0,True,1,1,1,2
DO-40-2179|2020-12-22,DO-40-2179,DO-40-2179,J:DO,CR40,f,2020-12-22,1,0,True,1,observed_burden,2020-12-29T00:00:00,7.0,True,1,1,1,2
DO-40-2179|2020-12-29,DO-40-2179,DO-40-2179,J:DO,CR40,f,2020-12-29,1,0,True,1,observed_burden,2021-01-05T00:00:00,7.0,True,1,1,1,2
DO-40-2179|2021-01-05,DO-40-2179,DO-40-2179,J:DO,CR40,f,2021-01-05,1,0,True,1,observed_burden,2021-01-11T00:00:00,6.0,True,1,1,1,2
DO-40-2179|2021-01-11,DO-40-2179,DO-40-2179,J:DO,CR40,f,2021-01-11,1,0,True,1,observed_burden,2021-01-19T00:00:00,8.0,True,1,1,1,2
DO-40-2179|2021-01-19,DO-40-2179,DO-40-2179,J:DO,CR40,f,2021-01-19,1,0,True,1,observed_burden,2021-01-27T00:00:00,8.0,True,1,1,1,2
DO-40-2179|2021-01-27,DO-40-2179,DO-40-2179,J:DO,CR40,f,2021-01-27,1,0,True,1,observed_burden,2021-02-01T00:00:00,5.0,True,1,1,1,2
DO-40-2179|2021-02-01,DO-40-2179,DO-40-2179,J:DO,CR40,f,2021-02-01,1,0,True,1,observed_burden,2021-02-09T00:00:00,8.0,True,1,1,1,2
DO-40-2179|2021-02-09,DO-40-2179,DO-40-2179,J:DO,CR40,f,2021-02-09,1,0,True,1,observed_burden,2021-02-15T00:00:00,6.0,True,1,1,1,2
DO-40-2179|2021-02-15,DO-40-2179,DO-40-2179,J:DO,CR40,f,2021-02-15,1,0,True,1,observed_burden,2021-02-23T00:00:00,8.0,True,1,1,1,2
DO-40-2179|2021-02-23,DO-40-2179,DO-40-2179,J:DO,CR40,f,2021-02-23,1,0,True,1,observed_burden,2021-03-03T00:00:00,8.0,True,1,1,1,2
DO-40-2179|2021-03-03,DO-40-2179,DO-40-2179,J:DO,CR40,f,2021-03-03,1,0,True,1,observed_burden,2021-03-09T00:00:00,6.0,True,1,1,1,2
DO-40-2179|2021-03-09,DO-40-2179,DO-40-2179,J:DO,CR40,f,2021-03-09,1,0,True,1,observed_burden,2021-03-15T00:00:00,6.0,True,1,1,1,2
DO-40-2179|2021-03-15,DO-40-2179,DO-40-2179,J:DO,CR40,f,2021-03-15,1,0,True,1,observed_burden,2021-03-22T00:00:00,7.0,True,1,1,1,2
DO-40-2179|2021-03-22,DO-40-2179,DO-40-2179,J:DO,CR40,f,2021-03-22,1,0,True,1,observed_burden,2021-03-29T00:00:00,7.0,True,1,1,1,2
DO-40-2179|2021-03-29,DO-40-2179,DO-40-2179,J:DO,CR40,f,2021-03-29,1,0,True,1,observed_burden,2021-04-05T00:00:00,7.0,True,1,1,1,2
DO-40-2179|2021-04-05,DO-40-2179,DO-40-2179,J:DO,CR40,f,2021-04-05,1,0,True,1,observed_burden,2021-04-12T00:00:00,7.0,True,1,1,1,2
DO-40-2179|2021-04-12,DO-40-2179,DO-40-2179,J:DO,CR40,f,2021-04-12,1,0,True,-1,no_assessment_in_window,,,False,0,0,0,2
DO-40-2179|2021-04-27,DO-40-2179,DO-40-2179,J:DO,CR40,f,2021-04-27,0,0,True,1,observed_burden,2021-05-03T00:00:00,6.0,True,1,1,1,2
DO-40-2179|2021-05-03,DO-40-2179,DO-40-2179,J:DO,CR40,f,2021-05-03,1,0,True,1,observed_burden,2021-05-10T00:00:00,7.0,True,1,1,1,2
DO-40-2179|2021-05-10,DO-40-2179,DO-40-2179,J:DO,CR40,f,2021-05-10,1,0,True,1,observed_burden,2021-05-17T00:00:00,7.0,True,1,1,1,2
DO-40-2179|2021-05-17,DO-40-2179,DO-40-2179,J:DO,CR40,f,2021-05-17,1,0,True,1,observed_burden,2021-05-24T00:00:00,7.0,True,1,1,1,2
DO-40-2179|2021-05-24,DO-40-2179,DO-40-2179,J:DO,CR40,f,2021-05-24,1,0,True,1,observed_burden,2021-05-31T00:00:00,7.0,True,1,1,1,2
DO-40-2179|2021-05-31,DO-40-2179,DO-40-2179,J:DO,CR40,f,2021-05-31,1,0,True,1,observed_burden,2021-06-07T00:00:00,7.0,True,1,1,1,2
DO-40-2179|2021-06-07,DO-40-2179,DO-40-2179,J:DO,CR40,f,2021-06-07,1,0,True,1,observed_burden,2021-06-14T00:00:00,7.0,True,1,1,1,2
DO-40-2179|2021-06-14,DO-40-2179,DO-40-2179,J:DO,CR40,f,2021-06-14,1,0,True,1,observed_burden,2021-06-22T00:00:00,8.0,True,1,1,1,2
DO-40-2179|2021-06-22,DO-40-2179,DO-40-2179,J:DO,CR40,f,2021-06-22,1,0,True,1,observed_burden,2021-06-27T00:00:00,5.0,True,1,1,1,2
DO-40-2179|2021-06-27,DO-40-2179,DO-40-2179,J:DO,CR40,f,2021-06-27,1,0,True,-1,no_assessment_in_window,,,False,0,0,0,2
DO-40-2179|2021-07-07,DO-40-2179,DO-40-2179,J:DO,CR40,f,2021-07-07,1,0,True,0,observed_burden,2021-07-15T00:00:00,8.0,True,1,1,1,2
DO-40-2179|2021-07-15,DO-40-2179,DO-40-2179,J:DO,CR40,f,2021-07-15,0,0,True,-1,no_assessment_in_window,,,False,0,0,0,2
DO-40-2179|2021-07-28,DO-40-2179,DO-40-2179,J:DO,CR40,f,2021-07-28,1,0,True,-1,no_assessment_in_window,,,False,0,0,0,2
DO-40-2179|2021-08-16,DO-40-2179,DO-40-2179,J:DO,CR40,f,2021-08-16,1,0,True,1,observed_burden,2021-08-23T00:00:00,7.0,True,1,1,1,2
DO-40-2179|2021-08-23,DO-40-2179,DO-40-2179,J:DO,CR40,f,2021-08-23,1,0,True,1,observed_burden,2021-08-30T00:00:00,7.0,True,1,1,1,2
DO-40-2179|2021-08-30,DO-40-2179,DO-40-2179,J:DO,CR40,f,2021-08-30,1,0,True,-1,no_assessment_in_window,,,False,0,0,0,2
DO-40-2179|2021-09-09,DO-40-2179,DO-40-2179,J:DO,CR40,f,2021-09-09,1,0,True,1,observed_burden,2021-09-15T00:00:00,6.0,True,1,1,1,2
DO-40-2179|2021-09-15,DO-40-2179,DO-40-2179,J:DO,CR40,f,2021-09-15,1,0,True,1,observed_burden,2021-09-20T00:00:00,5.0,True,1,1,1,2
DO-40-2179|2021-09-20,DO-40-2179,DO-40-2179,J:DO,CR40,f,2021-09-20,1,0,True,1,observed_burden,2021-09-26T00:00:00,6.0,True,1,1,1,2
DO-40-2179|2021-09-26,DO-40-2179,DO-40-2179,J:DO,CR40,f,2021-09-26,1,0,True,1,observed_burden,2021-10-04T00:00:00,8.0,True,1,1,1,2
DO-40-2179|2021-10-04,DO-40-2179,DO-40-2179,J:DO,CR40,f,2021-10-04,1,0,True,1,observed_burden,2021-10-11T00:00:00,7.0,True,1,1,1,2
DO-40-2179|2021-10-11,DO-40-2179,DO-40-2179,J:DO,CR40,f,2021-10-11,1,0,True,1,observed_burden,2021-10-19T00:00:00,8.0,True,1,1,1,2
DO-40-2179|2021-10-19,DO-40-2179,DO-40-2179,J:DO,CR40,f,2021-10-19,1,0,True,1,observed_burden,2021-10-26T00:00:00,7.0,True,1,1,1,2
DO-40-2179|2021-10-26,DO-40-2179,DO-40-2179,J:DO,CR40,f,2021-10-26,1,0,True,1,observed_burden,2021-11-02T00:00:00,7.0,True,1,1,1,2
DO-40-2179|2021-11-02,DO-40-2179,DO-40-2179,J:DO,CR40,f,2021-11-02,1,0,True,1,observed_burden,2021-11-09T00:00:00,7.0,True,1,1,1,2
DO-40-2179|2021-11-09,DO-40-2179,DO-40-2179,J:DO,CR40,f,2021-11-09,1,0,True,1,observed_burden,2021-11-17T00:00:00,8.0,True,1,1,1,2
DO-40-2179|2021-11-17,DO-40-2179,DO-40-2179,J:DO,CR40,f,2021-11-17,1,0,True,1,observed_burden,2021-11-23T00:00:00,6.0,True,1,1,1,2
DO-40-2179|2021-11-23,DO-40-2179,DO-40-2179,J:DO,CR40,f,2021-11-23,1,0,True,1,observed_burden,2021-11-29T00:00:00,6.0,True,1,1,1,2
DO-40-2179|2021-11-29,DO-40-2179,DO-40-2179,J:DO,CR40,f,2021-11-29,1,0,True,1,observed_burden,2021-12-06T00:00:00,7.0,True,1,1,1,2
DO-40-2179|2021-12-06,DO-40-2179,DO-40-2179,J:DO,CR40,f,2021-12-06,1,0,True,1,observed_burden,2021-12-13T00:00:00,7.0,True,1,1,1,2
DO-40-2179|2021-12-13,DO-40-2179,DO-40-2179,J:DO,CR40,f,2021-12-13,1,0,True,1,observed_burden,2021-12-21T00:00:00,8.0,True,1,1,1,2
DO-40-2179|2021-12-21,DO-40-2179,DO-40-2179,J:DO,CR40,f,2021-12-21,1,0,True,-1,no_assessment_in_window,,,False,0,0,0,2
DO-40-2181|2020-06-22,DO-40-2181,DO-40-2181,J:DO,CR40,f,2020-06-22,1,0,True,0,observed_burden,2020-06-29T00:00:00,7.0,True,1,1,1,1
DO-40-2181|2020-06-29,DO-40-2181,DO-40-2181,J:DO,CR40,f,2020-06-29,0,0,True,0,observed_burden,2020-07-06T00:00:00,7.0,True,1,1,1,1
DO-40-2181|2020-07-06,DO-40-2181,DO-40-2181,J:DO,CR40,f,2020-07-06,0,0,True,1,observed_burden,2020-07-13T00:00:00,7.0,True,1,1,1,1
DO-40-2181|2020-07-13,DO-40-2181,DO-40-2181,J:DO,CR40,f,2020-07-13,1,0,True,1,observed_burden,2020-07-20T00:00:00,7.0,True,1,1,1,1
DO-40-2181|2020-07-20,DO-40-2181,DO-40-2181,J:DO,CR40,f,2020-07-20,1,0,True,1,observed_burden,2020-07-27T00:00:00,7.0,True,1,1,1,1
DO-40-2181|2020-07-27,DO-40-2181,DO-40-2181,J:DO,CR40,f,2020-07-27,1,0,True,1,observed_burden,2020-08-04T00:00:00,8.0,True,1,1,1,1
DO-40-2181|2020-08-04,DO-40-2181,DO-40-2181,J:DO,CR40,f,2020-08-04,1,0,True,1,observed_burden,2020-08-10T00:00:00,6.0,True,1,1,1,1
DO-40-2181|2020-08-10,DO-40-2181,DO-40-2181,J:DO,CR40,f,2020-08-10,1,0,True,-1,no_assessment_in_window,,,False,0,0,0,1
DO-40-2181|2020-08-25,DO-40-2181,DO-40-2181,J:DO,CR40,f,2020-08-25,1,0,True,-1,no_assessment_in_window,,,False,0,0,0,1
DO-40-2181|2020-09-08,DO-40-2181,DO-40-2181,J:DO,CR40,f,2020-09-08,1,0,True,1,observed_burden,2020-09-14T00:00:00,6.0,True,1,1,1,1
DO-40-2181|2020-09-14,DO-40-2181,DO-40-2181,J:DO,CR40,f,2020-09-14,1,0,True,1,observed_burden,2020-09-21T00:00:00,7.0,True,1,1,1,1
DO-40-2181|2020-09-21,DO-40-2181,DO-40-2181,J:DO,CR40,f,2020-09-21,1,0,True,1,observed_burden,2020-09-30T00:00:00,9.0,True,1,1,1,1
DO-40-2181|2020-09-30,DO-40-2181,DO-40-2181,J:DO,CR40,f,2020-09-30,1,0,True,1,observed_burden,2020-10-06T00:00:00,6.0,True,1,1,1,1
DO-40-2181|2020-10-06,DO-40-2181,DO-40-2181,J:DO,CR40,f,2020-10-06,1,0,True,1,observed_burden,2020-10-12T00:00:00,6.0,True,1,1,1,1
DO-40-2181|2020-10-12,DO-40-2181,DO-40-2181,J:DO,CR40,f,2020-10-12,1,0,True,1,observed_burden,2020-10-20T00:00:00,8.0,True,1,1,1,1
DO-40-2181|2020-10-20,DO-40-2181,DO-40-2181,J:DO,CR40,f,2020-10-20,1,0,True,1,observed_burden,2020-10-28T00:00:00,8.0,True,1,1,1,1
DO-40-2181|2020-10-28,DO-40-2181,DO-40-2181,J:DO,CR40,f,2020-10-28,1,0,True,-1,no_assessment_in_window,,,False,0,0,0,1
DO-40-2181|2020-11-10,DO-40-2181,DO-40-2181,J:DO,CR40,f,2020-11-10,1,0,True,-1,no_assessment_in_window,,,False,0,0,0,1
DO-40-2181|2020-11-24,DO-40-2181,DO-40-2181,J:DO,CR40,f,2020-11-24,1,0,True,1,observed_burden,2020-12-01T00:00:00,7.0,True,1,1,1,1
DO-40-2181|2020-12-01,DO-40-2181,DO-40-2181,J:DO,CR40,f,2020-12-01,1,0,True,1,observed_burden,2020-12-08T00:00:00,7.0,True,1,1,1,1
DO-40-2181|2020-12-08,DO-40-2181,DO-40-2181,J:DO,CR40,f,2020-12-08,1,0,True,1,observed_burden,2020-12-15T00:00:00,7.0,True,1,1,1,1
DO-40-2181|2020-12-15,DO-40-2181,DO-40-2181,J:DO,CR40,f,2020-12-15,1,0,True,1,observed_burden,2020-12-22T00:00:00,7.0,True,1,1,1,1
DO-40-2181|2020-12-22,DO-40-2181,DO-40-2181,J:DO,CR40,f,2020-12-22,1,0,True,1,observed_burden,2020-12-29T00:00:00,7.0,True,1,1,1,1
DO-40-2181|2020-12-29,DO-40-2181,DO-40-2181,J:DO,CR40,f,2020-12-29,1,0,True,1,observed_burden,2021-01-05T00:00:00,7.0,True,1,1,1,1
DO-40-2181|2021-01-05,DO-40-2181,DO-40-2181,J:DO,CR40,f,2021-01-05,1,0,True,1,observed_burden,2021-01-11T00:00:00,6.0,True,1,1,1,1
DO-40-2181|2021-01-11,DO-40-2181,DO-40-2181,J:DO,CR40,f,2021-01-11,1,0,True,1,observed_burden,2021-01-19T00:00:00,8.0,True,1,1,1,1
DO-40-2181|2021-01-19,DO-40-2181,DO-40-2181,J:DO,CR40,f,2021-01-19,1,0,True,1,observed_burden,2021-01-27T00:00:00,8.0,True,1,1,1,1
DO-40-2181|2021-01-27,DO-40-2181,DO-40-2181,J:DO,CR40,f,2021-01-27,1,0,True,1,observed_burden,2021-02-01T00:00:00,5.0,True,1,1,1,1
DO-40-2181|2021-02-01,DO-40-2181,DO-40-2181,J:DO,CR40,f,2021-02-01,1,0,True,1,observed_burden,2021-02-09T00:00:00,8.0,True,1,1,1,1
DO-40-2181|2021-02-09,DO-40-2181,DO-40-2181,J:DO,CR40,f,2021-02-09,1,0,True,1,observed_burden,2021-02-15T00:00:00,6.0,True,1,1,1,1
DO-40-2181|2021-02-15,DO-40-2181,DO-40-2181,J:DO,CR40,f,2021-02-15,1,0,True,1,observed_burden,2021-02-23T00:00:00,8.0,True,1,1,1,1
DO-40-2181|2021-02-23,DO-40-2181,DO-40-2181,J:DO,CR40,f,2021-02-23,1,0,True,1,observed_burden,2021-03-03T00:00:00,8.0,True,1,1,1,1
DO-40-2181|2021-03-03,DO-40-2181,DO-40-2181,J:DO,CR40,f,2021-03-03,1,0,True,1,observed_burden,2021-03-09T00:00:00,6.0,True,1,1,1,1
DO-40-2181|2021-03-09,DO-40-2181,DO-40-2181,J:DO,CR40,f,2021-03-09,1,0,True,1,observed_burden,2021-03-15T00:00:00,6.0,True,1,1,1,1
DO-40-2181|2021-03-15,DO-40-2181,DO-40-2181,J:DO,CR40,f,2021-03-15,1,0,True,1,observed_burden,2021-03-22T00:00:00,7.0,True,1,1,1,1
DO-40-2181|2021-03-22,DO-40-2181,DO-40-2181,J:DO,CR40,f,2021-03-22,1,0,True,1,observed_burden,2021-03-29T00:00:00,7.0,True,1,1,1,1
DO-40-2181|2021-03-29,DO-40-2181,DO-40-2181,J:DO,CR40,f,2021-03-29,1,0,True,1,observed_burden,2021-04-05T00:00:00,7.0,True,1,1,1,1
DO-40-2181|2021-04-05,DO-40-2181,DO-40-2181,J:DO,CR40,f,2021-04-05,1,0,True,1,observed_burden,2021-04-12T00:00:00,7.0,True,1,1,1,1
DO-40-2181|2021-04-12,DO-40-2181,DO-40-2181,J:DO,CR40,f,2021-04-12,1,0,True,-1,no_assessment_in_window,,,False,0,0,0,1
DO-40-2181|2021-04-27,DO-40-2181,DO-40-2181,J:DO,CR40,f,2021-04-27,1,0,True,0,observed_burden,2021-05-03T00:00:00,6.0,True,1,1,1,1
DO-40-2181|2021-05-03,DO-40-2181,DO-40-2181,J:DO,CR40,f,2021-05-03,0,0,True,0,observed_burden,2021-05-10T00:00:00,7.0,True,1,1,1,1
DO-40-2181|2021-05-10,DO-40-2181,DO-40-2181,J:DO,CR40,f,2021-05-10,0,0,True,0,observed_burden,2021-05-17T00:00:00,7.0,True,1,1,1,1
DO-40-2181|2021-05-17,DO-40-2181,DO-40-2181,J:DO,CR40,f,2021-05-17,0,0,True,0,observed_burden,2021-05-24T00:00:00,7.0,True,1,1,1,1
DO-40-2181|2021-05-24,DO-40-2181,DO-40-2181,J:DO,CR40,f,2021-05-24,0,0,True,0,observed_burden,2021-05-31T00:00:00,7.0,True,1,1,1,1
DO-40-2181|2021-05-31,DO-40-2181,DO-40-2181,J:DO,CR40,f,2021-05-31,0,0,True,0,observed_burden,2021-06-07T00:00:00,7.0,True,1,1,1,1
DO-40-2181|2021-06-07,DO-40-2181,DO-40-2181,J:DO,CR40,f,2021-06-07,0,0,True,1,observed_burden,2021-06-14T00:00:00,7.0,True,1,1,1,1
DO-40-2181|2021-06-14,DO-40-2181,DO-40-2181,J:DO,CR40,f,2021-06-14,1,0,True,1,observed_burden,2021-06-22T00:00:00,8.0,True,1,1,1,1
DO-40-2181|2021-06-22,DO-40-2181,DO-40-2181,J:DO,CR40,f,2021-06-22,1,0,True,1,observed_burden,2021-06-27T00:00:00,5.0,True,1,1,1,1
DO-40-2181|2021-06-27,DO-40-2181,DO-40-2181,J:DO,CR40,f,2021-06-27,1,0,True,-1,no_assessment_in_window,,,False,0,0,0,1
DO-40-2181|2021-07-07,DO-40-2181,DO-40-2181,J:DO,CR40,f,2021-07-07,1,0,True,1,observed_burden,2021-07-15T00:00:00,8.0,True,1,1,1,1
DO-40-2181|2021-07-15,DO-40-2181,DO-40-2181,J:DO,CR40,f,2021-07-15,1,0,True,-1,no_assessment_in_window,,,False,0,0,0,1
DO-40-2181|2021-07-28,DO-40-2181,DO-40-2181,J:DO,CR40,f,2021-07-28,1,0,True,-1,no_assessment_in_window,,,False,0,0,0,1
DO-40-2181|2021-08-16,DO-40-2181,DO-40-2181,J:DO,CR40,f,2021-08-16,1,0,True,1,observed_burden,2021-08-23T00:00:00,7.0,True,1,1,1,1
DO-40-2181|2021-08-23,DO-40-2181,DO-40-2181,J:DO,CR40,f,2021-08-23,1,0,True,1,observed_burden,2021-08-30T00:00:00,7.0,True,1,1,1,1
DO-40-2181|2021-08-30,DO-40-2181,DO-40-2181,J:DO,CR40,f,2021-08-30,1,0,True,-1,no_assessment_in_window,,,False,0,0,0,1
DO-40-2181|2021-09-09,DO-40-2181,DO-40-2181,J:DO,CR40,f,2021-09-09,1,0,True,1,observed_burden,2021-09-15T00:00:00,6.0,True,1,1,1,1
DO-40-2181|2021-09-15,DO-40-2181,DO-40-2181,J:DO,CR40,f,2021-09-15,1,0,True,1,observed_burden,2021-09-20T00:00:00,5.0,True,1,1,1,1
DO-40-2181|2021-09-20,DO-40-2181,DO-40-2181,J:DO,CR40,f,2021-09-20,1,0,True,1,observed_burden,2021-09-26T00:00:00,6.0,True,1,1,1,1
DO-40-2181|2021-09-26,DO-40-2181,DO-40-2181,J:DO,CR40,f,2021-09-26,1,0,True,1,observed_burden,2021-10-04T00:00:00,8.0,True,1,1,1,1
DO-40-2181|2021-10-04,DO-40-2181,DO-40-2181,J:DO,CR40,f,2021-10-04,1,0,True,1,observed_burden,2021-10-11T00:00:00,7.0,True,1,1,1,1
DO-40-2181|2021-10-11,DO-40-2181,DO-40-2181,J:DO,CR40,f,2021-10-11,1,0,True,1,observed_burden,2021-10-19T00:00:00,8.0,True,1,1,1,1
DO-40-2181|2021-10-19,DO-40-2181,DO-40-2181,J:DO,CR40,f,2021-10-19,1,0,True,1,observed_burden,2021-10-26T00:00:00,7.0,True,1,1,1,1
DO-40-2181|2021-10-26,DO-40-2181,DO-40-2181,J:DO,CR40,f,2021-10-26,1,0,True,1,observed_burden,2021-11-02T00:00:00,7.0,True,1,1,1,1
DO-40-2181|2021-11-02,DO-40-2181,DO-40-2181,J:DO,CR40,f,2021-11-02,1,0,True,1,observed_burden,2021-11-09T00:00:00,7.0,True,1,1,1,1
DO-40-2181|2021-11-09,DO-40-2181,DO-40-2181,J:DO,CR40,f,2021-11-09,1,0,True,1,observed_burden,2021-11-17T00:00:00,8.0,True,1,1,1,1
DO-40-2181|2021-11-17,DO-40-2181,DO-40-2181,J:DO,CR40,f,2021-11-17,1,0,True,1,observed_burden,2021-11-23T00:00:00,6.0,True,1,1,1,1
DO-40-2181|2021-11-23,DO-40-2181,DO-40-2181,J:DO,CR40,f,2021-11-23,1,0,True,1,observed_burden,2021-11-29T00:00:00,6.0,True,1,1,1,1
DO-40-2181|2021-11-29,DO-40-2181,DO-40-2181,J:DO,CR40,f,2021-11-29,1,0,True,1,observed_burden,2021-12-06T00:00:00,7.0,True,1,1,1,1
DO-40-2181|2021-12-06,DO-40-2181,DO-40-2181,J:DO,CR40,f,2021-12-06,1,0,True,1,observed_burden,2021-12-13T00:00:00,7.0,True,1,1,1,1
DO-40-2181|2021-12-13,DO-40-2181,DO-40-2181,J:DO,CR40,f,2021-12-13,1,0,True,2,terminal_RE,2021-12-21T00:00:00,,False,1,1,1,1
DO-40-2182|2020-06-22,DO-40-2182,DO-40-2182,J:DO,CR40,f,2020-06-22,1,0,True,1,observed_burden,2020-06-29T00:00:00,7.0,True,1,1,1,0
DO-40-2182|2020-06-29,DO-40-2182,DO-40-2182,J:DO,CR40,f,2020-06-29,1,0,True,1,observed_burden,2020-07-06T00:00:00,7.0,True,1,1,1,0
DO-40-2182|2020-07-06,DO-40-2182,DO-40-2182,J:DO,CR40,f,2020-07-06,1,0,True,1,observed_burden,2020-07-13T00:00:00,7.0,True,1,1,1,0
DO-40-2182|2020-07-13,DO-40-2182,DO-40-2182,J:DO,CR40,f,2020-07-13,1,0,True,1,observed_burden,2020-07-20T00:00:00,7.0,True,1,1,1,0
DO-40-2182|2020-07-20,DO-40-2182,DO-40-2182,J:DO,CR40,f,2020-07-20,1,0,True,1,observed_burden,2020-07-27T00:00:00,7.0,True,1,1,1,0
DO-40-2182|2020-07-27,DO-40-2182,DO-40-2182,J:DO,CR40,f,2020-07-27,1,0,True,1,observed_burden,2020-08-04T00:00:00,8.0,True,1,1,1,0
DO-40-2182|2020-08-04,DO-40-2182,DO-40-2182,J:DO,CR40,f,2020-08-04,1,0,True,1,observed_burden,2020-08-10T00:00:00,6.0,True,1,1,1,0
DO-40-2182|2020-08-10,DO-40-2182,DO-40-2182,J:DO,CR40,f,2020-08-10,1,0,True,-1,no_assessment_in_window,,,False,0,0,0,0
DO-40-2182|2020-08-25,DO-40-2182,DO-40-2182,J:DO,CR40,f,2020-08-25,1,0,True,-1,no_assessment_in_window,,,False,0,0,0,0
DO-40-2182|2020-09-08,DO-40-2182,DO-40-2182,J:DO,CR40,f,2020-09-08,1,0,True,1,observed_burden,2020-09-14T00:00:00,6.0,True,1,1,1,0
DO-40-2182|2020-09-14,DO-40-2182,DO-40-2182,J:DO,CR40,f,2020-09-14,1,0,True,1,observed_burden,2020-09-21T00:00:00,7.0,True,1,1,1,0
DO-40-2182|2020-09-21,DO-40-2182,DO-40-2182,J:DO,CR40,f,2020-09-21,1,0,True,0,observed_burden,2020-09-30T00:00:00,9.0,True,1,1,1,0
DO-40-2182|2020-09-30,DO-40-2182,DO-40-2182,J:DO,CR40,f,2020-09-30,0,0,True,1,observed_burden,2020-10-06T00:00:00,6.0,True,1,1,1,0
DO-40-2182|2020-10-06,DO-40-2182,DO-40-2182,J:DO,CR40,f,2020-10-06,1,0,True,1,observed_burden,2020-10-12T00:00:00,6.0,True,1,1,1,0
DO-40-2182|2020-10-12,DO-40-2182,DO-40-2182,J:DO,CR40,f,2020-10-12,1,0,True,1,observed_burden,2020-10-20T00:00:00,8.0,True,1,1,1,0
DO-40-2182|2020-10-20,DO-40-2182,DO-40-2182,J:DO,CR40,f,2020-10-20,1,0,True,1,observed_burden,2020-10-28T00:00:00,8.0,True,1,1,1,0
DO-40-2182|2020-10-28,DO-40-2182,DO-40-2182,J:DO,CR40,f,2020-10-28,1,0,True,-1,no_assessment_in_window,,,False,0,0,0,0
DO-40-2182|2020-11-10,DO-40-2182,DO-40-2182,J:DO,CR40,f,2020-11-10,1,0,True,-1,no_assessment_in_window,,,False,0,0,0,0
DO-40-2183|2020-06-22,DO-40-2183,DO-40-2183,J:DO,CR40,f,2020-06-22,0,0,True,0,observed_burden,2020-06-29T00:00:00,7.0,True,1,1,1,1
DO-40-2183|2020-06-29,DO-40-2183,DO-40-2183,J:DO,CR40,f,2020-06-29,0,0,True,0,observed_burden,2020-07-06T00:00:00,7.0,True,1,1,1,1
DO-40-2183|2020-07-06,DO-40-2183,DO-40-2183,J:DO,CR40,f,2020-07-06,0,0,True,0,observed_burden,2020-07-13T00:00:00,7.0,True,1,1,1,1
DO-40-2183|2020-07-13,DO-40-2183,DO-40-2183,J:DO,CR40,f,2020-07-13,0,0,True,0,observed_burden,2020-07-20T00:00:00,7.0,True,1,1,1,1
DO-40-2183|2020-07-20,DO-40-2183,DO-40-2183,J:DO,CR40,f,2020-07-20,0,0,True,0,observed_burden,2020-07-27T00:00:00,7.0,True,1,1,1,1
DO-40-2183|2020-07-27,DO-40-2183,DO-40-2183,J:DO,CR40,f,2020-07-27,0,0,True,0,observed_burden,2020-08-04T00:00:00,8.0,True,1,1,1,1
DO-40-2183|2020-08-04,DO-40-2183,DO-40-2183,J:DO,CR40,f,2020-08-04,0,0,True,1,observed_burden,2020-08-10T00:00:00,6.0,True,1,1,1,1
DO-40-2183|2020-08-10,DO-40-2183,DO-40-2183,J:DO,CR40,f,2020-08-10,1,0,True,-1,no_assessment_in_window,,,False,0,0,0,1
DO-40-2183|2020-08-25,DO-40-2183,DO-40-2183,J:DO,CR40,f,2020-08-25,0,0,True,-1,no_assessment_in_window,,,False,0,0,0,1
DO-40-2183|2020-09-08,DO-40-2183,DO-40-2183,J:DO,CR40,f,2020-09-08,0,0,True,1,observed_burden,2020-09-14T00:00:00,6.0,True,1,1,1,1
DO-40-2183|2020-09-14,DO-40-2183,DO-40-2183,J:DO,CR40,f,2020-09-14,1,0,True,0,observed_burden,2020-09-21T00:00:00,7.0,True,1,1,1,1
DO-40-2183|2020-09-21,DO-40-2183,DO-40-2183,J:DO,CR40,f,2020-09-21,0,0,True,0,observed_burden,2020-09-30T00:00:00,9.0,True,1,1,1,1
DO-40-2183|2020-09-30,DO-40-2183,DO-40-2183,J:DO,CR40,f,2020-09-30,0,0,True,1,observed_burden,2020-10-06T00:00:00,6.0,True,1,1,1,1
DO-40-2183|2020-10-06,DO-40-2183,DO-40-2183,J:DO,CR40,f,2020-10-06,1,0,True,0,observed_burden,2020-10-12T00:00:00,6.0,True,1,1,1,1
DO-40-2183|2020-10-12,DO-40-2183,DO-40-2183,J:DO,CR40,f,2020-10-12,0,0,True,1,observed_burden,2020-10-20T00:00:00,8.0,True,1,1,1,1
DO-40-2183|2020-10-20,DO-40-2183,DO-40-2183,J:DO,CR40,f,2020-10-20,1,0,True,1,observed_burden,2020-10-28T00:00:00,8.0,True,1,1,1,1
DO-40-2183|2020-10-28,DO-40-2183,DO-40-2183,J:DO,CR40,f,2020-10-28,1,0,True,-1,no_assessment_in_window,,,False,0,0,0,1
DO-40-2183|2020-11-10,DO-40-2183,DO-40-2183,J:DO,CR40,f,2020-11-10,1,0,True,-1,no_assessment_in_window,,,False,0,0,0,1
DO-40-2183|2020-11-24,DO-40-2183,DO-40-2183,J:DO,CR40,f,2020-11-24,1,0,True,1,observed_burden,2020-12-01T00:00:00,7.0,True,1,1,1,1
DO-40-2183|2020-12-01,DO-40-2183,DO-40-2183,J:DO,CR40,f,2020-12-01,1,0,True,1,observed_burden,2020-12-08T00:00:00,7.0,True,1,1,1,1
DO-40-2183|2020-12-08,DO-40-2183,DO-40-2183,J:DO,CR40,f,2020-12-08,1,0,True,1,observed_burden,2020-12-15T00:00:00,7.0,True,1,1,1,1
DO-40-2183|2020-12-15,DO-40-2183,DO-40-2183,J:DO,CR40,f,2020-12-15,1,0,True,1,observed_burden,2020-12-22T00:00:00,7.0,True,1,1,1,1
DO-40-2183|2020-12-22,DO-40-2183,DO-40-2183,J:DO,CR40,f,2020-12-22,1,0,True,1,observed_burden,2020-12-29T00:00:00,7.0,True,1,1,1,1
DO-40-2183|2020-12-29,DO-40-2183,DO-40-2183,J:DO,CR40,f,2020-12-29,1,0,True,1,observed_burden,2021-01-05T00:00:00,7.0,True,1,1,1,1
DO-40-2183|2021-01-05,DO-40-2183,DO-40-2183,J:DO,CR40,f,2021-01-05,1,0,True,1,observed_burden,2021-01-11T00:00:00,6.0,True,1,1,1,1
DO-40-2183|2021-01-11,DO-40-2183,DO-40-2183,J:DO,CR40,f,2021-01-11,1,0,True,1,observed_burden,2021-01-19T00:00:00,8.0,True,1,1,1,1
DO-40-2183|2021-01-19,DO-40-2183,DO-40-2183,J:DO,CR40,f,2021-01-19,1,0,True,1,observed_burden,2021-01-27T00:00:00,8.0,True,1,1,1,1
DO-40-2183|2021-01-27,DO-40-2183,DO-40-2183,J:DO,CR40,f,2021-01-27,1,0,True,1,observed_burden,2021-02-01T00:00:00,5.0,True,1,1,1,1
DO-40-2183|2021-02-01,DO-40-2183,DO-40-2183,J:DO,CR40,f,2021-02-01,1,0,True,1,observed_burden,2021-02-09T00:00:00,8.0,True,1,1,1,1
DO-40-2183|2021-02-09,DO-40-2183,DO-40-2183,J:DO,CR40,f,2021-02-09,1,0,True,1,observed_burden,2021-02-15T00:00:00,6.0,True,1,1,1,1
DO-40-2183|2021-02-15,DO-40-2183,DO-40-2183,J:DO,CR40,f,2021-02-15,1,0,True,1,observed_burden,2021-02-23T00:00:00,8.0,True,1,1,1,1
DO-40-2183|2021-02-23,DO-40-2183,DO-40-2183,J:DO,CR40,f,2021-02-23,1,0,True,2,terminal_FD,2021-03-03T00:00:00,,False,0,0,0,1
DO-40-2184|2020-06-22,DO-40-2184,DO-40-2184,J:DO,CR40,f,2020-06-22,0,0,True,0,observed_burden,2020-06-29T00:00:00,7.0,True,1,1,1,0
DO-40-2184|2020-06-29,DO-40-2184,DO-40-2184,J:DO,CR40,f,2020-06-29,0,0,True,0,observed_burden,2020-07-06T00:00:00,7.0,True,1,1,1,0
DO-40-2184|2020-07-06,DO-40-2184,DO-40-2184,J:DO,CR40,f,2020-07-06,0,0,True,0,observed_burden,2020-07-13T00:00:00,7.0,True,1,1,1,0
DO-40-2184|2020-07-13,DO-40-2184,DO-40-2184,J:DO,CR40,f,2020-07-13,0,0,True,0,observed_burden,2020-07-20T00:00:00,7.0,True,1,1,1,0
DO-40-2184|2020-07-20,DO-40-2184,DO-40-2184,J:DO,CR40,f,2020-07-20,0,0,True,1,observed_burden,2020-07-27T00:00:00,7.0,True,1,1,1,0
DO-40-2184|2020-07-27,DO-40-2184,DO-40-2184,J:DO,CR40,f,2020-07-27,1,0,True,1,observed_burden,2020-08-04T00:00:00,8.0,True,1,1,1,0
DO-40-2184|2020-08-04,DO-40-2184,DO-40-2184,J:DO,CR40,f,2020-08-04,1,0,True,1,observed_burden,2020-08-10T00:00:00,6.0,True,1,1,1,0
DO-40-2184|2020-08-10,DO-40-2184,DO-40-2184,J:DO,CR40,f,2020-08-10,1,0,True,-1,no_assessment_in_window,,,False,0,0,0,0
DO-40-2184|2020-08-25,DO-40-2184,DO-40-2184,J:DO,CR40,f,2020-08-25,1,0,True,-1,no_assessment_in_window,,,False,0,0,0,0
DO-40-2184|2020-09-08,DO-40-2184,DO-40-2184,J:DO,CR40,f,2020-09-08,1,0,True,1,observed_burden,2020-09-14T00:00:00,6.0,True,1,1,1,0
DO-40-2184|2020-09-14,DO-40-2184,DO-40-2184,J:DO,CR40,f,2020-09-14,1,0,True,1,observed_burden,2020-09-21T00:00:00,7.0,True,1,1,1,0
DO-40-2184|2020-09-21,DO-40-2184,DO-40-2184,J:DO,CR40,f,2020-09-21,1,0,True,1,observed_burden,2020-09-30T00:00:00,9.0,True,1,1,1,0
DO-40-2184|2020-09-30,DO-40-2184,DO-40-2184,J:DO,CR40,f,2020-09-30,1,0,True,1,observed_burden,2020-10-06T00:00:00,6.0,True,1,1,1,0
DO-40-2184|2020-10-06,DO-40-2184,DO-40-2184,J:DO,CR40,f,2020-10-06,1,0,True,1,observed_burden,2020-10-12T00:00:00,6.0,True,1,1,1,0
DO-40-2184|2020-10-12,DO-40-2184,DO-40-2184,J:DO,CR40,f,2020-10-12,1,0,True,1,observed_burden,2020-10-20T00:00:00,8.0,True,1,1,1,0
DO-40-2184|2020-10-20,DO-40-2184,DO-40-2184,J:DO,CR40,f,2020-10-20,1,0,True,1,observed_burden,2020-10-28T00:00:00,8.0,True,1,1,1,0
DO-40-2184|2020-10-28,DO-40-2184,DO-40-2184,J:DO,CR40,f,2020-10-28,1,0,True,-1,no_assessment_in_window,,,False,0,0,0,0
DO-40-2184|2020-11-10,DO-40-2184,DO-40-2184,J:DO,CR40,f,2020-11-10,1,0,True,-1,no_assessment_in_window,,,False,0,0,0,0
DO-40-2184|2020-11-24,DO-40-2184,DO-40-2184,J:DO,CR40,f,2020-11-24,1,0,True,1,observed_burden,2020-12-01T00:00:00,7.0,True,1,1,1,0
DO-40-2184|2020-12-01,DO-40-2184,DO-40-2184,J:DO,CR40,f,2020-12-01,1,0,True,1,observed_burden,2020-12-08T00:00:00,7.0,True,1,1,1,0
DO-40-2184|2020-12-08,DO-40-2184,DO-40-2184,J:DO,CR40,f,2020-12-08,1,0,True,1,observed_burden,2020-12-15T00:00:00,7.0,True,1,1,1,0
DO-40-2184|2020-12-15,DO-40-2184,DO-40-2184,J:DO,CR40,f,2020-12-15,1,0,True,1,observed_burden,2020-12-22T00:00:00,7.0,True,1,1,1,0
DO-40-2184|2020-12-22,DO-40-2184,DO-40-2184,J:DO,CR40,f,2020-12-22,1,0,True,1,observed_burden,2020-12-29T00:00:00,7.0,True,1,1,1,0
DO-40-2184|2020-12-29,DO-40-2184,DO-40-2184,J:DO,CR40,f,2020-12-29,1,0,True,1,observed_burden,2021-01-05T00:00:00,7.0,True,1,1,1,0
DO-40-2184|2021-01-05,DO-40-2184,DO-40-2184,J:DO,CR40,f,2021-01-05,1,0,True,1,observed_burden,2021-01-11T00:00:00,6.0,True,1,1,1,0
DO-40-2184|2021-01-11,DO-40-2184,DO-40-2184,J:DO,CR40,f,2021-01-11,1,0,True,1,observed_burden,2021-01-19T00:00:00,8.0,True,1,1,1,0
DO-40-2184|2021-01-19,DO-40-2184,DO-40-2184,J:DO,CR40,f,2021-01-19,1,0,True,1,observed_burden,2021-01-27T00:00:00,8.0,True,1,1,1,0
DO-40-2184|2021-01-27,DO-40-2184,DO-40-2184,J:DO,CR40,f,2021-01-27,1,0,True,1,observed_burden,2021-02-01T00:00:00,5.0,True,1,1,1,0
DO-40-2184|2021-02-01,DO-40-2184,DO-40-2184,J:DO,CR40,f,2021-02-01,1,0,True,-1,no_assessment_in_window,,,False,0,0,0,0
DO-40-2184|2021-02-15,DO-40-2184,DO-40-2184,J:DO,CR40,f,2021-02-15,1,0,True,1,observed_burden,2021-02-23T00:00:00,8.0,True,1,1,1,0
DO-40-2184|2021-02-23,DO-40-2184,DO-40-2184,J:DO,CR40,f,2021-02-23,1,0,True,1,observed_burden,2021-03-03T00:00:00,8.0,True,1,1,1,0
DO-40-2184|2021-03-03,DO-40-2184,DO-40-2184,J:DO,CR40,f,2021-03-03,1,0,True,1,observed_burden,2021-03-09T00:00:00,6.0,True,1,1,1,0
DO-40-2184|2021-03-09,DO-40-2184,DO-40-2184,J:DO,CR40,f,2021-03-09,1,0,True,1,observed_burden,2021-03-15T00:00:00,6.0,True,1,1,1,0
DO-40-2184|2021-03-15,DO-40-2184,DO-40-2184,J:DO,CR40,f,2021-03-15,1,0,True,1,observed_burden,2021-03-22T00:00:00,7.0,True,1,1,1,0
DO-40-2184|2021-03-22,DO-40-2184,DO-40-2184,J:DO,CR40,f,2021-03-22,1,0,True,2,terminal_FD,2021-03-29T00:00:00,,False,0,0,0,0
DO-40-2186|2020-06-22,DO-40-2186,DO-40-2186,J:DO,CR40,f,2020-06-22,0,0,True,1,observed_burden,2020-06-29T00:00:00,7.0,True,1,1,1,1
DO-40-2186|2020-06-29,DO-40-2186,DO-40-2186,J:DO,CR40,f,2020-06-29,1,0,True,0,observed_burden,2020-07-06T00:00:00,7.0,True,1,1,1,1
DO-40-2186|2020-07-06,DO-40-2186,DO-40-2186,J:DO,CR40,f,2020-07-06,0,0,True,0,observed_burden,2020-07-13T00:00:00,7.0,True,1,1,1,1
DO-40-2186|2020-07-13,DO-40-2186,DO-40-2186,J:DO,CR40,f,2020-07-13,0,0,True,0,observed_burden,2020-07-20T00:00:00,7.0,True,1,1,1,1
DO-40-2186|2020-07-20,DO-40-2186,DO-40-2186,J:DO,CR40,f,2020-07-20,0,0,True,0,observed_burden,2020-07-27T00:00:00,7.0,True,1,1,1,1
DO-40-2186|2020-07-27,DO-40-2186,DO-40-2186,J:DO,CR40,f,2020-07-27,0,0,True,1,observed_burden,2020-08-04T00:00:00,8.0,True,1,1,1,1
DO-40-2186|2020-08-04,DO-40-2186,DO-40-2186,J:DO,CR40,f,2020-08-04,1,0,True,0,observed_burden,2020-08-10T00:00:00,6.0,True,1,1,1,1
DO-40-2186|2020-08-10,DO-40-2186,DO-40-2186,J:DO,CR40,f,2020-08-10,0,0,True,-1,no_assessment_in_window,,,False,0,0,0,1
DO-40-2186|2020-09-08,DO-40-2186,DO-40-2186,J:DO,CR40,f,2020-09-08,1,0,True,1,observed_burden,2020-09-14T00:00:00,6.0,True,1,1,1,1
DO-40-2186|2020-09-14,DO-40-2186,DO-40-2186,J:DO,CR40,f,2020-09-14,1,0,True,0,observed_burden,2020-09-21T00:00:00,7.0,True,1,1,1,1
DO-40-2186|2020-09-21,DO-40-2186,DO-40-2186,J:DO,CR40,f,2020-09-21,0,0,True,1,observed_burden,2020-09-30T00:00:00,9.0,True,1,1,1,1
DO-40-2186|2020-09-30,DO-40-2186,DO-40-2186,J:DO,CR40,f,2020-09-30,1,0,True,1,observed_burden,2020-10-06T00:00:00,6.0,True,1,1,1,1
DO-40-2186|2020-10-06,DO-40-2186,DO-40-2186,J:DO,CR40,f,2020-10-06,1,0,True,1,observed_burden,2020-10-12T00:00:00,6.0,True,1,1,1,1
DO-40-2186|2020-10-12,DO-40-2186,DO-40-2186,J:DO,CR40,f,2020-10-12,1,0,True,1,observed_burden,2020-10-20T00:00:00,8.0,True,1,1,1,1
DO-40-2186|2020-10-20,DO-40-2186,DO-40-2186,J:DO,CR40,f,2020-10-20,1,0,True,-1,no_assessment_in_window,,,False,0,0,0,1
DO-40-2186|2020-11-10,DO-40-2186,DO-40-2186,J:DO,CR40,f,2020-11-10,1,0,True,-1,no_assessment_in_window,,,False,0,0,0,1
DO-40-2186|2020-11-24,DO-40-2186,DO-40-2186,J:DO,CR40,f,2020-11-24,1,0,True,2,terminal_FD,2020-12-02T00:00:00,,False,1,1,1,1
DO-40-2186|2020-12-01,DO-40-2186,DO-40-2186,J:DO,CR40,f,2020-12-01,1,0,True,2,terminal_FD,2020-12-02T00:00:00,,False,0,0,0,1
DO-40-2187|2020-06-22,DO-40-2187,DO-40-2187,J:DO,CR40,f,2020-06-22,0,0,True,0,observed_burden,2020-06-29T00:00:00,7.0,True,1,1,1,1
DO-40-2187|2020-06-29,DO-40-2187,DO-40-2187,J:DO,CR40,f,2020-06-29,0,0,True,0,observed_burden,2020-07-06T00:00:00,7.0,True,1,1,1,1
DO-40-2187|2020-07-06,DO-40-2187,DO-40-2187,J:DO,CR40,f,2020-07-06,0,0,True,0,observed_burden,2020-07-13T00:00:00,7.0,True,1,1,1,1
DO-40-2187|2020-07-13,DO-40-2187,DO-40-2187,J:DO,CR40,f,2020-07-13,0,0,True,0,observed_burden,2020-07-20T00:00:00,7.0,True,1,1,1,1
DO-40-2187|2020-07-20,DO-40-2187,DO-40-2187,J:DO,CR40,f,2020-07-20,0,0,True,0,observed_burden,2020-07-27T00:00:00,7.0,True,1,1,1,1
DO-40-2187|2020-07-27,DO-40-2187,DO-40-2187,J:DO,CR40,f,2020-07-27,0,0,True,0,observed_burden,2020-08-04T00:00:00,8.0,True,1,1,1,1
DO-40-2187|2020-08-04,DO-40-2187,DO-40-2187,J:DO,CR40,f,2020-08-04,0,0,True,0,observed_burden,2020-08-10T00:00:00,6.0,True,1,1,1,1
DO-40-2187|2020-08-10,DO-40-2187,DO-40-2187,J:DO,CR40,f,2020-08-10,0,0,True,-1,no_assessment_in_window,,,False,0,0,0,1
DO-40-2187|2020-09-08,DO-40-2187,DO-40-2187,J:DO,CR40,f,2020-09-08,0,0,True,0,observed_burden,2020-09-14T00:00:00,6.0,True,1,1,1,1
DO-40-2187|2020-09-14,DO-40-2187,DO-40-2187,J:DO,CR40,f,2020-09-14,0,0,True,0,observed_burden,2020-09-21T00:00:00,7.0,True,1,1,1,1
DO-40-2187|2020-09-21,DO-40-2187,DO-40-2187,J:DO,CR40,f,2020-09-21,0,0,True,0,observed_burden,2020-09-30T00:00:00,9.0,True,1,1,1,1
DO-40-2187|2020-09-30,DO-40-2187,DO-40-2187,J:DO,CR40,f,2020-09-30,0,0,True,1,observed_burden,2020-10-06T00:00:00,6.0,True,1,1,1,1
DO-40-2187|2020-10-06,DO-40-2187,DO-40-2187,J:DO,CR40,f,2020-10-06,1,0,True,0,observed_burden,2020-10-12T00:00:00,6.0,True,1,1,1,1
DO-40-2187|2020-10-12,DO-40-2187,DO-40-2187,J:DO,CR40,f,2020-10-12,0,0,True,1,observed_burden,2020-10-20T00:00:00,8.0,True,1,1,1,1
DO-40-2187|2020-10-20,DO-40-2187,DO-40-2187,J:DO,CR40,f,2020-10-20,1,0,True,-1,no_assessment_in_window,,,False,0,0,0,1
DO-40-2187|2020-11-10,DO-40-2187,DO-40-2187,J:DO,CR40,f,2020-11-10,1,0,True,-1,no_assessment_in_window,,,False,0,0,0,1
DO-40-2187|2020-11-24,DO-40-2187,DO-40-2187,J:DO,CR40,f,2020-11-24,0,0,True,1,observed_burden,2020-12-01T00:00:00,7.0,True,1,1,1,1
DO-40-2187|2020-12-01,DO-40-2187,DO-40-2187,J:DO,CR40,f,2020-12-01,1,0,True,1,observed_burden,2020-12-08T00:00:00,7.0,True,1,1,1,1
DO-40-2187|2020-12-08,DO-40-2187,DO-40-2187,J:DO,CR40,f,2020-12-08,1,0,True,0,observed_burden,2020-12-15T00:00:00,7.0,True,1,1,1,1
DO-40-2187|2020-12-15,DO-40-2187,DO-40-2187,J:DO,CR40,f,2020-12-15,0,0,True,1,observed_burden,2020-12-22T00:00:00,7.0,True,1,1,1,1
DO-40-2187|2020-12-22,DO-40-2187,DO-40-2187,J:DO,CR40,f,2020-12-22,1,0,True,1,observed_burden,2020-12-29T00:00:00,7.0,True,1,1,1,1
DO-40-2187|2020-12-29,DO-40-2187,DO-40-2187,J:DO,CR40,f,2020-12-29,1,0,True,0,observed_burden,2021-01-05T00:00:00,7.0,True,1,1,1,1
DO-40-2187|2021-01-05,DO-40-2187,DO-40-2187,J:DO,CR40,f,2021-01-05,0,0,True,1,observed_burden,2021-01-11T00:00:00,6.0,True,1,1,1,1
DO-40-2187|2021-01-11,DO-40-2187,DO-40-2187,J:DO,CR40,f,2021-01-11,1,0,True,0,observed_burden,2021-01-19T00:00:00,8.0,True,1,1,1,1
DO-40-2187|2021-01-19,DO-40-2187,DO-40-2187,J:DO,CR40,f,2021-01-19,0,0,True,1,observed_burden,2021-01-27T00:00:00,8.0,True,1,1,1,1
DO-40-2187|2021-01-27,DO-40-2187,DO-40-2187,J:DO,CR40,f,2021-01-27,1,0,True,1,observed_burden,2021-02-01T00:00:00,5.0,True,1,1,1,1
DO-40-2187|2021-02-01,DO-40-2187,DO-40-2187,J:DO,CR40,f,2021-02-01,1,0,True,1,observed_burden,2021-02-09T00:00:00,8.0,True,1,1,1,1
DO-40-2187|2021-02-09,DO-40-2187,DO-40-2187,J:DO,CR40,f,2021-02-09,1,0,True,1,observed_burden,2021-02-15T00:00:00,6.0,True,1,1,1,1
DO-40-2187|2021-02-15,DO-40-2187,DO-40-2187,J:DO,CR40,f,2021-02-15,1,0,True,1,observed_burden,2021-02-23T00:00:00,8.0,True,1,1,1,1
DO-40-2187|2021-02-23,DO-40-2187,DO-40-2187,J:DO,CR40,f,2021-02-23,1,0,True,1,observed_burden,2021-03-03T00:00:00,8.0,True,1,1,1,1
DO-40-2187|2021-03-03,DO-40-2187,DO-40-2187,J:DO,CR40,f,2021-03-03,1,0,True,0,observed_burden,2021-03-09T00:00:00,6.0,True,1,1,1,1
DO-40-2187|2021-03-09,DO-40-2187,DO-40-2187,J:DO,CR40,f,2021-03-09,0,0,True,0,observed_burden,2021-03-15T00:00:00,6.0,True,1,1,1,1
DO-40-2187|2021-03-15,DO-40-2187,DO-40-2187,J:DO,CR40,f,2021-03-15,0,0,True,0,observed_burden,2021-03-22T00:00:00,7.0,True,1,1,1,1
DO-40-2187|2021-03-22,DO-40-2187,DO-40-2187,J:DO,CR40,f,2021-03-22,0,0,True,0,observed_burden,2021-03-29T00:00:00,7.0,True,1,1,1,1
DO-40-2187|2021-03-29,DO-40-2187,DO-40-2187,J:DO,CR40,f,2021-03-29,0,0,True,0,observed_burden,2021-04-05T00:00:00,7.0,True,1,1,1,1
DO-40-2187|2021-04-05,DO-40-2187,DO-40-2187,J:DO,CR40,f,2021-04-05,0,0,True,1,observed_burden,2021-04-12T00:00:00,7.0,True,1,1,1,1
DO-40-2187|2021-04-12,DO-40-2187,DO-40-2187,J:DO,CR40,f,2021-04-12,1,0,True,-1,no_assessment_in_window,,,False,0,0,0,1
DO-40-2187|2021-04-27,DO-40-2187,DO-40-2187,J:DO,CR40,f,2021-04-27,1,0,True,1,observed_burden,2021-05-03T00:00:00,6.0,True,1,1,1,1
DO-40-2187|2021-05-03,DO-40-2187,DO-40-2187,J:DO,CR40,f,2021-05-03,1,0,True,1,observed_burden,2021-05-10T00:00:00,7.0,True,1,1,1,1
DO-40-2187|2021-05-10,DO-40-2187,DO-40-2187,J:DO,CR40,f,2021-05-10,1,0,True,1,observed_burden,2021-05-17T00:00:00,7.0,True,1,1,1,1
DO-40-2187|2021-05-17,DO-40-2187,DO-40-2187,J:DO,CR40,f,2021-05-17,1,0,True,1,observed_burden,2021-05-24T00:00:00,7.0,True,1,1,1,1
DO-40-2187|2021-05-24,DO-40-2187,DO-40-2187,J:DO,CR40,f,2021-05-24,1,0,True,1,observed_burden,2021-05-31T00:00:00,7.0,True,1,1,1,1
DO-40-2187|2021-05-31,DO-40-2187,DO-40-2187,J:DO,CR40,f,2021-05-31,1,0,True,1,observed_burden,2021-06-07T00:00:00,7.0,True,1,1,1,1
DO-40-2187|2021-06-07,DO-40-2187,DO-40-2187,J:DO,CR40,f,2021-06-07,1,0,True,1,observed_burden,2021-06-14T00:00:00,7.0,True,1,1,1,1
DO-40-2187|2021-06-14,DO-40-2187,DO-40-2187,J:DO,CR40,f,2021-06-14,1,0,True,0,observed_burden,2021-06-22T00:00:00,8.0,True,1,1,1,1
DO-40-2187|2021-06-22,DO-40-2187,DO-40-2187,J:DO,CR40,f,2021-06-22,0,0,True,1,observed_burden,2021-06-27T00:00:00,5.0,True,1,1,1,1
DO-40-2187|2021-06-27,DO-40-2187,DO-40-2187,J:DO,CR40,f,2021-06-27,1,0,True,-1,no_assessment_in_window,,,False,0,0,0,1
DO-40-2187|2021-07-07,DO-40-2187,DO-40-2187,J:DO,CR40,f,2021-07-07,0,0,True,1,observed_burden,2021-07-15T00:00:00,8.0,True,1,1,1,1
DO-40-2187|2021-07-15,DO-40-2187,DO-40-2187,J:DO,CR40,f,2021-07-15,1,0,True,-1,no_assessment_in_window,,,False,0,0,0,1
DO-40-2187|2021-07-28,DO-40-2187,DO-40-2187,J:DO,CR40,f,2021-07-28,1,0,True,-1,no_assessment_in_window,,,False,0,0,0,1
DO-40-2187|2021-08-16,DO-40-2187,DO-40-2187,J:DO,CR40,f,2021-08-16,1,0,True,1,observed_burden,2021-08-23T00:00:00,7.0,True,1,1,1,1
DO-40-2187|2021-08-23,DO-40-2187,DO-40-2187,J:DO,CR40,f,2021-08-23,1,0,True,1,observed_burden,2021-08-30T00:00:00,7.0,True,1,1,1,1
DO-40-2187|2021-08-30,DO-40-2187,DO-40-2187,J:DO,CR40,f,2021-08-30,1,0,True,-1,no_assessment_in_window,,,False,0,0,0,1
DO-40-2187|2021-09-09,DO-40-2187,DO-40-2187,J:DO,CR40,f,2021-09-09,1,0,True,1,observed_burden,2021-09-15T00:00:00,6.0,True,1,1,1,1
DO-40-2187|2021-09-15,DO-40-2187,DO-40-2187,J:DO,CR40,f,2021-09-15,1,0,True,1,observed_burden,2021-09-20T00:00:00,5.0,True,1,1,1,1
DO-40-2187|2021-09-20,DO-40-2187,DO-40-2187,J:DO,CR40,f,2021-09-20,1,0,True,1,observed_burden,2021-09-26T00:00:00,6.0,True,1,1,1,1
DO-40-2187|2021-09-26,DO-40-2187,DO-40-2187,J:DO,CR40,f,2021-09-26,1,0,True,1,observed_burden,2021-10-04T00:00:00,8.0,True,1,1,1,1
DO-40-2187|2021-10-04,DO-40-2187,DO-40-2187,J:DO,CR40,f,2021-10-04,1,0,True,0,observed_burden,2021-10-11T00:00:00,7.0,True,1,1,1,1
DO-40-2187|2021-10-11,DO-40-2187,DO-40-2187,J:DO,CR40,f,2021-10-11,0,0,True,1,observed_burden,2021-10-19T00:00:00,8.0,True,1,1,1,1
DO-40-2187|2021-10-19,DO-40-2187,DO-40-2187,J:DO,CR40,f,2021-10-19,1,0,True,1,observed_burden,2021-10-26T00:00:00,7.0,True,1,1,1,1
DO-40-2187|2021-10-26,DO-40-2187,DO-40-2187,J:DO,CR40,f,2021-10-26,1,0,True,1,observed_burden,2021-11-02T00:00:00,7.0,True,1,1,1,1
DO-40-2187|2021-11-02,DO-40-2187,DO-40-2187,J:DO,CR40,f,2021-11-02,1,0,True,1,observed_burden,2021-11-09T00:00:00,7.0,True,1,1,1,1
DO-40-2187|2021-11-09,DO-40-2187,DO-40-2187,J:DO,CR40,f,2021-11-09,1,0,True,1,observed_burden,2021-11-17T00:00:00,8.0,True,1,1,1,1
DO-40-2187|2021-11-17,DO-40-2187,DO-40-2187,J:DO,CR40,f,2021-11-17,1,0,True,1,observed_burden,2021-11-23T00:00:00,6.0,True,1,1,1,1
DO-40-2187|2021-11-23,DO-40-2187,DO-40-2187,J:DO,CR40,f,2021-11-23,1,0,True,1,observed_burden,2021-11-29T00:00:00,6.0,True,1,1,1,1
DO-40-2187|2021-11-29,DO-40-2187,DO-40-2187,J:DO,CR40,f,2021-11-29,1,0,True,2,terminal_ES,2021-12-08T00:00:00,,False,1,1,1,1
DO-40-2187|2021-12-06,DO-40-2187,DO-40-2187,J:DO,CR40,f,2021-12-06,1,0,True,2,terminal_ES,2021-12-08T00:00:00,,False,0,0,0,1
DO-40-2192|2020-06-22,DO-40-2192,DO-40-2192,J:DO,CR40,f,2020-06-22,0,0,True,0,observed_burden,2020-06-29T00:00:00,7.0,True,1,1,1,2
DO-40-2192|2020-06-29,DO-40-2192,DO-40-2192,J:DO,CR40,f,2020-06-29,0,0,True,0,observed_burden,2020-07-06T00:00:00,7.0,True,1,1,1,2
DO-40-2192|2020-07-06,DO-40-2192,DO-40-2192,J:DO,CR40,f,2020-07-06,0,0,True,0,observed_burden,2020-07-13T00:00:00,7.0,True,1,1,1,2
DO-40-2192|2020-07-13,DO-40-2192,DO-40-2192,J:DO,CR40,f,2020-07-13,0,0,True,0,observed_burden,2020-07-20T00:00:00,7.0,True,1,1,1,2
DO-40-2192|2020-07-20,DO-40-2192,DO-40-2192,J:DO,CR40,f,2020-07-20,0,0,True,0,observed_burden,2020-07-27T00:00:00,7.0,True,1,1,1,2
DO-40-2192|2020-07-27,DO-40-2192,DO-40-2192,J:DO,CR40,f,2020-07-27,0,0,True,0,observed_burden,2020-08-04T00:00:00,8.0,True,1,1,1,2
DO-40-2192|2020-08-04,DO-40-2192,DO-40-2192,J:DO,CR40,f,2020-08-04,0,0,True,0,observed_burden,2020-08-10T00:00:00,6.0,True,1,1,1,2
DO-40-2192|2020-08-10,DO-40-2192,DO-40-2192,J:DO,CR40,f,2020-08-10,0,0,True,-1,no_assessment_in_window,,,False,0,0,0,2
DO-40-2192|2020-09-08,DO-40-2192,DO-40-2192,J:DO,CR40,f,2020-09-08,0,0,True,1,observed_burden,2020-09-14T00:00:00,6.0,True,1,1,1,2
DO-40-2192|2020-09-14,DO-40-2192,DO-40-2192,J:DO,CR40,f,2020-09-14,1,0,True,0,observed_burden,2020-09-21T00:00:00,7.0,True,1,1,1,2
DO-40-2192|2020-09-21,DO-40-2192,DO-40-2192,J:DO,CR40,f,2020-09-21,0,0,True,1,observed_burden,2020-09-30T00:00:00,9.0,True,1,1,1,2
DO-40-2192|2020-09-30,DO-40-2192,DO-40-2192,J:DO,CR40,f,2020-09-30,1,0,True,1,observed_burden,2020-10-06T00:00:00,6.0,True,1,1,1,2
DO-40-2192|2020-10-06,DO-40-2192,DO-40-2192,J:DO,CR40,f,2020-10-06,1,0,True,1,observed_burden,2020-10-12T00:00:00,6.0,True,1,1,1,2
DO-40-2192|2020-10-12,DO-40-2192,DO-40-2192,J:DO,CR40,f,2020-10-12,1,0,True,1,observed_burden,2020-10-20T00:00:00,8.0,True,1,1,1,2
DO-40-2192|2020-10-20,DO-40-2192,DO-40-2192,J:DO,CR40,f,2020-10-20,1,0,True,-1,no_assessment_in_window,,,False,0,0,0,2
DO-40-2192|2020-11-10,DO-40-2192,DO-40-2192,J:DO,CR40,f,2020-11-10,1,0,True,-1,no_assessment_in_window,,,False,0,0,0,2
DO-40-2192|2020-11-24,DO-40-2192,DO-40-2192,J:DO,CR40,f,2020-11-24,1,0,True,1,observed_burden,2020-12-01T00:00:00,7.0,True,1,1,1,2
DO-40-2192|2020-12-01,DO-40-2192,DO-40-2192,J:DO,CR40,f,2020-12-01,1,0,True,1,observed_burden,2020-12-08T00:00:00,7.0,True,1,1,1,2
DO-40-2192|2020-12-08,DO-40-2192,DO-40-2192,J:DO,CR40,f,2020-12-08,1,0,True,0,observed_burden,2020-12-15T00:00:00,7.0,True,1,1,1,2
DO-40-2192|2020-12-15,DO-40-2192,DO-40-2192,J:DO,CR40,f,2020-12-15,0,0,True,1,observed_burden,2020-12-22T00:00:00,7.0,True,1,1,1,2
DO-40-2192|2020-12-22,DO-40-2192,DO-40-2192,J:DO,CR40,f,2020-12-22,1,0,True,1,observed_burden,2020-12-29T00:00:00,7.0,True,1,1,1,2
DO-40-2192|2020-12-29,DO-40-2192,DO-40-2192,J:DO,CR40,f,2020-12-29,1,0,True,0,observed_burden,2021-01-05T00:00:00,7.0,True,1,1,1,2
DO-40-2192|2021-01-05,DO-40-2192,DO-40-2192,J:DO,CR40,f,2021-01-05,0,0,True,1,observed_burden,2021-01-11T00:00:00,6.0,True,1,1,1,2
DO-40-2192|2021-01-11,DO-40-2192,DO-40-2192,J:DO,CR40,f,2021-01-11,1,0,True,0,observed_burden,2021-01-19T00:00:00,8.0,True,1,1,1,2
DO-40-2192|2021-01-19,DO-40-2192,DO-40-2192,J:DO,CR40,f,2021-01-19,0,0,True,1,observed_burden,2021-01-27T00:00:00,8.0,True,1,1,1,2
DO-40-2192|2021-01-27,DO-40-2192,DO-40-2192,J:DO,CR40,f,2021-01-27,1,0,True,0,observed_burden,2021-02-01T00:00:00,5.0,True,1,1,1,2
DO-40-2192|2021-02-01,DO-40-2192,DO-40-2192,J:DO,CR40,f,2021-02-01,0,0,True,1,observed_burden,2021-02-09T00:00:00,8.0,True,1,1,1,2
DO-40-2192|2021-02-09,DO-40-2192,DO-40-2192,J:DO,CR40,f,2021-02-09,1,0,True,1,observed_burden,2021-02-15T00:00:00,6.0,True,1,1,1,2
DO-40-2192|2021-02-15,DO-40-2192,DO-40-2192,J:DO,CR40,f,2021-02-15,1,0,True,1,observed_burden,2021-02-23T00:00:00,8.0,True,1,1,1,2
DO-40-2192|2021-02-23,DO-40-2192,DO-40-2192,J:DO,CR40,f,2021-02-23,1,0,True,1,observed_burden,2021-03-03T00:00:00,8.0,True,1,1,1,2
DO-40-2192|2021-03-03,DO-40-2192,DO-40-2192,J:DO,CR40,f,2021-03-03,1,0,True,1,observed_burden,2021-03-09T00:00:00,6.0,True,1,1,1,2
DO-40-2192|2021-03-09,DO-40-2192,DO-40-2192,J:DO,CR40,f,2021-03-09,1,0,True,1,observed_burden,2021-03-15T00:00:00,6.0,True,1,1,1,2
DO-40-2192|2021-03-15,DO-40-2192,DO-40-2192,J:DO,CR40,f,2021-03-15,1,0,True,1,observed_burden,2021-03-22T00:00:00,7.0,True,1,1,1,2
DO-40-2192|2021-03-22,DO-40-2192,DO-40-2192,J:DO,CR40,f,2021-03-22,1,0,True,1,observed_burden,2021-03-29T00:00:00,7.0,True,1,1,1,2
DO-40-2192|2021-03-29,DO-40-2192,DO-40-2192,J:DO,CR40,f,2021-03-29,1,0,True,1,observed_burden,2021-04-05T00:00:00,7.0,True,1,1,1,2
DO-40-2192|2021-04-05,DO-40-2192,DO-40-2192,J:DO,CR40,f,2021-04-05,1,0,True,2,terminal_FD,2021-04-12T00:00:00,,False,0,0,0,2
DO-AL-0033|2019-10-08,DO-AL-0033,DO-AL-0033,J:DO,AL,f,2019-10-08,1,2,False,1,observed_burden,2019-10-15T00:00:00,7.0,True,1,1,1,3
DO-AL-0033|2019-10-15,DO-AL-0033,DO-AL-0033,J:DO,AL,f,2019-10-15,1,0,True,1,observed_burden,2019-10-22T00:00:00,7.0,True,1,1,1,3
DO-AL-0033|2019-10-22,DO-AL-0033,DO-AL-0033,J:DO,AL,f,2019-10-22,1,0,True,1,observed_burden,2019-10-29T00:00:00,7.0,True,1,1,1,3
DO-AL-0033|2019-10-29,DO-AL-0033,DO-AL-0033,J:DO,AL,f,2019-10-29,1,0,True,2,terminal_ES,2019-11-06T00:00:00,,False,0,0,0,3
DO-AL-0043|2019-10-08,DO-AL-0043,DO-AL-0043,J:DO,AL,f,2019-10-08,1,2,False,1,observed_burden,2019-10-15T00:00:00,7.0,True,1,1,1,4
DO-AL-0043|2019-10-15,DO-AL-0043,DO-AL-0043,J:DO,AL,f,2019-10-15,1,0,True,1,observed_burden,2019-10-22T00:00:00,7.0,True,1,1,1,4
DO-AL-0043|2019-10-22,DO-AL-0043,DO-AL-0043,J:DO,AL,f,2019-10-22,1,0,True,2,terminal_FD,2019-10-29T00:00:00,,False,0,0,0,4
DO-AL-0102|2019-12-10,DO-AL-0102,DO-AL-0102,J:DO,AL,f,2019-12-10,1,0,True,1,observed_burden,2019-12-17T00:00:00,7.0,True,1,1,1,2
DO-AL-0102|2019-12-17,DO-AL-0102,DO-AL-0102,J:DO,AL,f,2019-12-17,1,0,True,1,observed_burden,2019-12-23T00:00:00,6.0,True,1,1,1,2
DO-AL-0102|2019-12-23,DO-AL-0102,DO-AL-0102,J:DO,AL,f,2019-12-23,1,0,True,-1,no_assessment_in_window,,,False,0,0,0,2
DO-AL-0102|2020-01-02,DO-AL-0102,DO-AL-0102,J:DO,AL,f,2020-01-02,1,0,True,1,observed_burden,2020-01-07T00:00:00,5.0,True,1,1,1,2
DO-AL-0102|2020-01-07,DO-AL-0102,DO-AL-0102,J:DO,AL,f,2020-01-07,1,0,True,1,observed_burden,2020-01-14T00:00:00,7.0,True,1,1,1,2
DO-AL-0102|2020-01-14,DO-AL-0102,DO-AL-0102,J:DO,AL,f,2020-01-14,1,0,True,1,observed_burden,2020-01-20T00:00:00,6.0,True,1,1,1,2
DO-AL-0102|2020-01-20,DO-AL-0102,DO-AL-0102,J:DO,AL,f,2020-01-20,1,0,True,-1,no_assessment_in_window,,,False,0,0,0,2
DO-AL-0105|2019-12-10,DO-AL-0105,DO-AL-0097,J:DO,AL,f,2019-12-10,1,0,True,1,observed_burden,2019-12-17T00:00:00,7.0,True,1,1,1,4
DO-AL-0105|2019-12-17,DO-AL-0105,DO-AL-0097,J:DO,AL,f,2019-12-17,1,0,True,1,observed_burden,2019-12-23T00:00:00,6.0,True,1,1,1,4
DO-AL-0105|2019-12-23,DO-AL-0105,DO-AL-0097,J:DO,AL,f,2019-12-23,1,0,True,-1,no_assessment_in_window,,,False,0,0,0,4
DO-AL-0105|2020-01-02,DO-AL-0105,DO-AL-0097,J:DO,AL,f,2020-01-02,1,0,True,1,observed_burden,2020-01-07T00:00:00,5.0,True,1,1,1,4
DO-AL-0105|2020-01-07,DO-AL-0105,DO-AL-0097,J:DO,AL,f,2020-01-07,1,0,True,1,observed_burden,2020-01-14T00:00:00,7.0,True,1,1,1,4
DO-AL-0105|2020-01-14,DO-AL-0105,DO-AL-0097,J:DO,AL,f,2020-01-14,1,0,True,1,observed_burden,2020-01-20T00:00:00,6.0,True,1,1,1,4
DO-AL-0105|2020-01-20,DO-AL-0105,DO-AL-0097,J:DO,AL,f,2020-01-20,1,0,True,-1,no_assessment_in_window,,,False,0,0,0,4
DO-AL-0112|2019-12-10,DO-AL-0112,DO-AL-0112,J:DO,AL,f,2019-12-10,1,0,True,1,observed_burden,2019-12-17T00:00:00,7.0,True,1,1,1,2
DO-AL-0112|2019-12-17,DO-AL-0112,DO-AL-0112,J:DO,AL,f,2019-12-17,1,0,True,2,terminal_FD,2019-12-23T00:00:00,,False,0,0,0,2
DO-AL-0115|2019-12-11,DO-AL-0115,DO-AL-0115,J:DO,AL,f,2019-12-11,1,0,True,0,observed_burden,2019-12-19T00:00:00,8.0,True,1,1,1,1
DO-AL-0115|2019-12-19,DO-AL-0115,DO-AL-0115,J:DO,AL,f,2019-12-19,0,0,True,1,observed_burden,2019-12-24T00:00:00,5.0,True,1,1,1,1
DO-AL-0115|2019-12-24,DO-AL-0115,DO-AL-0115,J:DO,AL,f,2019-12-24,1,0,True,-1,no_assessment_in_window,,,False,0,0,0,1
DO-AL-0117|2019-12-11,DO-AL-0117,DO-AL-0117,J:DO,AL,f,2019-12-11,1,0,True,1,observed_burden,2019-12-19T00:00:00,8.0,True,1,1,1,0
DO-AL-0117|2019-12-19,DO-AL-0117,DO-AL-0117,J:DO,AL,f,2019-12-19,1,0,True,1,observed_burden,2019-12-24T00:00:00,5.0,True,1,1,1,0
DO-AL-0117|2019-12-24,DO-AL-0117,DO-AL-0117,J:DO,AL,f,2019-12-24,1,0,True,-1,no_assessment_in_window,,,False,0,0,0,0
DO-AL-0117|2020-01-03,DO-AL-0117,DO-AL-0117,J:DO,AL,f,2020-01-03,1,0,True,1,observed_burden,2020-01-08T00:00:00,5.0,True,1,1,1,0
DO-AL-0117|2020-01-08,DO-AL-0117,DO-AL-0117,J:DO,AL,f,2020-01-08,1,0,True,1,observed_burden,2020-01-15T00:00:00,7.0,True,1,1,1,0
DO-AL-0117|2020-01-15,DO-AL-0117,DO-AL-0117,J:DO,AL,f,2020-01-15,1,0,True,1,observed_burden,2020-01-20T00:00:00,5.0,True,1,1,1,0
DO-AL-0117|2020-01-20,DO-AL-0117,DO-AL-0117,J:DO,AL,f,2020-01-20,1,0,True,-1,no_assessment_in_window,,,False,0,0,0,0
DO-AL-0117|2020-02-03,DO-AL-0117,DO-AL-0117,J:DO,AL,f,2020-02-03,0,0,True,1,observed_burden,2020-02-11T00:00:00,8.0,True,1,1,1,0
DO-AL-0117|2020-02-11,DO-AL-0117,DO-AL-0117,J:DO,AL,f,2020-02-11,1,0,True,-1,no_assessment_in_window,,,False,0,0,0,0
DO-AL-0117|2020-02-25,DO-AL-0117,DO-AL-0117,J:DO,AL,f,2020-02-25,1,0,True,-1,no_assessment_in_window,,,False,0,0,0,0
DO-AL-0117|2020-03-09,DO-AL-0117,DO-AL-0117,J:DO,AL,f,2020-03-09,0,0,True,1,observed_burden,2020-03-16T00:00:00,7.0,True,1,1,1,0
DO-AL-0117|2020-03-16,DO-AL-0117,DO-AL-0117,J:DO,AL,f,2020-03-16,1,0,True,0,observed_burden,2020-03-23T00:00:00,7.0,True,1,1,1,0
DO-AL-0117|2020-03-23,DO-AL-0117,DO-AL-0117,J:DO,AL,f,2020-03-23,0,0,True,1,observed_burden,2020-03-30T00:00:00,7.0,True,1,1,1,0
DO-AL-0117|2020-03-30,DO-AL-0117,DO-AL-0117,J:DO,AL,f,2020-03-30,1,0,True,1,observed_burden,2020-04-06T00:00:00,7.0,True,1,1,1,0
DO-AL-0117|2020-04-06,DO-AL-0117,DO-AL-0117,J:DO,AL,f,2020-04-06,1,0,True,1,observed_burden,2020-04-13T00:00:00,7.0,True,1,1,1,0
DO-AL-0117|2020-04-13,DO-AL-0117,DO-AL-0117,J:DO,AL,f,2020-04-13,1,0,True,1,observed_burden,2020-04-20T00:00:00,7.0,True,1,1,1,0
DO-AL-0117|2020-04-20,DO-AL-0117,DO-AL-0117,J:DO,AL,f,2020-04-20,1,0,True,2,terminal_FD,2020-04-26T00:00:00,,False,0,0,0,0
DO-AL-0118|2019-12-11,DO-AL-0118,DO-AL-0118,J:DO,AL,f,2019-12-11,1,0,True,0,observed_burden,2019-12-19T00:00:00,8.0,True,1,1,1,1
DO-AL-0118|2019-12-19,DO-AL-0118,DO-AL-0118,J:DO,AL,f,2019-12-19,0,0,True,1,observed_burden,2019-12-24T00:00:00,5.0,True,1,1,1,1
DO-AL-0118|2019-12-24,DO-AL-0118,DO-AL-0118,J:DO,AL,f,2019-12-24,1,0,True,-1,no_assessment_in_window,,,False,0,0,0,1
DO-AL-0118|2020-01-03,DO-AL-0118,DO-AL-0118,J:DO,AL,f,2020-01-03,1,0,True,1,observed_burden,2020-01-08T00:00:00,5.0,True,1,1,1,1
DO-AL-0118|2020-01-08,DO-AL-0118,DO-AL-0118,J:DO,AL,f,2020-01-08,1,0,True,1,observed_burden,2020-01-15T00:00:00,7.0,True,1,1,1,1
DO-AL-0118|2020-01-15,DO-AL-0118,DO-AL-0118,J:DO,AL,f,2020-01-15,1,0,True,0,observed_burden,2020-01-20T00:00:00,5.0,True,1,1,1,1
DO-AL-0118|2020-01-20,DO-AL-0118,DO-AL-0118,J:DO,AL,f,2020-01-20,0,0,True,-1,no_assessment_in_window,,,False,0,0,0,1
DO-AL-0118|2020-02-03,DO-AL-0118,DO-AL-0118,J:DO,AL,f,2020-02-03,0,0,True,1,observed_burden,2020-02-11T00:00:00,8.0,True,1,1,1,1
DO-AL-0118|2020-02-11,DO-AL-0118,DO-AL-0118,J:DO,AL,f,2020-02-11,1,0,True,-1,no_assessment_in_window,,,False,0,0,0,1
DO-AL-0118|2020-02-25,DO-AL-0118,DO-AL-0118,J:DO,AL,f,2020-02-25,1,0,True,-1,no_assessment_in_window,,,False,0,0,0,1
DO-AL-0118|2020-03-09,DO-AL-0118,DO-AL-0118,J:DO,AL,f,2020-03-09,0,0,True,1,observed_burden,2020-03-16T00:00:00,7.0,True,1,1,1,1
DO-AL-0118|2020-03-16,DO-AL-0118,DO-AL-0118,J:DO,AL,f,2020-03-16,1,0,True,0,observed_burden,2020-03-23T00:00:00,7.0,True,1,1,1,1
DO-AL-0118|2020-03-23,DO-AL-0118,DO-AL-0118,J:DO,AL,f,2020-03-23,0,0,True,1,observed_burden,2020-03-30T00:00:00,7.0,True,1,1,1,1
DO-AL-0118|2020-03-30,DO-AL-0118,DO-AL-0118,J:DO,AL,f,2020-03-30,1,0,True,1,observed_burden,2020-04-06T00:00:00,7.0,True,1,1,1,1
DO-AL-0118|2020-04-06,DO-AL-0118,DO-AL-0118,J:DO,AL,f,2020-04-06,1,0,True,0,observed_burden,2020-04-13T00:00:00,7.0,True,1,1,1,1
DO-AL-0118|2020-04-13,DO-AL-0118,DO-AL-0118,J:DO,AL,f,2020-04-13,0,0,True,1,observed_burden,2020-04-20T00:00:00,7.0,True,1,1,1,1
DO-AL-0118|2020-04-20,DO-AL-0118,DO-AL-0118,J:DO,AL,f,2020-04-20,1,0,True,1,observed_burden,2020-04-27T00:00:00,7.0,True,1,1,1,1
DO-AL-0118|2020-04-27,DO-AL-0118,DO-AL-0118,J:DO,AL,f,2020-04-27,1,0,True,1,observed_burden,2020-05-04T00:00:00,7.0,True,1,1,1,1
DO-AL-0118|2020-05-04,DO-AL-0118,DO-AL-0118,J:DO,AL,f,2020-05-04,1,0,True,0,observed_burden,2020-05-11T00:00:00,7.0,True,1,1,1,1
DO-AL-0118|2020-05-11,DO-AL-0118,DO-AL-0118,J:DO,AL,f,2020-05-11,0,0,True,-1,no_assessment_in_window,,,False,0,0,0,1
DO-AL-0118|2020-05-26,DO-AL-0118,DO-AL-0118,J:DO,AL,f,2020-05-26,1,0,True,1,observed_burden,2020-06-01T00:00:00,6.0,True,1,1,1,1
DO-AL-0118|2020-06-01,DO-AL-0118,DO-AL-0118,J:DO,AL,f,2020-06-01,1,0,True,1,observed_burden,2020-06-08T00:00:00,7.0,True,1,1,1,1
DO-AL-0118|2020-06-08,DO-AL-0118,DO-AL-0118,J:DO,AL,f,2020-06-08,1,0,True,1,observed_burden,2020-06-15T00:00:00,7.0,True,1,1,1,1
DO-AL-0118|2020-06-15,DO-AL-0118,DO-AL-0118,J:DO,AL,f,2020-06-15,1,0,True,1,observed_burden,2020-06-22T00:00:00,7.0,True,1,1,1,1
DO-AL-0118|2020-06-22,DO-AL-0118,DO-AL-0118,J:DO,AL,f,2020-06-22,1,0,True,1,observed_burden,2020-06-29T00:00:00,7.0,True,1,1,1,1
DO-AL-0118|2020-06-29,DO-AL-0118,DO-AL-0118,J:DO,AL,f,2020-06-29,1,0,True,1,observed_burden,2020-07-06T00:00:00,7.0,True,1,1,1,1
DO-AL-0118|2020-07-06,DO-AL-0118,DO-AL-0118,J:DO,AL,f,2020-07-06,1,0,True,1,observed_burden,2020-07-13T00:00:00,7.0,True,1,1,1,1
DO-AL-0118|2020-07-13,DO-AL-0118,DO-AL-0118,J:DO,AL,f,2020-07-13,1,0,True,1,observed_burden,2020-07-20T00:00:00,7.0,True,1,1,1,1
DO-AL-0118|2020-07-20,DO-AL-0118,DO-AL-0118,J:DO,AL,f,2020-07-20,1,0,True,1,observed_burden,2020-07-26T00:00:00,6.0,True,1,1,1,1
DO-AL-0118|2020-07-26,DO-AL-0118,DO-AL-0118,J:DO,AL,f,2020-07-26,1,0,True,1,observed_burden,2020-08-03T00:00:00,8.0,True,1,1,1,1
DO-AL-0118|2020-08-03,DO-AL-0118,DO-AL-0118,J:DO,AL,f,2020-08-03,1,0,True,1,observed_burden,2020-08-10T00:00:00,7.0,True,1,1,1,1
DO-AL-0118|2020-08-10,DO-AL-0118,DO-AL-0118,J:DO,AL,f,2020-08-10,1,0,True,1,observed_burden,2020-08-17T00:00:00,7.0,True,1,1,1,1
DO-AL-0118|2020-08-17,DO-AL-0118,DO-AL-0118,J:DO,AL,f,2020-08-17,1,0,True,1,observed_burden,2020-08-24T00:00:00,7.0,True,1,1,1,1
DO-AL-0118|2020-08-24,DO-AL-0118,DO-AL-0118,J:DO,AL,f,2020-08-24,1,0,True,1,observed_burden,2020-08-31T00:00:00,7.0,True,1,1,1,1
DO-AL-0118|2020-08-31,DO-AL-0118,DO-AL-0118,J:DO,AL,f,2020-08-31,1,0,True,1,observed_burden,2020-09-07T00:00:00,7.0,True,1,1,1,1
DO-AL-0118|2020-09-07,DO-AL-0118,DO-AL-0118,J:DO,AL,f,2020-09-07,1,0,True,1,observed_burden,2020-09-13T00:00:00,6.0,True,1,1,1,1
DO-AL-0118|2020-09-13,DO-AL-0118,DO-AL-0118,J:DO,AL,f,2020-09-13,1,0,True,1,observed_burden,2020-09-20T00:00:00,7.0,True,1,1,1,1
DO-AL-0118|2020-09-20,DO-AL-0118,DO-AL-0118,J:DO,AL,f,2020-09-20,1,0,True,1,observed_burden,2020-09-28T00:00:00,8.0,True,1,1,1,1
DO-AL-0118|2020-09-28,DO-AL-0118,DO-AL-0118,J:DO,AL,f,2020-09-28,1,0,True,1,observed_burden,2020-10-05T00:00:00,7.0,True,1,1,1,1
DO-AL-0118|2020-10-05,DO-AL-0118,DO-AL-0118,J:DO,AL,f,2020-10-05,1,0,True,1,observed_burden,2020-10-11T00:00:00,6.0,True,1,1,1,1
DO-AL-0118|2020-10-11,DO-AL-0118,DO-AL-0118,J:DO,AL,f,2020-10-11,1,0,True,1,observed_burden,2020-10-18T00:00:00,7.0,True,1,1,1,1
DO-AL-0118|2020-10-18,DO-AL-0118,DO-AL-0118,J:DO,AL,f,2020-10-18,1,0,True,2,terminal_FD,2020-10-25T00:00:00,,False,0,0,0,1
DO-AL-0119|2019-12-11,DO-AL-0119,DO-AL-0119,J:DO,AL,f,2019-12-11,1,0,True,1,observed_burden,2019-12-19T00:00:00,8.0,True,1,1,1,3
DO-AL-0119|2019-12-19,DO-AL-0119,DO-AL-0119,J:DO,AL,f,2019-12-19,1,0,True,0,observed_burden,2019-12-24T00:00:00,5.0,True,1,1,1,3
DO-AL-0119|2019-12-24,DO-AL-0119,DO-AL-0119,J:DO,AL,f,2019-12-24,0,0,True,-1,no_assessment_in_window,,,False,0,0,0,3
DO-AL-0119|2020-01-03,DO-AL-0119,DO-AL-0119,J:DO,AL,f,2020-01-03,1,0,True,0,observed_burden,2020-01-08T00:00:00,5.0,True,1,1,1,3
DO-AL-0119|2020-01-08,DO-AL-0119,DO-AL-0119,J:DO,AL,f,2020-01-08,0,0,True,1,observed_burden,2020-01-15T00:00:00,7.0,True,1,1,1,3
DO-AL-0119|2020-01-15,DO-AL-0119,DO-AL-0119,J:DO,AL,f,2020-01-15,1,0,True,0,observed_burden,2020-01-20T00:00:00,5.0,True,1,1,1,3
DO-AL-0119|2020-01-20,DO-AL-0119,DO-AL-0119,J:DO,AL,f,2020-01-20,0,0,True,-1,no_assessment_in_window,,,False,0,0,0,3
DO-AL-0119|2020-02-03,DO-AL-0119,DO-AL-0119,J:DO,AL,f,2020-02-03,0,0,True,1,observed_burden,2020-02-11T00:00:00,8.0,True,1,1,1,3
DO-AL-0119|2020-02-11,DO-AL-0119,DO-AL-0119,J:DO,AL,f,2020-02-11,1,0,True,-1,no_assessment_in_window,,,False,0,0,0,3
DO-AL-0119|2020-02-25,DO-AL-0119,DO-AL-0119,J:DO,AL,f,2020-02-25,0,0,True,-1,no_assessment_in_window,,,False,0,0,0,3
DO-AL-0119|2020-03-09,DO-AL-0119,DO-AL-0119,J:DO,AL,f,2020-03-09,0,0,True,1,observed_burden,2020-03-16T00:00:00,7.0,True,1,1,1,3
DO-AL-0119|2020-03-16,DO-AL-0119,DO-AL-0119,J:DO,AL,f,2020-03-16,1,0,True,0,observed_burden,2020-03-23T00:00:00,7.0,True,1,1,1,3
DO-AL-0119|2020-03-23,DO-AL-0119,DO-AL-0119,J:DO,AL,f,2020-03-23,0,0,True,1,observed_burden,2020-03-30T00:00:00,7.0,True,1,1,1,3
DO-AL-0119|2020-03-30,DO-AL-0119,DO-AL-0119,J:DO,AL,f,2020-03-30,1,0,True,2,terminal_FD,2020-04-07T00:00:00,,False,0,0,0,3
DO-AL-0125|2019-12-11,DO-AL-0125,DO-AL-0125,J:DO,AL,f,2019-12-11,1,0,True,0,observed_burden,2019-12-19T00:00:00,8.0,True,1,1,1,1
DO-AL-0125|2019-12-19,DO-AL-0125,DO-AL-0125,J:DO,AL,f,2019-12-19,0,0,True,1,observed_burden,2019-12-24T00:00:00,5.0,True,1,1,1,1
DO-AL-0125|2019-12-24,DO-AL-0125,DO-AL-0125,J:DO,AL,f,2019-12-24,1,0,True,-1,no_assessment_in_window,,,False,0,0,0,1
DO-AL-0125|2020-01-08,DO-AL-0125,DO-AL-0125,J:DO,AL,f,2020-01-08,0,0,True,1,observed_burden,2020-01-15T00:00:00,7.0,True,1,1,1,1
DO-AL-0125|2020-01-15,DO-AL-0125,DO-AL-0125,J:DO,AL,f,2020-01-15,1,0,True,0,observed_burden,2020-01-20T00:00:00,5.0,True,1,1,1,1
DO-AL-0125|2020-01-20,DO-AL-0125,DO-AL-0125,J:DO,AL,f,2020-01-20,0,0,True,-1,no_assessment_in_window,,,False,0,0,0,1
DO-AL-0125|2020-02-03,DO-AL-0125,DO-AL-0125,J:DO,AL,f,2020-02-03,0,0,True,1,observed_burden,2020-02-11T00:00:00,8.0,True,1,1,1,1
DO-AL-0125|2020-02-11,DO-AL-0125,DO-AL-0125,J:DO,AL,f,2020-02-11,1,0,True,-1,no_assessment_in_window,,,False,0,0,0,1
DO-AL-0125|2020-02-25,DO-AL-0125,DO-AL-0125,J:DO,AL,f,2020-02-25,1,0,True,-1,no_assessment_in_window,,,False,0,0,0,1
DO-AL-0125|2020-03-09,DO-AL-0125,DO-AL-0125,J:DO,AL,f,2020-03-09,0,0,True,1,observed_burden,2020-03-16T00:00:00,7.0,True,1,1,1,1
DO-AL-0125|2020-03-16,DO-AL-0125,DO-AL-0125,J:DO,AL,f,2020-03-16,1,0,True,0,observed_burden,2020-03-23T00:00:00,7.0,True,1,1,1,1
DO-AL-0125|2020-03-23,DO-AL-0125,DO-AL-0125,J:DO,AL,f,2020-03-23,0,0,True,1,observed_burden,2020-03-30T00:00:00,7.0,True,1,1,1,1
DO-AL-0125|2020-03-30,DO-AL-0125,DO-AL-0125,J:DO,AL,f,2020-03-30,1,0,True,0,observed_burden,2020-04-06T00:00:00,7.0,True,1,1,1,1
DO-AL-0125|2020-04-06,DO-AL-0125,DO-AL-0125,J:DO,AL,f,2020-04-06,0,0,True,0,observed_burden,2020-04-13T00:00:00,7.0,True,1,1,1,1
DO-AL-0125|2020-04-13,DO-AL-0125,DO-AL-0125,J:DO,AL,f,2020-04-13,0,0,True,0,observed_burden,2020-04-20T00:00:00,7.0,True,1,1,1,1
DO-AL-0125|2020-04-20,DO-AL-0125,DO-AL-0125,J:DO,AL,f,2020-04-20,0,0,True,1,observed_burden,2020-04-27T00:00:00,7.0,True,1,1,1,1
DO-AL-0125|2020-04-27,DO-AL-0125,DO-AL-0125,J:DO,AL,f,2020-04-27,1,0,True,0,observed_burden,2020-05-04T00:00:00,7.0,True,1,1,1,1
DO-AL-0125|2020-05-04,DO-AL-0125,DO-AL-0125,J:DO,AL,f,2020-05-04,0,0,True,1,observed_burden,2020-05-11T00:00:00,7.0,True,1,1,1,1
DO-AL-0125|2020-05-11,DO-AL-0125,DO-AL-0125,J:DO,AL,f,2020-05-11,1,0,True,-1,no_assessment_in_window,,,False,0,0,0,1
DO-AL-0128|2019-12-11,DO-AL-0128,DO-AL-0128,J:DO,AL,f,2019-12-11,1,0,True,0,observed_burden,2019-12-19T00:00:00,8.0,True,1,1,1,2
DO-AL-0128|2019-12-19,DO-AL-0128,DO-AL-0128,J:DO,AL,f,2019-12-19,0,0,True,1,observed_burden,2019-12-24T00:00:00,5.0,True,1,1,1,2
DO-AL-0128|2019-12-24,DO-AL-0128,DO-AL-0128,J:DO,AL,f,2019-12-24,1,0,True,-1,no_assessment_in_window,,,False,0,0,0,2
DO-AL-0128|2020-01-08,DO-AL-0128,DO-AL-0128,J:DO,AL,f,2020-01-08,0,0,True,1,observed_burden,2020-01-15T00:00:00,7.0,True,1,1,1,2
DO-AL-0128|2020-01-15,DO-AL-0128,DO-AL-0128,J:DO,AL,f,2020-01-15,1,0,True,0,observed_burden,2020-01-20T00:00:00,5.0,True,1,1,1,2
DO-AL-0128|2020-01-20,DO-AL-0128,DO-AL-0128,J:DO,AL,f,2020-01-20,0,0,True,-1,no_assessment_in_window,,,False,0,0,0,2
DO-AL-0128|2020-02-03,DO-AL-0128,DO-AL-0128,J:DO,AL,f,2020-02-03,0,0,True,1,observed_burden,2020-02-11T00:00:00,8.0,True,1,1,1,2
DO-AL-0128|2020-02-11,DO-AL-0128,DO-AL-0128,J:DO,AL,f,2020-02-11,1,0,True,-1,no_assessment_in_window,,,False,0,0,0,2
DO-AL-0128|2020-02-25,DO-AL-0128,DO-AL-0128,J:DO,AL,f,2020-02-25,0,0,True,-1,no_assessment_in_window,,,False,0,0,0,2
DO-AL-0128|2020-03-09,DO-AL-0128,DO-AL-0128,J:DO,AL,f,2020-03-09,0,0,True,1,observed_burden,2020-03-16T00:00:00,7.0,True,1,1,1,2
DO-AL-0128|2020-03-16,DO-AL-0128,DO-AL-0128,J:DO,AL,f,2020-03-16,1,0,True,0,observed_burden,2020-03-23T00:00:00,7.0,True,1,1,1,2
DO-AL-0128|2020-03-23,DO-AL-0128,DO-AL-0128,J:DO,AL,f,2020-03-23,0,0,True,1,observed_burden,2020-03-30T00:00:00,7.0,True,1,1,1,2
DO-AL-0128|2020-03-30,DO-AL-0128,DO-AL-0128,J:DO,AL,f,2020-03-30,1,0,True,0,observed_burden,2020-04-06T00:00:00,7.0,True,1,1,1,2
DO-AL-0128|2020-04-06,DO-AL-0128,DO-AL-0128,J:DO,AL,f,2020-04-06,0,0,True,0,observed_burden,2020-04-13T00:00:00,7.0,True,1,1,1,2
DO-AL-0128|2020-04-13,DO-AL-0128,DO-AL-0128,J:DO,AL,f,2020-04-13,0,0,True,1,observed_burden,2020-04-20T00:00:00,7.0,True,1,1,1,2
DO-AL-0128|2020-04-20,DO-AL-0128,DO-AL-0128,J:DO,AL,f,2020-04-20,1,0,True,1,observed_burden,2020-04-27T00:00:00,7.0,True,1,1,1,2
DO-AL-0128|2020-04-27,DO-AL-0128,DO-AL-0128,J:DO,AL,f,2020-04-27,1,0,True,2,terminal_FD,2020-05-01T00:00:00,,False,0,0,0,2
DO-AL-0136|2020-02-25,DO-AL-0136,DO-AL-0136,J:DO,AL,f,2020-02-25,0,0,True,0,observed_burden,2020-03-04T00:00:00,8.0,True,1,1,1,0
DO-AL-0136|2020-03-04,DO-AL-0136,DO-AL-0136,J:DO,AL,f,2020-03-04,0,0,True,0,observed_burden,2020-03-10T00:00:00,6.0,True,1,1,1,0
DO-AL-0136|2020-03-10,DO-AL-0136,DO-AL-0136,J:DO,AL,f,2020-03-10,0,0,True,1,observed_burden,2020-03-17T00:00:00,7.0,True,1,1,1,0
DO-AL-0136|2020-03-17,DO-AL-0136,DO-AL-0136,J:DO,AL,f,2020-03-17,1,0,True,1,observed_burden,2020-03-24T00:00:00,7.0,True,1,1,1,0
DO-AL-0136|2020-03-24,DO-AL-0136,DO-AL-0136,J:DO,AL,f,2020-03-24,1,0,True,1,observed_burden,2020-03-31T00:00:00,7.0,True,1,1,1,0
DO-AL-0136|2020-03-31,DO-AL-0136,DO-AL-0136,J:DO,AL,f,2020-03-31,1,0,True,1,observed_burden,2020-04-07T00:00:00,7.0,True,1,1,1,0
DO-AL-0136|2020-04-07,DO-AL-0136,DO-AL-0136,J:DO,AL,f,2020-04-07,1,0,True,2,terminal_FD,2020-04-12T00:00:00,,False,0,0,0,0
DO-AL-0140|2020-02-25,DO-AL-0140,DO-AL-0140,J:DO,AL,f,2020-02-25,0,0,True,0,observed_burden,2020-03-04T00:00:00,8.0,True,1,1,1,4
DO-AL-0140|2020-03-04,DO-AL-0140,DO-AL-0140,J:DO,AL,f,2020-03-04,0,0,True,0,observed_burden,2020-03-10T00:00:00,6.0,True,1,1,1,4
DO-AL-0140|2020-03-10,DO-AL-0140,DO-AL-0140,J:DO,AL,f,2020-03-10,0,0,True,1,observed_burden,2020-03-17T00:00:00,7.0,True,1,1,1,4
DO-AL-0140|2020-03-17,DO-AL-0140,DO-AL-0140,J:DO,AL,f,2020-03-17,1,0,True,2,terminal_FD,2020-03-25T00:00:00,,False,0,0,0,4
DO-AL-0141|2020-02-25,DO-AL-0141,DO-AL-0141,J:DO,AL,f,2020-02-25,0,0,True,1,observed_burden,2020-03-04T00:00:00,8.0,True,1,1,1,0
DO-AL-0141|2020-03-04,DO-AL-0141,DO-AL-0141,J:DO,AL,f,2020-03-04,1,0,True,1,observed_burden,2020-03-10T00:00:00,6.0,True,1,1,1,0
DO-AL-0141|2020-03-10,DO-AL-0141,DO-AL-0141,J:DO,AL,f,2020-03-10,1,0,True,1,observed_burden,2020-03-17T00:00:00,7.0,True,1,1,1,0
DO-AL-0141|2020-03-17,DO-AL-0141,DO-AL-0141,J:DO,AL,f,2020-03-17,1,0,True,1,observed_burden,2020-03-24T00:00:00,7.0,True,1,1,1,0
DO-AL-0141|2020-03-24,DO-AL-0141,DO-AL-0141,J:DO,AL,f,2020-03-24,1,0,True,1,observed_burden,2020-03-31T00:00:00,7.0,True,1,1,1,0
DO-AL-0141|2020-03-31,DO-AL-0141,DO-AL-0141,J:DO,AL,f,2020-03-31,1,0,True,1,observed_burden,2020-04-07T00:00:00,7.0,True,1,1,1,0
DO-AL-0141|2020-04-07,DO-AL-0141,DO-AL-0141,J:DO,AL,f,2020-04-07,1,0,True,1,observed_burden,2020-04-14T00:00:00,7.0,True,1,1,1,0
DO-AL-0141|2020-04-14,DO-AL-0141,DO-AL-0141,J:DO,AL,f,2020-04-14,1,0,True,0,observed_burden,2020-04-21T00:00:00,7.0,True,1,1,1,0
DO-AL-0141|2020-04-21,DO-AL-0141,DO-AL-0141,J:DO,AL,f,2020-04-21,0,0,True,-1,no_assessment_in_window,,,False,0,0,0,0
DO-AL-0141|2020-05-05,DO-AL-0141,DO-AL-0141,J:DO,AL,f,2020-05-05,0,0,True,0,observed_burden,2020-05-12T00:00:00,7.0,True,1,1,1,0
DO-AL-0141|2020-05-12,DO-AL-0141,DO-AL-0141,J:DO,AL,f,2020-05-12,0,0,True,1,observed_burden,2020-05-19T00:00:00,7.0,True,1,1,1,0
DO-AL-0141|2020-05-19,DO-AL-0141,DO-AL-0141,J:DO,AL,f,2020-05-19,1,0,True,0,observed_burden,2020-05-27T00:00:00,8.0,True,1,1,1,0
DO-AL-0141|2020-05-27,DO-AL-0141,DO-AL-0141,J:DO,AL,f,2020-05-27,0,0,True,1,observed_burden,2020-06-02T00:00:00,6.0,True,1,1,1,0
DO-AL-0141|2020-06-02,DO-AL-0141,DO-AL-0141,J:DO,AL,f,2020-06-02,1,0,True,1,observed_burden,2020-06-09T00:00:00,7.0,True,1,1,1,0
DO-AL-0141|2020-06-09,DO-AL-0141,DO-AL-0141,J:DO,AL,f,2020-06-09,1,0,True,1,observed_burden,2020-06-16T00:00:00,7.0,True,1,1,1,0
DO-AL-0141|2020-06-16,DO-AL-0141,DO-AL-0141,J:DO,AL,f,2020-06-16,1,0,True,1,observed_burden,2020-06-23T00:00:00,7.0,True,1,1,1,0
DO-AL-0141|2020-06-23,DO-AL-0141,DO-AL-0141,J:DO,AL,f,2020-06-23,1,0,True,1,observed_burden,2020-06-30T00:00:00,7.0,True,1,1,1,0
DO-AL-0141|2020-06-30,DO-AL-0141,DO-AL-0141,J:DO,AL,f,2020-06-30,1,0,True,1,observed_burden,2020-07-07T00:00:00,7.0,True,1,1,1,0
DO-AL-0141|2020-07-07,DO-AL-0141,DO-AL-0141,J:DO,AL,f,2020-07-07,1,0,True,-1,no_assessment_in_window,,,False,0,0,0,0
DO-AL-0141|2020-07-21,DO-AL-0141,DO-AL-0141,J:DO,AL,f,2020-07-21,0,0,True,-1,no_assessment_in_window,,,False,0,0,0,0
DO-AL-0141|2020-08-04,DO-AL-0141,DO-AL-0141,J:DO,AL,f,2020-08-04,1,0,True,1,observed_burden,2020-08-11T00:00:00,7.0,True,1,1,1,0
DO-AL-0141|2020-08-11,DO-AL-0141,DO-AL-0141,J:DO,AL,f,2020-08-11,1,0,True,-1,no_assessment_in_window,,,False,0,0,0,0
DO-AL-0141|2020-08-24,DO-AL-0141,DO-AL-0141,J:DO,AL,f,2020-08-24,1,0,True,1,observed_burden,2020-09-01T00:00:00,8.0,True,1,1,1,0
DO-AL-0141|2020-09-01,DO-AL-0141,DO-AL-0141,J:DO,AL,f,2020-09-01,1,0,True,1,observed_burden,2020-09-07T00:00:00,6.0,True,1,1,1,0
DO-AL-0141|2020-09-07,DO-AL-0141,DO-AL-0141,J:DO,AL,f,2020-09-07,1,0,True,2,terminal_FD,2020-09-13T00:00:00,,False,0,0,0,0
DO-AL-0142|2020-02-25,DO-AL-0142,DO-AL-0142,J:DO,AL,f,2020-02-25,0,0,True,1,observed_burden,2020-03-04T00:00:00,8.0,True,1,1,1,1
DO-AL-0142|2020-03-04,DO-AL-0142,DO-AL-0142,J:DO,AL,f,2020-03-04,1,0,True,1,observed_burden,2020-03-10T00:00:00,6.0,True,1,1,1,1
DO-AL-0142|2020-03-10,DO-AL-0142,DO-AL-0142,J:DO,AL,f,2020-03-10,1,0,True,1,observed_burden,2020-03-17T00:00:00,7.0,True,1,1,1,1
DO-AL-0142|2020-03-17,DO-AL-0142,DO-AL-0142,J:DO,AL,f,2020-03-17,1,0,True,2,terminal_FD,2020-03-25T00:00:00,,False,1,1,1,1
DO-AL-0142|2020-03-24,DO-AL-0142,DO-AL-0142,J:DO,AL,f,2020-03-24,1,0,True,2,terminal_FD,2020-03-25T00:00:00,,False,0,0,0,1
DO-AL-0143|2020-02-25,DO-AL-0143,DO-AL-0143,J:DO,AL,f,2020-02-25,0,0,True,1,observed_burden,2020-03-04T00:00:00,8.0,True,1,1,1,0
DO-AL-0143|2020-03-04,DO-AL-0143,DO-AL-0143,J:DO,AL,f,2020-03-04,1,0,True,0,observed_burden,2020-03-10T00:00:00,6.0,True,1,1,1,0
DO-AL-0143|2020-03-10,DO-AL-0143,DO-AL-0143,J:DO,AL,f,2020-03-10,0,0,True,0,observed_burden,2020-03-17T00:00:00,7.0,True,1,1,1,0
DO-AL-0143|2020-03-17,DO-AL-0143,DO-AL-0143,J:DO,AL,f,2020-03-17,0,0,True,0,observed_burden,2020-03-24T00:00:00,7.0,True,1,1,1,0
DO-AL-0143|2020-03-24,DO-AL-0143,DO-AL-0143,J:DO,AL,f,2020-03-24,0,0,True,1,observed_burden,2020-03-31T00:00:00,7.0,True,1,1,1,0
DO-AL-0143|2020-03-31,DO-AL-0143,DO-AL-0143,J:DO,AL,f,2020-03-31,1,0,True,0,observed_burden,2020-04-07T00:00:00,7.0,True,1,1,1,0
DO-AL-0143|2020-04-07,DO-AL-0143,DO-AL-0143,J:DO,AL,f,2020-04-07,0,0,True,1,observed_burden,2020-04-14T00:00:00,7.0,True,1,1,1,0
DO-AL-0143|2020-04-14,DO-AL-0143,DO-AL-0143,J:DO,AL,f,2020-04-14,1,0,True,2,terminal_FD,2020-04-23T00:00:00,,False,1,1,1,0
DO-AL-0143|2020-04-21,DO-AL-0143,DO-AL-0143,J:DO,AL,f,2020-04-21,1,0,True,2,terminal_FD,2020-04-23T00:00:00,,False,0,0,0,0
DO-AL-0145|2020-02-25,DO-AL-0145,DO-AL-0145,J:DO,AL,f,2020-02-25,0,0,True,1,observed_burden,2020-03-04T00:00:00,8.0,True,1,1,1,3
DO-AL-0145|2020-03-04,DO-AL-0145,DO-AL-0145,J:DO,AL,f,2020-03-04,1,0,True,1,observed_burden,2020-03-10T00:00:00,6.0,True,1,1,1,3
DO-AL-0145|2020-03-10,DO-AL-0145,DO-AL-0145,J:DO,AL,f,2020-03-10,1,0,True,1,observed_burden,2020-03-17T00:00:00,7.0,True,1,1,1,3
DO-AL-0145|2020-03-17,DO-AL-0145,DO-AL-0145,J:DO,AL,f,2020-03-17,1,0,True,2,terminal_FD,2020-03-24T00:00:00,,False,0,0,0,3
DO-AL-0147|2020-03-04,DO-AL-0147,DO-AL-0147,J:DO,AL,f,2020-03-04,1,0,True,1,observed_burden,2020-03-10T00:00:00,6.0,True,1,1,1,2
DO-AL-0147|2020-03-10,DO-AL-0147,DO-AL-0147,J:DO,AL,f,2020-03-10,1,0,True,1,observed_burden,2020-03-17T00:00:00,7.0,True,1,1,1,2
DO-AL-0147|2020-03-17,DO-AL-0147,DO-AL-0147,J:DO,AL,f,2020-03-17,1,0,True,1,observed_burden,2020-03-24T00:00:00,7.0,True,1,1,1,2
DO-AL-0147|2020-03-24,DO-AL-0147,DO-AL-0147,J:DO,AL,f,2020-03-24,1,0,True,1,observed_burden,2020-03-31T00:00:00,7.0,True,1,1,1,2
DO-AL-0147|2020-03-31,DO-AL-0147,DO-AL-0147,J:DO,AL,f,2020-03-31,1,0,True,2,terminal_FD,2020-04-06T00:00:00,,False,0,0,0,2
DO-AL-0157|2020-02-25,DO-AL-0157,DO-AL-0157,J:DO,AL,f,2020-02-25,1,0,True,1,observed_burden,2020-03-04T00:00:00,8.0,True,1,1,1,1
DO-AL-0157|2020-03-04,DO-AL-0157,DO-AL-0157,J:DO,AL,f,2020-03-04,1,0,True,1,observed_burden,2020-03-10T00:00:00,6.0,True,1,1,1,1
DO-AL-0157|2020-03-10,DO-AL-0157,DO-AL-0157,J:DO,AL,f,2020-03-10,1,0,True,1,observed_burden,2020-03-17T00:00:00,7.0,True,1,1,1,1
DO-AL-0157|2020-03-17,DO-AL-0157,DO-AL-0157,J:DO,AL,f,2020-03-17,1,0,True,1,observed_burden,2020-03-24T00:00:00,7.0,True,1,1,1,1
DO-AL-0157|2020-03-24,DO-AL-0157,DO-AL-0157,J:DO,AL,f,2020-03-24,1,0,True,1,observed_burden,2020-03-31T00:00:00,7.0,True,1,1,1,1
DO-AL-0157|2020-03-31,DO-AL-0157,DO-AL-0157,J:DO,AL,f,2020-03-31,1,0,True,1,observed_burden,2020-04-07T00:00:00,7.0,True,1,1,1,1
DO-AL-0157|2020-04-07,DO-AL-0157,DO-AL-0157,J:DO,AL,f,2020-04-07,1,0,True,1,observed_burden,2020-04-14T00:00:00,7.0,True,1,1,1,1
DO-AL-0157|2020-04-14,DO-AL-0157,DO-AL-0157,J:DO,AL,f,2020-04-14,1,0,True,1,observed_burden,2020-04-21T00:00:00,7.0,True,1,1,1,1
DO-AL-0157|2020-04-21,DO-AL-0157,DO-AL-0157,J:DO,AL,f,2020-04-21,1,0,True,-1,no_assessment_in_window,,,False,0,0,0,1
DO-AL-0157|2020-05-05,DO-AL-0157,DO-AL-0157,J:DO,AL,f,2020-05-05,0,0,True,1,observed_burden,2020-05-12T00:00:00,7.0,True,1,1,1,1
DO-AL-0157|2020-05-12,DO-AL-0157,DO-AL-0157,J:DO,AL,f,2020-05-12,1,0,True,1,observed_burden,2020-05-19T00:00:00,7.0,True,1,1,1,1
DO-AL-0157|2020-05-19,DO-AL-0157,DO-AL-0157,J:DO,AL,f,2020-05-19,1,0,True,0,observed_burden,2020-05-27T00:00:00,8.0,True,1,1,1,1
DO-AL-0157|2020-05-27,DO-AL-0157,DO-AL-0157,J:DO,AL,f,2020-05-27,0,0,True,2,terminal_FD,2020-06-03T00:00:00,,False,0,0,0,1
DO-AL-0158|2020-02-25,DO-AL-0158,DO-AL-0158,J:DO,AL,f,2020-02-25,0,0,True,1,observed_burden,2020-03-04T00:00:00,8.0,True,1,1,1,0
DO-AL-0158|2020-03-04,DO-AL-0158,DO-AL-0158,J:DO,AL,f,2020-03-04,1,0,True,0,observed_burden,2020-03-10T00:00:00,6.0,True,1,1,1,0
DO-AL-0158|2020-03-10,DO-AL-0158,DO-AL-0158,J:DO,AL,f,2020-03-10,0,0,True,0,observed_burden,2020-03-17T00:00:00,7.0,True,1,1,1,0
DO-AL-0158|2020-03-17,DO-AL-0158,DO-AL-0158,J:DO,AL,f,2020-03-17,0,0,True,0,observed_burden,2020-03-24T00:00:00,7.0,True,1,1,1,0
DO-AL-0158|2020-03-24,DO-AL-0158,DO-AL-0158,J:DO,AL,f,2020-03-24,0,0,True,0,observed_burden,2020-03-31T00:00:00,7.0,True,1,1,1,0
DO-AL-0158|2020-03-31,DO-AL-0158,DO-AL-0158,J:DO,AL,f,2020-03-31,0,0,True,0,observed_burden,2020-04-07T00:00:00,7.0,True,1,1,1,0
DO-AL-0158|2020-04-07,DO-AL-0158,DO-AL-0158,J:DO,AL,f,2020-04-07,0,0,True,0,observed_burden,2020-04-14T00:00:00,7.0,True,1,1,1,0
DO-AL-0158|2020-04-14,DO-AL-0158,DO-AL-0158,J:DO,AL,f,2020-04-14,0,0,True,1,observed_burden,2020-04-21T00:00:00,7.0,True,1,1,1,0
DO-AL-0158|2020-04-21,DO-AL-0158,DO-AL-0158,J:DO,AL,f,2020-04-21,1,0,True,-1,no_assessment_in_window,,,False,0,0,0,0
DO-AL-0158|2020-05-05,DO-AL-0158,DO-AL-0158,J:DO,AL,f,2020-05-05,1,0,True,-1,no_assessment_in_window,,,False,0,0,0,0
DO-AL-0172|2020-06-21,DO-AL-0172,DO-AL-0172,J:DO,AL,f,2020-06-21,1,0,True,1,observed_burden,2020-06-28T00:00:00,7.0,True,1,1,1,4
DO-AL-0172|2020-06-28,DO-AL-0172,DO-AL-0172,J:DO,AL,f,2020-06-28,1,0,True,-1,no_assessment_in_window,,,False,0,0,0,4
DO-AL-0172|2020-07-19,DO-AL-0172,DO-AL-0172,J:DO,AL,f,2020-07-19,1,0,True,-1,no_assessment_in_window,,,False,0,0,0,4
DO-AL-0172|2020-08-03,DO-AL-0172,DO-AL-0172,J:DO,AL,f,2020-08-03,1,0,True,-1,no_assessment_in_window,,,False,0,0,0,4
DO-AL-0180|2020-06-22,DO-AL-0180,DO-AL-0180,J:DO,AL,f,2020-06-22,0,0,True,0,observed_burden,2020-06-29T00:00:00,7.0,True,1,1,1,3
DO-AL-0180|2020-06-29,DO-AL-0180,DO-AL-0180,J:DO,AL,f,2020-06-29,0,0,True,1,observed_burden,2020-07-06T00:00:00,7.0,True,1,1,1,3
DO-AL-0180|2020-07-06,DO-AL-0180,DO-AL-0180,J:DO,AL,f,2020-07-06,1,0,True,0,observed_burden,2020-07-13T00:00:00,7.0,True,1,1,1,3
DO-AL-0180|2020-07-13,DO-AL-0180,DO-AL-0180,J:DO,AL,f,2020-07-13,0,0,True,-1,no_assessment_in_window,,,False,0,0,0,3
DO-AL-0180|2020-08-04,DO-AL-0180,DO-AL-0180,J:DO,AL,f,2020-08-04,1,0,True,0,observed_burden,2020-08-10T00:00:00,6.0,True,1,1,1,3
DO-AL-0180|2020-08-10,DO-AL-0180,DO-AL-0180,J:DO,AL,f,2020-08-10,0,0,True,-1,no_assessment_in_window,,,False,0,0,0,3
DO-AL-0180|2020-08-25,DO-AL-0180,DO-AL-0180,J:DO,AL,f,2020-08-25,0,0,True,-1,no_assessment_in_window,,,False,0,0,0,3
DO-AL-0180|2020-09-08,DO-AL-0180,DO-AL-0180,J:DO,AL,f,2020-09-08,1,0,True,1,observed_burden,2020-09-14T00:00:00,6.0,True,1,1,1,3
DO-AL-0180|2020-09-14,DO-AL-0180,DO-AL-0180,J:DO,AL,f,2020-09-14,1,0,True,1,observed_burden,2020-09-21T00:00:00,7.0,True,1,1,1,3
DO-AL-0180|2020-09-21,DO-AL-0180,DO-AL-0180,J:DO,AL,f,2020-09-21,1,0,True,2,terminal_FD,2020-09-29T00:00:00,,False,0,0,0,3
